Instance,Customers,Candidate,Route Plan,Routing Provider,Route Feasible,Route Count,Route Cost,Route Runtime Sec,Planned Route Load Total,Planned Route Load Ratio,Reason,lp_planning_scenarios_original,lp_planning_scenarios_used,lp_scenario_reduced,lp_original_total_demand_mean,lp_reduced_total_demand_mean,lp_original_total_demand_p90,lp_reduced_total_demand_p90,Risk Source Run,Source Chunk
X-n106-k14,105,ortools:nominal_or_tools,nominal_or_tools,ortools,True,14,27182.0,5.002966403961182,7864.0,0.9361904761904762,,180,60,True,8678.48886970813,8708.388879095239,10372.84775102459,10379.445766360304,medium,
X-n106-k14,105,ortools:proxy_mean_or_tools,proxy_mean_or_tools,ortools,False,0,,0.0,8678.488869708131,1.0331534368700157,total_load_exceeds_fleet_capacity,180,60,True,8678.48886970813,8708.388879095239,10372.84775102459,10379.445766360304,medium,
X-n106-k14,105,ortools:quantile_p75_or_tools,quantile_p75_or_tools,ortools,False,0,,0.0,10098.044716629973,1.202148180551187,total_load_exceeds_fleet_capacity,180,60,True,8678.48886970813,8708.388879095239,10372.84775102459,10379.445766360304,medium,
X-n106-k14,105,ortools:quantile_p90_or_tools,quantile_p90_or_tools,ortools,False,0,,0.0,11983.8632171687,1.4266503829962738,total_load_exceeds_fleet_capacity,180,60,True,8678.48886970813,8708.388879095239,10372.84775102459,10379.445766360304,medium,
X-n106-k14,105,ortools:robust_mean_1std_or_tools,robust_mean_1std_or_tools,ortools,False,0,,0.0,11270.947971477992,1.3417795204140466,total_load_exceeds_fleet_capacity,180,60,True,8678.48886970813,8708.388879095239,10372.84775102459,10379.445766360304,medium,
X-n106-k14,105,ortools:robust_mean_2std_or_tools,robust_mean_2std_or_tools,ortools,False,0,,0.0,13863.407073247854,1.650405603958078,total_load_exceeds_fleet_capacity,180,60,True,8678.48886970813,8708.388879095239,10372.84775102459,10379.445766360304,medium,
X-n106-k14,105,ortools:proxy_mean_scaled_or_tools,proxy_mean_scaled_or_tools,ortools,False,0,,4.996431827545166,8358.0,0.995,ortools_no_solution,180,60,True,8678.48886970813,8708.388879095239,10372.84775102459,10379.445766360304,medium,
X-n106-k14,105,ortools:quantile_p75_scaled_or_tools,quantile_p75_scaled_or_tools,ortools,False,0,,5.00184178352356,8358.0,0.995,ortools_no_solution,180,60,True,8678.48886970813,8708.388879095239,10372.84775102459,10379.445766360304,medium,
X-n106-k14,105,ortools:quantile_p90_scaled_or_tools,quantile_p90_scaled_or_tools,ortools,False,0,,5.00830864906311,8357.999999999998,0.9949999999999998,ortools_no_solution,180,60,True,8678.48886970813,8708.388879095239,10372.84775102459,10379.445766360304,medium,
X-n106-k14,105,ortools:robust_mean_1std_scaled_or_tools,robust_mean_1std_scaled_or_tools,ortools,False,0,,5.001316547393799,8358.0,0.995,ortools_no_solution,180,60,True,8678.48886970813,8708.388879095239,10372.84775102459,10379.445766360304,medium,
X-n106-k14,105,ortools:robust_mean_2std_scaled_or_tools,robust_mean_2std_scaled_or_tools,ortools,False,0,,5.000710725784302,8357.999999999998,0.9949999999999998,ortools_no_solution,180,60,True,8678.48886970813,8708.388879095239,10372.84775102459,10379.445766360304,medium,
X-n106-k14,105,ortools:nominal_seed101_or_tools,nominal_seed101_or_tools,ortools,True,14,27425.0,4.999421119689941,7864.0,0.9361904761904762,,180,60,True,8678.48886970813,8708.388879095239,10372.84775102459,10379.445766360304,medium,
X-n106-k14,105,ortools:nominal_seed103_or_tools,nominal_seed103_or_tools,ortools,True,14,27116.0,5.000891447067261,7864.0,0.9361904761904762,,180,60,True,8678.48886970813,8708.388879095239,10372.84775102459,10379.445766360304,medium,
X-n106-k14,105,ortools:proxy_mean_scaled_seed109_or_tools,proxy_mean_scaled_seed109_or_tools,ortools,False,0,,5.0072174072265625,8358.0,0.995,ortools_no_solution,180,60,True,8678.48886970813,8708.388879095239,10372.84775102459,10379.445766360304,medium,
X-n106-k14,105,ortools:quantile_p75_scaled_seed107_or_tools,quantile_p75_scaled_seed107_or_tools,ortools,False,0,,5.001983404159546,8358.0,0.995,ortools_no_solution,180,60,True,8678.48886970813,8708.388879095239,10372.84775102459,10379.445766360304,medium,
X-n106-k14,105,ortools:robust_mean_1std_scaled_seed113_or_tools,robust_mean_1std_scaled_seed113_or_tools,ortools,False,0,,5.002223491668701,8358.0,0.995,ortools_no_solution,180,60,True,8678.48886970813,8708.388879095239,10372.84775102459,10379.445766360304,medium,
X-n110-k13,109,ortools:nominal_or_tools,nominal_or_tools,ortools,True,13,15588.0,5.0096070766448975,816.0,0.951048951048951,,180,60,True,922.107056749831,926.0446089731709,1096.1448904465033,1097.6485758926672,medium,
X-n110-k13,109,ortools:proxy_mean_or_tools,proxy_mean_or_tools,ortools,False,0,,0.0,922.1070567498308,1.074716849358777,total_load_exceeds_fleet_capacity,180,60,True,922.107056749831,926.0446089731709,1096.1448904465033,1097.6485758926672,medium,
X-n110-k13,109,ortools:quantile_p75_or_tools,quantile_p75_or_tools,ortools,False,0,,0.0,1068.6948730955414,1.2455651201579736,total_load_exceeds_fleet_capacity,180,60,True,922.107056749831,926.0446089731709,1096.1448904465033,1097.6485758926672,medium,
X-n110-k13,109,ortools:quantile_p90_or_tools,quantile_p90_or_tools,ortools,False,0,,0.0,1281.640142405187,1.493753079726325,total_load_exceeds_fleet_capacity,180,60,True,922.107056749831,926.0446089731709,1096.1448904465033,1097.6485758926672,medium,
X-n110-k13,109,ortools:robust_mean_1std_or_tools,robust_mean_1std_or_tools,ortools,False,0,,0.0,1199.8745334350876,1.3984551671737615,total_load_exceeds_fleet_capacity,180,60,True,922.107056749831,926.0446089731709,1096.1448904465033,1097.6485758926672,medium,
X-n110-k13,109,ortools:robust_mean_2std_or_tools,robust_mean_2std_or_tools,ortools,False,0,,0.0,1477.6420101203455,1.7221934849887477,total_load_exceeds_fleet_capacity,180,60,True,922.107056749831,926.0446089731709,1096.1448904465033,1097.6485758926672,medium,
X-n110-k13,109,ortools:proxy_mean_scaled_or_tools,proxy_mean_scaled_or_tools,ortools,True,13,16439.0,4.99757981300354,853.7099999999999,0.995,,180,60,True,922.107056749831,926.0446089731709,1096.1448904465033,1097.6485758926672,medium,
X-n110-k13,109,ortools:quantile_p75_scaled_or_tools,quantile_p75_scaled_or_tools,ortools,False,0,,4.99920129776001,853.7099999999998,0.9949999999999998,ortools_no_solution,180,60,True,922.107056749831,926.0446089731709,1096.1448904465033,1097.6485758926672,medium,
X-n110-k13,109,ortools:quantile_p90_scaled_or_tools,quantile_p90_scaled_or_tools,ortools,False,0,,0.0,853.7100000000003,0.9950000000000004,total_load_exceeds_fleet_capacity,180,60,True,922.107056749831,926.0446089731709,1096.1448904465033,1097.6485758926672,medium,
X-n110-k13,109,ortools:robust_mean_1std_scaled_or_tools,robust_mean_1std_scaled_or_tools,ortools,False,0,,4.991964340209961,853.7100000000003,0.9950000000000004,ortools_no_solution,180,60,True,922.107056749831,926.0446089731709,1096.1448904465033,1097.6485758926672,medium,
X-n110-k13,109,ortools:robust_mean_2std_scaled_or_tools,robust_mean_2std_scaled_or_tools,ortools,False,0,,0.0,853.71,0.995,total_load_exceeds_fleet_capacity,180,60,True,922.107056749831,926.0446089731709,1096.1448904465033,1097.6485758926672,medium,
X-n110-k13,109,ortools:nominal_seed101_or_tools,nominal_seed101_or_tools,ortools,True,13,16029.0,4.990248680114746,816.0,0.951048951048951,,180,60,True,922.107056749831,926.0446089731709,1096.1448904465033,1097.6485758926672,medium,
X-n110-k13,109,ortools:nominal_seed103_or_tools,nominal_seed103_or_tools,ortools,True,13,15898.0,5.002005815505981,816.0,0.951048951048951,,180,60,True,922.107056749831,926.0446089731709,1096.1448904465033,1097.6485758926672,medium,
X-n110-k13,109,ortools:proxy_mean_scaled_seed109_or_tools,proxy_mean_scaled_seed109_or_tools,ortools,True,13,16162.0,5.0015599727630615,853.7099999999999,0.995,,180,60,True,922.107056749831,926.0446089731709,1096.1448904465033,1097.6485758926672,medium,
X-n110-k13,109,ortools:quantile_p75_scaled_seed107_or_tools,quantile_p75_scaled_seed107_or_tools,ortools,False,0,,4.991089820861816,853.7099999999998,0.9949999999999998,ortools_no_solution,180,60,True,922.107056749831,926.0446089731709,1096.1448904465033,1097.6485758926672,medium,
X-n110-k13,109,ortools:robust_mean_1std_scaled_seed113_or_tools,robust_mean_1std_scaled_seed113_or_tools,ortools,False,0,,5.002785921096802,853.7100000000003,0.9950000000000004,ortools_no_solution,180,60,True,922.107056749831,926.0446089731709,1096.1448904465033,1097.6485758926672,medium,
X-n115-k10,114,ortools:nominal_or_tools,nominal_or_tools,ortools,True,10,13298.0,5.002923011779785,1535.0,0.908284023668639,,180,60,True,1696.498515200886,1698.9645533588098,2024.6258510269995,2026.4340508376151,medium,
X-n115-k10,114,ortools:proxy_mean_or_tools,proxy_mean_or_tools,ortools,False,0,,0.0,1696.4985152008858,1.0038452752667963,total_load_exceeds_fleet_capacity,180,60,True,1696.498515200886,1698.9645533588098,2024.6258510269995,2026.4340508376151,medium,
X-n115-k10,114,ortools:quantile_p75_or_tools,quantile_p75_or_tools,ortools,False,0,,0.0,2006.1238479980047,1.1870555313597664,total_load_exceeds_fleet_capacity,180,60,True,1696.498515200886,1698.9645533588098,2024.6258510269995,2026.4340508376151,medium,
X-n115-k10,114,ortools:quantile_p90_or_tools,quantile_p90_or_tools,ortools,False,0,,0.0,2435.012682711912,1.440835906930125,total_load_exceeds_fleet_capacity,180,60,True,1696.498515200886,1698.9645533588098,2024.6258510269995,2026.4340508376151,medium,
X-n115-k10,114,ortools:robust_mean_1std_or_tools,robust_mean_1std_or_tools,ortools,False,0,,0.0,2288.7472271128768,1.354288300066791,total_load_exceeds_fleet_capacity,180,60,True,1696.498515200886,1698.9645533588098,2024.6258510269995,2026.4340508376151,medium,
X-n115-k10,114,ortools:robust_mean_2std_or_tools,robust_mean_2std_or_tools,ortools,False,0,,0.0,2880.995939024868,1.7047313248667857,single_node_exceeds_capacity,180,60,True,1696.498515200886,1698.9645533588098,2024.6258510269995,2026.4340508376151,medium,
X-n115-k10,114,ortools:proxy_mean_scaled_or_tools,proxy_mean_scaled_or_tools,ortools,False,0,,5.003377199172974,1681.5499999999995,0.995,ortools_no_solution,180,60,True,1696.498515200886,1698.9645533588098,2024.6258510269995,2026.4340508376151,medium,
X-n115-k10,114,ortools:quantile_p75_scaled_or_tools,quantile_p75_scaled_or_tools,ortools,False,0,,4.999141216278076,1681.5499999999995,0.995,ortools_no_solution,180,60,True,1696.498515200886,1698.9645533588098,2024.6258510269995,2026.4340508376151,medium,
X-n115-k10,114,ortools:quantile_p90_scaled_or_tools,quantile_p90_scaled_or_tools,ortools,False,0,,5.0022132396698,1681.5499999999995,0.995,ortools_no_solution,180,60,True,1696.498515200886,1698.9645533588098,2024.6258510269995,2026.4340508376151,medium,
X-n115-k10,114,ortools:robust_mean_1std_scaled_or_tools,robust_mean_1std_scaled_or_tools,ortools,False,0,,4.994356632232666,1681.5500000000002,0.995,ortools_no_solution,180,60,True,1696.498515200886,1698.9645533588098,2024.6258510269995,2026.4340508376151,medium,
X-n115-k10,114,ortools:robust_mean_2std_scaled_or_tools,robust_mean_2std_scaled_or_tools,ortools,False,0,,5.001244068145752,1681.55,0.995,ortools_no_solution,180,60,True,1696.498515200886,1698.9645533588098,2024.6258510269995,2026.4340508376151,medium,
X-n115-k10,114,ortools:nominal_seed101_or_tools,nominal_seed101_or_tools,ortools,True,10,13293.0,4.9994518756866455,1535.0,0.908284023668639,,180,60,True,1696.498515200886,1698.9645533588098,2024.6258510269995,2026.4340508376151,medium,
X-n115-k10,114,ortools:nominal_seed103_or_tools,nominal_seed103_or_tools,ortools,True,10,14930.0,4.999664545059204,1535.0,0.908284023668639,,180,60,True,1696.498515200886,1698.9645533588098,2024.6258510269995,2026.4340508376151,medium,
X-n115-k10,114,ortools:proxy_mean_scaled_seed109_or_tools,proxy_mean_scaled_seed109_or_tools,ortools,False,0,,5.0012123584747314,1681.5499999999995,0.995,ortools_no_solution,180,60,True,1696.498515200886,1698.9645533588098,2024.6258510269995,2026.4340508376151,medium,
X-n115-k10,114,ortools:quantile_p75_scaled_seed107_or_tools,quantile_p75_scaled_seed107_or_tools,ortools,False,0,,4.999595880508423,1681.5499999999995,0.995,ortools_no_solution,180,60,True,1696.498515200886,1698.9645533588098,2024.6258510269995,2026.4340508376151,medium,
X-n115-k10,114,ortools:robust_mean_1std_scaled_seed113_or_tools,robust_mean_1std_scaled_seed113_or_tools,ortools,False,0,,5.003533363342285,1681.5500000000002,0.995,ortools_no_solution,180,60,True,1696.498515200886,1698.9645533588098,2024.6258510269995,2026.4340508376151,medium,
X-n120-k6,119,ortools:nominal_or_tools,nominal_or_tools,ortools,True,6,14219.0,4.997507810592651,119.0,0.9444444444444444,,180,60,True,133.52122460451002,133.78447753711538,155.4085028189589,155.70208638891222,medium,
X-n120-k6,119,ortools:proxy_mean_or_tools,proxy_mean_or_tools,ortools,True,6,14219.0,5.002407789230347,133.52122460451005,1.0596922587659527,,180,60,True,133.52122460451002,133.78447753711538,155.4085028189589,155.70208638891222,medium,
X-n120-k6,119,ortools:quantile_p75_or_tools,quantile_p75_or_tools,ortools,True,6,14219.0,5.000904083251953,154.0527270492996,1.222640690867457,,180,60,True,133.52122460451002,133.78447753711538,155.4085028189589,155.70208638891222,medium,
X-n120-k6,119,ortools:quantile_p90_or_tools,quantile_p90_or_tools,ortools,False,0,,0.0,182.66235606543265,1.449701238614545,total_load_exceeds_fleet_capacity,180,60,True,133.52122460451002,133.78447753711538,155.4085028189589,155.70208638891222,medium,
X-n120-k6,119,ortools:robust_mean_1std_or_tools,robust_mean_1std_or_tools,ortools,False,0,,0.0,171.55623043630987,1.3615573844151578,total_load_exceeds_fleet_capacity,180,60,True,133.52122460451002,133.78447753711538,155.4085028189589,155.70208638891222,medium,
X-n120-k6,119,ortools:robust_mean_2std_or_tools,robust_mean_2std_or_tools,ortools,False,0,,0.0,209.5912362681097,1.6634225100643627,total_load_exceeds_fleet_capacity,180,60,True,133.52122460451002,133.78447753711538,155.4085028189589,155.70208638891222,medium,
X-n120-k6,119,ortools:proxy_mean_scaled_or_tools,proxy_mean_scaled_or_tools,ortools,True,6,14219.0,5.00138521194458,125.37000000000002,0.995,,180,60,True,133.52122460451002,133.78447753711538,155.4085028189589,155.70208638891222,medium,
X-n120-k6,119,ortools:quantile_p75_scaled_or_tools,quantile_p75_scaled_or_tools,ortools,True,6,14219.0,4.99603009223938,125.36999999999998,0.9949999999999998,,180,60,True,133.52122460451002,133.78447753711538,155.4085028189589,155.70208638891222,medium,
X-n120-k6,119,ortools:quantile_p90_scaled_or_tools,quantile_p90_scaled_or_tools,ortools,True,6,14219.0,5.011655330657959,125.37,0.995,,180,60,True,133.52122460451002,133.78447753711538,155.4085028189589,155.70208638891222,medium,
X-n120-k6,119,ortools:robust_mean_1std_scaled_or_tools,robust_mean_1std_scaled_or_tools,ortools,True,6,14052.0,4.9991865158081055,125.37000000000002,0.995,,180,60,True,133.52122460451002,133.78447753711538,155.4085028189589,155.70208638891222,medium,
X-n120-k6,119,ortools:robust_mean_2std_scaled_or_tools,robust_mean_2std_scaled_or_tools,ortools,True,6,14052.0,5.001163721084595,125.36999999999998,0.9949999999999998,,180,60,True,133.52122460451002,133.78447753711538,155.4085028189589,155.70208638891222,medium,
X-n120-k6,119,ortools:nominal_seed101_or_tools,nominal_seed101_or_tools,ortools,True,6,14404.0,4.996934413909912,119.0,0.9444444444444444,,180,60,True,133.52122460451002,133.78447753711538,155.4085028189589,155.70208638891222,medium,
X-n120-k6,119,ortools:nominal_seed103_or_tools,nominal_seed103_or_tools,ortools,True,6,14579.0,5.001913070678711,119.0,0.9444444444444444,,180,60,True,133.52122460451002,133.78447753711538,155.4085028189589,155.70208638891222,medium,
X-n120-k6,119,ortools:proxy_mean_scaled_seed109_or_tools,proxy_mean_scaled_seed109_or_tools,ortools,True,6,14703.0,5.002030849456787,125.37000000000002,0.995,,180,60,True,133.52122460451002,133.78447753711538,155.4085028189589,155.70208638891222,medium,
X-n120-k6,119,ortools:quantile_p75_scaled_seed107_or_tools,quantile_p75_scaled_seed107_or_tools,ortools,True,6,14111.0,4.996662139892578,125.36999999999998,0.9949999999999998,,180,60,True,133.52122460451002,133.78447753711538,155.4085028189589,155.70208638891222,medium,
X-n120-k6,119,ortools:robust_mean_1std_scaled_seed113_or_tools,robust_mean_1std_scaled_seed113_or_tools,ortools,True,6,14278.0,5.013936519622803,125.37000000000002,0.995,,180,60,True,133.52122460451002,133.78447753711538,155.4085028189589,155.70208638891222,medium,
X-n129-k18,128,ortools:nominal_or_tools,nominal_or_tools,ortools,True,18,30985.0,4.9940736293792725,665.0,0.9472934472934472,,180,60,True,727.1353695075978,729.545141336595,853.7757199603714,854.5229848707611,medium,
X-n129-k18,128,ortools:proxy_mean_or_tools,proxy_mean_or_tools,ortools,False,0,,0.0,727.1353695075978,1.0358053696689429,total_load_exceeds_fleet_capacity,180,60,True,727.1353695075978,729.545141336595,853.7757199603714,854.5229848707611,medium,
X-n129-k18,128,ortools:quantile_p75_or_tools,quantile_p75_or_tools,ortools,False,0,,0.0,847.2628504505681,1.2069271373939716,total_load_exceeds_fleet_capacity,180,60,True,727.1353695075978,729.545141336595,853.7757199603714,854.5229848707611,medium,
X-n129-k18,128,ortools:quantile_p90_or_tools,quantile_p90_or_tools,ortools,False,0,,0.0,1027.552162617866,1.4637495193986696,total_load_exceeds_fleet_capacity,180,60,True,727.1353695075978,729.545141336595,853.7757199603714,854.5229848707611,medium,
X-n129-k18,128,ortools:robust_mean_1std_or_tools,robust_mean_1std_or_tools,ortools,False,0,,0.0,961.213720859204,1.3692503146142505,total_load_exceeds_fleet_capacity,180,60,True,727.1353695075978,729.545141336595,853.7757199603714,854.5229848707611,medium,
X-n129-k18,128,ortools:robust_mean_2std_or_tools,robust_mean_2std_or_tools,ortools,False,0,,0.0,1195.29207221081,1.7026952595595584,total_load_exceeds_fleet_capacity,180,60,True,727.1353695075978,729.545141336595,853.7757199603714,854.5229848707611,medium,
X-n129-k18,128,ortools:proxy_mean_scaled_or_tools,proxy_mean_scaled_or_tools,ortools,True,18,31829.0,5.001524448394775,698.49,0.995,,180,60,True,727.1353695075978,729.545141336595,853.7757199603714,854.5229848707611,medium,
X-n129-k18,128,ortools:quantile_p75_scaled_or_tools,quantile_p75_scaled_or_tools,ortools,True,18,31544.0,4.99850606918335,698.49,0.995,,180,60,True,727.1353695075978,729.545141336595,853.7757199603714,854.5229848707611,medium,
X-n129-k18,128,ortools:quantile_p90_scaled_or_tools,quantile_p90_scaled_or_tools,ortools,True,18,33579.0,5.002501726150513,698.49,0.995,,180,60,True,727.1353695075978,729.545141336595,853.7757199603714,854.5229848707611,medium,
X-n129-k18,128,ortools:robust_mean_1std_scaled_or_tools,robust_mean_1std_scaled_or_tools,ortools,True,18,33008.0,4.995619058609009,698.4899999999999,0.995,,180,60,True,727.1353695075978,729.545141336595,853.7757199603714,854.5229848707611,medium,
X-n129-k18,128,ortools:robust_mean_2std_scaled_or_tools,robust_mean_2std_scaled_or_tools,ortools,True,18,33757.0,5.003014802932739,698.4900000000001,0.9950000000000002,,180,60,True,727.1353695075978,729.545141336595,853.7757199603714,854.5229848707611,medium,
X-n129-k18,128,ortools:nominal_seed101_or_tools,nominal_seed101_or_tools,ortools,True,18,31270.0,5.003880262374878,665.0,0.9472934472934472,,180,60,True,727.1353695075978,729.545141336595,853.7757199603714,854.5229848707611,medium,
X-n129-k18,128,ortools:nominal_seed103_or_tools,nominal_seed103_or_tools,ortools,True,18,32270.0,5.009140968322754,665.0,0.9472934472934472,,180,60,True,727.1353695075978,729.545141336595,853.7757199603714,854.5229848707611,medium,
X-n129-k18,128,ortools:proxy_mean_scaled_seed109_or_tools,proxy_mean_scaled_seed109_or_tools,ortools,True,18,31458.0,5.001945734024048,698.49,0.995,,180,60,True,727.1353695075978,729.545141336595,853.7757199603714,854.5229848707611,medium,
X-n129-k18,128,ortools:quantile_p75_scaled_seed107_or_tools,quantile_p75_scaled_seed107_or_tools,ortools,True,18,32863.0,4.9947669506073,698.49,0.995,,180,60,True,727.1353695075978,729.545141336595,853.7757199603714,854.5229848707611,medium,
X-n129-k18,128,ortools:robust_mean_1std_scaled_seed113_or_tools,robust_mean_1std_scaled_seed113_or_tools,ortools,True,18,33799.0,4.998306751251221,698.4899999999999,0.995,,180,60,True,727.1353695075978,729.545141336595,853.7757199603714,854.5229848707611,medium,
X-n134-k13,133,ortools:nominal_or_tools,nominal_or_tools,ortools,True,13,13630.0,5.001455068588257,8220.0,0.9833712166527095,,180,60,True,9183.395205809104,9198.564456324051,11030.147738079117,11050.704860248838,medium,
X-n134-k13,133,ortools:proxy_mean_or_tools,proxy_mean_or_tools,ortools,False,0,,0.0,9183.395205809102,1.0986236638125495,total_load_exceeds_fleet_capacity,180,60,True,9183.395205809104,9198.564456324051,11030.147738079117,11050.704860248838,medium,
X-n134-k13,133,ortools:quantile_p75_or_tools,quantile_p75_or_tools,ortools,False,0,,0.0,10692.803823490274,1.2791965334956663,total_load_exceeds_fleet_capacity,180,60,True,9183.395205809104,9198.564456324051,11030.147738079117,11050.704860248838,medium,
X-n134-k13,133,ortools:quantile_p90_or_tools,quantile_p90_or_tools,ortools,False,0,,0.0,12818.158650380858,1.5334559935854597,total_load_exceeds_fleet_capacity,180,60,True,9183.395205809104,9198.564456324051,11030.147738079117,11050.704860248838,medium,
X-n134-k13,133,ortools:robust_mean_1std_or_tools,robust_mean_1std_or_tools,ortools,False,0,,0.0,12024.031652292218,1.4384533619203514,total_load_exceeds_fleet_capacity,180,60,True,9183.395205809104,9198.564456324051,11030.147738079117,11050.704860248838,medium,
X-n134-k13,133,ortools:robust_mean_2std_or_tools,robust_mean_2std_or_tools,ortools,False,0,,0.0,14864.66809877534,1.778283060028154,total_load_exceeds_fleet_capacity,180,60,True,9183.395205809104,9198.564456324051,11030.147738079117,11050.704860248838,medium,
X-n134-k13,133,ortools:proxy_mean_scaled_or_tools,proxy_mean_scaled_or_tools,ortools,False,0,,4.998485088348389,8317.205,0.995,ortools_no_solution,180,60,True,9183.395205809104,9198.564456324051,11030.147738079117,11050.704860248838,medium,
X-n134-k13,133,ortools:quantile_p75_scaled_or_tools,quantile_p75_scaled_or_tools,ortools,True,13,15401.0,5.0022873878479,8317.205,0.995,,180,60,True,9183.395205809104,9198.564456324051,11030.147738079117,11050.704860248838,medium,
X-n134-k13,133,ortools:quantile_p90_scaled_or_tools,quantile_p90_scaled_or_tools,ortools,True,13,15608.0,5.0015482902526855,8317.205000000002,0.9950000000000002,,180,60,True,9183.395205809104,9198.564456324051,11030.147738079117,11050.704860248838,medium,
X-n134-k13,133,ortools:robust_mean_1std_scaled_or_tools,robust_mean_1std_scaled_or_tools,ortools,True,13,14509.0,5.00058913230896,8317.205000000002,0.9950000000000002,,180,60,True,9183.395205809104,9198.564456324051,11030.147738079117,11050.704860248838,medium,
X-n134-k13,133,ortools:robust_mean_2std_scaled_or_tools,robust_mean_2std_scaled_or_tools,ortools,False,0,,5.00369668006897,8317.205000000002,0.9950000000000002,ortools_no_solution,180,60,True,9183.395205809104,9198.564456324051,11030.147738079117,11050.704860248838,medium,
X-n134-k13,133,ortools:nominal_seed101_or_tools,nominal_seed101_or_tools,ortools,True,13,12635.0,4.999899625778198,8220.0,0.9833712166527095,,180,60,True,9183.395205809104,9198.564456324051,11030.147738079117,11050.704860248838,medium,
X-n134-k13,133,ortools:nominal_seed103_or_tools,nominal_seed103_or_tools,ortools,True,13,12210.0,5.003038644790649,8220.0,0.9833712166527095,,180,60,True,9183.395205809104,9198.564456324051,11030.147738079117,11050.704860248838,medium,
X-n134-k13,133,ortools:proxy_mean_scaled_seed109_or_tools,proxy_mean_scaled_seed109_or_tools,ortools,False,0,,5.003798723220825,8317.205,0.995,ortools_no_solution,180,60,True,9183.395205809104,9198.564456324051,11030.147738079117,11050.704860248838,medium,
X-n134-k13,133,ortools:quantile_p75_scaled_seed107_or_tools,quantile_p75_scaled_seed107_or_tools,ortools,False,0,,5.0037522315979,8317.205,0.995,ortools_no_solution,180,60,True,9183.395205809104,9198.564456324051,11030.147738079117,11050.704860248838,medium,
X-n134-k13,133,ortools:robust_mean_1std_scaled_seed113_or_tools,robust_mean_1std_scaled_seed113_or_tools,ortools,True,13,14602.0,5.0003721714019775,8317.205000000002,0.9950000000000002,,180,60,True,9183.395205809104,9198.564456324051,11030.147738079117,11050.704860248838,medium,
X-n139-k10,138,ortools:nominal_or_tools,nominal_or_tools,ortools,True,10,14877.0,5.000831127166748,1039.0,0.980188679245283,,180,60,True,1146.307606641427,1148.216888591183,1334.618975008724,1335.9433230902955,medium,
X-n139-k10,138,ortools:proxy_mean_or_tools,proxy_mean_or_tools,ortools,False,0,,0.0,1146.307606641427,1.0814222704164405,total_load_exceeds_fleet_capacity,180,60,True,1146.307606641427,1148.216888591183,1334.618975008724,1335.9433230902955,medium,
X-n139-k10,138,ortools:quantile_p75_or_tools,quantile_p75_or_tools,ortools,False,0,,0.0,1329.4869493703554,1.254232971104109,total_load_exceeds_fleet_capacity,180,60,True,1146.307606641427,1148.216888591183,1334.618975008724,1335.9433230902955,medium,
X-n139-k10,138,ortools:quantile_p90_or_tools,quantile_p90_or_tools,ortools,False,0,,0.0,1576.788758173226,1.487536564314364,total_load_exceeds_fleet_capacity,180,60,True,1146.307606641427,1148.216888591183,1334.618975008724,1335.9433230902955,medium,
X-n139-k10,138,ortools:robust_mean_1std_or_tools,robust_mean_1std_or_tools,ortools,False,0,,0.0,1480.6295593962218,1.3968203390530394,total_load_exceeds_fleet_capacity,180,60,True,1146.307606641427,1148.216888591183,1334.618975008724,1335.9433230902955,medium,
X-n139-k10,138,ortools:robust_mean_2std_or_tools,robust_mean_2std_or_tools,ortools,False,0,,0.0,1814.951512151016,1.7122184076896378,total_load_exceeds_fleet_capacity,180,60,True,1146.307606641427,1148.216888591183,1334.618975008724,1335.9433230902955,medium,
X-n139-k10,138,ortools:proxy_mean_scaled_or_tools,proxy_mean_scaled_or_tools,ortools,False,0,,5.001253843307495,1054.7000000000005,0.9950000000000002,ortools_no_solution,180,60,True,1146.307606641427,1148.216888591183,1334.618975008724,1335.9433230902955,medium,
X-n139-k10,138,ortools:quantile_p75_scaled_or_tools,quantile_p75_scaled_or_tools,ortools,False,0,,5.002357721328735,1054.6999999999998,0.9949999999999998,ortools_no_solution,180,60,True,1146.307606641427,1148.216888591183,1334.618975008724,1335.9433230902955,medium,
X-n139-k10,138,ortools:quantile_p90_scaled_or_tools,quantile_p90_scaled_or_tools,ortools,False,0,,5.00251054763794,1054.7000000000005,0.9950000000000002,ortools_no_solution,180,60,True,1146.307606641427,1148.216888591183,1334.618975008724,1335.9433230902955,medium,
X-n139-k10,138,ortools:robust_mean_1std_scaled_or_tools,robust_mean_1std_scaled_or_tools,ortools,False,0,,0.0,1054.7,0.995,total_load_exceeds_fleet_capacity,180,60,True,1146.307606641427,1148.216888591183,1334.618975008724,1335.9433230902955,medium,
X-n139-k10,138,ortools:robust_mean_2std_scaled_or_tools,robust_mean_2std_scaled_or_tools,ortools,False,0,,0.0,1054.7,0.995,total_load_exceeds_fleet_capacity,180,60,True,1146.307606641427,1148.216888591183,1334.618975008724,1335.9433230902955,medium,
X-n139-k10,138,ortools:nominal_seed101_or_tools,nominal_seed101_or_tools,ortools,True,10,14943.0,5.000727653503418,1039.0,0.980188679245283,,180,60,True,1146.307606641427,1148.216888591183,1334.618975008724,1335.9433230902955,medium,
X-n139-k10,138,ortools:nominal_seed103_or_tools,nominal_seed103_or_tools,ortools,True,10,15332.0,5.008304595947266,1039.0,0.980188679245283,,180,60,True,1146.307606641427,1148.216888591183,1334.618975008724,1335.9433230902955,medium,
X-n139-k10,138,ortools:proxy_mean_scaled_seed109_or_tools,proxy_mean_scaled_seed109_or_tools,ortools,True,10,15996.0,5.014383316040039,1054.7000000000005,0.9950000000000002,,180,60,True,1146.307606641427,1148.216888591183,1334.618975008724,1335.9433230902955,medium,
X-n139-k10,138,ortools:quantile_p75_scaled_seed107_or_tools,quantile_p75_scaled_seed107_or_tools,ortools,False,0,,5.0052759647369385,1054.6999999999998,0.9949999999999998,ortools_no_solution,180,60,True,1146.307606641427,1148.216888591183,1334.618975008724,1335.9433230902955,medium,
X-n139-k10,138,ortools:robust_mean_1std_scaled_seed113_or_tools,robust_mean_1std_scaled_seed113_or_tools,ortools,False,0,,0.0,1054.7,0.995,total_load_exceeds_fleet_capacity,180,60,True,1146.307606641427,1148.216888591183,1334.618975008724,1335.9433230902955,medium,
X-n143-k7,142,ortools:nominal_or_tools,nominal_or_tools,ortools,True,7,16662.0,5.004856824874878,7475.0,0.897358943577431,,180,60,True,8295.848620495428,8316.617424477572,9916.867451961063,9925.630118934274,medium,
X-n143-k7,142,ortools:proxy_mean_or_tools,proxy_mean_or_tools,ortools,True,7,20036.0,4.995463132858276,8295.848620495428,0.9959001945372664,,180,60,True,8295.848620495428,8316.617424477572,9916.867451961063,9925.630118934274,medium,
X-n143-k7,142,ortools:quantile_p75_or_tools,quantile_p75_or_tools,ortools,False,0,,0.0,9668.619867790552,1.1606986636003065,total_load_exceeds_fleet_capacity,180,60,True,8295.848620495428,8316.617424477572,9916.867451961063,9925.630118934274,medium,
X-n143-k7,142,ortools:quantile_p90_or_tools,quantile_p90_or_tools,ortools,False,0,,0.0,11664.053787123155,1.400246553076009,total_load_exceeds_fleet_capacity,180,60,True,8295.848620495428,8316.617424477572,9916.867451961063,9925.630118934274,medium,
X-n143-k7,142,ortools:robust_mean_1std_or_tools,robust_mean_1std_or_tools,ortools,False,0,,0.0,10881.042610378192,1.306247612290299,total_load_exceeds_fleet_capacity,180,60,True,8295.848620495428,8316.617424477572,9916.867451961063,9925.630118934274,medium,
X-n143-k7,142,ortools:robust_mean_2std_or_tools,robust_mean_2std_or_tools,ortools,False,0,,0.0,13466.23660026096,1.6165950300433325,total_load_exceeds_fleet_capacity,180,60,True,8295.848620495428,8316.617424477572,9916.867451961063,9925.630118934274,medium,
X-n143-k7,142,ortools:proxy_mean_scaled_or_tools,proxy_mean_scaled_or_tools,ortools,True,7,18747.0,5.000169515609741,8288.349999999999,0.9949999999999998,,180,60,True,8295.848620495428,8316.617424477572,9916.867451961063,9925.630118934274,medium,
X-n143-k7,142,ortools:quantile_p75_scaled_or_tools,quantile_p75_scaled_or_tools,ortools,True,7,18056.0,5.002080678939819,8288.35,0.995,,180,60,True,8295.848620495428,8316.617424477572,9916.867451961063,9925.630118934274,medium,
X-n143-k7,142,ortools:quantile_p90_scaled_or_tools,quantile_p90_scaled_or_tools,ortools,True,7,18642.0,5.000194787979126,8288.35,0.995,,180,60,True,8295.848620495428,8316.617424477572,9916.867451961063,9925.630118934274,medium,
X-n143-k7,142,ortools:robust_mean_1std_scaled_or_tools,robust_mean_1std_scaled_or_tools,ortools,True,7,18403.0,4.999201059341431,8288.350000000002,0.9950000000000002,,180,60,True,8295.848620495428,8316.617424477572,9916.867451961063,9925.630118934274,medium,
X-n143-k7,142,ortools:robust_mean_2std_scaled_or_tools,robust_mean_2std_scaled_or_tools,ortools,True,7,18906.0,5.005316257476807,8288.35,0.995,,180,60,True,8295.848620495428,8316.617424477572,9916.867451961063,9925.630118934274,medium,
X-n143-k7,142,ortools:nominal_seed101_or_tools,nominal_seed101_or_tools,ortools,True,7,17828.0,5.000637531280518,7475.0,0.897358943577431,,180,60,True,8295.848620495428,8316.617424477572,9916.867451961063,9925.630118934274,medium,
X-n143-k7,142,ortools:nominal_seed103_or_tools,nominal_seed103_or_tools,ortools,True,7,16802.0,4.999241590499878,7475.0,0.897358943577431,,180,60,True,8295.848620495428,8316.617424477572,9916.867451961063,9925.630118934274,medium,
X-n143-k7,142,ortools:proxy_mean_scaled_seed109_or_tools,proxy_mean_scaled_seed109_or_tools,ortools,True,7,18802.0,4.997038125991821,8288.349999999999,0.9949999999999998,,180,60,True,8295.848620495428,8316.617424477572,9916.867451961063,9925.630118934274,medium,
X-n143-k7,142,ortools:quantile_p75_scaled_seed107_or_tools,quantile_p75_scaled_seed107_or_tools,ortools,True,7,18166.0,5.00028395652771,8288.35,0.995,,180,60,True,8295.848620495428,8316.617424477572,9916.867451961063,9925.630118934274,medium,
X-n143-k7,142,ortools:robust_mean_1std_scaled_seed113_or_tools,robust_mean_1std_scaled_seed113_or_tools,ortools,True,7,18450.0,4.999038219451904,8288.350000000002,0.9950000000000002,,180,60,True,8295.848620495428,8316.617424477572,9916.867451961063,9925.630118934274,medium,
X-n162-k11,161,ortools:nominal_or_tools,nominal_or_tools,ortools,True,11,14799.0,4.994436979293823,12194.0,0.9442465541273036,,180,60,True,14041.602423680102,14059.25864279868,17116.69937454782,17172.81426272881,medium,
X-n162-k11,161,ortools:proxy_mean_or_tools,proxy_mean_or_tools,ortools,False,0,,0.0,14041.602423680106,1.0873162787424582,total_load_exceeds_fleet_capacity,180,60,True,14041.602423680102,14059.25864279868,17116.69937454782,17172.81426272881,medium,
X-n162-k11,161,ortools:quantile_p75_or_tools,quantile_p75_or_tools,ortools,False,0,,0.0,16324.755246187586,1.2641129972268534,total_load_exceeds_fleet_capacity,180,60,True,14041.602423680102,14059.25864279868,17116.69937454782,17172.81426272881,medium,
X-n162-k11,161,ortools:quantile_p90_or_tools,quantile_p90_or_tools,ortools,False,0,,0.0,19634.0039462035,1.5203658003874476,total_load_exceeds_fleet_capacity,180,60,True,14041.602423680102,14059.25864279868,17116.69937454782,17172.81426272881,medium,
X-n162-k11,161,ortools:robust_mean_1std_or_tools,robust_mean_1std_or_tools,ortools,False,0,,0.0,18328.159785567048,1.4192473118760298,total_load_exceeds_fleet_capacity,180,60,True,14041.602423680102,14059.25864279868,17116.69937454782,17172.81426272881,medium,
X-n162-k11,161,ortools:robust_mean_2std_or_tools,robust_mean_2std_or_tools,ortools,False,0,,0.0,22614.717147453983,1.751178345009601,total_load_exceeds_fleet_capacity,180,60,True,14041.602423680102,14059.25864279868,17116.69937454782,17172.81426272881,medium,
X-n162-k11,161,ortools:proxy_mean_scaled_or_tools,proxy_mean_scaled_or_tools,ortools,False,0,,5.008721351623535,12849.43,0.995,ortools_no_solution,180,60,True,14041.602423680102,14059.25864279868,17116.69937454782,17172.81426272881,medium,
X-n162-k11,161,ortools:quantile_p75_scaled_or_tools,quantile_p75_scaled_or_tools,ortools,False,0,,4.997911691665649,12849.43,0.995,ortools_no_solution,180,60,True,14041.602423680102,14059.25864279868,17116.69937454782,17172.81426272881,medium,
X-n162-k11,161,ortools:quantile_p90_scaled_or_tools,quantile_p90_scaled_or_tools,ortools,False,0,,5.0039544105529785,12849.43,0.995,ortools_no_solution,180,60,True,14041.602423680102,14059.25864279868,17116.69937454782,17172.81426272881,medium,
X-n162-k11,161,ortools:robust_mean_1std_scaled_or_tools,robust_mean_1std_scaled_or_tools,ortools,False,0,,4.990921258926392,12849.43,0.995,ortools_no_solution,180,60,True,14041.602423680102,14059.25864279868,17116.69937454782,17172.81426272881,medium,
X-n162-k11,161,ortools:robust_mean_2std_scaled_or_tools,robust_mean_2std_scaled_or_tools,ortools,False,0,,5.004605770111084,12849.43,0.995,ortools_no_solution,180,60,True,14041.602423680102,14059.25864279868,17116.69937454782,17172.81426272881,medium,
X-n162-k11,161,ortools:nominal_seed101_or_tools,nominal_seed101_or_tools,ortools,True,11,14878.0,5.000680208206177,12194.0,0.9442465541273036,,180,60,True,14041.602423680102,14059.25864279868,17116.69937454782,17172.81426272881,medium,
X-n162-k11,161,ortools:nominal_seed103_or_tools,nominal_seed103_or_tools,ortools,True,11,14821.0,5.007380962371826,12194.0,0.9442465541273036,,180,60,True,14041.602423680102,14059.25864279868,17116.69937454782,17172.81426272881,medium,
X-n162-k11,161,ortools:proxy_mean_scaled_seed109_or_tools,proxy_mean_scaled_seed109_or_tools,ortools,False,0,,4.998059272766113,12849.43,0.995,ortools_no_solution,180,60,True,14041.602423680102,14059.25864279868,17116.69937454782,17172.81426272881,medium,
X-n162-k11,161,ortools:quantile_p75_scaled_seed107_or_tools,quantile_p75_scaled_seed107_or_tools,ortools,False,0,,5.005786418914795,12849.43,0.995,ortools_no_solution,180,60,True,14041.602423680102,14059.25864279868,17116.69937454782,17172.81426272881,medium,
X-n162-k11,161,ortools:robust_mean_1std_scaled_seed113_or_tools,robust_mean_1std_scaled_seed113_or_tools,ortools,False,0,,5.002197265625,12849.43,0.995,ortools_no_solution,180,60,True,14041.602423680102,14059.25864279868,17116.69937454782,17172.81426272881,medium,
X-n167-k10,166,ortools:nominal_or_tools,nominal_or_tools,ortools,True,10,22643.0,5.008446216583252,1236.0,0.9293233082706768,,180,60,True,1338.4496844448638,1339.8281173836035,1575.9630876437734,1578.5498416441526,medium,
X-n167-k10,166,ortools:proxy_mean_or_tools,proxy_mean_or_tools,ortools,False,0,,0.0,1338.449684444864,1.006353146199146,total_load_exceeds_fleet_capacity,180,60,True,1338.4496844448638,1339.8281173836035,1575.9630876437734,1578.5498416441526,medium,
X-n167-k10,166,ortools:quantile_p75_or_tools,quantile_p75_or_tools,ortools,False,0,,0.0,1549.6251468442697,1.1651316893565935,total_load_exceeds_fleet_capacity,180,60,True,1338.4496844448638,1339.8281173836035,1575.9630876437734,1578.5498416441526,medium,
X-n167-k10,166,ortools:quantile_p90_or_tools,quantile_p90_or_tools,ortools,False,0,,0.0,1848.998172895775,1.3902241901471992,total_load_exceeds_fleet_capacity,180,60,True,1338.4496844448638,1339.8281173836035,1575.9630876437734,1578.5498416441526,medium,
X-n167-k10,166,ortools:robust_mean_1std_or_tools,robust_mean_1std_or_tools,ortools,False,0,,0.0,1730.5489801212257,1.3011646467076885,total_load_exceeds_fleet_capacity,180,60,True,1338.4496844448638,1339.8281173836035,1575.9630876437734,1578.5498416441526,medium,
X-n167-k10,166,ortools:robust_mean_2std_or_tools,robust_mean_2std_or_tools,ortools,False,0,,0.0,2122.648275797588,1.5959761472162317,total_load_exceeds_fleet_capacity,180,60,True,1338.4496844448638,1339.8281173836035,1575.9630876437734,1578.5498416441526,medium,
X-n167-k10,166,ortools:proxy_mean_scaled_or_tools,proxy_mean_scaled_or_tools,ortools,False,0,,4.997153520584106,1323.35,0.995,ortools_no_solution,180,60,True,1338.4496844448638,1339.8281173836035,1575.9630876437734,1578.5498416441526,medium,
X-n167-k10,166,ortools:quantile_p75_scaled_or_tools,quantile_p75_scaled_or_tools,ortools,False,0,,5.001743078231812,1323.3500000000004,0.9950000000000004,ortools_no_solution,180,60,True,1338.4496844448638,1339.8281173836035,1575.9630876437734,1578.5498416441526,medium,
X-n167-k10,166,ortools:quantile_p90_scaled_or_tools,quantile_p90_scaled_or_tools,ortools,False,0,,5.002097845077515,1323.3499999999997,0.9949999999999998,ortools_no_solution,180,60,True,1338.4496844448638,1339.8281173836035,1575.9630876437734,1578.5498416441526,medium,
X-n167-k10,166,ortools:robust_mean_1std_scaled_or_tools,robust_mean_1std_scaled_or_tools,ortools,False,0,,5.0021140575408936,1323.35,0.995,ortools_no_solution,180,60,True,1338.4496844448638,1339.8281173836035,1575.9630876437734,1578.5498416441526,medium,
X-n167-k10,166,ortools:robust_mean_2std_scaled_or_tools,robust_mean_2std_scaled_or_tools,ortools,False,0,,5.005319833755493,1323.35,0.995,ortools_no_solution,180,60,True,1338.4496844448638,1339.8281173836035,1575.9630876437734,1578.5498416441526,medium,
X-n167-k10,166,ortools:nominal_seed101_or_tools,nominal_seed101_or_tools,ortools,True,10,22530.0,4.98724889755249,1236.0,0.9293233082706768,,180,60,True,1338.4496844448638,1339.8281173836035,1575.9630876437734,1578.5498416441526,medium,
X-n167-k10,166,ortools:nominal_seed103_or_tools,nominal_seed103_or_tools,ortools,True,10,22324.0,4.989566087722778,1236.0,0.9293233082706768,,180,60,True,1338.4496844448638,1339.8281173836035,1575.9630876437734,1578.5498416441526,medium,
X-n167-k10,166,ortools:proxy_mean_scaled_seed109_or_tools,proxy_mean_scaled_seed109_or_tools,ortools,True,10,22790.0,4.996606826782227,1323.35,0.995,,180,60,True,1338.4496844448638,1339.8281173836035,1575.9630876437734,1578.5498416441526,medium,
X-n167-k10,166,ortools:quantile_p75_scaled_seed107_or_tools,quantile_p75_scaled_seed107_or_tools,ortools,False,0,,4.98995304107666,1323.3500000000004,0.9950000000000004,ortools_no_solution,180,60,True,1338.4496844448638,1339.8281173836035,1575.9630876437734,1578.5498416441526,medium,
X-n167-k10,166,ortools:robust_mean_1std_scaled_seed113_or_tools,robust_mean_1std_scaled_seed113_or_tools,ortools,True,10,22558.0,5.00585412979126,1323.35,0.995,,180,60,True,1338.4496844448638,1339.8281173836035,1575.9630876437734,1578.5498416441526,medium,
X-n181-k23,180,ortools:nominal_or_tools,nominal_or_tools,ortools,True,23,26513.0,5.00494122505188,180.0,0.9782608695652174,,180,60,True,197.95924832567653,198.6785845016122,228.80907667940576,229.20917736249467,medium,
X-n181-k23,180,ortools:proxy_mean_or_tools,proxy_mean_or_tools,ortools,True,23,26513.0,5.0001959800720215,197.95924832567653,1.0758654800308507,,180,60,True,197.95924832567653,198.6785845016122,228.80907667940576,229.20917736249467,medium,
X-n181-k23,180,ortools:quantile_p75_or_tools,quantile_p75_or_tools,ortools,True,23,26513.0,5.0003955364227295,228.5447450111068,1.2420910054951455,,180,60,True,197.95924832567653,198.6785845016122,228.80907667940576,229.20917736249467,medium,
X-n181-k23,180,ortools:quantile_p90_or_tools,quantile_p90_or_tools,ortools,False,0,,0.0,270.7294621419194,1.4713557725104314,total_load_exceeds_fleet_capacity,180,60,True,197.95924832567653,198.6785845016122,228.80907667940576,229.20917736249467,medium,
X-n181-k23,180,ortools:robust_mean_1std_or_tools,robust_mean_1std_or_tools,ortools,False,0,,0.0,255.124466029644,1.3865460110306738,total_load_exceeds_fleet_capacity,180,60,True,197.95924832567653,198.6785845016122,228.80907667940576,229.20917736249467,medium,
X-n181-k23,180,ortools:robust_mean_2std_or_tools,robust_mean_2std_or_tools,ortools,False,0,,0.0,312.2896837336113,1.6972265420304964,total_load_exceeds_fleet_capacity,180,60,True,197.95924832567653,198.6785845016122,228.80907667940576,229.20917736249467,medium,
X-n181-k23,180,ortools:proxy_mean_scaled_or_tools,proxy_mean_scaled_or_tools,ortools,True,23,26513.0,5.000657081604004,183.08,0.995,,180,60,True,197.95924832567653,198.6785845016122,228.80907667940576,229.20917736249467,medium,
X-n181-k23,180,ortools:quantile_p75_scaled_or_tools,quantile_p75_scaled_or_tools,ortools,True,23,26513.0,5.000613212585449,183.08000000000004,0.9950000000000002,,180,60,True,197.95924832567653,198.6785845016122,228.80907667940576,229.20917736249467,medium,
X-n181-k23,180,ortools:quantile_p90_scaled_or_tools,quantile_p90_scaled_or_tools,ortools,True,23,26513.0,5.000807046890259,183.08000000000004,0.9950000000000002,,180,60,True,197.95924832567653,198.6785845016122,228.80907667940576,229.20917736249467,medium,
X-n181-k23,180,ortools:robust_mean_1std_scaled_or_tools,robust_mean_1std_scaled_or_tools,ortools,True,23,26513.0,5.003887414932251,183.08000000000004,0.9950000000000002,,180,60,True,197.95924832567653,198.6785845016122,228.80907667940576,229.20917736249467,medium,
X-n181-k23,180,ortools:robust_mean_2std_scaled_or_tools,robust_mean_2std_scaled_or_tools,ortools,True,23,26513.0,5.000025510787964,183.08,0.995,,180,60,True,197.95924832567653,198.6785845016122,228.80907667940576,229.20917736249467,medium,
X-n181-k23,180,ortools:nominal_seed101_or_tools,nominal_seed101_or_tools,ortools,True,23,26327.0,5.000811815261841,180.0,0.9782608695652174,,180,60,True,197.95924832567653,198.6785845016122,228.80907667940576,229.20917736249467,medium,
X-n181-k23,180,ortools:nominal_seed103_or_tools,nominal_seed103_or_tools,ortools,True,23,26217.0,5.000329971313477,180.0,0.9782608695652174,,180,60,True,197.95924832567653,198.6785845016122,228.80907667940576,229.20917736249467,medium,
X-n181-k23,180,ortools:proxy_mean_scaled_seed109_or_tools,proxy_mean_scaled_seed109_or_tools,ortools,True,23,26275.0,5.026659250259399,183.08,0.995,,180,60,True,197.95924832567653,198.6785845016122,228.80907667940576,229.20917736249467,medium,
X-n181-k23,180,ortools:quantile_p75_scaled_seed107_or_tools,quantile_p75_scaled_seed107_or_tools,ortools,True,23,26255.0,5.000982999801636,183.08000000000004,0.9950000000000002,,180,60,True,197.95924832567653,198.6785845016122,228.80907667940576,229.20917736249467,medium,
X-n181-k23,180,ortools:robust_mean_1std_scaled_seed113_or_tools,robust_mean_1std_scaled_seed113_or_tools,ortools,True,23,26185.0,5.000020265579224,183.08000000000004,0.9950000000000002,,180,60,True,197.95924832567653,198.6785845016122,228.80907667940576,229.20917736249467,medium,
X-n186-k15,185,ortools:nominal_or_tools,nominal_or_tools,ortools,True,15,26050.0,5.000913619995117,13853.0,0.948186173853525,,180,60,True,15309.918049106676,15348.692003297172,18004.971786960705,18023.35742731036,medium,
X-n186-k15,185,ortools:proxy_mean_or_tools,proxy_mean_or_tools,ortools,False,0,,0.0,15309.918049106676,1.047906779541867,total_load_exceeds_fleet_capacity,180,60,True,15309.918049106676,15348.692003297172,18004.971786960705,18023.35742731036,medium,
X-n186-k15,185,ortools:quantile_p75_or_tools,quantile_p75_or_tools,ortools,False,0,,0.0,17747.330784172096,1.2147385889234836,total_load_exceeds_fleet_capacity,180,60,True,15309.918049106676,15348.692003297172,18004.971786960705,18023.35742731036,medium,
X-n186-k15,185,ortools:quantile_p90_or_tools,quantile_p90_or_tools,ortools,False,0,,0.0,21205.23264245777,1.451419072036808,total_load_exceeds_fleet_capacity,180,60,True,15309.918049106676,15348.692003297172,18004.971786960705,18023.35742731036,medium,
X-n186-k15,185,ortools:robust_mean_1std_or_tools,robust_mean_1std_or_tools,ortools,False,0,,0.0,19848.88202930581,1.3585819321906782,total_load_exceeds_fleet_capacity,180,60,True,15309.918049106676,15348.692003297172,18004.971786960705,18023.35742731036,medium,
X-n186-k15,185,ortools:robust_mean_2std_or_tools,robust_mean_2std_or_tools,ortools,False,0,,0.0,24387.846009504945,1.6692570848394896,total_load_exceeds_fleet_capacity,180,60,True,15309.918049106676,15348.692003297172,18004.971786960705,18023.35742731036,medium,
X-n186-k15,185,ortools:proxy_mean_scaled_or_tools,proxy_mean_scaled_or_tools,ortools,False,0,,5.007321357727051,14536.950000000004,0.9950000000000002,ortools_no_solution,180,60,True,15309.918049106676,15348.692003297172,18004.971786960705,18023.35742731036,medium,
X-n186-k15,185,ortools:quantile_p75_scaled_or_tools,quantile_p75_scaled_or_tools,ortools,False,0,,5.004000186920166,14536.95,0.995,ortools_no_solution,180,60,True,15309.918049106676,15348.692003297172,18004.971786960705,18023.35742731036,medium,
X-n186-k15,185,ortools:quantile_p90_scaled_or_tools,quantile_p90_scaled_or_tools,ortools,False,0,,5.002608299255371,14536.949999999995,0.9949999999999998,ortools_no_solution,180,60,True,15309.918049106676,15348.692003297172,18004.971786960705,18023.35742731036,medium,
X-n186-k15,185,ortools:robust_mean_1std_scaled_or_tools,robust_mean_1std_scaled_or_tools,ortools,False,0,,5.004064559936523,14536.950000000004,0.9950000000000002,ortools_no_solution,180,60,True,15309.918049106676,15348.692003297172,18004.971786960705,18023.35742731036,medium,
X-n186-k15,185,ortools:robust_mean_2std_scaled_or_tools,robust_mean_2std_scaled_or_tools,ortools,False,0,,5.006036996841431,14536.95,0.995,ortools_no_solution,180,60,True,15309.918049106676,15348.692003297172,18004.971786960705,18023.35742731036,medium,
X-n186-k15,185,ortools:nominal_seed101_or_tools,nominal_seed101_or_tools,ortools,True,15,26666.0,5.000922679901123,13853.0,0.948186173853525,,180,60,True,15309.918049106676,15348.692003297172,18004.971786960705,18023.35742731036,medium,
X-n186-k15,185,ortools:nominal_seed103_or_tools,nominal_seed103_or_tools,ortools,True,15,26466.0,5.000753879547119,13853.0,0.948186173853525,,180,60,True,15309.918049106676,15348.692003297172,18004.971786960705,18023.35742731036,medium,
X-n186-k15,185,ortools:proxy_mean_scaled_seed109_or_tools,proxy_mean_scaled_seed109_or_tools,ortools,False,0,,5.0066516399383545,14536.950000000004,0.9950000000000002,ortools_no_solution,180,60,True,15309.918049106676,15348.692003297172,18004.971786960705,18023.35742731036,medium,
X-n186-k15,185,ortools:quantile_p75_scaled_seed107_or_tools,quantile_p75_scaled_seed107_or_tools,ortools,False,0,,5.003275156021118,14536.95,0.995,ortools_no_solution,180,60,True,15309.918049106676,15348.692003297172,18004.971786960705,18023.35742731036,medium,
X-n186-k15,185,ortools:robust_mean_1std_scaled_seed113_or_tools,robust_mean_1std_scaled_seed113_or_tools,ortools,False,0,,5.005308866500855,14536.950000000004,0.9950000000000002,ortools_no_solution,180,60,True,15309.918049106676,15348.692003297172,18004.971786960705,18023.35742731036,medium,
X-n190-k8,189,ortools:nominal_or_tools,nominal_or_tools,ortools,True,8,18180.0,5.001303434371948,1043.0,0.9447463768115942,,180,60,True,1163.1102271100574,1164.541932744727,1415.5336601339425,1417.944225661104,medium,
X-n190-k8,189,ortools:proxy_mean_or_tools,proxy_mean_or_tools,ortools,False,0,,0.0,1163.1102271100574,1.0535418723822985,total_load_exceeds_fleet_capacity,180,60,True,1163.1102271100574,1164.541932744727,1415.5336601339425,1417.944225661104,medium,
X-n190-k8,189,ortools:quantile_p75_or_tools,quantile_p75_or_tools,ortools,False,0,,0.0,1357.0283094544095,1.2291923092884145,total_load_exceeds_fleet_capacity,180,60,True,1163.1102271100574,1164.541932744727,1415.5336601339425,1417.944225661104,medium,
X-n190-k8,189,ortools:quantile_p90_or_tools,quantile_p90_or_tools,ortools,False,0,,0.0,1639.73000363895,1.4852626844555703,total_load_exceeds_fleet_capacity,180,60,True,1163.1102271100574,1164.541932744727,1415.5336601339425,1417.944225661104,medium,
X-n190-k8,189,ortools:robust_mean_1std_or_tools,robust_mean_1std_or_tools,ortools,False,0,,0.0,1529.0220533650013,1.3849837439900374,total_load_exceeds_fleet_capacity,180,60,True,1163.1102271100574,1164.541932744727,1415.5336601339425,1417.944225661104,medium,
X-n190-k8,189,ortools:robust_mean_2std_or_tools,robust_mean_2std_or_tools,ortools,False,0,,0.0,1894.933879619945,1.7164256155977762,total_load_exceeds_fleet_capacity,180,60,True,1163.1102271100574,1164.541932744727,1415.5336601339425,1417.944225661104,medium,
X-n190-k8,189,ortools:proxy_mean_scaled_or_tools,proxy_mean_scaled_or_tools,ortools,True,8,18297.0,5.00106143951416,1098.4799999999998,0.9949999999999998,,180,60,True,1163.1102271100574,1164.541932744727,1415.5336601339425,1417.944225661104,medium,
X-n190-k8,189,ortools:quantile_p75_scaled_or_tools,quantile_p75_scaled_or_tools,ortools,True,8,18293.0,4.999696493148804,1098.48,0.995,,180,60,True,1163.1102271100574,1164.541932744727,1415.5336601339425,1417.944225661104,medium,
X-n190-k8,189,ortools:quantile_p90_scaled_or_tools,quantile_p90_scaled_or_tools,ortools,True,8,18321.0,4.999316692352295,1098.48,0.995,,180,60,True,1163.1102271100574,1164.541932744727,1415.5336601339425,1417.944225661104,medium,
X-n190-k8,189,ortools:robust_mean_1std_scaled_or_tools,robust_mean_1std_scaled_or_tools,ortools,True,8,18347.0,4.999847412109375,1098.4799999999996,0.9949999999999996,,180,60,True,1163.1102271100574,1164.541932744727,1415.5336601339425,1417.944225661104,medium,
X-n190-k8,189,ortools:robust_mean_2std_scaled_or_tools,robust_mean_2std_scaled_or_tools,ortools,False,0,,0.0,1098.4799999999998,0.9949999999999998,total_load_exceeds_fleet_capacity,180,60,True,1163.1102271100574,1164.541932744727,1415.5336601339425,1417.944225661104,medium,
X-n190-k8,189,ortools:nominal_seed101_or_tools,nominal_seed101_or_tools,ortools,True,8,17873.0,5.000022411346436,1043.0,0.9447463768115942,,180,60,True,1163.1102271100574,1164.541932744727,1415.5336601339425,1417.944225661104,medium,
X-n190-k8,189,ortools:nominal_seed103_or_tools,nominal_seed103_or_tools,ortools,True,8,18118.0,5.000846147537232,1043.0,0.9447463768115942,,180,60,True,1163.1102271100574,1164.541932744727,1415.5336601339425,1417.944225661104,medium,
X-n190-k8,189,ortools:proxy_mean_scaled_seed109_or_tools,proxy_mean_scaled_seed109_or_tools,ortools,True,8,18290.0,5.000502109527588,1098.4799999999998,0.9949999999999998,,180,60,True,1163.1102271100574,1164.541932744727,1415.5336601339425,1417.944225661104,medium,
X-n190-k8,189,ortools:quantile_p75_scaled_seed107_or_tools,quantile_p75_scaled_seed107_or_tools,ortools,True,8,18230.0,5.000637769699097,1098.48,0.995,,180,60,True,1163.1102271100574,1164.541932744727,1415.5336601339425,1417.944225661104,medium,
X-n190-k8,189,ortools:robust_mean_1std_scaled_seed113_or_tools,robust_mean_1std_scaled_seed113_or_tools,ortools,True,8,18359.0,5.001445770263672,1098.4799999999996,0.9949999999999996,,180,60,True,1163.1102271100574,1164.541932744727,1415.5336601339425,1417.944225661104,medium,
X-n204-k19,203,ortools:nominal_or_tools,nominal_or_tools,ortools,True,19,21321.0,5.000798940658569,15135.0,0.9528456308234702,,180,60,True,16657.037292963792,16667.364983390977,19151.0805427942,19176.69172760544,medium,
X-n204-k19,203,ortools:proxy_mean_or_tools,proxy_mean_or_tools,ortools,False,0,,0.0,16657.037292963796,1.048667671428091,total_load_exceeds_fleet_capacity,180,60,True,16657.037292963792,16667.364983390977,19151.0805427942,19176.69172760544,medium,
X-n204-k19,203,ortools:quantile_p75_or_tools,quantile_p75_or_tools,ortools,False,0,,0.0,19317.547150978186,1.2161638851031342,total_load_exceeds_fleet_capacity,180,60,True,16657.037292963792,16667.364983390977,19151.0805427942,19176.69172760544,medium,
X-n204-k19,203,ortools:quantile_p90_or_tools,quantile_p90_or_tools,ortools,False,0,,0.0,22952.859980062887,1.4450302178332213,total_load_exceeds_fleet_capacity,180,60,True,16657.037292963792,16667.364983390977,19151.0805427942,19176.69172760544,medium,
X-n204-k19,203,ortools:robust_mean_1std_or_tools,robust_mean_1std_or_tools,ortools,False,0,,0.0,21435.88806744121,1.3495270755125417,total_load_exceeds_fleet_capacity,180,60,True,16657.037292963792,16667.364983390977,19151.0805427942,19176.69172760544,medium,
X-n204-k19,203,ortools:robust_mean_2std_or_tools,robust_mean_2std_or_tools,ortools,False,0,,0.0,26214.73884191864,1.6503864795969931,total_load_exceeds_fleet_capacity,180,60,True,16657.037292963792,16667.364983390977,19151.0805427942,19176.69172760544,medium,
X-n204-k19,203,ortools:proxy_mean_scaled_or_tools,proxy_mean_scaled_or_tools,ortools,False,0,,5.005270004272461,15804.579999999996,0.9949999999999998,ortools_no_solution,180,60,True,16657.037292963792,16667.364983390977,19151.0805427942,19176.69172760544,medium,
X-n204-k19,203,ortools:quantile_p75_scaled_or_tools,quantile_p75_scaled_or_tools,ortools,False,0,,5.004975557327271,15804.579999999996,0.9949999999999998,ortools_no_solution,180,60,True,16657.037292963792,16667.364983390977,19151.0805427942,19176.69172760544,medium,
X-n204-k19,203,ortools:quantile_p90_scaled_or_tools,quantile_p90_scaled_or_tools,ortools,False,0,,5.003614664077759,15804.580000000004,0.9950000000000002,ortools_no_solution,180,60,True,16657.037292963792,16667.364983390977,19151.0805427942,19176.69172760544,medium,
X-n204-k19,203,ortools:robust_mean_1std_scaled_or_tools,robust_mean_1std_scaled_or_tools,ortools,False,0,,5.005231618881226,15804.580000000002,0.995,ortools_no_solution,180,60,True,16657.037292963792,16667.364983390977,19151.0805427942,19176.69172760544,medium,
X-n204-k19,203,ortools:robust_mean_2std_scaled_or_tools,robust_mean_2std_scaled_or_tools,ortools,False,0,,5.006524324417114,15804.579999999998,0.995,ortools_no_solution,180,60,True,16657.037292963792,16667.364983390977,19151.0805427942,19176.69172760544,medium,
X-n204-k19,203,ortools:nominal_seed101_or_tools,nominal_seed101_or_tools,ortools,True,19,21450.0,5.00185751914978,15135.0,0.9528456308234702,,180,60,True,16657.037292963792,16667.364983390977,19151.0805427942,19176.69172760544,medium,
X-n204-k19,203,ortools:nominal_seed103_or_tools,nominal_seed103_or_tools,ortools,True,19,21635.0,5.0013463497161865,15135.0,0.9528456308234702,,180,60,True,16657.037292963792,16667.364983390977,19151.0805427942,19176.69172760544,medium,
X-n204-k19,203,ortools:proxy_mean_scaled_seed109_or_tools,proxy_mean_scaled_seed109_or_tools,ortools,False,0,,5.003847122192383,15804.579999999996,0.9949999999999998,ortools_no_solution,180,60,True,16657.037292963792,16667.364983390977,19151.0805427942,19176.69172760544,medium,
X-n204-k19,203,ortools:quantile_p75_scaled_seed107_or_tools,quantile_p75_scaled_seed107_or_tools,ortools,False,0,,5.005931377410889,15804.579999999996,0.9949999999999998,ortools_no_solution,180,60,True,16657.037292963792,16667.364983390977,19151.0805427942,19176.69172760544,medium,
X-n204-k19,203,ortools:robust_mean_1std_scaled_seed113_or_tools,robust_mean_1std_scaled_seed113_or_tools,ortools,False,0,,5.005242109298706,15804.580000000002,0.995,ortools_no_solution,180,60,True,16657.037292963792,16667.364983390977,19151.0805427942,19176.69172760544,medium,
X-n209-k16,208,ortools:nominal_or_tools,nominal_or_tools,ortools,True,16,32468.0,5.000195741653442,1547.0,0.9573019801980198,,180,60,True,1728.5373708196844,1732.707831817492,2088.5534407537966,2090.6974809885087,medium,
X-n209-k16,208,ortools:proxy_mean_or_tools,proxy_mean_or_tools,ortools,False,0,,0.0,1728.5373708196846,1.069639462140894,total_load_exceeds_fleet_capacity,180,60,True,1728.5373708196844,1732.707831817492,2088.5534407537966,2090.6974809885087,medium,
X-n209-k16,208,ortools:quantile_p75_or_tools,quantile_p75_or_tools,ortools,False,0,,0.0,2000.347262898636,1.2378386527838094,total_load_exceeds_fleet_capacity,180,60,True,1728.5373708196844,1732.707831817492,2088.5534407537966,2090.6974809885087,medium,
X-n209-k16,208,ortools:quantile_p90_or_tools,quantile_p90_or_tools,ortools,False,0,,0.0,2397.657193819576,1.4836987585517176,total_load_exceeds_fleet_capacity,180,60,True,1728.5373708196844,1732.707831817492,2088.5534407537966,2090.6974809885087,medium,
X-n209-k16,208,ortools:robust_mean_1std_or_tools,robust_mean_1std_or_tools,ortools,False,0,,0.0,2247.8245849010827,1.3909805599635412,total_load_exceeds_fleet_capacity,180,60,True,1728.5373708196844,1732.707831817492,2088.5534407537966,2090.6974809885087,medium,
X-n209-k16,208,ortools:robust_mean_2std_or_tools,robust_mean_2std_or_tools,ortools,False,0,,0.0,2767.1117989824807,1.7123216577861886,total_load_exceeds_fleet_capacity,180,60,True,1728.5373708196844,1732.707831817492,2088.5534407537966,2090.6974809885087,medium,
X-n209-k16,208,ortools:proxy_mean_scaled_or_tools,proxy_mean_scaled_or_tools,ortools,True,16,32551.0,5.000476360321045,1607.9200000000003,0.9950000000000002,,180,60,True,1728.5373708196844,1732.707831817492,2088.5534407537966,2090.6974809885087,medium,
X-n209-k16,208,ortools:quantile_p75_scaled_or_tools,quantile_p75_scaled_or_tools,ortools,True,16,32977.0,5.000759363174439,1607.92,0.995,,180,60,True,1728.5373708196844,1732.707831817492,2088.5534407537966,2090.6974809885087,medium,
X-n209-k16,208,ortools:quantile_p90_scaled_or_tools,quantile_p90_scaled_or_tools,ortools,False,0,,5.00267505645752,1607.9200000000003,0.9950000000000002,ortools_no_solution,180,60,True,1728.5373708196844,1732.707831817492,2088.5534407537966,2090.6974809885087,medium,
X-n209-k16,208,ortools:robust_mean_1std_scaled_or_tools,robust_mean_1std_scaled_or_tools,ortools,False,0,,5.00195574760437,1607.9199999999998,0.995,ortools_no_solution,180,60,True,1728.5373708196844,1732.707831817492,2088.5534407537966,2090.6974809885087,medium,
X-n209-k16,208,ortools:robust_mean_2std_scaled_or_tools,robust_mean_2std_scaled_or_tools,ortools,False,0,,0.0,1607.9199999999996,0.9949999999999998,total_load_exceeds_fleet_capacity,180,60,True,1728.5373708196844,1732.707831817492,2088.5534407537966,2090.6974809885087,medium,
X-n209-k16,208,ortools:nominal_seed101_or_tools,nominal_seed101_or_tools,ortools,True,16,33133.0,5.0013628005981445,1547.0,0.9573019801980198,,180,60,True,1728.5373708196844,1732.707831817492,2088.5534407537966,2090.6974809885087,medium,
X-n209-k16,208,ortools:nominal_seed103_or_tools,nominal_seed103_or_tools,ortools,True,16,33343.0,5.0003721714019775,1547.0,0.9573019801980198,,180,60,True,1728.5373708196844,1732.707831817492,2088.5534407537966,2090.6974809885087,medium,
X-n209-k16,208,ortools:proxy_mean_scaled_seed109_or_tools,proxy_mean_scaled_seed109_or_tools,ortools,True,16,33286.0,4.999741554260254,1607.9200000000003,0.9950000000000002,,180,60,True,1728.5373708196844,1732.707831817492,2088.5534407537966,2090.6974809885087,medium,
X-n209-k16,208,ortools:quantile_p75_scaled_seed107_or_tools,quantile_p75_scaled_seed107_or_tools,ortools,False,0,,5.002204656600952,1607.92,0.995,ortools_no_solution,180,60,True,1728.5373708196844,1732.707831817492,2088.5534407537966,2090.6974809885087,medium,
X-n209-k16,208,ortools:robust_mean_1std_scaled_seed113_or_tools,robust_mean_1std_scaled_seed113_or_tools,ortools,False,0,,5.003084659576416,1607.9199999999998,0.995,ortools_no_solution,180,60,True,1728.5373708196844,1732.707831817492,2088.5534407537966,2090.6974809885087,medium,
X-n223-k34,222,ortools:nominal_or_tools,nominal_or_tools,ortools,True,34,44118.0,4.9997406005859375,1234.0,0.9809220985691574,,180,60,True,1378.2518636282953,1385.8779151195247,1599.402231662014,1602.47449459314,medium,
X-n223-k34,222,ortools:proxy_mean_or_tools,proxy_mean_or_tools,ortools,False,0,,0.0,1378.2518636282955,1.0955897167156563,total_load_exceeds_fleet_capacity,180,60,True,1378.2518636282953,1385.8779151195247,1599.402231662014,1602.47449459314,medium,
X-n223-k34,222,ortools:quantile_p75_or_tools,quantile_p75_or_tools,ortools,False,0,,0.0,1604.1314669543583,1.2751442503611752,total_load_exceeds_fleet_capacity,180,60,True,1378.2518636282953,1385.8779151195247,1599.402231662014,1602.47449459314,medium,
X-n223-k34,222,ortools:quantile_p90_or_tools,quantile_p90_or_tools,ortools,False,0,,0.0,1928.6301388005315,1.5330923201912017,total_load_exceeds_fleet_capacity,180,60,True,1378.2518636282953,1385.8779151195247,1599.402231662014,1602.47449459314,medium,
X-n223-k34,222,ortools:robust_mean_1std_or_tools,robust_mean_1std_or_tools,ortools,False,0,,0.0,1811.4975966612371,1.4399821913046402,total_load_exceeds_fleet_capacity,180,60,True,1378.2518636282953,1385.8779151195247,1599.402231662014,1602.47449459314,medium,
X-n223-k34,222,ortools:robust_mean_2std_or_tools,robust_mean_2std_or_tools,ortools,False,0,,0.0,2244.7433296941795,1.7843746658936244,total_load_exceeds_fleet_capacity,180,60,True,1378.2518636282953,1385.8779151195247,1599.402231662014,1602.47449459314,medium,
X-n223-k34,222,ortools:proxy_mean_scaled_or_tools,proxy_mean_scaled_or_tools,ortools,True,34,46581.0,4.999784231185913,1251.71,0.995,,180,60,True,1378.2518636282953,1385.8779151195247,1599.402231662014,1602.47449459314,medium,
X-n223-k34,222,ortools:quantile_p75_scaled_or_tools,quantile_p75_scaled_or_tools,ortools,True,34,46188.0,5.004038333892822,1251.71,0.995,,180,60,True,1378.2518636282953,1385.8779151195247,1599.402231662014,1602.47449459314,medium,
X-n223-k34,222,ortools:quantile_p90_scaled_or_tools,quantile_p90_scaled_or_tools,ortools,False,0,,0.0,1251.71,0.995,total_load_exceeds_fleet_capacity,180,60,True,1378.2518636282953,1385.8779151195247,1599.402231662014,1602.47449459314,medium,
X-n223-k34,222,ortools:robust_mean_1std_scaled_or_tools,robust_mean_1std_scaled_or_tools,ortools,True,34,47633.0,4.999718904495239,1251.7100000000005,0.9950000000000002,,180,60,True,1378.2518636282953,1385.8779151195247,1599.402231662014,1602.47449459314,medium,
X-n223-k34,222,ortools:robust_mean_2std_scaled_or_tools,robust_mean_2std_scaled_or_tools,ortools,False,0,,0.0,1251.7100000000005,0.9950000000000002,total_load_exceeds_fleet_capacity,180,60,True,1378.2518636282953,1385.8779151195247,1599.402231662014,1602.47449459314,medium,
X-n223-k34,222,ortools:nominal_seed101_or_tools,nominal_seed101_or_tools,ortools,True,34,44090.0,5.0251758098602295,1234.0,0.9809220985691574,,180,60,True,1378.2518636282953,1385.8779151195247,1599.402231662014,1602.47449459314,medium,
X-n223-k34,222,ortools:nominal_seed103_or_tools,nominal_seed103_or_tools,ortools,True,34,43892.0,4.999906301498413,1234.0,0.9809220985691574,,180,60,True,1378.2518636282953,1385.8779151195247,1599.402231662014,1602.47449459314,medium,
X-n223-k34,222,ortools:proxy_mean_scaled_seed109_or_tools,proxy_mean_scaled_seed109_or_tools,ortools,True,34,44102.0,5.000697135925293,1251.71,0.995,,180,60,True,1378.2518636282953,1385.8779151195247,1599.402231662014,1602.47449459314,medium,
X-n223-k34,222,ortools:quantile_p75_scaled_seed107_or_tools,quantile_p75_scaled_seed107_or_tools,ortools,True,34,44117.0,5.00199294090271,1251.71,0.995,,180,60,True,1378.2518636282953,1385.8779151195247,1599.402231662014,1602.47449459314,medium,
X-n223-k34,222,ortools:robust_mean_1std_scaled_seed113_or_tools,robust_mean_1std_scaled_seed113_or_tools,ortools,False,0,,5.002606153488159,1251.7100000000005,0.9950000000000002,ortools_no_solution,180,60,True,1378.2518636282953,1385.8779151195247,1599.402231662014,1602.47449459314,medium,
X-n228-k23,227,ortools:nominal_or_tools,nominal_or_tools,ortools,True,23,30349.0,5.002960205078125,3478.0,0.9819311123658948,,180,60,True,3871.187173963408,3880.369089269405,4574.970830957401,4579.389746009339,medium,
X-n228-k23,227,ortools:proxy_mean_or_tools,proxy_mean_or_tools,ortools,False,0,,0.0,3871.187173963407,1.0929382196395845,total_load_exceeds_fleet_capacity,180,60,True,3871.187173963408,3880.369089269405,4574.970830957401,4579.389746009339,medium,
X-n228-k23,227,ortools:quantile_p75_or_tools,quantile_p75_or_tools,ortools,False,0,,0.0,4556.243803037865,1.2863477704793522,total_load_exceeds_fleet_capacity,180,60,True,3871.187173963408,3880.369089269405,4574.970830957401,4579.389746009339,medium,
X-n228-k23,227,ortools:quantile_p90_or_tools,quantile_p90_or_tools,ortools,False,0,,0.0,5584.6445303042965,1.5766924139763685,single_node_exceeds_capacity,180,60,True,3871.187173963408,3880.369089269405,4574.970830957401,4579.389746009339,medium,
X-n228-k23,227,ortools:robust_mean_1std_or_tools,robust_mean_1std_or_tools,ortools,False,0,,0.0,5202.3356349219775,1.4687565315985256,single_node_exceeds_capacity,180,60,True,3871.187173963408,3880.369089269405,4574.970830957401,4579.389746009339,medium,
X-n228-k23,227,ortools:robust_mean_2std_or_tools,robust_mean_2std_or_tools,ortools,False,0,,0.0,6533.484095880547,1.8445748435574667,single_node_exceeds_capacity,180,60,True,3871.187173963408,3880.369089269405,4574.970830957401,4579.389746009339,medium,
X-n228-k23,227,ortools:proxy_mean_scaled_or_tools,proxy_mean_scaled_or_tools,ortools,True,23,33383.0,5.0014495849609375,3524.2900000000004,0.995,,180,60,True,3871.187173963408,3880.369089269405,4574.970830957401,4579.389746009339,medium,
X-n228-k23,227,ortools:quantile_p75_scaled_or_tools,quantile_p75_scaled_or_tools,ortools,False,0,,5.005172252655029,3524.2899999999995,0.995,ortools_no_solution,180,60,True,3871.187173963408,3880.369089269405,4574.970830957401,4579.389746009339,medium,
X-n228-k23,227,ortools:quantile_p90_scaled_or_tools,quantile_p90_scaled_or_tools,ortools,False,0,,5.004305124282837,3524.290000000001,0.9950000000000002,ortools_no_solution,180,60,True,3871.187173963408,3880.369089269405,4574.970830957401,4579.389746009339,medium,
X-n228-k23,227,ortools:robust_mean_1std_scaled_or_tools,robust_mean_1std_scaled_or_tools,ortools,False,0,,0.0,3524.29,0.995,total_load_exceeds_fleet_capacity,180,60,True,3871.187173963408,3880.369089269405,4574.970830957401,4579.389746009339,medium,
X-n228-k23,227,ortools:robust_mean_2std_scaled_or_tools,robust_mean_2std_scaled_or_tools,ortools,False,0,,5.003828763961792,3524.2900000000004,0.995,ortools_no_solution,180,60,True,3871.187173963408,3880.369089269405,4574.970830957401,4579.389746009339,medium,
X-n228-k23,227,ortools:nominal_seed101_or_tools,nominal_seed101_or_tools,ortools,True,23,31166.0,5.001343727111816,3478.0,0.9819311123658948,,180,60,True,3871.187173963408,3880.369089269405,4574.970830957401,4579.389746009339,medium,
X-n228-k23,227,ortools:nominal_seed103_or_tools,nominal_seed103_or_tools,ortools,False,0,,5.002654552459717,3478.0,0.9819311123658948,ortools_no_solution,180,60,True,3871.187173963408,3880.369089269405,4574.970830957401,4579.389746009339,medium,
X-n228-k23,227,ortools:proxy_mean_scaled_seed109_or_tools,proxy_mean_scaled_seed109_or_tools,ortools,False,0,,5.0051589012146,3524.2900000000004,0.995,ortools_no_solution,180,60,True,3871.187173963408,3880.369089269405,4574.970830957401,4579.389746009339,medium,
X-n228-k23,227,ortools:quantile_p75_scaled_seed107_or_tools,quantile_p75_scaled_seed107_or_tools,ortools,False,0,,5.001706838607788,3524.2899999999995,0.995,ortools_no_solution,180,60,True,3871.187173963408,3880.369089269405,4574.970830957401,4579.389746009339,medium,
X-n228-k23,227,ortools:robust_mean_1std_scaled_seed113_or_tools,robust_mean_1std_scaled_seed113_or_tools,ortools,False,0,,0.0,3524.29,0.995,total_load_exceeds_fleet_capacity,180,60,True,3871.187173963408,3880.369089269405,4574.970830957401,4579.389746009339,medium,
X-n237-k14,236,ortools:nominal_or_tools,nominal_or_tools,ortools,True,14,29009.0,4.99995756149292,236.0,0.9365079365079364,,180,60,True,263.8174816145851,264.3221102784825,313.4568471108956,314.5631472546253,medium,
X-n237-k14,236,ortools:proxy_mean_or_tools,proxy_mean_or_tools,ortools,True,14,29009.0,5.000902652740479,263.81748161458506,1.0468947683118457,,180,60,True,263.8174816145851,264.3221102784825,313.4568471108956,314.5631472546253,medium,
X-n237-k14,236,ortools:quantile_p75_or_tools,quantile_p75_or_tools,ortools,True,14,29009.0,5.000705718994141,304.6620761982683,1.208976492850271,,180,60,True,263.8174816145851,264.3221102784825,313.4568471108956,314.5631472546253,medium,
X-n237-k14,236,ortools:quantile_p90_or_tools,quantile_p90_or_tools,ortools,False,0,,0.0,364.6910835756343,1.4471868395858505,total_load_exceeds_fleet_capacity,180,60,True,263.8174816145851,264.3221102784825,313.4568471108956,314.5631472546253,medium,
X-n237-k14,236,ortools:robust_mean_1std_or_tools,robust_mean_1std_or_tools,ortools,False,0,,0.0,342.3667748954358,1.3585983130771262,total_load_exceeds_fleet_capacity,180,60,True,263.8174816145851,264.3221102784825,313.4568471108956,314.5631472546253,medium,
X-n237-k14,236,ortools:robust_mean_2std_or_tools,robust_mean_2std_or_tools,ortools,False,0,,0.0,420.91606817628656,1.670301857842407,total_load_exceeds_fleet_capacity,180,60,True,263.8174816145851,264.3221102784825,313.4568471108956,314.5631472546253,medium,
X-n237-k14,236,ortools:proxy_mean_scaled_or_tools,proxy_mean_scaled_or_tools,ortools,True,14,29009.0,5.001090049743652,250.74,0.995,,180,60,True,263.8174816145851,264.3221102784825,313.4568471108956,314.5631472546253,medium,
X-n237-k14,236,ortools:quantile_p75_scaled_or_tools,quantile_p75_scaled_or_tools,ortools,True,14,29009.0,5.000397205352783,250.74,0.995,,180,60,True,263.8174816145851,264.3221102784825,313.4568471108956,314.5631472546253,medium,
X-n237-k14,236,ortools:quantile_p90_scaled_or_tools,quantile_p90_scaled_or_tools,ortools,True,14,29009.0,4.9997851848602295,250.74,0.995,,180,60,True,263.8174816145851,264.3221102784825,313.4568471108956,314.5631472546253,medium,
X-n237-k14,236,ortools:robust_mean_1std_scaled_or_tools,robust_mean_1std_scaled_or_tools,ortools,True,14,29009.0,5.001031160354614,250.74,0.995,,180,60,True,263.8174816145851,264.3221102784825,313.4568471108956,314.5631472546253,medium,
X-n237-k14,236,ortools:robust_mean_2std_scaled_or_tools,robust_mean_2std_scaled_or_tools,ortools,True,14,29009.0,5.000209331512451,250.74,0.995,,180,60,True,263.8174816145851,264.3221102784825,313.4568471108956,314.5631472546253,medium,
X-n237-k14,236,ortools:nominal_seed101_or_tools,nominal_seed101_or_tools,ortools,True,14,28862.0,5.000953912734985,236.0,0.9365079365079364,,180,60,True,263.8174816145851,264.3221102784825,313.4568471108956,314.5631472546253,medium,
X-n237-k14,236,ortools:nominal_seed103_or_tools,nominal_seed103_or_tools,ortools,True,14,28519.0,5.000946521759033,236.0,0.9365079365079364,,180,60,True,263.8174816145851,264.3221102784825,313.4568471108956,314.5631472546253,medium,
X-n237-k14,236,ortools:proxy_mean_scaled_seed109_or_tools,proxy_mean_scaled_seed109_or_tools,ortools,True,14,28600.0,5.000337600708008,250.74,0.995,,180,60,True,263.8174816145851,264.3221102784825,313.4568471108956,314.5631472546253,medium,
X-n237-k14,236,ortools:quantile_p75_scaled_seed107_or_tools,quantile_p75_scaled_seed107_or_tools,ortools,True,14,29173.0,5.0002381801605225,250.74,0.995,,180,60,True,263.8174816145851,264.3221102784825,313.4568471108956,314.5631472546253,medium,
X-n237-k14,236,ortools:robust_mean_1std_scaled_seed113_or_tools,robust_mean_1std_scaled_seed113_or_tools,ortools,True,14,28893.0,5.000156879425049,250.74,0.995,,180,60,True,263.8174816145851,264.3221102784825,313.4568471108956,314.5631472546253,medium,
X-n242-k48,241,ortools:nominal_or_tools,nominal_or_tools,ortools,True,48,86573.0,5.000218391418457,1324.0,0.9851190476190476,,180,60,True,1475.973949221342,1477.18790780453,1719.0860596616135,1721.464512942517,medium,
X-n242-k48,241,ortools:proxy_mean_or_tools,proxy_mean_or_tools,ortools,False,0,,0.0,1475.973949221342,1.0981949026944509,total_load_exceeds_fleet_capacity,180,60,True,1475.973949221342,1477.18790780453,1719.0860596616135,1721.464512942517,medium,
X-n242-k48,241,ortools:quantile_p75_or_tools,quantile_p75_or_tools,ortools,False,0,,0.0,1720.4345777020517,1.2800852512664076,total_load_exceeds_fleet_capacity,180,60,True,1475.973949221342,1477.18790780453,1719.0860596616135,1721.464512942517,medium,
X-n242-k48,241,ortools:quantile_p90_or_tools,quantile_p90_or_tools,ortools,False,0,,0.0,2062.798372470243,1.534820217611788,total_load_exceeds_fleet_capacity,180,60,True,1475.973949221342,1477.18790780453,1719.0860596616135,1721.464512942517,medium,
X-n242-k48,241,ortools:robust_mean_1std_or_tools,robust_mean_1std_or_tools,ortools,False,0,,0.0,1928.3946869713757,1.4348174754251306,total_load_exceeds_fleet_capacity,180,60,True,1475.973949221342,1477.18790780453,1719.0860596616135,1721.464512942517,medium,
X-n242-k48,241,ortools:robust_mean_2std_or_tools,robust_mean_2std_or_tools,ortools,False,0,,0.0,2380.815424721409,1.77144004815581,total_load_exceeds_fleet_capacity,180,60,True,1475.973949221342,1477.18790780453,1719.0860596616135,1721.464512942517,medium,
X-n242-k48,241,ortools:proxy_mean_scaled_or_tools,proxy_mean_scaled_or_tools,ortools,True,48,88091.0,5.000218868255615,1337.2800000000002,0.995,,180,60,True,1475.973949221342,1477.18790780453,1719.0860596616135,1721.464512942517,medium,
X-n242-k48,241,ortools:quantile_p75_scaled_or_tools,quantile_p75_scaled_or_tools,ortools,True,48,91803.0,4.99976658821106,1337.2800000000002,0.995,,180,60,True,1475.973949221342,1477.18790780453,1719.0860596616135,1721.464512942517,medium,
X-n242-k48,241,ortools:quantile_p90_scaled_or_tools,quantile_p90_scaled_or_tools,ortools,False,0,,0.0,1337.2799999999995,0.9949999999999998,total_load_exceeds_fleet_capacity,180,60,True,1475.973949221342,1477.18790780453,1719.0860596616135,1721.464512942517,medium,
X-n242-k48,241,ortools:robust_mean_1std_scaled_or_tools,robust_mean_1std_scaled_or_tools,ortools,False,0,,0.0,1337.2799999999995,0.9949999999999998,total_load_exceeds_fleet_capacity,180,60,True,1475.973949221342,1477.18790780453,1719.0860596616135,1721.464512942517,medium,
X-n242-k48,241,ortools:robust_mean_2std_scaled_or_tools,robust_mean_2std_scaled_or_tools,ortools,False,0,,0.0,1337.2799999999995,0.9949999999999998,total_load_exceeds_fleet_capacity,180,60,True,1475.973949221342,1477.18790780453,1719.0860596616135,1721.464512942517,medium,
X-n242-k48,241,ortools:nominal_seed101_or_tools,nominal_seed101_or_tools,ortools,True,48,87329.0,4.999963283538818,1324.0,0.9851190476190476,,180,60,True,1475.973949221342,1477.18790780453,1719.0860596616135,1721.464512942517,medium,
X-n242-k48,241,ortools:nominal_seed103_or_tools,nominal_seed103_or_tools,ortools,True,48,86092.0,4.99969220161438,1324.0,0.9851190476190476,,180,60,True,1475.973949221342,1477.18790780453,1719.0860596616135,1721.464512942517,medium,
X-n242-k48,241,ortools:proxy_mean_scaled_seed109_or_tools,proxy_mean_scaled_seed109_or_tools,ortools,True,48,87732.0,4.999455690383911,1337.2800000000002,0.995,,180,60,True,1475.973949221342,1477.18790780453,1719.0860596616135,1721.464512942517,medium,
X-n242-k48,241,ortools:quantile_p75_scaled_seed107_or_tools,quantile_p75_scaled_seed107_or_tools,ortools,True,48,89764.0,5.000499725341797,1337.2800000000002,0.995,,180,60,True,1475.973949221342,1477.18790780453,1719.0860596616135,1721.464512942517,medium,
X-n242-k48,241,ortools:robust_mean_1std_scaled_seed113_or_tools,robust_mean_1std_scaled_seed113_or_tools,ortools,False,0,,0.0,1337.2799999999995,0.9949999999999998,total_load_exceeds_fleet_capacity,180,60,True,1475.973949221342,1477.18790780453,1719.0860596616135,1721.464512942517,medium,
X-n251-k28,250,ortools:nominal_or_tools,nominal_or_tools,ortools,True,28,40465.0,5.000310659408569,1867.0,0.9663561076604554,,180,60,True,2083.418657642686,2086.52559340612,2424.7257298494437,2425.3478480666686,medium,
X-n251-k28,250,ortools:proxy_mean_or_tools,proxy_mean_or_tools,ortools,False,0,,0.0,2083.4186576426864,1.078374046398906,total_load_exceeds_fleet_capacity,180,60,True,2083.418657642686,2086.52559340612,2424.7257298494437,2425.3478480666686,medium,
X-n251-k28,250,ortools:quantile_p75_or_tools,quantile_p75_or_tools,ortools,False,0,,0.0,2414.0827511830857,1.2495252335316178,total_load_exceeds_fleet_capacity,180,60,True,2083.418657642686,2086.52559340612,2424.7257298494437,2425.3478480666686,medium,
X-n251-k28,250,ortools:quantile_p90_or_tools,quantile_p90_or_tools,ortools,False,0,,0.0,2884.177096927553,1.492845288264779,total_load_exceeds_fleet_capacity,180,60,True,2083.418657642686,2086.52559340612,2424.7257298494437,2425.3478480666686,medium,
X-n251-k28,250,ortools:robust_mean_1std_or_tools,robust_mean_1std_or_tools,ortools,False,0,,0.0,2699.811484473962,1.3974179526262744,total_load_exceeds_fleet_capacity,180,60,True,2083.418657642686,2086.52559340612,2424.7257298494437,2425.3478480666686,medium,
X-n251-k28,250,ortools:robust_mean_2std_or_tools,robust_mean_2std_or_tools,ortools,False,0,,0.0,3316.204311305238,1.7164618588536429,total_load_exceeds_fleet_capacity,180,60,True,2083.418657642686,2086.52559340612,2424.7257298494437,2425.3478480666686,medium,
X-n251-k28,250,ortools:proxy_mean_scaled_or_tools,proxy_mean_scaled_or_tools,ortools,False,0,,5.00445294380188,1922.34,0.995,ortools_no_solution,180,60,True,2083.418657642686,2086.52559340612,2424.7257298494437,2425.3478480666686,medium,
X-n251-k28,250,ortools:quantile_p75_scaled_or_tools,quantile_p75_scaled_or_tools,ortools,False,0,,5.003156661987305,1922.34,0.995,ortools_no_solution,180,60,True,2083.418657642686,2086.52559340612,2424.7257298494437,2425.3478480666686,medium,
X-n251-k28,250,ortools:quantile_p90_scaled_or_tools,quantile_p90_scaled_or_tools,ortools,False,0,,0.0,1922.34,0.995,total_load_exceeds_fleet_capacity,180,60,True,2083.418657642686,2086.52559340612,2424.7257298494437,2425.3478480666686,medium,
X-n251-k28,250,ortools:robust_mean_1std_scaled_or_tools,robust_mean_1std_scaled_or_tools,ortools,False,0,,5.004738807678223,1922.34,0.995,ortools_no_solution,180,60,True,2083.418657642686,2086.52559340612,2424.7257298494437,2425.3478480666686,medium,
X-n251-k28,250,ortools:robust_mean_2std_scaled_or_tools,robust_mean_2std_scaled_or_tools,ortools,False,0,,0.0,1922.34,0.995,total_load_exceeds_fleet_capacity,180,60,True,2083.418657642686,2086.52559340612,2424.7257298494437,2425.3478480666686,medium,
X-n251-k28,250,ortools:nominal_seed101_or_tools,nominal_seed101_or_tools,ortools,True,28,40789.0,5.000386476516724,1867.0,0.9663561076604554,,180,60,True,2083.418657642686,2086.52559340612,2424.7257298494437,2425.3478480666686,medium,
X-n251-k28,250,ortools:nominal_seed103_or_tools,nominal_seed103_or_tools,ortools,True,28,40522.0,4.993817329406738,1867.0,0.9663561076604554,,180,60,True,2083.418657642686,2086.52559340612,2424.7257298494437,2425.3478480666686,medium,
X-n251-k28,250,ortools:proxy_mean_scaled_seed109_or_tools,proxy_mean_scaled_seed109_or_tools,ortools,False,0,,5.0004048347473145,1922.34,0.995,ortools_no_solution,180,60,True,2083.418657642686,2086.52559340612,2424.7257298494437,2425.3478480666686,medium,
X-n251-k28,250,ortools:quantile_p75_scaled_seed107_or_tools,quantile_p75_scaled_seed107_or_tools,ortools,False,0,,5.007025957107544,1922.34,0.995,ortools_no_solution,180,60,True,2083.418657642686,2086.52559340612,2424.7257298494437,2425.3478480666686,medium,
X-n251-k28,250,ortools:robust_mean_1std_scaled_seed113_or_tools,robust_mean_1std_scaled_seed113_or_tools,ortools,False,0,,5.001004457473755,1922.34,0.995,ortools_no_solution,180,60,True,2083.418657642686,2086.52559340612,2424.7257298494437,2425.3478480666686,medium,
X-n261-k13,260,ortools:nominal_or_tools,nominal_or_tools,ortools,True,13,29400.0,5.003624677658081,13381.0,0.9521810289617876,,180,60,True,14982.669280417082,15021.02935136878,17862.196299766994,17900.458727447764,medium,
X-n261-k13,260,ortools:proxy_mean_or_tools,proxy_mean_or_tools,ortools,False,0,,0.0,14982.669280417082,1.0661545065407445,total_load_exceeds_fleet_capacity,180,60,True,14982.669280417082,15021.02935136878,17862.196299766994,17900.458727447764,medium,
X-n261-k13,260,ortools:quantile_p75_or_tools,quantile_p75_or_tools,ortools,False,0,,0.0,17475.904120622596,1.2435710610277233,total_load_exceeds_fleet_capacity,180,60,True,14982.669280417082,15021.02935136878,17862.196299766994,17900.458727447764,medium,
X-n261-k13,260,ortools:quantile_p90_or_tools,quantile_p90_or_tools,ortools,False,0,,0.0,21271.8993487788,1.5136909804866432,total_load_exceeds_fleet_capacity,180,60,True,14982.669280417082,15021.02935136878,17862.196299766994,17900.458727447764,medium,
X-n261-k13,260,ortools:robust_mean_1std_or_tools,robust_mean_1std_or_tools,ortools,False,0,,0.0,19780.571878001512,1.407569335942611,total_load_exceeds_fleet_capacity,180,60,True,14982.669280417082,15021.02935136878,17862.196299766994,17900.458727447764,medium,
X-n261-k13,260,ortools:robust_mean_2std_or_tools,robust_mean_2std_or_tools,ortools,False,0,,0.0,24578.474475585943,1.7489841653444775,total_load_exceeds_fleet_capacity,180,60,True,14982.669280417082,15021.02935136878,17862.196299766994,17900.458727447764,medium,
X-n261-k13,260,ortools:proxy_mean_scaled_or_tools,proxy_mean_scaled_or_tools,ortools,True,13,31364.0,4.997973680496216,13982.735000000002,0.9950000000000002,,180,60,True,14982.669280417082,15021.02935136878,17862.196299766994,17900.458727447764,medium,
X-n261-k13,260,ortools:quantile_p75_scaled_or_tools,quantile_p75_scaled_or_tools,ortools,True,13,31282.0,5.002111196517944,13982.735,0.995,,180,60,True,14982.669280417082,15021.02935136878,17862.196299766994,17900.458727447764,medium,
X-n261-k13,260,ortools:quantile_p90_scaled_or_tools,quantile_p90_scaled_or_tools,ortools,True,13,31580.0,4.999620199203491,13982.735,0.995,,180,60,True,14982.669280417082,15021.02935136878,17862.196299766994,17900.458727447764,medium,
X-n261-k13,260,ortools:robust_mean_1std_scaled_or_tools,robust_mean_1std_scaled_or_tools,ortools,True,13,31915.0,4.990690231323242,13982.735,0.995,,180,60,True,14982.669280417082,15021.02935136878,17862.196299766994,17900.458727447764,medium,
X-n261-k13,260,ortools:robust_mean_2std_scaled_or_tools,robust_mean_2std_scaled_or_tools,ortools,True,13,31963.0,5.000209331512451,13982.735000000002,0.9950000000000002,,180,60,True,14982.669280417082,15021.02935136878,17862.196299766994,17900.458727447764,medium,
X-n261-k13,260,ortools:nominal_seed101_or_tools,nominal_seed101_or_tools,ortools,True,13,29488.0,5.0047125816345215,13381.0,0.9521810289617876,,180,60,True,14982.669280417082,15021.02935136878,17862.196299766994,17900.458727447764,medium,
X-n261-k13,260,ortools:nominal_seed103_or_tools,nominal_seed103_or_tools,ortools,True,13,30943.0,4.997205972671509,13381.0,0.9521810289617876,,180,60,True,14982.669280417082,15021.02935136878,17862.196299766994,17900.458727447764,medium,
X-n261-k13,260,ortools:proxy_mean_scaled_seed109_or_tools,proxy_mean_scaled_seed109_or_tools,ortools,True,13,30438.0,5.0002217292785645,13982.735000000002,0.9950000000000002,,180,60,True,14982.669280417082,15021.02935136878,17862.196299766994,17900.458727447764,medium,
X-n261-k13,260,ortools:quantile_p75_scaled_seed107_or_tools,quantile_p75_scaled_seed107_or_tools,ortools,True,13,31470.0,5.001019477844238,13982.735,0.995,,180,60,True,14982.669280417082,15021.02935136878,17862.196299766994,17900.458727447764,medium,
X-n261-k13,260,ortools:robust_mean_1std_scaled_seed113_or_tools,robust_mean_1std_scaled_seed113_or_tools,ortools,True,13,32161.0,5.009710311889648,13982.735,0.995,,180,60,True,14982.669280417082,15021.02935136878,17862.196299766994,17900.458727447764,medium,
X-n275-k28,274,ortools:nominal_or_tools,nominal_or_tools,ortools,True,28,22472.0,4.984764575958252,274.0,0.9785714285714284,,180,60,True,306.89828660604496,307.5660280006758,368.0009655121191,368.3309895522635,medium,
X-n275-k28,274,ortools:proxy_mean_or_tools,proxy_mean_or_tools,ortools,True,28,22472.0,5.0025129318237305,306.89828660604496,1.0960653093073034,,180,60,True,306.89828660604496,307.5660280006758,368.0009655121191,368.3309895522635,medium,
X-n275-k28,274,ortools:quantile_p75_or_tools,quantile_p75_or_tools,ortools,True,28,22472.0,4.99279522895813,354.23846786519573,1.2651373852328418,,180,60,True,306.89828660604496,307.5660280006758,368.0009655121191,368.3309895522635,medium,
X-n275-k28,274,ortools:quantile_p90_or_tools,quantile_p90_or_tools,ortools,False,0,,0.0,420.6868897481655,1.5024531776720198,total_load_exceeds_fleet_capacity,180,60,True,306.89828660604496,307.5660280006758,368.0009655121191,368.3309895522635,medium,
X-n275-k28,274,ortools:robust_mean_1std_or_tools,robust_mean_1std_or_tools,ortools,False,0,,0.0,394.6268531649772,1.4093816184463472,total_load_exceeds_fleet_capacity,180,60,True,306.89828660604496,307.5660280006758,368.0009655121191,368.3309895522635,medium,
X-n275-k28,274,ortools:robust_mean_2std_or_tools,robust_mean_2std_or_tools,ortools,False,0,,0.0,482.3554197239094,1.7226979275853906,total_load_exceeds_fleet_capacity,180,60,True,306.89828660604496,307.5660280006758,368.0009655121191,368.3309895522635,medium,
X-n275-k28,274,ortools:proxy_mean_scaled_or_tools,proxy_mean_scaled_or_tools,ortools,True,28,22472.0,4.992675542831421,278.6,0.995,,180,60,True,306.89828660604496,307.5660280006758,368.0009655121191,368.3309895522635,medium,
X-n275-k28,274,ortools:quantile_p75_scaled_or_tools,quantile_p75_scaled_or_tools,ortools,True,28,22472.0,5.009199142456055,278.6,0.995,,180,60,True,306.89828660604496,307.5660280006758,368.0009655121191,368.3309895522635,medium,
X-n275-k28,274,ortools:quantile_p90_scaled_or_tools,quantile_p90_scaled_or_tools,ortools,True,28,22472.0,5.0008862018585205,278.6000000000001,0.9950000000000004,,180,60,True,306.89828660604496,307.5660280006758,368.0009655121191,368.3309895522635,medium,
X-n275-k28,274,ortools:robust_mean_1std_scaled_or_tools,robust_mean_1std_scaled_or_tools,ortools,True,28,22472.0,5.007322788238525,278.6,0.995,,180,60,True,306.89828660604496,307.5660280006758,368.0009655121191,368.3309895522635,medium,
X-n275-k28,274,ortools:robust_mean_2std_scaled_or_tools,robust_mean_2std_scaled_or_tools,ortools,True,28,22472.0,4.9921746253967285,278.6,0.995,,180,60,True,306.89828660604496,307.5660280006758,368.0009655121191,368.3309895522635,medium,
X-n275-k28,274,ortools:nominal_seed101_or_tools,nominal_seed101_or_tools,ortools,True,28,22674.0,4.996150970458984,274.0,0.9785714285714284,,180,60,True,306.89828660604496,307.5660280006758,368.0009655121191,368.3309895522635,medium,
X-n275-k28,274,ortools:nominal_seed103_or_tools,nominal_seed103_or_tools,ortools,True,28,22466.0,4.998498201370239,274.0,0.9785714285714284,,180,60,True,306.89828660604496,307.5660280006758,368.0009655121191,368.3309895522635,medium,
X-n275-k28,274,ortools:proxy_mean_scaled_seed109_or_tools,proxy_mean_scaled_seed109_or_tools,ortools,True,28,22488.0,5.008959531784058,278.6,0.995,,180,60,True,306.89828660604496,307.5660280006758,368.0009655121191,368.3309895522635,medium,
X-n275-k28,274,ortools:quantile_p75_scaled_seed107_or_tools,quantile_p75_scaled_seed107_or_tools,ortools,True,28,22426.0,5.005742311477661,278.6,0.995,,180,60,True,306.89828660604496,307.5660280006758,368.0009655121191,368.3309895522635,medium,
X-n275-k28,274,ortools:robust_mean_1std_scaled_seed113_or_tools,robust_mean_1std_scaled_seed113_or_tools,ortools,True,28,22542.0,4.997904777526856,278.6,0.995,,180,60,True,306.89828660604496,307.5660280006758,368.0009655121191,368.3309895522635,medium,
X-n280-k17,279,ortools:nominal_or_tools,nominal_or_tools,ortools,True,17,38220.0,4.999574422836304,3233.0,0.990502450980392,,180,60,True,3569.5494701131493,3575.424894705229,4199.901283616081,4206.345190262546,medium,
X-n280-k17,279,ortools:proxy_mean_or_tools,proxy_mean_or_tools,ortools,False,0,,0.0,3569.5494701131493,1.093611970010156,total_load_exceeds_fleet_capacity,180,60,True,3569.5494701131493,3575.424894705229,4199.901283616081,4206.345190262546,medium,
X-n280-k17,279,ortools:quantile_p75_or_tools,quantile_p75_or_tools,ortools,False,0,,0.0,4198.362633179833,1.2862630616359785,total_load_exceeds_fleet_capacity,180,60,True,3569.5494701131493,3575.424894705229,4199.901283616081,4206.345190262546,medium,
X-n280-k17,279,ortools:quantile_p90_or_tools,quantile_p90_or_tools,ortools,False,0,,0.0,5126.335227470418,1.5705683907691232,total_load_exceeds_fleet_capacity,180,60,True,3569.5494701131493,3575.424894705229,4199.901283616081,4206.345190262546,medium,
X-n280-k17,279,ortools:robust_mean_1std_or_tools,robust_mean_1std_or_tools,ortools,False,0,,0.0,4756.69403858521,1.4573204775077238,total_load_exceeds_fleet_capacity,180,60,True,3569.5494701131493,3575.424894705229,4199.901283616081,4206.345190262546,medium,
X-n280-k17,279,ortools:robust_mean_2std_or_tools,robust_mean_2std_or_tools,ortools,False,0,,0.0,5943.838607057272,1.821028985005292,single_node_exceeds_capacity,180,60,True,3569.5494701131493,3575.424894705229,4199.901283616081,4206.345190262546,medium,
X-n280-k17,279,ortools:proxy_mean_scaled_or_tools,proxy_mean_scaled_or_tools,ortools,True,17,39074.0,5.000588417053223,3247.6800000000003,0.995,,180,60,True,3569.5494701131493,3575.424894705229,4199.901283616081,4206.345190262546,medium,
X-n280-k17,279,ortools:quantile_p75_scaled_or_tools,quantile_p75_scaled_or_tools,ortools,False,0,,5.002447843551636,3247.6799999999994,0.9949999999999998,ortools_no_solution,180,60,True,3569.5494701131493,3575.424894705229,4199.901283616081,4206.345190262546,medium,
X-n280-k17,279,ortools:quantile_p90_scaled_or_tools,quantile_p90_scaled_or_tools,ortools,False,0,,0.0,3247.6799999999994,0.9949999999999998,total_load_exceeds_fleet_capacity,180,60,True,3569.5494701131493,3575.424894705229,4199.901283616081,4206.345190262546,medium,
X-n280-k17,279,ortools:robust_mean_1std_scaled_or_tools,robust_mean_1std_scaled_or_tools,ortools,False,0,,0.0,3247.6800000000003,0.995,total_load_exceeds_fleet_capacity,180,60,True,3569.5494701131493,3575.424894705229,4199.901283616081,4206.345190262546,medium,
X-n280-k17,279,ortools:robust_mean_2std_scaled_or_tools,robust_mean_2std_scaled_or_tools,ortools,False,0,,0.0,3247.6800000000003,0.995,total_load_exceeds_fleet_capacity,180,60,True,3569.5494701131493,3575.424894705229,4199.901283616081,4206.345190262546,medium,
X-n280-k17,279,ortools:nominal_seed101_or_tools,nominal_seed101_or_tools,ortools,True,17,39975.0,4.992580413818359,3233.0,0.990502450980392,,180,60,True,3569.5494701131493,3575.424894705229,4199.901283616081,4206.345190262546,medium,
X-n280-k17,279,ortools:nominal_seed103_or_tools,nominal_seed103_or_tools,ortools,True,17,38196.0,4.995669364929199,3233.0,0.990502450980392,,180,60,True,3569.5494701131493,3575.424894705229,4199.901283616081,4206.345190262546,medium,
X-n280-k17,279,ortools:proxy_mean_scaled_seed109_or_tools,proxy_mean_scaled_seed109_or_tools,ortools,True,17,38562.0,5.00033164024353,3247.6800000000003,0.995,,180,60,True,3569.5494701131493,3575.424894705229,4199.901283616081,4206.345190262546,medium,
X-n280-k17,279,ortools:quantile_p75_scaled_seed107_or_tools,quantile_p75_scaled_seed107_or_tools,ortools,False,0,,5.004898071289063,3247.6799999999994,0.9949999999999998,ortools_no_solution,180,60,True,3569.5494701131493,3575.424894705229,4199.901283616081,4206.345190262546,medium,
X-n280-k17,279,ortools:robust_mean_1std_scaled_seed113_or_tools,robust_mean_1std_scaled_seed113_or_tools,ortools,False,0,,0.0,3247.6800000000003,0.995,total_load_exceeds_fleet_capacity,180,60,True,3569.5494701131493,3575.424894705229,4199.901283616081,4206.345190262546,medium,
X-n284-k15,283,ortools:nominal_or_tools,nominal_or_tools,ortools,True,15,22522.0,5.008463621139526,1527.0,0.9339449541284404,,180,60,True,1690.7465941899184,1691.7378069241554,2011.601490678983,2013.2207644463767,medium,
X-n284-k15,283,ortools:proxy_mean_or_tools,proxy_mean_or_tools,ortools,False,0,,0.0,1690.7465941899188,1.0340957762629472,total_load_exceeds_fleet_capacity,180,60,True,1690.7465941899184,1691.7378069241554,2011.601490678983,2013.2207644463767,medium,
X-n284-k15,283,ortools:quantile_p75_or_tools,quantile_p75_or_tools,ortools,False,0,,0.0,1974.0553986381888,1.2073733325004214,total_load_exceeds_fleet_capacity,180,60,True,1690.7465941899184,1691.7378069241554,2011.601490678983,2013.2207644463767,medium,
X-n284-k15,283,ortools:quantile_p90_or_tools,quantile_p90_or_tools,ortools,False,0,,0.0,2358.013902371324,1.442210337841788,total_load_exceeds_fleet_capacity,180,60,True,1690.7465941899184,1691.7378069241554,2011.601490678983,2013.2207644463767,medium,
X-n284-k15,283,ortools:robust_mean_1std_or_tools,robust_mean_1std_or_tools,ortools,False,0,,0.0,2209.286448239466,1.351245534091417,total_load_exceeds_fleet_capacity,180,60,True,1690.7465941899184,1691.7378069241554,2011.601490678983,2013.2207644463767,medium,
X-n284-k15,283,ortools:robust_mean_2std_or_tools,robust_mean_2std_or_tools,ortools,False,0,,0.0,2727.8263022890133,1.668395291919886,total_load_exceeds_fleet_capacity,180,60,True,1690.7465941899184,1691.7378069241554,2011.601490678983,2013.2207644463767,medium,
X-n284-k15,283,ortools:proxy_mean_scaled_or_tools,proxy_mean_scaled_or_tools,ortools,True,15,22663.0,4.996649980545044,1626.825,0.995,,180,60,True,1690.7465941899184,1691.7378069241554,2011.601490678983,2013.2207644463767,medium,
X-n284-k15,283,ortools:quantile_p75_scaled_or_tools,quantile_p75_scaled_or_tools,ortools,True,15,23026.0,5.00551176071167,1626.8250000000005,0.9950000000000002,,180,60,True,1690.7465941899184,1691.7378069241554,2011.601490678983,2013.2207644463767,medium,
X-n284-k15,283,ortools:quantile_p90_scaled_or_tools,quantile_p90_scaled_or_tools,ortools,True,15,22676.0,5.000643253326416,1626.8250000000005,0.9950000000000002,,180,60,True,1690.7465941899184,1691.7378069241554,2011.601490678983,2013.2207644463767,medium,
X-n284-k15,283,ortools:robust_mean_1std_scaled_or_tools,robust_mean_1std_scaled_or_tools,ortools,True,15,23151.0,5.000400066375732,1626.8249999999998,0.995,,180,60,True,1690.7465941899184,1691.7378069241554,2011.601490678983,2013.2207644463767,medium,
X-n284-k15,283,ortools:robust_mean_2std_scaled_or_tools,robust_mean_2std_scaled_or_tools,ortools,True,15,23628.0,5.000474452972412,1626.8249999999998,0.995,,180,60,True,1690.7465941899184,1691.7378069241554,2011.601490678983,2013.2207644463767,medium,
X-n284-k15,283,ortools:nominal_seed101_or_tools,nominal_seed101_or_tools,ortools,True,15,22020.0,5.004177331924439,1527.0,0.9339449541284404,,180,60,True,1690.7465941899184,1691.7378069241554,2011.601490678983,2013.2207644463767,medium,
X-n284-k15,283,ortools:nominal_seed103_or_tools,nominal_seed103_or_tools,ortools,True,15,22228.0,5.002877950668335,1527.0,0.9339449541284404,,180,60,True,1690.7465941899184,1691.7378069241554,2011.601490678983,2013.2207644463767,medium,
X-n284-k15,283,ortools:proxy_mean_scaled_seed109_or_tools,proxy_mean_scaled_seed109_or_tools,ortools,True,15,22726.0,4.996514081954956,1626.825,0.995,,180,60,True,1690.7465941899184,1691.7378069241554,2011.601490678983,2013.2207644463767,medium,
X-n284-k15,283,ortools:quantile_p75_scaled_seed107_or_tools,quantile_p75_scaled_seed107_or_tools,ortools,True,15,22386.0,4.9993736743927,1626.8250000000005,0.9950000000000002,,180,60,True,1690.7465941899184,1691.7378069241554,2011.601490678983,2013.2207644463767,medium,
X-n284-k15,283,ortools:robust_mean_1std_scaled_seed113_or_tools,robust_mean_1std_scaled_seed113_or_tools,ortools,True,15,23033.0,4.991445779800415,1626.8249999999998,0.995,,180,60,True,1690.7465941899184,1691.7378069241554,2011.601490678983,2013.2207644463767,medium,
X-n101-k25,100,ortools:nominal_or_tools,nominal_or_tools,ortools,False,0,,5.002944469451904,5147.0,0.9994174757281552,ortools_no_solution,180,60,True,5769.50626812439,5776.840928742447,6914.366579624066,6922.268107077579,high,0.0
X-n101-k25,100,ortools:proxy_mean_or_tools,proxy_mean_or_tools,ortools,False,0,,0.0,5769.506268124389,1.1202924792474542,total_load_exceeds_fleet_capacity,180,60,True,5769.50626812439,5776.840928742447,6914.366579624066,6922.268107077579,high,0.0
X-n101-k25,100,ortools:quantile_p75_or_tools,quantile_p75_or_tools,ortools,False,0,,0.0,6750.385968524617,1.3107545569950714,total_load_exceeds_fleet_capacity,180,60,True,5769.50626812439,5776.840928742447,6914.366579624066,6922.268107077579,high,0.0
X-n101-k25,100,ortools:quantile_p90_or_tools,quantile_p90_or_tools,ortools,False,0,,0.0,8112.254144135277,1.575194979443743,total_load_exceeds_fleet_capacity,180,60,True,5769.50626812439,5776.840928742447,6914.366579624066,6922.268107077579,high,0.0
X-n101-k25,100,ortools:robust_mean_1std_or_tools,robust_mean_1std_or_tools,ortools,False,0,,0.0,7577.994553022216,1.4714552530140226,total_load_exceeds_fleet_capacity,180,60,True,5769.50626812439,5776.840928742447,6914.366579624066,6922.268107077579,high,0.0
X-n101-k25,100,ortools:robust_mean_2std_or_tools,robust_mean_2std_or_tools,ortools,False,0,,0.0,9386.482837920044,1.8226180267805907,single_node_exceeds_capacity,180,60,True,5769.50626812439,5776.840928742447,6914.366579624066,6922.268107077579,high,0.0
X-n101-k25,100,ortools:proxy_mean_scaled_or_tools,proxy_mean_scaled_or_tools,ortools,False,0,,4.999034881591797,5124.250000000001,0.9950000000000002,ortools_no_solution,180,60,True,5769.50626812439,5776.840928742447,6914.366579624066,6922.268107077579,high,0.0
X-n101-k25,100,ortools:quantile_p75_scaled_or_tools,quantile_p75_scaled_or_tools,ortools,False,0,,4.998510360717773,5124.25,0.995,ortools_no_solution,180,60,True,5769.50626812439,5776.840928742447,6914.366579624066,6922.268107077579,high,0.0
X-n101-k25,100,ortools:quantile_p90_scaled_or_tools,quantile_p90_scaled_or_tools,ortools,False,0,,5.002722978591919,5124.25,0.995,ortools_no_solution,180,60,True,5769.50626812439,5776.840928742447,6914.366579624066,6922.268107077579,high,0.0
X-n101-k25,100,ortools:robust_mean_1std_scaled_or_tools,robust_mean_1std_scaled_or_tools,ortools,False,0,,4.998675346374512,5124.250000000001,0.9950000000000002,ortools_no_solution,180,60,True,5769.50626812439,5776.840928742447,6914.366579624066,6922.268107077579,high,0.0
X-n101-k25,100,ortools:robust_mean_2std_scaled_or_tools,robust_mean_2std_scaled_or_tools,ortools,False,0,,5.000527620315552,5124.25,0.995,ortools_no_solution,180,60,True,5769.50626812439,5776.840928742447,6914.366579624066,6922.268107077579,high,0.0
X-n101-k25,100,ortools:nominal_seed101_or_tools,nominal_seed101_or_tools,ortools,False,0,,4.998028516769409,5147.0,0.9994174757281552,ortools_no_solution,180,60,True,5769.50626812439,5776.840928742447,6914.366579624066,6922.268107077579,high,0.0
X-n101-k25,100,ortools:nominal_seed103_or_tools,nominal_seed103_or_tools,ortools,False,0,,4.997815132141113,5147.0,0.9994174757281552,ortools_no_solution,180,60,True,5769.50626812439,5776.840928742447,6914.366579624066,6922.268107077579,high,0.0
X-n101-k25,100,ortools:proxy_mean_scaled_seed109_or_tools,proxy_mean_scaled_seed109_or_tools,ortools,False,0,,5.00147557258606,5124.250000000001,0.9950000000000002,ortools_no_solution,180,60,True,5769.50626812439,5776.840928742447,6914.366579624066,6922.268107077579,high,0.0
X-n101-k25,100,ortools:quantile_p75_scaled_seed107_or_tools,quantile_p75_scaled_seed107_or_tools,ortools,False,0,,5.000464677810669,5124.25,0.995,ortools_no_solution,180,60,True,5769.50626812439,5776.840928742447,6914.366579624066,6922.268107077579,high,0.0
X-n101-k25,100,ortools:robust_mean_1std_scaled_seed113_or_tools,robust_mean_1std_scaled_seed113_or_tools,ortools,False,0,,4.995498895645142,5124.250000000001,0.9950000000000002,ortools_no_solution,180,60,True,5769.50626812439,5776.840928742447,6914.366579624066,6922.268107077579,high,0.0
X-n157-k13,156,ortools:nominal_or_tools,nominal_or_tools,ortools,True,13,17404.0,4.998836994171143,156.0,1.0,,180,60,True,171.99406906934314,172.27034686930705,198.0995518853173,198.5245135344457,high,0.0
X-n157-k13,156,ortools:proxy_mean_or_tools,proxy_mean_or_tools,ortools,True,13,17404.0,4.997658491134644,171.99406906934314,1.1025260837778406,,180,60,True,171.99406906934314,172.27034686930705,198.0995518853173,198.5245135344457,high,0.0
X-n157-k13,156,ortools:quantile_p75_or_tools,quantile_p75_or_tools,ortools,True,13,17404.0,4.996690034866333,198.7324189305988,1.2739257623756333,,180,60,True,171.99406906934314,172.27034686930705,198.0995518853173,198.5245135344457,high,0.0
X-n157-k13,156,ortools:quantile_p90_or_tools,quantile_p90_or_tools,ortools,False,0,,0.0,235.21910337265388,1.5078147652093197,total_load_exceeds_fleet_capacity,180,60,True,171.99406906934314,172.27034686930705,198.0995518853173,198.5245135344457,high,0.0
X-n157-k13,156,ortools:robust_mean_1std_or_tools,robust_mean_1std_or_tools,ortools,False,0,,0.0,220.81396957678305,1.4154741639537376,total_load_exceeds_fleet_capacity,180,60,True,171.99406906934314,172.27034686930705,198.0995518853173,198.5245135344457,high,0.0
X-n157-k13,156,ortools:robust_mean_2std_or_tools,robust_mean_2std_or_tools,ortools,False,0,,0.0,269.63387008422296,1.7284222441296344,total_load_exceeds_fleet_capacity,180,60,True,171.99406906934314,172.27034686930705,198.0995518853173,198.5245135344457,high,0.0
X-n157-k13,156,ortools:proxy_mean_scaled_or_tools,proxy_mean_scaled_or_tools,ortools,True,13,17404.0,5.000091552734375,155.22,0.995,,180,60,True,171.99406906934314,172.27034686930705,198.0995518853173,198.5245135344457,high,0.0
X-n157-k13,156,ortools:quantile_p75_scaled_or_tools,quantile_p75_scaled_or_tools,ortools,True,13,17404.0,4.999451160430908,155.22000000000003,0.9950000000000002,,180,60,True,171.99406906934314,172.27034686930705,198.0995518853173,198.5245135344457,high,0.0
X-n157-k13,156,ortools:quantile_p90_scaled_or_tools,quantile_p90_scaled_or_tools,ortools,True,13,17404.0,5.00397801399231,155.22000000000003,0.9950000000000002,,180,60,True,171.99406906934314,172.27034686930705,198.0995518853173,198.5245135344457,high,0.0
X-n157-k13,156,ortools:robust_mean_1std_scaled_or_tools,robust_mean_1std_scaled_or_tools,ortools,True,13,17404.0,5.0026679039001465,155.22,0.995,,180,60,True,171.99406906934314,172.27034686930705,198.0995518853173,198.5245135344457,high,0.0
X-n157-k13,156,ortools:robust_mean_2std_scaled_or_tools,robust_mean_2std_scaled_or_tools,ortools,True,13,17404.0,5.000333309173584,155.21999999999997,0.9949999999999998,,180,60,True,171.99406906934314,172.27034686930705,198.0995518853173,198.5245135344457,high,0.0
X-n157-k13,156,ortools:nominal_seed101_or_tools,nominal_seed101_or_tools,ortools,True,13,17558.0,5.003969430923462,156.0,1.0,,180,60,True,171.99406906934314,172.27034686930705,198.0995518853173,198.5245135344457,high,0.0
X-n157-k13,156,ortools:nominal_seed103_or_tools,nominal_seed103_or_tools,ortools,True,13,17558.0,4.991444826126099,156.0,1.0,,180,60,True,171.99406906934314,172.27034686930705,198.0995518853173,198.5245135344457,high,0.0
X-n157-k13,156,ortools:proxy_mean_scaled_seed109_or_tools,proxy_mean_scaled_seed109_or_tools,ortools,True,13,17425.0,4.990844964981079,155.22,0.995,,180,60,True,171.99406906934314,172.27034686930705,198.0995518853173,198.5245135344457,high,0.0
X-n157-k13,156,ortools:quantile_p75_scaled_seed107_or_tools,quantile_p75_scaled_seed107_or_tools,ortools,True,13,17279.0,4.993048667907715,155.22000000000003,0.9950000000000002,,180,60,True,171.99406906934314,172.27034686930705,198.0995518853173,198.5245135344457,high,0.0
X-n157-k13,156,ortools:robust_mean_1std_scaled_seed113_or_tools,robust_mean_1std_scaled_seed113_or_tools,ortools,True,13,17372.0,5.004371881484985,155.22,0.995,,180,60,True,171.99406906934314,172.27034686930705,198.0995518853173,198.5245135344457,high,0.0
X-n200-k36,199,ortools:nominal_or_tools,nominal_or_tools,ortools,False,0,,4.998634099960327,14263.0,0.9855583195135434,ortools_no_solution,180,60,True,15848.29357856642,15876.639846372414,18695.25287890013,18726.536824392137,high,0.0
X-n200-k36,199,ortools:proxy_mean_or_tools,proxy_mean_or_tools,ortools,False,0,,0.0,15848.293578566423,1.0951004407522404,total_load_exceeds_fleet_capacity,180,60,True,15848.29357856642,15876.639846372414,18695.25287890013,18726.536824392137,high,0.0
X-n200-k36,199,ortools:quantile_p75_or_tools,quantile_p75_or_tools,ortools,False,0,,0.0,18340.142077375946,1.2672845548214446,total_load_exceeds_fleet_capacity,180,60,True,15848.29357856642,15876.639846372414,18695.25287890013,18726.536824392137,high,0.0
X-n200-k36,199,ortools:quantile_p90_or_tools,quantile_p90_or_tools,ortools,False,0,,0.0,21946.55868756233,1.516484154751405,total_load_exceeds_fleet_capacity,180,60,True,15848.29357856642,15876.639846372414,18695.25287890013,18726.536824392137,high,0.0
X-n200-k36,199,ortools:robust_mean_1std_or_tools,robust_mean_1std_or_tools,ortools,False,0,,0.0,20568.37526650941,1.4212531278682567,total_load_exceeds_fleet_capacity,180,60,True,15848.29357856642,15876.639846372414,18695.25287890013,18726.536824392137,high,0.0
X-n200-k36,199,ortools:robust_mean_2std_or_tools,robust_mean_2std_or_tools,ortools,False,0,,0.0,25288.4569544524,1.7474058149842733,total_load_exceeds_fleet_capacity,180,60,True,15848.29357856642,15876.639846372414,18695.25287890013,18726.536824392137,high,0.0
X-n200-k36,199,ortools:proxy_mean_scaled_or_tools,proxy_mean_scaled_or_tools,ortools,False,0,,5.005483150482178,14399.64,0.995,ortools_no_solution,180,60,True,15848.29357856642,15876.639846372414,18695.25287890013,18726.536824392137,high,0.0
X-n200-k36,199,ortools:quantile_p75_scaled_or_tools,quantile_p75_scaled_or_tools,ortools,False,0,,5.002514600753784,14399.64,0.995,ortools_no_solution,180,60,True,15848.29357856642,15876.639846372414,18695.25287890013,18726.536824392137,high,0.0
X-n200-k36,199,ortools:quantile_p90_scaled_or_tools,quantile_p90_scaled_or_tools,ortools,False,0,,5.0033814907073975,14399.639999999998,0.995,ortools_no_solution,180,60,True,15848.29357856642,15876.639846372414,18695.25287890013,18726.536824392137,high,0.0
X-n200-k36,199,ortools:robust_mean_1std_scaled_or_tools,robust_mean_1std_scaled_or_tools,ortools,False,0,,5.003699064254761,14399.64,0.995,ortools_no_solution,180,60,True,15848.29357856642,15876.639846372414,18695.25287890013,18726.536824392137,high,0.0
X-n200-k36,199,ortools:robust_mean_2std_scaled_or_tools,robust_mean_2std_scaled_or_tools,ortools,False,0,,5.005975008010864,14399.639999999996,0.9949999999999996,ortools_no_solution,180,60,True,15848.29357856642,15876.639846372414,18695.25287890013,18726.536824392137,high,0.0
X-n200-k36,199,ortools:nominal_seed101_or_tools,nominal_seed101_or_tools,ortools,False,0,,4.999227046966553,14263.0,0.9855583195135434,ortools_no_solution,180,60,True,15848.29357856642,15876.639846372414,18695.25287890013,18726.536824392137,high,0.0
X-n200-k36,199,ortools:nominal_seed103_or_tools,nominal_seed103_or_tools,ortools,False,0,,5.003038644790649,14263.0,0.9855583195135434,ortools_no_solution,180,60,True,15848.29357856642,15876.639846372414,18695.25287890013,18726.536824392137,high,0.0
X-n200-k36,199,ortools:proxy_mean_scaled_seed109_or_tools,proxy_mean_scaled_seed109_or_tools,ortools,False,0,,5.007976531982422,14399.64,0.995,ortools_no_solution,180,60,True,15848.29357856642,15876.639846372414,18695.25287890013,18726.536824392137,high,0.0
X-n200-k36,199,ortools:quantile_p75_scaled_seed107_or_tools,quantile_p75_scaled_seed107_or_tools,ortools,False,0,,4.998948335647583,14399.64,0.995,ortools_no_solution,180,60,True,15848.29357856642,15876.639846372414,18695.25287890013,18726.536824392137,high,0.0
X-n200-k36,199,ortools:robust_mean_1std_scaled_seed113_or_tools,robust_mean_1std_scaled_seed113_or_tools,ortools,False,0,,4.998136043548584,14399.64,0.995,ortools_no_solution,180,60,True,15848.29357856642,15876.639846372414,18695.25287890013,18726.536824392137,high,0.0
X-n247-k50,246,ortools:nominal_or_tools,nominal_or_tools,ortools,False,0,,5.011200189590454,6200.0,0.9253731343283582,ortools_no_solution,180,60,True,6790.297053471086,6805.254491454063,7900.713418923839,7905.601073607675,high,0.0
X-n247-k50,246,ortools:proxy_mean_or_tools,proxy_mean_or_tools,ortools,False,0,,0.0,6790.297053471086,1.0134771721598634,total_load_exceeds_fleet_capacity,180,60,True,6790.297053471086,6805.254491454063,7900.713418923839,7905.601073607675,high,0.0
X-n247-k50,246,ortools:quantile_p75_or_tools,quantile_p75_or_tools,ortools,False,0,,0.0,7970.457574219065,1.189620533465532,total_load_exceeds_fleet_capacity,180,60,True,6790.297053471086,6805.254491454063,7900.713418923839,7905.601073607675,high,0.0
X-n247-k50,246,ortools:quantile_p90_or_tools,quantile_p90_or_tools,ortools,False,0,,0.0,9754.4345019994,1.4558857465670747,single_node_exceeds_capacity,180,60,True,6790.297053471086,6805.254491454063,7900.713418923839,7905.601073607675,high,0.0
X-n247-k50,246,ortools:robust_mean_1std_or_tools,robust_mean_1std_or_tools,ortools,False,0,,0.0,9051.049511699106,1.3509029121938965,single_node_exceeds_capacity,180,60,True,6790.297053471086,6805.254491454063,7900.713418923839,7905.601073607675,high,0.0
X-n247-k50,246,ortools:robust_mean_2std_or_tools,robust_mean_2std_or_tools,ortools,False,0,,0.0,11311.801969927124,1.688328652227929,single_node_exceeds_capacity,180,60,True,6790.297053471086,6805.254491454063,7900.713418923839,7905.601073607675,high,0.0
X-n247-k50,246,ortools:proxy_mean_scaled_or_tools,proxy_mean_scaled_or_tools,ortools,False,0,,5.005462646484375,6666.500000000001,0.995,ortools_no_solution,180,60,True,6790.297053471086,6805.254491454063,7900.713418923839,7905.601073607675,high,0.0
X-n247-k50,246,ortools:quantile_p75_scaled_or_tools,quantile_p75_scaled_or_tools,ortools,False,0,,5.009793043136597,6666.500000000001,0.995,ortools_no_solution,180,60,True,6790.297053471086,6805.254491454063,7900.713418923839,7905.601073607675,high,0.0
X-n247-k50,246,ortools:quantile_p90_scaled_or_tools,quantile_p90_scaled_or_tools,ortools,False,0,,5.001302242279053,6666.499999999999,0.995,ortools_no_solution,180,60,True,6790.297053471086,6805.254491454063,7900.713418923839,7905.601073607675,high,0.0
X-n247-k50,246,ortools:robust_mean_1std_scaled_or_tools,robust_mean_1std_scaled_or_tools,ortools,False,0,,5.006844758987427,6666.499999999999,0.995,ortools_no_solution,180,60,True,6790.297053471086,6805.254491454063,7900.713418923839,7905.601073607675,high,0.0
X-n247-k50,246,ortools:robust_mean_2std_scaled_or_tools,robust_mean_2std_scaled_or_tools,ortools,False,0,,4.99777626991272,6666.499999999998,0.9949999999999998,ortools_no_solution,180,60,True,6790.297053471086,6805.254491454063,7900.713418923839,7905.601073607675,high,0.0
X-n247-k50,246,ortools:nominal_seed101_or_tools,nominal_seed101_or_tools,ortools,False,0,,5.014334678649902,6200.0,0.9253731343283582,ortools_no_solution,180,60,True,6790.297053471086,6805.254491454063,7900.713418923839,7905.601073607675,high,0.0
X-n247-k50,246,ortools:nominal_seed103_or_tools,nominal_seed103_or_tools,ortools,False,0,,5.001396656036377,6200.0,0.9253731343283582,ortools_no_solution,180,60,True,6790.297053471086,6805.254491454063,7900.713418923839,7905.601073607675,high,0.0
X-n247-k50,246,ortools:proxy_mean_scaled_seed109_or_tools,proxy_mean_scaled_seed109_or_tools,ortools,False,0,,5.014629602432251,6666.500000000001,0.995,ortools_no_solution,180,60,True,6790.297053471086,6805.254491454063,7900.713418923839,7905.601073607675,high,0.0
X-n247-k50,246,ortools:quantile_p75_scaled_seed107_or_tools,quantile_p75_scaled_seed107_or_tools,ortools,False,0,,5.003264904022217,6666.500000000001,0.995,ortools_no_solution,180,60,True,6790.297053471086,6805.254491454063,7900.713418923839,7905.601073607675,high,0.0
X-n247-k50,246,ortools:robust_mean_1std_scaled_seed113_or_tools,robust_mean_1std_scaled_seed113_or_tools,ortools,False,0,,5.001461744308472,6666.499999999999,0.995,ortools_no_solution,180,60,True,6790.297053471086,6805.254491454063,7900.713418923839,7905.601073607675,high,0.0
X-n125-k30,124,ortools:nominal_or_tools,nominal_or_tools,ortools,False,0,,5.003805637359619,5536.0,0.9815602836879432,ortools_no_solution,180,60,True,6182.103060403259,6203.205802760405,7268.164911231489,7281.546769180081,high,1.0
X-n125-k30,124,ortools:proxy_mean_or_tools,proxy_mean_or_tools,ortools,False,0,,0.0,6182.10306040326,1.0961175639012872,total_load_exceeds_fleet_capacity,180,60,True,6182.103060403259,6203.205802760405,7268.164911231489,7281.546769180081,high,1.0
X-n125-k30,124,ortools:quantile_p75_or_tools,quantile_p75_or_tools,ortools,False,0,,0.0,7230.234136441316,1.281956407170446,total_load_exceeds_fleet_capacity,180,60,True,6182.103060403259,6203.205802760405,7268.164911231489,7281.546769180081,high,1.0
X-n125-k30,124,ortools:quantile_p90_or_tools,quantile_p90_or_tools,ortools,False,0,,0.0,8745.99767809251,1.5507088081724307,total_load_exceeds_fleet_capacity,180,60,True,6182.103060403259,6203.205802760405,7268.164911231489,7281.546769180081,high,1.0
X-n125-k30,124,ortools:robust_mean_1std_or_tools,robust_mean_1std_or_tools,ortools,False,0,,0.0,8218.104349738027,1.4571107003081607,total_load_exceeds_fleet_capacity,180,60,True,6182.103060403259,6203.205802760405,7268.164911231489,7281.546769180081,high,1.0
X-n125-k30,124,ortools:robust_mean_2std_or_tools,robust_mean_2std_or_tools,ortools,False,0,,0.0,10254.105639072795,1.818103836715035,single_node_exceeds_capacity,180,60,True,6182.103060403259,6203.205802760405,7268.164911231489,7281.546769180081,high,1.0
X-n125-k30,124,ortools:proxy_mean_scaled_or_tools,proxy_mean_scaled_or_tools,ortools,False,0,,5.000779390335083,5611.8,0.995,ortools_no_solution,180,60,True,6182.103060403259,6203.205802760405,7268.164911231489,7281.546769180081,high,1.0
X-n125-k30,124,ortools:quantile_p75_scaled_or_tools,quantile_p75_scaled_or_tools,ortools,False,0,,5.001611232757568,5611.8,0.995,ortools_no_solution,180,60,True,6182.103060403259,6203.205802760405,7268.164911231489,7281.546769180081,high,1.0
X-n125-k30,124,ortools:quantile_p90_scaled_or_tools,quantile_p90_scaled_or_tools,ortools,False,0,,4.998307943344116,5611.8,0.995,ortools_no_solution,180,60,True,6182.103060403259,6203.205802760405,7268.164911231489,7281.546769180081,high,1.0
X-n125-k30,124,ortools:robust_mean_1std_scaled_or_tools,robust_mean_1std_scaled_or_tools,ortools,False,0,,5.005028009414673,5611.8,0.995,ortools_no_solution,180,60,True,6182.103060403259,6203.205802760405,7268.164911231489,7281.546769180081,high,1.0
X-n125-k30,124,ortools:robust_mean_2std_scaled_or_tools,robust_mean_2std_scaled_or_tools,ortools,False,0,,5.005258083343506,5611.8,0.995,ortools_no_solution,180,60,True,6182.103060403259,6203.205802760405,7268.164911231489,7281.546769180081,high,1.0
X-n125-k30,124,ortools:nominal_seed101_or_tools,nominal_seed101_or_tools,ortools,False,0,,5.000985145568848,5536.0,0.9815602836879432,ortools_no_solution,180,60,True,6182.103060403259,6203.205802760405,7268.164911231489,7281.546769180081,high,1.0
X-n125-k30,124,ortools:nominal_seed103_or_tools,nominal_seed103_or_tools,ortools,False,0,,5.003769636154175,5536.0,0.9815602836879432,ortools_no_solution,180,60,True,6182.103060403259,6203.205802760405,7268.164911231489,7281.546769180081,high,1.0
X-n125-k30,124,ortools:proxy_mean_scaled_seed109_or_tools,proxy_mean_scaled_seed109_or_tools,ortools,False,0,,4.998448848724365,5611.8,0.995,ortools_no_solution,180,60,True,6182.103060403259,6203.205802760405,7268.164911231489,7281.546769180081,high,1.0
X-n125-k30,124,ortools:quantile_p75_scaled_seed107_or_tools,quantile_p75_scaled_seed107_or_tools,ortools,False,0,,5.004154205322266,5611.8,0.995,ortools_no_solution,180,60,True,6182.103060403259,6203.205802760405,7268.164911231489,7281.546769180081,high,1.0
X-n125-k30,124,ortools:robust_mean_1std_scaled_seed113_or_tools,robust_mean_1std_scaled_seed113_or_tools,ortools,False,0,,5.001046657562256,5611.8,0.995,ortools_no_solution,180,60,True,6182.103060403259,6203.205802760405,7268.164911231489,7281.546769180081,high,1.0
X-n172-k51,171,ortools:nominal_or_tools,nominal_or_tools,ortools,False,0,,5.008580684661865,8092.0,0.9855072463768116,ortools_no_solution,180,60,True,8940.753355705163,8973.51189389768,10555.133107634168,10558.231958496386,high,1.0
X-n172-k51,171,ortools:proxy_mean_or_tools,proxy_mean_or_tools,ortools,False,0,,0.0,8940.753355705163,1.0888750889910075,total_load_exceeds_fleet_capacity,180,60,True,8940.753355705163,8973.51189389768,10555.133107634168,10558.231958496386,high,1.0
X-n172-k51,171,ortools:quantile_p75_or_tools,quantile_p75_or_tools,ortools,False,0,,0.0,10437.65599531064,1.2711796365011132,total_load_exceeds_fleet_capacity,180,60,True,8940.753355705163,8973.51189389768,10555.133107634168,10558.231958496386,high,1.0
X-n172-k51,171,ortools:quantile_p90_or_tools,quantile_p90_or_tools,ortools,False,0,,0.0,12539.102350302226,1.527110260662797,single_node_exceeds_capacity,180,60,True,8940.753355705163,8973.51189389768,10555.133107634168,10558.231958496386,high,1.0
X-n172-k51,171,ortools:robust_mean_1std_or_tools,robust_mean_1std_or_tools,ortools,False,0,,0.0,11697.12248654654,1.424567347040134,total_load_exceeds_fleet_capacity,180,60,True,8940.753355705163,8973.51189389768,10555.133107634168,10558.231958496386,high,1.0
X-n172-k51,171,ortools:robust_mean_2std_or_tools,robust_mean_2std_or_tools,ortools,False,0,,0.0,14453.491617387914,1.76025960508926,single_node_exceeds_capacity,180,60,True,8940.753355705163,8973.51189389768,10555.133107634168,10558.231958496386,high,1.0
X-n172-k51,171,ortools:proxy_mean_scaled_or_tools,proxy_mean_scaled_or_tools,ortools,False,0,,5.000943660736084,8169.945,0.995,ortools_no_solution,180,60,True,8940.753355705163,8973.51189389768,10555.133107634168,10558.231958496386,high,1.0
X-n172-k51,171,ortools:quantile_p75_scaled_or_tools,quantile_p75_scaled_or_tools,ortools,False,0,,4.997370481491089,8169.944999999999,0.995,ortools_no_solution,180,60,True,8940.753355705163,8973.51189389768,10555.133107634168,10558.231958496386,high,1.0
X-n172-k51,171,ortools:quantile_p90_scaled_or_tools,quantile_p90_scaled_or_tools,ortools,False,0,,5.001020669937134,8169.945000000002,0.9950000000000004,ortools_no_solution,180,60,True,8940.753355705163,8973.51189389768,10555.133107634168,10558.231958496386,high,1.0
X-n172-k51,171,ortools:robust_mean_1std_scaled_or_tools,robust_mean_1std_scaled_or_tools,ortools,False,0,,4.998400926589966,8169.944999999999,0.995,ortools_no_solution,180,60,True,8940.753355705163,8973.51189389768,10555.133107634168,10558.231958496386,high,1.0
X-n172-k51,171,ortools:robust_mean_2std_scaled_or_tools,robust_mean_2std_scaled_or_tools,ortools,False,0,,5.005410194396973,8169.945000000001,0.995,ortools_no_solution,180,60,True,8940.753355705163,8973.51189389768,10555.133107634168,10558.231958496386,high,1.0
X-n172-k51,171,ortools:nominal_seed101_or_tools,nominal_seed101_or_tools,ortools,False,0,,5.003988027572632,8092.0,0.9855072463768116,ortools_no_solution,180,60,True,8940.753355705163,8973.51189389768,10555.133107634168,10558.231958496386,high,1.0
X-n172-k51,171,ortools:nominal_seed103_or_tools,nominal_seed103_or_tools,ortools,False,0,,4.994479656219482,8092.0,0.9855072463768116,ortools_no_solution,180,60,True,8940.753355705163,8973.51189389768,10555.133107634168,10558.231958496386,high,1.0
X-n172-k51,171,ortools:proxy_mean_scaled_seed109_or_tools,proxy_mean_scaled_seed109_or_tools,ortools,False,0,,5.014042854309082,8169.945,0.995,ortools_no_solution,180,60,True,8940.753355705163,8973.51189389768,10555.133107634168,10558.231958496386,high,1.0
X-n172-k51,171,ortools:quantile_p75_scaled_seed107_or_tools,quantile_p75_scaled_seed107_or_tools,ortools,False,0,,5.007828712463379,8169.944999999999,0.995,ortools_no_solution,180,60,True,8940.753355705163,8973.51189389768,10555.133107634168,10558.231958496386,high,1.0
X-n172-k51,171,ortools:robust_mean_1std_scaled_seed113_or_tools,robust_mean_1std_scaled_seed113_or_tools,ortools,False,0,,5.002799272537232,8169.944999999999,0.995,ortools_no_solution,180,60,True,8940.753355705163,8973.51189389768,10555.133107634168,10558.231958496386,high,1.0
X-n214-k11,213,ortools:nominal_or_tools,nominal_or_tools,ortools,True,11,12859.0,4.997620344161987,10356.0,0.9973035439137136,,180,60,True,11525.098152614886,11542.610363831476,13483.907107768657,13521.958776987056,high,1.0
X-n214-k11,213,ortools:proxy_mean_or_tools,proxy_mean_or_tools,ortools,False,0,,0.0,11525.098152614884,1.1098900378095995,total_load_exceeds_fleet_capacity,180,60,True,11525.098152614886,11542.610363831476,13483.907107768657,13521.958776987056,high,1.0
X-n214-k11,213,ortools:quantile_p75_or_tools,quantile_p75_or_tools,ortools,False,0,,0.0,13448.833125379762,1.295149569085108,total_load_exceeds_fleet_capacity,180,60,True,11525.098152614886,11542.610363831476,13483.907107768657,13521.958776987056,high,1.0
X-n214-k11,213,ortools:quantile_p90_or_tools,quantile_p90_or_tools,ortools,False,0,,0.0,16177.996895508682,1.557973506886429,total_load_exceeds_fleet_capacity,180,60,True,11525.098152614886,11542.610363831476,13483.907107768657,13521.958776987056,high,1.0
X-n214-k11,213,ortools:robust_mean_1std_or_tools,robust_mean_1std_or_tools,ortools,False,0,,0.0,15093.165872066516,1.453502106323817,total_load_exceeds_fleet_capacity,180,60,True,11525.098152614886,11542.610363831476,13483.907107768657,13521.958776987056,high,1.0
X-n214-k11,213,ortools:robust_mean_2std_or_tools,robust_mean_2std_or_tools,ortools,False,0,,0.0,18661.233591518147,1.7971141748380342,total_load_exceeds_fleet_capacity,180,60,True,11525.098152614886,11542.610363831476,13483.907107768657,13521.958776987056,high,1.0
X-n214-k11,213,ortools:proxy_mean_scaled_or_tools,proxy_mean_scaled_or_tools,ortools,False,0,,5.006700038909912,10332.080000000002,0.9950000000000002,ortools_no_solution,180,60,True,11525.098152614886,11542.610363831476,13483.907107768657,13521.958776987056,high,1.0
X-n214-k11,213,ortools:quantile_p75_scaled_or_tools,quantile_p75_scaled_or_tools,ortools,True,11,13083.0,5.001141548156738,10332.080000000002,0.9950000000000002,,180,60,True,11525.098152614886,11542.610363831476,13483.907107768657,13521.958776987056,high,1.0
X-n214-k11,213,ortools:quantile_p90_scaled_or_tools,quantile_p90_scaled_or_tools,ortools,True,11,12479.0,5.01072883605957,10332.080000000002,0.9950000000000002,,180,60,True,11525.098152614886,11542.610363831476,13483.907107768657,13521.958776987056,high,1.0
X-n214-k11,213,ortools:robust_mean_1std_scaled_or_tools,robust_mean_1std_scaled_or_tools,ortools,True,11,13723.0,5.010787725448608,10332.079999999998,0.9949999999999998,,180,60,True,11525.098152614886,11542.610363831476,13483.907107768657,13521.958776987056,high,1.0
X-n214-k11,213,ortools:robust_mean_2std_scaled_or_tools,robust_mean_2std_scaled_or_tools,ortools,True,11,13222.0,5.0007054805755615,10332.08,0.995,,180,60,True,11525.098152614886,11542.610363831476,13483.907107768657,13521.958776987056,high,1.0
X-n214-k11,213,ortools:nominal_seed101_or_tools,nominal_seed101_or_tools,ortools,True,11,12826.0,4.995000839233398,10356.0,0.9973035439137136,,180,60,True,11525.098152614886,11542.610363831476,13483.907107768657,13521.958776987056,high,1.0
X-n214-k11,213,ortools:nominal_seed103_or_tools,nominal_seed103_or_tools,ortools,True,11,12995.0,5.001307010650635,10356.0,0.9973035439137136,,180,60,True,11525.098152614886,11542.610363831476,13483.907107768657,13521.958776987056,high,1.0
X-n214-k11,213,ortools:proxy_mean_scaled_seed109_or_tools,proxy_mean_scaled_seed109_or_tools,ortools,True,11,13296.0,4.99175763130188,10332.080000000002,0.9950000000000002,,180,60,True,11525.098152614886,11542.610363831476,13483.907107768657,13521.958776987056,high,1.0
X-n214-k11,213,ortools:quantile_p75_scaled_seed107_or_tools,quantile_p75_scaled_seed107_or_tools,ortools,True,11,12734.0,5.000900268554688,10332.080000000002,0.9950000000000002,,180,60,True,11525.098152614886,11542.610363831476,13483.907107768657,13521.958776987056,high,1.0
X-n214-k11,213,ortools:robust_mean_1std_scaled_seed113_or_tools,robust_mean_1std_scaled_seed113_or_tools,ortools,True,11,12782.0,5.0031898021698,10332.079999999998,0.9949999999999998,,180,60,True,11525.098152614886,11542.610363831476,13483.907107768657,13521.958776987056,high,1.0
X-n256-k16,255,ortools:nominal_or_tools,nominal_or_tools,ortools,False,0,,5.000999927520752,19514.0,0.9956122448979592,ortools_no_solution,180,60,True,21883.368907411048,21983.39121850273,25370.31290291748,25410.61753740374,high,1.0
X-n256-k16,255,ortools:proxy_mean_or_tools,proxy_mean_or_tools,ortools,False,0,,0.0,21883.368907411044,1.1164984136434206,total_load_exceeds_fleet_capacity,180,60,True,21883.368907411048,21983.39121850273,25370.31290291748,25410.61753740374,high,1.0
X-n256-k16,255,ortools:quantile_p75_or_tools,quantile_p75_or_tools,ortools,False,0,,0.0,25234.389637025568,1.2874688590319168,total_load_exceeds_fleet_capacity,180,60,True,21883.368907411048,21983.39121850273,25370.31290291748,25410.61753740374,high,1.0
X-n256-k16,255,ortools:quantile_p90_or_tools,quantile_p90_or_tools,ortools,False,0,,0.0,30133.99202680373,1.5374485727961087,total_load_exceeds_fleet_capacity,180,60,True,21883.368907411048,21983.39121850273,25370.31290291748,25410.61753740374,high,1.0
X-n256-k16,255,ortools:robust_mean_1std_or_tools,robust_mean_1std_or_tools,ortools,False,0,,0.0,28267.664075556146,1.442227758956946,total_load_exceeds_fleet_capacity,180,60,True,21883.368907411048,21983.39121850273,25370.31290291748,25410.61753740374,high,1.0
X-n256-k16,255,ortools:robust_mean_2std_or_tools,robust_mean_2std_or_tools,ortools,False,0,,0.0,34651.95924370125,1.7679571042704718,total_load_exceeds_fleet_capacity,180,60,True,21883.368907411048,21983.39121850273,25370.31290291748,25410.61753740374,high,1.0
X-n256-k16,255,ortools:proxy_mean_scaled_or_tools,proxy_mean_scaled_or_tools,ortools,False,0,,5.000485181808472,19502.0,0.995,ortools_no_solution,180,60,True,21883.368907411048,21983.39121850273,25370.31290291748,25410.61753740374,high,1.0
X-n256-k16,255,ortools:quantile_p75_scaled_or_tools,quantile_p75_scaled_or_tools,ortools,False,0,,4.995683670043945,19502.000000000004,0.9950000000000002,ortools_no_solution,180,60,True,21883.368907411048,21983.39121850273,25370.31290291748,25410.61753740374,high,1.0
X-n256-k16,255,ortools:quantile_p90_scaled_or_tools,quantile_p90_scaled_or_tools,ortools,False,0,,5.005692720413208,19502.000000000004,0.9950000000000002,ortools_no_solution,180,60,True,21883.368907411048,21983.39121850273,25370.31290291748,25410.61753740374,high,1.0
X-n256-k16,255,ortools:robust_mean_1std_scaled_or_tools,robust_mean_1std_scaled_or_tools,ortools,False,0,,5.007359743118286,19502.000000000004,0.9950000000000002,ortools_no_solution,180,60,True,21883.368907411048,21983.39121850273,25370.31290291748,25410.61753740374,high,1.0
X-n256-k16,255,ortools:robust_mean_2std_scaled_or_tools,robust_mean_2std_scaled_or_tools,ortools,False,0,,5.018081188201904,19502.0,0.995,ortools_no_solution,180,60,True,21883.368907411048,21983.39121850273,25370.31290291748,25410.61753740374,high,1.0
X-n256-k16,255,ortools:nominal_seed101_or_tools,nominal_seed101_or_tools,ortools,False,0,,5.004551887512207,19514.0,0.9956122448979592,ortools_no_solution,180,60,True,21883.368907411048,21983.39121850273,25370.31290291748,25410.61753740374,high,1.0
X-n256-k16,255,ortools:nominal_seed103_or_tools,nominal_seed103_or_tools,ortools,False,0,,5.005890846252441,19514.0,0.9956122448979592,ortools_no_solution,180,60,True,21883.368907411048,21983.39121850273,25370.31290291748,25410.61753740374,high,1.0
X-n256-k16,255,ortools:proxy_mean_scaled_seed109_or_tools,proxy_mean_scaled_seed109_or_tools,ortools,False,0,,5.003345489501953,19502.0,0.995,ortools_no_solution,180,60,True,21883.368907411048,21983.39121850273,25370.31290291748,25410.61753740374,high,1.0
X-n256-k16,255,ortools:quantile_p75_scaled_seed107_or_tools,quantile_p75_scaled_seed107_or_tools,ortools,False,0,,5.009440183639526,19502.000000000004,0.9950000000000002,ortools_no_solution,180,60,True,21883.368907411048,21983.39121850273,25370.31290291748,25410.61753740374,high,1.0
X-n256-k16,255,ortools:robust_mean_1std_scaled_seed113_or_tools,robust_mean_1std_scaled_seed113_or_tools,ortools,False,0,,5.010273218154907,19502.000000000004,0.9950000000000002,ortools_no_solution,180,60,True,21883.368907411048,21983.39121850273,25370.31290291748,25410.61753740374,high,1.0
X-n148-k46,147,ortools:nominal_or_tools,nominal_or_tools,ortools,False,0,,5.00552225112915,817.0,0.9867149758454108,ortools_no_solution,180,60,True,916.5654169475524,917.3025146472108,1115.084444950434,1120.0128820915663,high,2.0
X-n148-k46,147,ortools:proxy_mean_or_tools,proxy_mean_or_tools,ortools,False,0,,0.0,916.565416947552,1.106963063946319,total_load_exceeds_fleet_capacity,180,60,True,916.5654169475524,917.3025146472108,1115.084444950434,1120.0128820915663,high,2.0
X-n148-k46,147,ortools:quantile_p75_or_tools,quantile_p75_or_tools,ortools,False,0,,0.0,1069.546951688235,1.2917233716041483,total_load_exceeds_fleet_capacity,180,60,True,916.5654169475524,917.3025146472108,1115.084444950434,1120.0128820915663,high,2.0
X-n148-k46,147,ortools:quantile_p90_or_tools,quantile_p90_or_tools,ortools,False,0,,0.0,1293.9845310736196,1.5627832500889125,total_load_exceeds_fleet_capacity,180,60,True,916.5654169475524,917.3025146472108,1115.084444950434,1120.0128820915663,high,2.0
X-n148-k46,147,ortools:robust_mean_1std_or_tools,robust_mean_1std_or_tools,ortools,False,0,,0.0,1205.071451066352,1.4554003032202318,total_load_exceeds_fleet_capacity,180,60,True,916.5654169475524,917.3025146472108,1115.084444950434,1120.0128820915663,high,2.0
X-n148-k46,147,ortools:robust_mean_2std_or_tools,robust_mean_2std_or_tools,ortools,False,0,,0.0,1493.5774851851522,1.8038375424941453,single_node_exceeds_capacity,180,60,True,916.5654169475524,917.3025146472108,1115.084444950434,1120.0128820915663,high,2.0
X-n148-k46,147,ortools:proxy_mean_scaled_or_tools,proxy_mean_scaled_or_tools,ortools,False,0,,4.995882987976074,823.8600000000001,0.995,ortools_no_solution,180,60,True,916.5654169475524,917.3025146472108,1115.084444950434,1120.0128820915663,high,2.0
X-n148-k46,147,ortools:quantile_p75_scaled_or_tools,quantile_p75_scaled_or_tools,ortools,False,0,,5.005394697189331,823.86,0.995,ortools_no_solution,180,60,True,916.5654169475524,917.3025146472108,1115.084444950434,1120.0128820915663,high,2.0
X-n148-k46,147,ortools:quantile_p90_scaled_or_tools,quantile_p90_scaled_or_tools,ortools,False,0,,0.0,823.8600000000002,0.9950000000000004,total_load_exceeds_fleet_capacity,180,60,True,916.5654169475524,917.3025146472108,1115.084444950434,1120.0128820915663,high,2.0
X-n148-k46,147,ortools:robust_mean_1std_scaled_or_tools,robust_mean_1std_scaled_or_tools,ortools,False,0,,0.0,823.8600000000001,0.995,total_load_exceeds_fleet_capacity,180,60,True,916.5654169475524,917.3025146472108,1115.084444950434,1120.0128820915663,high,2.0
X-n148-k46,147,ortools:robust_mean_2std_scaled_or_tools,robust_mean_2std_scaled_or_tools,ortools,False,0,,0.0,823.86,0.995,total_load_exceeds_fleet_capacity,180,60,True,916.5654169475524,917.3025146472108,1115.084444950434,1120.0128820915663,high,2.0
X-n148-k46,147,ortools:nominal_seed101_or_tools,nominal_seed101_or_tools,ortools,False,0,,5.0053486824035645,817.0,0.9867149758454108,ortools_no_solution,180,60,True,916.5654169475524,917.3025146472108,1115.084444950434,1120.0128820915663,high,2.0
X-n148-k46,147,ortools:nominal_seed103_or_tools,nominal_seed103_or_tools,ortools,False,0,,5.001236200332642,817.0,0.9867149758454108,ortools_no_solution,180,60,True,916.5654169475524,917.3025146472108,1115.084444950434,1120.0128820915663,high,2.0
X-n148-k46,147,ortools:proxy_mean_scaled_seed109_or_tools,proxy_mean_scaled_seed109_or_tools,ortools,False,0,,5.001206159591675,823.8600000000001,0.995,ortools_no_solution,180,60,True,916.5654169475524,917.3025146472108,1115.084444950434,1120.0128820915663,high,2.0
X-n148-k46,147,ortools:quantile_p75_scaled_seed107_or_tools,quantile_p75_scaled_seed107_or_tools,ortools,False,0,,4.999809503555298,823.86,0.995,ortools_no_solution,180,60,True,916.5654169475524,917.3025146472108,1115.084444950434,1120.0128820915663,high,2.0
X-n148-k46,147,ortools:robust_mean_1std_scaled_seed113_or_tools,robust_mean_1std_scaled_seed113_or_tools,ortools,False,0,,0.0,823.8600000000001,0.995,total_load_exceeds_fleet_capacity,180,60,True,916.5654169475524,917.3025146472108,1115.084444950434,1120.0128820915663,high,2.0
X-n176-k26,175,ortools:nominal_or_tools,nominal_or_tools,ortools,False,0,,5.005374431610107,3632.0,0.9837486457204768,ortools_no_solution,180,60,True,3976.506415843845,3988.8999244824176,4735.9013939153865,4737.121772452003,high,2.0
X-n176-k26,175,ortools:proxy_mean_or_tools,proxy_mean_or_tools,ortools,False,0,,0.0,3976.506415843845,1.0770602426445952,total_load_exceeds_fleet_capacity,180,60,True,3976.506415843845,3988.8999244824176,4735.9013939153865,4737.121772452003,high,2.0
X-n176-k26,175,ortools:quantile_p75_or_tools,quantile_p75_or_tools,ortools,False,0,,0.0,4664.837079074565,1.2634986671382895,total_load_exceeds_fleet_capacity,180,60,True,3976.506415843845,3988.8999244824176,4735.9013939153865,4737.121772452003,high,2.0
X-n176-k26,175,ortools:quantile_p90_or_tools,quantile_p90_or_tools,ortools,False,0,,0.0,5698.562871084598,1.5434894017022205,single_node_exceeds_capacity,180,60,True,3976.506415843845,3988.8999244824176,4735.9013939153865,4737.121772452003,high,2.0
X-n176-k26,175,ortools:robust_mean_1std_or_tools,robust_mean_1std_or_tools,ortools,False,0,,0.0,5319.461536539426,1.440807566776659,single_node_exceeds_capacity,180,60,True,3976.506415843845,3988.8999244824176,4735.9013939153865,4737.121772452003,high,2.0
X-n176-k26,175,ortools:robust_mean_2std_or_tools,robust_mean_2std_or_tools,ortools,False,0,,0.0,6662.416657235005,1.804554890908723,single_node_exceeds_capacity,180,60,True,3976.506415843845,3988.8999244824176,4735.9013939153865,4737.121772452003,high,2.0
X-n176-k26,175,ortools:proxy_mean_scaled_or_tools,proxy_mean_scaled_or_tools,ortools,False,0,,5.005404233932495,3673.54,0.995,ortools_no_solution,180,60,True,3976.506415843845,3988.8999244824176,4735.9013939153865,4737.121772452003,high,2.0
X-n176-k26,175,ortools:quantile_p75_scaled_or_tools,quantile_p75_scaled_or_tools,ortools,False,0,,5.0001420974731445,3673.54,0.995,ortools_no_solution,180,60,True,3976.506415843845,3988.8999244824176,4735.9013939153865,4737.121772452003,high,2.0
X-n176-k26,175,ortools:quantile_p90_scaled_or_tools,quantile_p90_scaled_or_tools,ortools,False,0,,5.002781391143799,3673.54,0.995,ortools_no_solution,180,60,True,3976.506415843845,3988.8999244824176,4735.9013939153865,4737.121772452003,high,2.0
X-n176-k26,175,ortools:robust_mean_1std_scaled_or_tools,robust_mean_1std_scaled_or_tools,ortools,False,0,,0.0,3673.54,0.995,total_load_exceeds_fleet_capacity,180,60,True,3976.506415843845,3988.8999244824176,4735.9013939153865,4737.121772452003,high,2.0
X-n176-k26,175,ortools:robust_mean_2std_scaled_or_tools,robust_mean_2std_scaled_or_tools,ortools,False,0,,5.006104469299316,3673.540000000001,0.9950000000000002,ortools_no_solution,180,60,True,3976.506415843845,3988.8999244824176,4735.9013939153865,4737.121772452003,high,2.0
X-n176-k26,175,ortools:nominal_seed101_or_tools,nominal_seed101_or_tools,ortools,False,0,,4.994901657104492,3632.0,0.9837486457204768,ortools_no_solution,180,60,True,3976.506415843845,3988.8999244824176,4735.9013939153865,4737.121772452003,high,2.0
X-n176-k26,175,ortools:nominal_seed103_or_tools,nominal_seed103_or_tools,ortools,False,0,,5.002341270446777,3632.0,0.9837486457204768,ortools_no_solution,180,60,True,3976.506415843845,3988.8999244824176,4735.9013939153865,4737.121772452003,high,2.0
X-n176-k26,175,ortools:proxy_mean_scaled_seed109_or_tools,proxy_mean_scaled_seed109_or_tools,ortools,False,0,,5.002891540527344,3673.54,0.995,ortools_no_solution,180,60,True,3976.506415843845,3988.8999244824176,4735.9013939153865,4737.121772452003,high,2.0
X-n176-k26,175,ortools:quantile_p75_scaled_seed107_or_tools,quantile_p75_scaled_seed107_or_tools,ortools,False,0,,5.004984617233276,3673.54,0.995,ortools_no_solution,180,60,True,3976.506415843845,3988.8999244824176,4735.9013939153865,4737.121772452003,high,2.0
X-n176-k26,175,ortools:robust_mean_1std_scaled_seed113_or_tools,robust_mean_1std_scaled_seed113_or_tools,ortools,False,0,,0.0,3673.54,0.995,total_load_exceeds_fleet_capacity,180,60,True,3976.506415843845,3988.8999244824176,4735.9013939153865,4737.121772452003,high,2.0
X-n219-k73,218,ortools:nominal_or_tools,nominal_or_tools,ortools,True,73,118409.0,4.996356248855591,218.0,0.9954337899543378,,180,60,True,242.376031709029,242.8534714087248,287.4950894029832,287.6885078827544,high,2.0
X-n219-k73,218,ortools:proxy_mean_or_tools,proxy_mean_or_tools,ortools,True,73,118409.0,5.00426983833313,242.376031709029,1.106739870817484,,180,60,True,242.376031709029,242.8534714087248,287.4950894029832,287.6885078827544,high,2.0
X-n219-k73,218,ortools:quantile_p75_or_tools,quantile_p75_or_tools,ortools,True,73,118409.0,4.996911287307739,279.5538247444189,1.2765014828512278,,180,60,True,242.376031709029,242.8534714087248,287.4950894029832,287.6885078827544,high,2.0
X-n219-k73,218,ortools:quantile_p90_or_tools,quantile_p90_or_tools,ortools,False,0,,0.0,332.0597339942772,1.5162544931245536,total_load_exceeds_fleet_capacity,180,60,True,242.376031709029,242.8534714087248,287.4950894029832,287.6885078827544,high,2.0
X-n219-k73,218,ortools:robust_mean_1std_or_tools,robust_mean_1std_or_tools,ortools,False,0,,0.0,311.5096280828071,1.4224183930721788,total_load_exceeds_fleet_capacity,180,60,True,242.376031709029,242.8534714087248,287.4950894029832,287.6885078827544,high,2.0
X-n219-k73,218,ortools:robust_mean_2std_or_tools,robust_mean_2std_or_tools,ortools,False,0,,0.0,380.64322445658536,1.7380969153268735,total_load_exceeds_fleet_capacity,180,60,True,242.376031709029,242.8534714087248,287.4950894029832,287.6885078827544,high,2.0
X-n219-k73,218,ortools:proxy_mean_scaled_or_tools,proxy_mean_scaled_or_tools,ortools,True,73,118409.0,4.998886585235596,217.905,0.995,,180,60,True,242.376031709029,242.8534714087248,287.4950894029832,287.6885078827544,high,2.0
X-n219-k73,218,ortools:quantile_p75_scaled_or_tools,quantile_p75_scaled_or_tools,ortools,True,73,118409.0,5.029176473617554,217.905,0.995,,180,60,True,242.376031709029,242.8534714087248,287.4950894029832,287.6885078827544,high,2.0
X-n219-k73,218,ortools:quantile_p90_scaled_or_tools,quantile_p90_scaled_or_tools,ortools,True,73,118409.0,5.002725124359131,217.90500000000003,0.995,,180,60,True,242.376031709029,242.8534714087248,287.4950894029832,287.6885078827544,high,2.0
X-n219-k73,218,ortools:robust_mean_1std_scaled_or_tools,robust_mean_1std_scaled_or_tools,ortools,True,73,118409.0,4.993685483932495,217.90500000000003,0.995,,180,60,True,242.376031709029,242.8534714087248,287.4950894029832,287.6885078827544,high,2.0
X-n219-k73,218,ortools:robust_mean_2std_scaled_or_tools,robust_mean_2std_scaled_or_tools,ortools,True,73,118409.0,4.997030973434448,217.905,0.995,,180,60,True,242.376031709029,242.8534714087248,287.4950894029832,287.6885078827544,high,2.0
X-n219-k73,218,ortools:nominal_seed101_or_tools,nominal_seed101_or_tools,ortools,True,73,118147.0,5.008578062057495,218.0,0.9954337899543378,,180,60,True,242.376031709029,242.8534714087248,287.4950894029832,287.6885078827544,high,2.0
X-n219-k73,218,ortools:nominal_seed103_or_tools,nominal_seed103_or_tools,ortools,True,73,118124.0,4.996567487716675,218.0,0.9954337899543378,,180,60,True,242.376031709029,242.8534714087248,287.4950894029832,287.6885078827544,high,2.0
X-n219-k73,218,ortools:proxy_mean_scaled_seed109_or_tools,proxy_mean_scaled_seed109_or_tools,ortools,True,73,118395.0,5.001729965209961,217.905,0.995,,180,60,True,242.376031709029,242.8534714087248,287.4950894029832,287.6885078827544,high,2.0
X-n219-k73,218,ortools:quantile_p75_scaled_seed107_or_tools,quantile_p75_scaled_seed107_or_tools,ortools,True,73,118477.0,4.988832473754883,217.905,0.995,,180,60,True,242.376031709029,242.8534714087248,287.4950894029832,287.6885078827544,high,2.0
X-n219-k73,218,ortools:robust_mean_1std_scaled_seed113_or_tools,robust_mean_1std_scaled_seed113_or_tools,ortools,True,73,118129.0,4.997730016708374,217.90500000000003,0.995,,180,60,True,242.376031709029,242.8534714087248,287.4950894029832,287.6885078827544,high,2.0
X-n266-k58,265,ortools:nominal_or_tools,nominal_or_tools,ortools,False,0,,4.994903087615967,2015.0,0.9926108374384236,ortools_no_solution,180,60,True,2224.378262414001,2226.078225706277,2602.774545864745,2604.041022210825,high,2.0
X-n266-k58,265,ortools:proxy_mean_or_tools,proxy_mean_or_tools,ortools,False,0,,0.0,2224.3782624140013,1.0957528386275868,total_load_exceeds_fleet_capacity,180,60,True,2224.378262414001,2226.078225706277,2602.774545864745,2604.041022210825,high,2.0
X-n266-k58,265,ortools:quantile_p75_or_tools,quantile_p75_or_tools,ortools,False,0,,0.0,2579.37737613082,1.270629249325527,total_load_exceeds_fleet_capacity,180,60,True,2224.378262414001,2226.078225706277,2602.774545864745,2604.041022210825,high,2.0
X-n266-k58,265,ortools:quantile_p90_or_tools,quantile_p90_or_tools,ortools,False,0,,0.0,3066.6940663187142,1.5106867321767066,total_load_exceeds_fleet_capacity,180,60,True,2224.378262414001,2226.078225706277,2602.774545864745,2604.041022210825,high,2.0
X-n266-k58,265,ortools:robust_mean_1std_or_tools,robust_mean_1std_or_tools,ortools,False,0,,0.0,2872.6557950280667,1.4151013768611167,total_load_exceeds_fleet_capacity,180,60,True,2224.378262414001,2226.078225706277,2602.774545864745,2604.041022210825,high,2.0
X-n266-k58,265,ortools:robust_mean_2std_or_tools,robust_mean_2std_or_tools,ortools,False,0,,0.0,3520.933327642133,1.7344499150946469,total_load_exceeds_fleet_capacity,180,60,True,2224.378262414001,2226.078225706277,2602.774545864745,2604.041022210825,high,2.0
X-n266-k58,265,ortools:proxy_mean_scaled_or_tools,proxy_mean_scaled_or_tools,ortools,False,0,,5.002355098724365,2019.85,0.995,ortools_no_solution,180,60,True,2224.378262414001,2226.078225706277,2602.774545864745,2604.041022210825,high,2.0
X-n266-k58,265,ortools:quantile_p75_scaled_or_tools,quantile_p75_scaled_or_tools,ortools,False,0,,0.0,2019.85,0.995,total_load_exceeds_fleet_capacity,180,60,True,2224.378262414001,2226.078225706277,2602.774545864745,2604.041022210825,high,2.0
X-n266-k58,265,ortools:quantile_p90_scaled_or_tools,quantile_p90_scaled_or_tools,ortools,False,0,,0.0,2019.8500000000004,0.9950000000000002,total_load_exceeds_fleet_capacity,180,60,True,2224.378262414001,2226.078225706277,2602.774545864745,2604.041022210825,high,2.0
X-n266-k58,265,ortools:robust_mean_1std_scaled_or_tools,robust_mean_1std_scaled_or_tools,ortools,False,0,,0.0,2019.85,0.995,total_load_exceeds_fleet_capacity,180,60,True,2224.378262414001,2226.078225706277,2602.774545864745,2604.041022210825,high,2.0
X-n266-k58,265,ortools:robust_mean_2std_scaled_or_tools,robust_mean_2std_scaled_or_tools,ortools,False,0,,4.992842435836792,2019.85,0.995,ortools_no_solution,180,60,True,2224.378262414001,2226.078225706277,2602.774545864745,2604.041022210825,high,2.0
X-n266-k58,265,ortools:nominal_seed101_or_tools,nominal_seed101_or_tools,ortools,False,0,,5.001909255981445,2015.0,0.9926108374384236,ortools_no_solution,180,60,True,2224.378262414001,2226.078225706277,2602.774545864745,2604.041022210825,high,2.0
X-n266-k58,265,ortools:nominal_seed103_or_tools,nominal_seed103_or_tools,ortools,False,0,,5.003597021102905,2015.0,0.9926108374384236,ortools_no_solution,180,60,True,2224.378262414001,2226.078225706277,2602.774545864745,2604.041022210825,high,2.0
X-n266-k58,265,ortools:proxy_mean_scaled_seed109_or_tools,proxy_mean_scaled_seed109_or_tools,ortools,False,0,,5.004221677780151,2019.85,0.995,ortools_no_solution,180,60,True,2224.378262414001,2226.078225706277,2602.774545864745,2604.041022210825,high,2.0
X-n266-k58,265,ortools:quantile_p75_scaled_seed107_or_tools,quantile_p75_scaled_seed107_or_tools,ortools,False,0,,0.0,2019.85,0.995,total_load_exceeds_fleet_capacity,180,60,True,2224.378262414001,2226.078225706277,2602.774545864745,2604.041022210825,high,2.0
X-n266-k58,265,ortools:robust_mean_1std_scaled_seed113_or_tools,robust_mean_1std_scaled_seed113_or_tools,ortools,False,0,,0.0,2019.85,0.995,total_load_exceeds_fleet_capacity,180,60,True,2224.378262414001,2226.078225706277,2602.774545864745,2604.041022210825,high,2.0
X-n153-k22,152,ortools:nominal_or_tools,nominal_or_tools,ortools,False,0,,4.998455286026001,3068.0,0.9684343434343434,ortools_no_solution,180,60,True,3432.728094979355,3434.658018280813,4042.2670573473,4044.685088686257,high,3.0
X-n153-k22,152,ortools:proxy_mean_or_tools,proxy_mean_or_tools,ortools,False,0,,0.0,3432.728094979355,1.0835631612939882,total_load_exceeds_fleet_capacity,180,60,True,3432.728094979355,3434.658018280813,4042.2670573473,4044.685088686257,high,3.0
X-n153-k22,152,ortools:quantile_p75_or_tools,quantile_p75_or_tools,ortools,False,0,,0.0,4041.441502944223,1.2757075451212825,total_load_exceeds_fleet_capacity,180,60,True,3432.728094979355,3434.658018280813,4042.2670573473,4044.685088686257,high,3.0
X-n153-k22,152,ortools:quantile_p90_or_tools,quantile_p90_or_tools,ortools,False,0,,0.0,4943.014014882998,1.560294827930239,single_node_exceeds_capacity,180,60,True,3432.728094979355,3434.658018280813,4042.2670573473,4044.685088686257,high,3.0
X-n153-k22,152,ortools:robust_mean_1std_or_tools,robust_mean_1std_or_tools,ortools,False,0,,0.0,4583.650918944637,1.4468595072426254,single_node_exceeds_capacity,180,60,True,3432.728094979355,3434.658018280813,4042.2670573473,4044.685088686257,high,3.0
X-n153-k22,152,ortools:robust_mean_2std_or_tools,robust_mean_2std_or_tools,ortools,False,0,,0.0,5734.573742909919,1.8101558531912625,single_node_exceeds_capacity,180,60,True,3432.728094979355,3434.658018280813,4042.2670573473,4044.685088686257,high,3.0
X-n153-k22,152,ortools:proxy_mean_scaled_or_tools,proxy_mean_scaled_or_tools,ortools,False,0,,4.997665643692017,3152.1600000000003,0.995,ortools_no_solution,180,60,True,3432.728094979355,3434.658018280813,4042.2670573473,4044.685088686257,high,3.0
X-n153-k22,152,ortools:quantile_p75_scaled_or_tools,quantile_p75_scaled_or_tools,ortools,False,0,,5.005731582641602,3152.1600000000003,0.995,ortools_no_solution,180,60,True,3432.728094979355,3434.658018280813,4042.2670573473,4044.685088686257,high,3.0
X-n153-k22,152,ortools:quantile_p90_scaled_or_tools,quantile_p90_scaled_or_tools,ortools,False,0,,5.005327939987183,3152.16,0.995,ortools_no_solution,180,60,True,3432.728094979355,3434.658018280813,4042.2670573473,4044.685088686257,high,3.0
X-n153-k22,152,ortools:robust_mean_1std_scaled_or_tools,robust_mean_1std_scaled_or_tools,ortools,False,0,,5.0055012702941895,3152.1599999999994,0.9949999999999998,ortools_no_solution,180,60,True,3432.728094979355,3434.658018280813,4042.2670573473,4044.685088686257,high,3.0
X-n153-k22,152,ortools:robust_mean_2std_scaled_or_tools,robust_mean_2std_scaled_or_tools,ortools,False,0,,5.005258083343506,3152.16,0.995,ortools_no_solution,180,60,True,3432.728094979355,3434.658018280813,4042.2670573473,4044.685088686257,high,3.0
X-n153-k22,152,ortools:nominal_seed101_or_tools,nominal_seed101_or_tools,ortools,False,0,,4.998453855514526,3068.0,0.9684343434343434,ortools_no_solution,180,60,True,3432.728094979355,3434.658018280813,4042.2670573473,4044.685088686257,high,3.0
X-n153-k22,152,ortools:nominal_seed103_or_tools,nominal_seed103_or_tools,ortools,False,0,,4.999442100524902,3068.0,0.9684343434343434,ortools_no_solution,180,60,True,3432.728094979355,3434.658018280813,4042.2670573473,4044.685088686257,high,3.0
X-n153-k22,152,ortools:proxy_mean_scaled_seed109_or_tools,proxy_mean_scaled_seed109_or_tools,ortools,False,0,,5.005349397659302,3152.1600000000003,0.995,ortools_no_solution,180,60,True,3432.728094979355,3434.658018280813,4042.2670573473,4044.685088686257,high,3.0
X-n153-k22,152,ortools:quantile_p75_scaled_seed107_or_tools,quantile_p75_scaled_seed107_or_tools,ortools,False,0,,4.998797655105591,3152.1600000000003,0.995,ortools_no_solution,180,60,True,3432.728094979355,3434.658018280813,4042.2670573473,4044.685088686257,high,3.0
X-n153-k22,152,ortools:robust_mean_1std_scaled_seed113_or_tools,robust_mean_1std_scaled_seed113_or_tools,ortools,False,0,,5.001899003982544,3152.1599999999994,0.9949999999999998,ortools_no_solution,180,60,True,3432.728094979355,3434.658018280813,4042.2670573473,4044.685088686257,high,3.0
X-n195-k51,194,ortools:nominal_or_tools,nominal_or_tools,ortools,False,0,,5.008038759231567,9208.0,0.9975083956234428,ortools_no_solution,180,60,True,10238.860587675676,10288.356806483622,11994.112443601494,12006.505125394722,high,3.0
X-n195-k51,194,ortools:proxy_mean_or_tools,proxy_mean_or_tools,ortools,False,0,,0.0,10238.860587675676,1.109182167444012,total_load_exceeds_fleet_capacity,180,60,True,10238.860587675676,10288.356806483622,11994.112443601494,12006.505125394722,high,3.0
X-n195-k51,194,ortools:quantile_p75_or_tools,quantile_p75_or_tools,ortools,False,0,,0.0,11948.650928361429,1.2944048237852268,total_load_exceeds_fleet_capacity,180,60,True,10238.860587675676,10288.356806483622,11994.112443601494,12006.505125394722,high,3.0
X-n195-k51,194,ortools:quantile_p90_or_tools,quantile_p90_or_tools,ortools,False,0,,0.0,14431.559498694682,1.563379861195394,total_load_exceeds_fleet_capacity,180,60,True,10238.860587675676,10288.356806483622,11994.112443601494,12006.505125394722,high,3.0
X-n195-k51,194,ortools:robust_mean_1std_or_tools,robust_mean_1std_or_tools,ortools,False,0,,0.0,13480.544555588076,1.460355817959926,total_load_exceeds_fleet_capacity,180,60,True,10238.860587675676,10288.356806483622,11994.112443601494,12006.505125394722,high,3.0
X-n195-k51,194,ortools:robust_mean_2std_or_tools,robust_mean_2std_or_tools,ortools,False,0,,0.0,16722.228523500475,1.81152946847584,single_node_exceeds_capacity,180,60,True,10238.860587675676,10288.356806483622,11994.112443601494,12006.505125394722,high,3.0
X-n195-k51,194,ortools:proxy_mean_scaled_or_tools,proxy_mean_scaled_or_tools,ortools,False,0,,5.002254009246826,9184.845,0.995,ortools_no_solution,180,60,True,10238.860587675676,10288.356806483622,11994.112443601494,12006.505125394722,high,3.0
X-n195-k51,194,ortools:quantile_p75_scaled_or_tools,quantile_p75_scaled_or_tools,ortools,False,0,,4.997903823852539,9184.844999999998,0.9949999999999998,ortools_no_solution,180,60,True,10238.860587675676,10288.356806483622,11994.112443601494,12006.505125394722,high,3.0
X-n195-k51,194,ortools:quantile_p90_scaled_or_tools,quantile_p90_scaled_or_tools,ortools,False,0,,5.001020669937134,9184.845,0.995,ortools_no_solution,180,60,True,10238.860587675676,10288.356806483622,11994.112443601494,12006.505125394722,high,3.0
X-n195-k51,194,ortools:robust_mean_1std_scaled_or_tools,robust_mean_1std_scaled_or_tools,ortools,False,0,,4.998400926589966,9184.844999999998,0.9949999999999998,ortools_no_solution,180,60,True,10238.860587675676,10288.356806483622,11994.112443601494,12006.505125394722,high,3.0
X-n195-k51,194,ortools:robust_mean_2std_scaled_or_tools,robust_mean_2std_scaled_or_tools,ortools,False,0,,5.010386943817139,9184.844999999998,0.9949999999999998,ortools_no_solution,180,60,True,10238.860587675676,10288.356806483622,11994.112443601494,12006.505125394722,high,3.0
X-n195-k51,194,ortools:nominal_seed101_or_tools,nominal_seed101_or_tools,ortools,False,0,,5.003988027572632,9208.0,0.9975083956234428,ortools_no_solution,180,60,True,10238.860587675676,10288.356806483622,11994.112443601494,12006.505125394722,high,3.0
X-n195-k51,194,ortools:nominal_seed103_or_tools,nominal_seed103_or_tools,ortools,False,0,,5.010005474090576,9208.0,0.9975083956234428,ortools_no_solution,180,60,True,10238.860587675676,10288.356806483622,11994.112443601494,12006.505125394722,high,3.0
X-n195-k51,194,ortools:proxy_mean_scaled_seed109_or_tools,proxy_mean_scaled_seed109_or_tools,ortools,False,0,,5.014042854309082,9184.845,0.995,ortools_no_solution,180,60,True,10238.860587675676,10288.356806483622,11994.112443601494,12006.505125394722,high,3.0
X-n195-k51,194,ortools:quantile_p75_scaled_seed107_or_tools,quantile_p75_scaled_seed107_or_tools,ortools,False,0,,5.007828712463379,9184.844999999998,0.9949999999999998,ortools_no_solution,180,60,True,10238.860587675676,10288.356806483622,11994.112443601494,12006.505125394722,high,3.0
X-n195-k51,194,ortools:robust_mean_1std_scaled_seed113_or_tools,robust_mean_1std_scaled_seed113_or_tools,ortools,False,0,,5.002799272537232,9184.844999999998,0.9949999999999998,ortools_no_solution,180,60,True,10238.860587675676,10288.356806483622,11994.112443601494,12006.505125394722,high,3.0
X-n233-k16,232,ortools:nominal_or_tools,nominal_or_tools,ortools,False,0,,5.003284454345703,10093.0,0.999702852614897,ortools_no_solution,180,60,True,11334.41800874414,11355.553726611492,13290.364120543143,13318.41245506052,high,3.0
X-n233-k16,232,ortools:proxy_mean_or_tools,proxy_mean_or_tools,ortools,False,0,,0.0,11334.41800874414,1.122664224320933,total_load_exceeds_fleet_capacity,180,60,True,11334.41800874414,11355.553726611492,13290.364120543143,13318.41245506052,high,3.0
X-n233-k16,232,ortools:quantile_p75_or_tools,quantile_p75_or_tools,ortools,False,0,,0.0,13280.05652661881,1.315378023634985,total_load_exceeds_fleet_capacity,180,60,True,11334.41800874414,11355.553726611492,13290.364120543143,13318.41245506052,high,3.0
X-n233-k16,232,ortools:quantile_p90_or_tools,quantile_p90_or_tools,ortools,False,0,,0.0,16005.918678705548,1.5853722938495989,total_load_exceeds_fleet_capacity,180,60,True,11334.41800874414,11355.553726611492,13290.364120543143,13318.41245506052,high,3.0
X-n233-k16,232,ortools:robust_mean_1std_or_tools,robust_mean_1std_or_tools,ortools,False,0,,0.0,14932.769901390266,1.4790778428476887,total_load_exceeds_fleet_capacity,180,60,True,11334.41800874414,11355.553726611492,13290.364120543143,13318.41245506052,high,3.0
X-n233-k16,232,ortools:robust_mean_2std_or_tools,robust_mean_2std_or_tools,ortools,False,0,,0.0,18531.1217940364,1.8354914613744449,total_load_exceeds_fleet_capacity,180,60,True,11334.41800874414,11355.553726611492,13290.364120543143,13318.41245506052,high,3.0
X-n233-k16,232,ortools:proxy_mean_scaled_or_tools,proxy_mean_scaled_or_tools,ortools,True,16,23289.0,5.006700038909912,10045.52,0.995,,180,60,True,11334.41800874414,11355.553726611492,13290.364120543143,13318.41245506052,high,3.0
X-n233-k16,232,ortools:quantile_p75_scaled_or_tools,quantile_p75_scaled_or_tools,ortools,False,0,,5.001141548156738,10045.52,0.995,ortools_no_solution,180,60,True,11334.41800874414,11355.553726611492,13290.364120543143,13318.41245506052,high,3.0
X-n233-k16,232,ortools:quantile_p90_scaled_or_tools,quantile_p90_scaled_or_tools,ortools,True,16,24085.0,5.01072883605957,10045.520000000002,0.9950000000000002,,180,60,True,11334.41800874414,11355.553726611492,13290.364120543143,13318.41245506052,high,3.0
X-n233-k16,232,ortools:robust_mean_1std_scaled_or_tools,robust_mean_1std_scaled_or_tools,ortools,False,0,,5.010787725448608,10045.52,0.995,ortools_no_solution,180,60,True,11334.41800874414,11355.553726611492,13290.364120543143,13318.41245506052,high,3.0
X-n233-k16,232,ortools:robust_mean_2std_scaled_or_tools,robust_mean_2std_scaled_or_tools,ortools,True,16,23942.0,4.998700380325317,10045.52,0.995,,180,60,True,11334.41800874414,11355.553726611492,13290.364120543143,13318.41245506052,high,3.0
X-n233-k16,232,ortools:nominal_seed101_or_tools,nominal_seed101_or_tools,ortools,False,0,,5.000516891479492,10093.0,0.999702852614897,ortools_no_solution,180,60,True,11334.41800874414,11355.553726611492,13290.364120543143,13318.41245506052,high,3.0
X-n233-k16,232,ortools:nominal_seed103_or_tools,nominal_seed103_or_tools,ortools,False,0,,4.993174314498901,10093.0,0.999702852614897,ortools_no_solution,180,60,True,11334.41800874414,11355.553726611492,13290.364120543143,13318.41245506052,high,3.0
X-n233-k16,232,ortools:proxy_mean_scaled_seed109_or_tools,proxy_mean_scaled_seed109_or_tools,ortools,True,16,24971.0,5.001018762588501,10045.52,0.995,,180,60,True,11334.41800874414,11355.553726611492,13290.364120543143,13318.41245506052,high,3.0
X-n233-k16,232,ortools:quantile_p75_scaled_seed107_or_tools,quantile_p75_scaled_seed107_or_tools,ortools,True,16,22235.0,5.004918575286865,10045.52,0.995,,180,60,True,11334.41800874414,11355.553726611492,13290.364120543143,13318.41245506052,high,3.0
X-n233-k16,232,ortools:robust_mean_1std_scaled_seed113_or_tools,robust_mean_1std_scaled_seed113_or_tools,ortools,True,16,24229.0,5.00009036064148,10045.52,0.995,,180,60,True,11334.41800874414,11355.553726611492,13290.364120543143,13318.41245506052,high,3.0
X-n270-k35,269,ortools:nominal_or_tools,nominal_or_tools,ortools,False,0,,5.004808902740479,20419.0,0.9972649572649572,ortools_no_solution,180,60,True,23040.355544311136,23095.523995042688,27375.02728135898,27433.89173048248,high,3.0
X-n270-k35,269,ortools:proxy_mean_or_tools,proxy_mean_or_tools,ortools,False,0,,0.0,23040.355544311136,1.125292090076246,total_load_exceeds_fleet_capacity,180,60,True,23040.355544311136,23095.523995042688,27375.02728135898,27433.89173048248,high,3.0
X-n270-k35,269,ortools:quantile_p75_or_tools,quantile_p75_or_tools,ortools,False,0,,0.0,26713.702051813943,1.304698512909106,total_load_exceeds_fleet_capacity,180,60,True,23040.355544311136,23095.523995042688,27375.02728135898,27433.89173048248,high,3.0
X-n270-k35,269,ortools:quantile_p90_or_tools,quantile_p90_or_tools,ortools,False,0,,0.0,32010.96922277502,1.563417300257632,total_load_exceeds_fleet_capacity,180,60,True,23040.355544311136,23095.523995042688,27375.02728135898,27433.89173048248,high,3.0
X-n270-k35,269,ortools:robust_mean_1std_or_tools,robust_mean_1std_or_tools,ortools,False,0,,0.0,29994.417017623466,1.464928792069522,total_load_exceeds_fleet_capacity,180,60,True,23040.355544311136,23095.523995042688,27375.02728135898,27433.89173048248,high,3.0
X-n270-k35,269,ortools:robust_mean_2std_or_tools,robust_mean_2std_or_tools,ortools,False,0,,0.0,36948.47849093578,1.804565494062797,total_load_exceeds_fleet_capacity,180,60,True,23040.355544311136,23095.523995042688,27375.02728135898,27433.89173048248,high,3.0
X-n270-k35,269,ortools:proxy_mean_scaled_or_tools,proxy_mean_scaled_or_tools,ortools,False,0,,5.003449440002441,20372.625,0.995,ortools_no_solution,180,60,True,23040.355544311136,23095.523995042688,27375.02728135898,27433.89173048248,high,3.0
X-n270-k35,269,ortools:quantile_p75_scaled_or_tools,quantile_p75_scaled_or_tools,ortools,False,0,,5.000796794891357,20372.625,0.995,ortools_no_solution,180,60,True,23040.355544311136,23095.523995042688,27375.02728135898,27433.89173048248,high,3.0
X-n270-k35,269,ortools:quantile_p90_scaled_or_tools,quantile_p90_scaled_or_tools,ortools,False,0,,5.011218070983887,20372.625,0.995,ortools_no_solution,180,60,True,23040.355544311136,23095.523995042688,27375.02728135898,27433.89173048248,high,3.0
X-n270-k35,269,ortools:robust_mean_1std_scaled_or_tools,robust_mean_1std_scaled_or_tools,ortools,False,0,,5.0044004917144775,20372.625,0.9949999999999998,ortools_no_solution,180,60,True,23040.355544311136,23095.523995042688,27375.02728135898,27433.89173048248,high,3.0
X-n270-k35,269,ortools:robust_mean_2std_scaled_or_tools,robust_mean_2std_scaled_or_tools,ortools,False,0,,4.993428468704224,20372.625,0.995,ortools_no_solution,180,60,True,23040.355544311136,23095.523995042688,27375.02728135898,27433.89173048248,high,3.0
X-n270-k35,269,ortools:nominal_seed101_or_tools,nominal_seed101_or_tools,ortools,False,0,,5.000746965408325,20419.0,0.9972649572649572,ortools_no_solution,180,60,True,23040.355544311136,23095.523995042688,27375.02728135898,27433.89173048248,high,3.0
X-n270-k35,269,ortools:nominal_seed103_or_tools,nominal_seed103_or_tools,ortools,False,0,,5.014349460601807,20419.0,0.9972649572649572,ortools_no_solution,180,60,True,23040.355544311136,23095.523995042688,27375.02728135898,27433.89173048248,high,3.0
X-n270-k35,269,ortools:proxy_mean_scaled_seed109_or_tools,proxy_mean_scaled_seed109_or_tools,ortools,False,0,,4.998211860656738,20372.625,0.995,ortools_no_solution,180,60,True,23040.355544311136,23095.523995042688,27375.02728135898,27433.89173048248,high,3.0
X-n270-k35,269,ortools:quantile_p75_scaled_seed107_or_tools,quantile_p75_scaled_seed107_or_tools,ortools,False,0,,5.014533996582031,20372.625,0.995,ortools_no_solution,180,60,True,23040.355544311136,23095.523995042688,27375.02728135898,27433.89173048248,high,3.0
X-n270-k35,269,ortools:robust_mean_1std_scaled_seed113_or_tools,robust_mean_1std_scaled_seed113_or_tools,ortools,False,0,,5.013697385787964,20372.625,0.9949999999999998,ortools_no_solution,180,60,True,23040.355544311136,23095.523995042688,27375.02728135898,27433.89173048248,high,3.0
