atm_id,det_load_TL
1,100257.92119252318
2,64989.58372532604
3,76981.32629957628
4,60771.10857699341
5,103511.5718297032
6,48455.453252713865
7,55309.16095077618
8,46653.09153617521
9,42224.040063200715
10,78825.82682261438
11,78460.13024645578
12,63904.57251819358
13,112188.41817623722
14,51472.41710825531
15,58198.56562393975
16,44155.4059699093
17,37038.356973649315
18,33529.82474114764
19,67870.40079279346
20,36810.496102546225
