model,mean_cost,mean_stockout,mean_regret,mae
MSE-P&O,234319.9929082142,27.66304347826087,82192.16186046535,16822.503515930926
Quantile-P75,244415.1093506247,28.097826086956523,92287.27830287583,14060.894894843112
SPO+,235112.63986541374,25.76086956521739,82984.8088176649,13622.505289716453
