Instance,Customers,Domain,Candidate,Route Plan,Routing Provider,Route Feasible,LP Feasible,Candidate Feasible,Route Count,Route Cost,Route Runtime Sec,LP Runtime Sec,Total Runtime Sec,Planned Route Load Total,Planned Route Load Ratio,LP Backend,Score Metric,Score Value,Reason,lp_planning_scenarios_original,lp_planning_scenarios_used,lp_scenario_reduced,lp_original_total_demand_mean,lp_reduced_total_demand_mean,lp_original_total_demand_p90,lp_reduced_total_demand_p90,Objective Value Train,Optimized Load Total,mean_total_cost,p90_total_cost,cvar90_total_cost,mean_shortfall,p90_shortfall,stockout_rate,mean_surplus,mean_domain_loss,mean_load_penalty_loss,Risk Source Run,Source Chunk,Primary Score,Primary Score Minimum,Primary Score Relative Gap
X-n106-k14,105,atm,ortools:nominal_seed101_or_tools,nominal_seed101_or_tools,ortools,True,True,True,14,27425.0,4.999421119689941,0.7844493389129639,5.783870458602905,7864.0,0.9361904761904762,pulp_cbc,mean_domain_loss,2748.2930429128896,,180,60,True,8678.48886970813,8708.388879095239,10372.84775102459,10379.445766360304,6405.605381442355,8399.999995999999,30173.293042912894,31897.26599766773,33014.588640671966,695.5387654866415,1198.8336561409112,0.3797142857142857,1183.8874840021133,2748.2930429128896,0.0,medium,,2748.2930429128896,2748.2930429128896,0.0
X-n106-k14,105,cargo,ortools:nominal_seed101_or_tools,nominal_seed101_or_tools,ortools,True,True,True,14,27425.0,4.999421119689941,0.7256789207458496,5.725100040435791,7864.0,0.9361904761904762,pulp_cbc,mean_domain_loss,2059.8620187528672,,180,60,True,8678.48886970813,8708.388879095239,10372.84775102459,10379.445766360304,5818.556281301745,8400.000001,29484.862018752865,30837.941343318787,31668.56657801956,694.2233660658711,1199.8059912198296,0.3771428571428571,1182.572089581343,2059.8620187528672,0.0,medium,,2059.8620187528672,2059.8620187528672,0.0
X-n106-k14,105,cold_chain,ortools:nominal_seed101_or_tools,nominal_seed101_or_tools,ortools,True,True,True,14,27425.0,4.999421119689941,0.7223830223083496,5.721804141998291,7864.0,0.9361904761904762,pulp_cbc,mean_domain_loss,2788.622184976932,,180,60,True,8678.48886970813,8708.388879095239,10372.84775102459,10379.445766360304,7070.766932443664,8350.391932999999,31734.38763257724,32651.33021729003,33396.906885872595,700.0981077344026,1202.1821621107174,0.3755238095238095,1138.8387632498743,2788.622184976932,1520.7654476003015,medium,,2788.622184976932,2788.622184976932,0.0
X-n106-k14,105,grocery,ortools:nominal_seed101_or_tools,nominal_seed101_or_tools,ortools,True,True,True,14,27425.0,4.999421119689941,0.7244720458984375,5.723893165588379,7864.0,0.9361904761904762,pulp_cbc,mean_domain_loss,1890.1919422785213,,180,60,True,8678.48886970813,8708.388879095239,10372.84775102459,10379.445766360304,3095.6896988900376,8388.949703,29315.19194227852,30074.13884247028,30648.304332195687,696.2345330595385,1199.2830349602723,0.3783809523809524,1173.5329585750103,1890.1919422785213,0.0,medium,,1890.1919422785213,1890.1919422785213,0.0
X-n110-k13,109,atm,ortools:proxy_mean_scaled_or_tools,proxy_mean_scaled_or_tools,ortools,True,True,True,13,16439.0,4.99757981300354,0.7238273620605469,5.721407175064087,853.7099999999999,0.995,pulp_cbc,mean_domain_loss,364.1820445717232,,180,60,True,922.107056749831,926.0446089731709,1096.1448904465033,1097.6485758926672,757.6819555241201,858.0000011,16803.182044571724,17178.498124894657,17531.427140292948,94.04854094138712,202.60999770081904,0.4193577981651376,107.57653379123366,364.1820445717232,0.0,medium,,364.1820445717232,364.1820445717232,0.0
X-n110-k13,109,cargo,ortools:proxy_mean_scaled_or_tools,proxy_mean_scaled_or_tools,ortools,True,True,True,13,16439.0,4.99757981300354,0.8212237358093262,5.818803548812866,853.7099999999999,0.995,pulp_cbc,mean_domain_loss,274.38095278114463,,180,60,True,922.107056749831,926.0446089731709,1096.1448904465033,1097.6485758926672,684.8107296216272,857.9999993,16713.380952781143,16994.327094824934,17266.817021762592,94.5299652896207,203.42703445925744,0.4241284403669725,108.05795633946722,274.38095278114463,0.0,medium,,274.38095278114463,274.38095278114463,0.0
X-n110-k13,109,cold_chain,ortools:proxy_mean_scaled_or_tools,proxy_mean_scaled_or_tools,ortools,True,True,True,13,16439.0,4.99757981300354,0.8053743839263916,5.802954196929932,853.7099999999999,0.995,pulp_cbc,mean_domain_loss,340.68849751542524,,180,60,True,922.107056749831,926.0446089731709,1096.1448904465033,1097.6485758926672,797.633405042239,858.0000011,16941.109704982275,17154.105629773443,17407.801236644933,94.34325685393156,201.51886375905048,0.4180733944954128,107.87124970377806,340.68849751542524,161.4212074668497,medium,,340.68849751542524,340.68849751542524,0.0
X-n110-k13,109,grocery,ortools:proxy_mean_scaled_or_tools,proxy_mean_scaled_or_tools,ortools,True,True,True,13,16439.0,4.99757981300354,0.714425802230835,5.712005615234375,853.7099999999999,0.995,pulp_cbc,mean_domain_loss,234.9093451197681,,180,60,True,922.107056749831,926.0446089731709,1096.1448904465033,1097.6485758926672,358.8240928507556,858.0000006,16673.90934511977,16848.55095941915,17039.479481751623,94.0175147468046,201.72546424081892,0.4166055045871559,107.5455070966511,234.9093451197681,0.0,medium,,234.9093451197681,234.9093451197681,0.0
X-n115-k10,114,atm,ortools:nominal_seed101_or_tools,nominal_seed101_or_tools,ortools,True,True,True,10,13293.0,4.9994518756866455,0.7465560436248779,5.746007919311523,1535.0,0.908284023668639,pulp_cbc,mean_domain_loss,777.6402806709661,,180,60,True,1696.498515200886,1698.9645533588098,2024.6258510269995,2026.4340508376151,1371.6381350782935,1690.00000773,14070.640280670968,14828.350866665962,15391.205601509952,188.6269351328029,386.2844916160241,0.3783333333333333,281.4311012001081,777.6402806709661,0.0,medium,,777.6402806709661,777.6402806709661,0.0
X-n115-k10,114,cargo,ortools:nominal_seed101_or_tools,nominal_seed101_or_tools,ortools,True,True,True,10,13293.0,4.9994518756866455,0.803525447845459,5.8029773235321045,1535.0,0.908284023668639,pulp_cbc,mean_domain_loss,582.5397757824704,,180,60,True,1696.498515200886,1698.9645533588098,2024.6258510269995,2026.4340508376151,1232.3173644133717,1690.00000283,13875.539775782468,14460.132819448823,14876.085129864829,191.0321699370128,393.4708423442263,0.3854385964912281,283.8363311043181,582.5397757824704,0.0,medium,,582.5397757824704,582.5397757824704,0.0
X-n115-k10,114,cold_chain,ortools:nominal_seed101_or_tools,nominal_seed101_or_tools,ortools,True,True,True,10,13293.0,4.9994518756866455,0.7695567607879639,5.769008636474609,1535.0,0.908284023668639,pulp_cbc,mean_domain_loss,776.700882791405,,180,60,True,1696.498515200886,1698.9645533588098,2024.6258510269995,2026.4340508376151,1544.0816886347604,1689.9999948,14367.127331402244,14857.105419456697,15202.603524700728,188.50592564993528,383.3430804954208,0.3597368421052631,281.31007878724057,776.700882791405,297.4264486108382,medium,,776.700882791405,776.700882791405,0.0
X-n115-k10,114,grocery,ortools:nominal_seed101_or_tools,nominal_seed101_or_tools,ortools,True,True,True,10,13293.0,4.9994518756866455,0.7105214595794678,5.709973335266113,1535.0,0.908284023668639,pulp_cbc,mean_domain_loss,522.2532530989699,,180,60,True,1696.498515200886,1698.9645533588098,2024.6258510269995,2026.4340508376151,683.8615511221763,1690.000009,13815.253253098974,14187.881287788585,14471.802398507129,188.68328626172715,386.3518170133175,0.3707894736842105,281.4874535990324,522.2532530989699,0.0,medium,,522.2532530989699,522.2532530989699,0.0
X-n120-k6,119,atm,ortools:nominal_seed101_or_tools,nominal_seed101_or_tools,ortools,True,True,True,6,14404.0,4.996934413909912,1.0270013809204102,6.023935794830322,119.0,0.9444444444444444,pulp_cbc,mean_domain_loss,50.18015681760088,,180,60,True,133.52122460451002,133.78447753711538,155.4085028189589,155.70208638891222,105.61851985273104,125.99999993,14454.1801568176,14492.996443293772,14520.840236416534,13.026570547010255,24.22606299875746,0.4307563025210084,17.27124245079859,50.18015681760088,0.0,medium,,50.18015681760088,50.18015681760088,0.0
X-n120-k6,119,cargo,ortools:nominal_seed101_or_tools,nominal_seed101_or_tools,ortools,True,True,True,6,14404.0,4.996934413909912,1.1463639736175537,6.143298387527466,119.0,0.9444444444444444,pulp_cbc,mean_domain_loss,38.39383626884781,,180,60,True,133.52122460451002,133.78447753711538,155.4085028189589,155.70208638891222,96.05719618921049,126.00000009,14442.393836268846,14472.654360725624,14494.043016835014,13.174552967930987,24.50665017117956,0.4349579831932773,17.419225031719325,38.39383626884781,0.0,medium,,38.39383626884781,38.39383626884781,0.0
X-n120-k6,119,cold_chain,ortools:nominal_seed101_or_tools,nominal_seed101_or_tools,ortools,True,True,True,6,14404.0,4.996934413909912,1.0066215991973877,6.0035560131073,119.0,0.9444444444444444,pulp_cbc,mean_domain_loss,46.84196804803088,,180,60,True,133.52122460451002,133.78447753711538,155.4085028189589,155.70208638891222,111.2530195537686,123.98894292000004,14473.023733007642,14496.162463096032,14515.41366308164,13.187466250695168,24.4129656595649,0.4350420168067226,15.421081144483503,46.84196804803088,22.18176495961129,medium,,46.84196804803088,46.84196804803088,0.0
X-n120-k6,119,grocery,ortools:nominal_seed101_or_tools,nominal_seed101_or_tools,ortools,True,True,True,6,14404.0,4.996934413909912,1.1323058605194092,6.129240274429321,119.0,0.9444444444444444,pulp_cbc,mean_domain_loss,32.559513820423966,,180,60,True,133.52122460451002,133.78447753711538,155.4085028189589,155.70208638891222,50.93720576685841,124.73241838999998,14436.55951382042,14454.654028904546,14469.678984814524,13.069735748212755,24.29971152144355,0.4336974789915966,16.046826112001092,32.559513820423966,0.0,medium,,32.559513820423966,32.559513820423966,0.0
X-n120-k6,119,grocery,ortools:quantile_p75_scaled_seed107_or_tools,quantile_p75_scaled_seed107_or_tools,ortools,True,True,True,6,14111.0,4.996662139892578,1.016110897064209,6.012773036956787,125.36999999999998,0.9949999999999998,pulp_cbc,mean_domain_loss,32.58657903389567,,180,60,True,133.52122460451002,133.78447753711538,155.4085028189589,155.70208638891222,50.97583605920819,124.39527102999998,14143.586579033896,14162.843603305568,14177.264865158668,13.123142068879076,24.893995733414982,0.4305042016806722,15.763085072667414,32.58657903389567,0.0,medium,,32.58657903389567,32.559513820423966,0.0008312536121077951
X-n129-k18,128,atm,ortools:robust_mean_1std_scaled_seed113_or_tools,robust_mean_1std_scaled_seed113_or_tools,ortools,True,True,True,18,33799.0,4.998306751251221,0.940281629562378,5.938588380813599,698.4899999999999,0.995,pulp_cbc,mean_domain_loss,299.72499004697625,,180,60,True,727.1353695075978,729.545141336595,853.7757199603714,854.5229848707611,580.9015029184474,702.00000185,34098.724990046976,34319.071955875115,34594.04450805763,76.37821020472867,137.08297322674233,0.415078125,91.46514292652938,299.72499004697625,0.0,medium,,299.72499004697625,299.72499004697625,0.0
X-n129-k18,128,cargo,ortools:robust_mean_2std_scaled_or_tools,robust_mean_2std_scaled_or_tools,ortools,True,True,True,18,33757.0,5.003014802932739,0.9605023860931396,5.963517189025879,698.4900000000001,0.9950000000000002,pulp_cbc,mean_domain_loss,222.983502034254,,180,60,True,727.1353695075978,729.545141336595,853.7757199603714,854.5229848707611,524.8954195619019,702.0000006600001,33979.98350203426,34149.544794864174,34352.65168309516,76.89964500257497,137.8564578012109,0.40765625,91.98657653437571,222.983502034254,0.0,medium,,222.983502034254,222.983502034254,0.0
X-n129-k18,128,cargo,ortools:robust_mean_1std_scaled_seed113_or_tools,robust_mean_1std_scaled_seed113_or_tools,ortools,True,True,True,18,33799.0,4.998306751251221,0.9025025367736816,5.900809288024902,698.4899999999999,0.995,pulp_cbc,mean_domain_loss,223.0036069511017,,180,60,True,727.1353695075978,729.545141336595,853.7757199603714,854.5229848707611,524.6702460359405,701.99999997,34022.0036069511,34189.66824366217,34395.77176254371,76.72713551270675,136.89188119942602,0.403828125,91.81406635450747,223.0036069511017,0.0,medium,,223.0036069511017,222.983502034254,9.016324824155475e-05
X-n129-k18,128,cold_chain,ortools:robust_mean_1std_scaled_seed113_or_tools,robust_mean_1std_scaled_seed113_or_tools,ortools,True,True,True,18,33799.0,4.998306751251221,1.004490852355957,6.002797603607178,698.4899999999999,0.995,pulp_cbc,mean_domain_loss,284.21520884216176,,180,60,True,727.1353695075978,729.545141336595,853.7757199603714,854.5229848707611,636.1036092692957,702.00000194,34212.64319152196,34360.477864709006,34528.65928034541,76.47260269923791,136.43498046314863,0.40828125,91.55953551103865,284.21520884216176,129.4279826797938,medium,,284.21520884216176,284.21520884216176,0.0
X-n129-k18,128,grocery,ortools:robust_mean_1std_scaled_seed113_or_tools,robust_mean_1std_scaled_seed113_or_tools,ortools,True,True,True,18,33799.0,4.998306751251221,0.9154863357543944,5.913793087005615,698.4899999999999,0.995,pulp_cbc,mean_domain_loss,194.5715418976228,,180,60,True,727.1353695075978,729.545141336595,853.7757199603714,854.5229848707611,275.95965502423365,702.00000108,33993.57154189762,34107.08635967669,34241.078120680344,76.35847208783456,137.5767669847423,0.415625,91.44540403963528,194.5715418976228,0.0,medium,,194.5715418976228,194.5715418976228,0.0
X-n134-k13,133,atm,ortools:nominal_seed101_or_tools,nominal_seed101_or_tools,ortools,True,True,True,13,12635.0,4.999899625778198,0.938624620437622,5.93852424621582,8220.0,0.9833712166527095,pulp_cbc,mean_domain_loss,3793.488372404494,,180,60,True,9183.395205809104,9198.564456324051,11030.147738079117,11050.704860248838,8181.241689470445,8358.9999938,16428.488372404492,18852.32724406231,22466.34765497997,994.3124860229708,1691.3831556442867,0.4612781954887218,932.3880986914512,3793.488372404494,0.0,medium,,3793.488372404494,3793.488372404494,0.0
X-n134-k13,133,atm,ortools:nominal_seed103_or_tools,nominal_seed103_or_tools,ortools,True,True,True,13,12210.0,5.003038644790649,0.8235633373260498,5.826601982116699,8220.0,0.9833712166527095,pulp_cbc,mean_domain_loss,3794.452391810793,,180,60,True,9183.395205809104,9198.564456324051,11030.147738079117,11050.704860248838,8182.523165495621,8359.0000064,16004.452391810795,18422.740971404462,22045.75669761709,994.4922910511284,1688.281720325176,0.4613533834586466,932.5679163196088,3794.452391810793,0.0,medium,,3794.452391810793,3793.488372404494,0.00025412478216929103
X-n134-k13,133,atm,ortools:robust_mean_1std_scaled_or_tools,robust_mean_1std_scaled_or_tools,ortools,True,True,True,13,14509.0,5.00058913230896,0.9171814918518066,5.917770624160767,8317.205000000002,0.9950000000000002,pulp_cbc,mean_domain_loss,3794.837714984225,,180,60,True,9183.395205809104,9198.564456324051,11030.147738079117,11050.704860248838,8180.662451520805,8358.999989800002,18303.837714984227,20726.586486328888,24350.78614212427,995.913224618718,1693.2971765639022,0.4625563909774436,933.9888332871984,3794.837714984225,0.0,medium,,3794.837714984225,3793.488372404494,0.000355699674617883
X-n134-k13,133,cargo,ortools:quantile_p75_scaled_or_tools,quantile_p75_scaled_or_tools,ortools,True,True,True,13,15401.0,5.0022873878479,0.8517699241638184,5.854057312011719,8317.205,0.995,pulp_cbc,mean_domain_loss,2783.165318312376,,180,60,True,9183.395205809104,9198.564456324051,11030.147738079117,11050.704860248838,7213.58105407049,8358.9999809,18184.16531831237,19998.655843704608,22646.16411814116,1002.4450453097622,1697.0606282270785,0.4486466165413534,940.5206450782426,2783.165318312376,0.0,medium,,2783.165318312376,2783.165318312376,0.0
X-n134-k13,133,cargo,ortools:nominal_seed101_or_tools,nominal_seed101_or_tools,ortools,True,True,True,13,12635.0,4.999899625778198,0.8853096961975098,5.885209321975708,8220.0,0.9833712166527095,pulp_cbc,mean_domain_loss,2784.7382126081984,,180,60,True,9183.395205809104,9198.564456324051,11030.147738079117,11050.704860248838,7235.512320505766,8358.9999974,15419.738212608198,17256.49873084052,19897.735385738903,997.2705090927116,1698.461243509539,0.4550375939849624,935.346125361192,2784.7382126081984,0.0,medium,,2784.7382126081984,2783.165318312376,0.0005651458378966726
X-n134-k13,133,cargo,ortools:robust_mean_1std_scaled_or_tools,robust_mean_1std_scaled_or_tools,ortools,True,True,True,13,14509.0,5.00058913230896,0.8502037525177002,5.85079288482666,8317.205000000002,0.9950000000000002,pulp_cbc,mean_domain_loss,2784.7555908310296,,180,60,True,9183.395205809104,9198.564456324051,11030.147738079117,11050.704860248838,7213.040464412831,8359.000007499999,17293.755590831028,19100.570549392058,21760.610959643083,1003.762011429377,1690.816157350942,0.4478947368421053,941.8376377978576,2784.7555908310296,0.0,medium,,2784.7555908310296,2783.165318312376,0.0005713898876902184
X-n134-k13,133,cold_chain,ortools:nominal_seed103_or_tools,nominal_seed103_or_tools,ortools,True,True,True,13,12210.0,5.003038644790649,0.8587603569030762,5.861799001693726,8220.0,0.9833712166527095,pulp_cbc,mean_domain_loss,3398.958759718684,,180,60,True,9183.395205809104,9198.564456324051,11030.147738079117,11050.704860248838,8146.56082611847,8358.9999909,16959.807652413565,18412.324460591084,20877.92189584178,993.1099813341538,1682.9397337862154,0.4563157894736842,931.185591102634,3398.958759718684,1350.8488926948796,medium,,3398.958759718684,3398.958759718684,0.0
X-n134-k13,133,grocery,ortools:robust_mean_1std_scaled_or_tools,robust_mean_1std_scaled_or_tools,ortools,True,True,True,13,14509.0,5.00058913230896,0.957064151763916,5.957653284072876,8317.205000000002,0.9950000000000002,pulp_cbc,mean_domain_loss,2369.4823242808843,,180,60,True,9183.395205809104,9198.564456324051,11030.147738079117,11050.704860248838,3796.889004123346,8359.000001100001,16878.48232428088,18029.11126920094,19937.619314711927,994.7295539024976,1694.447638133087,0.462406015037594,932.805173870978,2369.4823242808843,0.0,medium,,2369.4823242808843,2369.4823242808843,0.0
X-n134-k13,133,grocery,ortools:quantile_p75_scaled_or_tools,quantile_p75_scaled_or_tools,ortools,True,True,True,13,15401.0,5.0022873878479,0.9673724174499512,5.969659805297852,8317.205,0.995,pulp_cbc,mean_domain_loss,2369.621622171581,,180,60,True,9183.395205809104,9198.564456324051,11030.147738079117,11050.704860248838,3793.982694050146,8358.9999995,17770.62162217158,18934.847584156767,20817.15268146412,994.5683550825396,1692.974832583723,0.4605263157894737,932.64397345102,2369.621622171581,0.0,medium,,2369.621622171581,2369.4823242808843,5.8788322355939515e-05
X-n134-k13,133,grocery,ortools:nominal_seed103_or_tools,nominal_seed103_or_tools,ortools,True,True,True,13,12210.0,5.003038644790649,0.8878412246704102,5.89087986946106,8220.0,0.9833712166527095,pulp_cbc,mean_domain_loss,2369.921520178373,,180,60,True,9183.395205809104,9198.564456324051,11030.147738079117,11050.704860248838,3795.945063216039,8358.9999959,14579.921520178374,15773.80557829312,17631.48094119633,994.6684730089936,1688.3983686740603,0.4583458646616541,932.7440877774742,2369.921520178373,0.0,medium,,2369.921520178373,2369.4823242808843,0.00018535521155328127
X-n134-k13,133,grocery,ortools:nominal_seed101_or_tools,nominal_seed101_or_tools,ortools,True,True,True,13,12635.0,4.999899625778198,0.971625804901123,5.971525430679321,8220.0,0.9833712166527095,pulp_cbc,mean_domain_loss,2369.94240898806,,180,60,True,9183.395205809104,9198.564456324051,11030.147738079117,11050.704860248838,3794.795150091535,8358.999996300001,15004.94240898806,16168.374680703324,18052.18669088456,994.6962707637229,1692.1166502778624,0.4594736842105263,932.7718859322028,2369.94240898806,0.0,medium,,2369.94240898806,2369.4823242808843,0.00019417098091889843
X-n139-k10,138,atm,ortools:proxy_mean_scaled_seed109_or_tools,proxy_mean_scaled_seed109_or_tools,ortools,True,True,True,10,15996.0,5.014383316040039,1.0764892101287842,6.090872526168823,1054.7000000000005,0.9950000000000002,pulp_cbc,mean_domain_loss,427.4948558806679,,180,60,True,1146.307606641427,1148.216888591183,1334.618975008724,1335.9433230902955,888.6517368171814,1059.9999979999998,16423.49485588067,16714.841359212412,17075.98626602267,110.64455332501736,191.68507106394105,0.4182608695652174,129.25476519491315,427.4948558806679,0.0,medium,,427.4948558806679,427.4948558806679,0.0
X-n139-k10,138,atm,ortools:nominal_or_tools,nominal_or_tools,ortools,True,True,True,10,14877.0,5.000831127166748,1.178234338760376,6.179065465927124,1039.0,0.980188679245283,pulp_cbc,mean_domain_loss,427.74397507376096,,180,60,True,1146.307606641427,1148.216888591183,1334.618975008724,1335.9433230902955,890.7504342892075,1060.0000004,15304.74397507376,15596.873661058404,15958.702433200688,110.72537329907613,192.0648618164694,0.4218840579710144,129.33558756897193,427.74397507376096,0.0,medium,,427.74397507376096,427.4948558806679,0.0005827419667538765
X-n139-k10,138,cargo,ortools:proxy_mean_scaled_seed109_or_tools,proxy_mean_scaled_seed109_or_tools,ortools,True,True,True,10,15996.0,5.014383316040039,1.164900302886963,6.179283618927002,1054.7000000000005,0.9950000000000002,pulp_cbc,mean_domain_loss,320.9994606549765,,180,60,True,1146.307606641427,1148.216888591183,1334.618975008724,1335.9433230902955,791.7064094341592,1059.9999996,16316.99946065498,16536.839355242155,16815.481784866362,111.0908864189847,190.1730126418212,0.417391304347826,129.70109988888052,320.9994606549765,0.0,medium,,320.9994606549765,320.9994606549765,0.0
X-n139-k10,138,cold_chain,ortools:proxy_mean_scaled_seed109_or_tools,proxy_mean_scaled_seed109_or_tools,ortools,True,True,True,10,15996.0,5.014383316040039,1.1199195384979248,6.134302854537964,1054.7000000000005,0.9950000000000002,pulp_cbc,mean_domain_loss,399.6249669131768,,180,60,True,1146.307606641427,1148.216888591183,1334.618975008724,1335.9433230902955,938.7640299072956,1059.9999997999998,16593.194023154,16755.168644750025,17002.77544858774,110.55896859393955,189.4562583350963,0.4138405797101449,129.16918226383532,399.6249669131768,197.56905624082336,medium,,399.6249669131768,399.6249669131768,0.0
X-n139-k10,138,grocery,ortools:proxy_mean_scaled_seed109_or_tools,proxy_mean_scaled_seed109_or_tools,ortools,True,True,True,10,15996.0,5.014383316040039,1.0321433544158936,6.046526670455933,1054.7000000000005,0.9950000000000002,pulp_cbc,mean_domain_loss,276.55208978727006,,180,60,True,1146.307606641427,1148.216888591183,1334.618975008724,1335.9433230902955,427.63902597398175,1060.0000016,16272.552089787268,16409.477644848226,16594.71247411775,110.58709945138504,191.87446250033625,0.4168115942028985,129.19731492128082,276.55208978727006,0.0,medium,,276.55208978727006,276.55208978727006,0.0
X-n143-k7,142,atm,ortools:robust_mean_1std_scaled_or_tools,robust_mean_1std_scaled_or_tools,ortools,True,True,True,7,18403.0,4.999201059341431,1.1209378242492676,6.120138883590698,8288.350000000002,0.9950000000000002,pulp_cbc,mean_domain_loss,2511.6138550479022,,180,60,True,8295.848620495428,8316.617424477572,9916.867451961063,9925.630118934274,5514.868911251419,8330.000010799999,20914.613855047905,22847.5172796419,25755.725236701543,614.381937916932,1158.4488245233094,0.312112676056338,1397.7144430175604,2511.6138550479022,0.0,medium,,2511.6138550479022,2511.6138550479022,0.0
X-n143-k7,142,atm,ortools:quantile_p75_scaled_seed107_or_tools,quantile_p75_scaled_seed107_or_tools,ortools,True,True,True,7,18166.0,5.00028395652771,1.0527122020721436,6.0529961585998535,8288.35,0.995,pulp_cbc,mean_domain_loss,2511.640045909889,,180,60,True,8295.848620495428,8316.617424477572,9916.867451961063,9925.630118934274,5518.642096149771,8329.9999989,20677.64004590989,22607.248486255263,25529.248445160327,613.4630333067909,1154.12144488796,0.31,1396.79552650742,2511.640045909889,0.0,medium,,2511.640045909889,2511.6138550479022,1.0427901539957903e-05
X-n143-k7,142,atm,ortools:quantile_p75_scaled_or_tools,quantile_p75_scaled_or_tools,ortools,True,True,True,7,18056.0,5.002080678939819,1.060577154159546,6.062657833099365,8288.35,0.995,pulp_cbc,mean_domain_loss,2512.3756248842988,,180,60,True,8295.848620495428,8316.617424477572,9916.867451961063,9925.630118934274,5518.530809574647,8330.0000161,20568.3756248843,22518.773650642088,25416.36612581383,613.5351450961011,1156.729359483698,0.3104225352112676,1396.86765549673,2512.3756248842988,0.0,medium,,2512.3756248842988,2511.6138550479022,0.0003032989465580074
X-n143-k7,142,atm,ortools:robust_mean_1std_scaled_seed113_or_tools,robust_mean_1std_scaled_seed113_or_tools,ortools,True,True,True,7,18450.0,4.999038219451904,1.088912010192871,6.087950229644775,8288.350000000002,0.9950000000000002,pulp_cbc,mean_domain_loss,2513.004494284095,,180,60,True,8295.848620495428,8316.617424477572,9916.867451961063,9925.630118934274,5514.6514829833,8330.000001999999,20963.00449428409,22910.29749230988,25804.29501011407,615.0434841094517,1153.9868987119555,0.3122535211267606,1398.3759804100805,2513.004494284095,0.0,medium,,2513.004494284095,2511.6138550479022,0.0005536835343529589
X-n143-k7,142,cargo,ortools:robust_mean_1std_scaled_seed113_or_tools,robust_mean_1std_scaled_seed113_or_tools,ortools,True,True,True,7,18450.0,4.999038219451904,1.2733588218688965,6.272397041320801,8288.350000000002,0.9950000000000002,pulp_cbc,mean_domain_loss,1859.032131740104,,180,60,True,8295.848620495428,8316.617424477572,9916.867451961063,9925.630118934274,4942.614716578441,8329.9999981,20309.032131740107,21851.210250489406,23974.71802967269,619.3765074324573,1171.2505576435335,0.3077464788732394,1402.7089998330862,1859.032131740104,0.0,medium,,1859.032131740104,1859.032131740104,0.0
X-n143-k7,142,cargo,ortools:robust_mean_2std_scaled_or_tools,robust_mean_2std_scaled_or_tools,ortools,True,True,True,7,18906.0,5.005316257476807,1.0916311740875244,6.096947431564331,8288.35,0.995,pulp_cbc,mean_domain_loss,1860.0157601428707,,180,60,True,8295.848620495428,8316.617424477572,9916.867451961063,9925.630118934274,4937.834029017057,8330.000003000001,20766.01576014287,22294.27212843259,24426.98439723713,623.6071647722321,1180.831455881006,0.3117605633802817,1406.9396620728603,1860.0157601428707,0.0,medium,,1860.0157601428707,1859.032131740104,0.0005291078007597553
X-n143-k7,142,cold_chain,ortools:quantile_p75_scaled_seed107_or_tools,quantile_p75_scaled_seed107_or_tools,ortools,True,True,True,7,18166.0,5.00028395652771,1.1021599769592283,6.1024439334869385,8288.35,0.995,pulp_cbc,mean_domain_loss,2819.240662672717,,180,60,True,8295.848620495428,8316.617424477572,9916.867451961063,9925.630118934274,6541.495422091863,8330.0000341,22514.38479389213,23531.402396598656,25396.830466562657,613.1865903011477,1151.1217330169868,0.3021830985915493,1396.5191187017765,2819.240662672717,1529.1441312194188,medium,,2819.240662672717,2819.240662672717,0.0
X-n143-k7,142,grocery,ortools:proxy_mean_or_tools,proxy_mean_or_tools,ortools,True,True,True,7,20036.0,4.995463132858276,1.0374231338500977,6.032886266708374,8295.848620495428,0.9959001945372664,pulp_cbc,mean_domain_loss,1846.713916087609,,180,60,True,8295.848620495428,8316.617424477572,9916.867451961063,9925.630118934274,2776.887498887992,8330.0000061,21882.71391608761,22769.15103084227,24188.093809402115,611.5580752882416,1158.0557936589523,0.3069014084507042,1394.8905756888705,1846.713916087609,0.0,medium,,1846.713916087609,1846.713916087609,0.0
X-n143-k7,142,grocery,ortools:proxy_mean_scaled_seed109_or_tools,proxy_mean_scaled_seed109_or_tools,ortools,True,True,True,7,18802.0,4.997038125991821,1.002889633178711,5.999927759170532,8288.349999999999,0.9949999999999998,pulp_cbc,mean_domain_loss,1846.905578733893,,180,60,True,8295.848620495428,8316.617424477572,9916.867451961063,9925.630118934274,2775.875887469189,8330.000002700002,20648.90557873389,21527.35761354984,22959.734641046223,611.74947871284,1150.5783528197298,0.3079577464788732,1395.0819757134686,1846.905578733893,0.0,medium,,1846.905578733893,1846.713916087609,0.00010378578111870242
X-n143-k7,142,grocery,ortools:proxy_mean_scaled_or_tools,proxy_mean_scaled_or_tools,ortools,True,True,True,7,18747.0,5.000169515609741,1.068744659423828,6.068914175033569,8288.349999999999,0.9949999999999998,pulp_cbc,mean_domain_loss,1847.791906050905,,180,60,True,8295.848620495428,8316.617424477572,9916.867451961063,9925.630118934274,2777.021940257116,8330.000019100002,20594.79190605091,21474.72251070397,22907.676261939163,612.2974354665491,1157.348522384513,0.3085211267605633,1395.629948867178,1847.791906050905,0.0,medium,,1847.791906050905,1846.713916087609,0.0005837341419832764
X-n157-k13,156,atm,ortools:quantile_p75_scaled_seed107_or_tools,quantile_p75_scaled_seed107_or_tools,ortools,True,True,True,13,17279.0,4.993048667907715,0.8221192359924316,5.8151679039001465,155.22000000000003,0.9950000000000002,pulp_cbc,mean_domain_loss,75.16200102606943,,180,60,True,171.99406906934314,172.27034686930705,198.0995518853173,198.5245135344457,139.76708866467305,155.99999961999998,17354.162001026067,17416.745399644067,17473.469383914482,20.027441323485565,38.0799660427551,0.4858974358974359,15.108097379035804,75.16200102606943,0.0,high,0.0,75.16200102606943,75.16200102606943,0.0
X-n157-k13,156,cargo,ortools:nominal_seed101_or_tools,nominal_seed101_or_tools,ortools,True,True,True,13,17558.0,5.003969430923462,0.8878567218780518,5.891826152801514,156.0,1.0,pulp_cbc,mean_domain_loss,57.104792836136056,,180,60,True,171.99406906934314,172.27034686930705,198.0995518853173,198.5245135344457,125.77127071077796,156.00000024999997,17615.104792836133,17662.642014762892,17706.354461692383,20.08213257989053,37.88336534897026,0.4860897435897436,15.162789265440765,57.104792836136056,0.0,high,0.0,57.104792836136056,57.104792836136056,0.0
X-n157-k13,156,cargo,ortools:quantile_p75_scaled_seed107_or_tools,quantile_p75_scaled_seed107_or_tools,ortools,True,True,True,13,17279.0,4.993048667907715,0.9300026893615724,5.923051357269287,155.22000000000003,0.9950000000000002,pulp_cbc,mean_domain_loss,57.13175890647736,,180,60,True,171.99406906934314,172.27034686930705,198.0995518853173,198.5245135344457,125.72776591554543,156.00000014,17336.13175890648,17384.030705320936,17427.41529688351,20.09652482333444,38.01659495559943,0.4867948717948718,15.177181398884668,57.13175890647736,0.0,high,0.0,57.13175890647736,57.104792836136056,0.000472220789219608
X-n157-k13,156,cargo,ortools:nominal_seed103_or_tools,nominal_seed103_or_tools,ortools,True,True,True,13,17558.0,4.991444826126099,1.0491697788238523,6.040614604949951,156.0,1.0,pulp_cbc,mean_domain_loss,57.133299557266,,180,60,True,171.99406906934314,172.27034686930705,198.0995518853173,198.5245135344457,125.755095496293,156.00000047,17615.133299557263,17662.887480815287,17706.429602568038,20.084788138368147,37.95682357288352,0.487051282051282,15.16544504391838,57.133299557266,0.0,high,0.0,57.133299557266,57.104792836136056,0.0004992001496572164
X-n157-k13,156,cargo,ortools:robust_mean_1std_scaled_seed113_or_tools,robust_mean_1std_scaled_seed113_or_tools,ortools,True,True,True,13,17372.0,5.004371881484985,0.951042413711548,5.955414295196533,155.22,0.995,pulp_cbc,mean_domain_loss,57.14619277196103,,180,60,True,171.99406906934314,172.27034686930705,198.0995518853173,198.5245135344457,125.750529375191,156.00000006,17429.14619277196,17476.920146515942,17520.454386095218,20.094364408337697,37.97591662364331,0.4869230769230769,15.17502090388793,57.14619277196103,0.0,high,0.0,57.14619277196103,57.104792836136056,0.0007249818057089391
X-n157-k13,156,cargo,ortools:nominal_or_tools,nominal_or_tools,ortools,True,True,True,13,17404.0,4.998836994171143,0.97892165184021,5.9777586460113525,156.0,1.0,pulp_cbc,mean_domain_loss,57.15671569678628,,180,60,True,171.99406906934314,172.27034686930705,198.0995518853173,198.5245135344457,125.73913654964396,156.00000009,17461.156715696787,17508.679122258494,17552.556374565043,20.09683141085263,37.89464751415766,0.4880128205128205,15.177487936402862,57.15671569678628,0.0,high,0.0,57.15671569678628,57.104792836136056,0.0009092557396927554
X-n157-k13,156,cargo,ortools:proxy_mean_or_tools,proxy_mean_or_tools,ortools,True,True,True,13,17404.0,4.997658491134644,1.0065984725952148,6.004256963729858,171.99406906934314,1.1025260837778406,pulp_cbc,mean_domain_loss,57.15671569678628,,180,60,True,171.99406906934314,172.27034686930705,198.0995518853173,198.5245135344457,125.73913654964396,156.00000009,17461.156715696787,17508.679122258494,17552.556374565043,20.09683141085263,37.89464751415766,0.4880128205128205,15.177487936402862,57.15671569678628,0.0,high,0.0,57.15671569678628,57.104792836136056,0.0009092557396927554
X-n157-k13,156,cargo,ortools:proxy_mean_scaled_or_tools,proxy_mean_scaled_or_tools,ortools,True,True,True,13,17404.0,5.000091552734375,1.1277329921722412,6.127824544906616,155.22,0.995,pulp_cbc,mean_domain_loss,57.15671569678628,,180,60,True,171.99406906934314,172.27034686930705,198.0995518853173,198.5245135344457,125.73913654964396,156.00000009,17461.156715696787,17508.679122258494,17552.556374565043,20.09683141085263,37.89464751415766,0.4880128205128205,15.177487936402862,57.15671569678628,0.0,high,0.0,57.15671569678628,57.104792836136056,0.0009092557396927554
X-n157-k13,156,cargo,ortools:quantile_p75_or_tools,quantile_p75_or_tools,ortools,True,True,True,13,17404.0,4.996690034866333,1.0123562812805176,6.009046316146851,198.7324189305988,1.2739257623756333,pulp_cbc,mean_domain_loss,57.15671569678628,,180,60,True,171.99406906934314,172.27034686930705,198.0995518853173,198.5245135344457,125.73913654964396,156.00000009,17461.156715696787,17508.679122258494,17552.556374565043,20.09683141085263,37.89464751415766,0.4880128205128205,15.177487936402862,57.15671569678628,0.0,high,0.0,57.15671569678628,57.104792836136056,0.0009092557396927554
X-n157-k13,156,cargo,ortools:quantile_p75_scaled_or_tools,quantile_p75_scaled_or_tools,ortools,True,True,True,13,17404.0,4.999451160430908,1.111299991607666,6.110751152038574,155.22000000000003,0.9950000000000002,pulp_cbc,mean_domain_loss,57.15671569678628,,180,60,True,171.99406906934314,172.27034686930705,198.0995518853173,198.5245135344457,125.73913654964396,156.00000009,17461.156715696787,17508.679122258494,17552.556374565043,20.09683141085263,37.89464751415766,0.4880128205128205,15.177487936402862,57.15671569678628,0.0,high,0.0,57.15671569678628,57.104792836136056,0.0009092557396927554
X-n157-k13,156,cargo,ortools:quantile_p90_scaled_or_tools,quantile_p90_scaled_or_tools,ortools,True,True,True,13,17404.0,5.00397801399231,1.0185518264770508,6.02252984046936,155.22000000000003,0.9950000000000002,pulp_cbc,mean_domain_loss,57.15671569678628,,180,60,True,171.99406906934314,172.27034686930705,198.0995518853173,198.5245135344457,125.73913654964396,156.00000009,17461.156715696787,17508.679122258494,17552.556374565043,20.09683141085263,37.89464751415766,0.4880128205128205,15.177487936402862,57.15671569678628,0.0,high,0.0,57.15671569678628,57.104792836136056,0.0009092557396927554
X-n157-k13,156,cargo,ortools:robust_mean_1std_scaled_or_tools,robust_mean_1std_scaled_or_tools,ortools,True,True,True,13,17404.0,5.0026679039001465,1.0122110843658447,6.014878988265991,155.22,0.995,pulp_cbc,mean_domain_loss,57.15671569678628,,180,60,True,171.99406906934314,172.27034686930705,198.0995518853173,198.5245135344457,125.73913654964396,156.00000009,17461.156715696787,17508.679122258494,17552.556374565043,20.09683141085263,37.89464751415766,0.4880128205128205,15.177487936402862,57.15671569678628,0.0,high,0.0,57.15671569678628,57.104792836136056,0.0009092557396927554
X-n157-k13,156,cargo,ortools:robust_mean_2std_scaled_or_tools,robust_mean_2std_scaled_or_tools,ortools,True,True,True,13,17404.0,5.000333309173584,1.1131093502044678,6.113442659378052,155.21999999999997,0.9949999999999998,pulp_cbc,mean_domain_loss,57.15671569678628,,180,60,True,171.99406906934314,172.27034686930705,198.0995518853173,198.5245135344457,125.73913654964396,156.00000009,17461.156715696787,17508.679122258494,17552.556374565043,20.09683141085263,37.89464751415766,0.4880128205128205,15.177487936402862,57.15671569678628,0.0,high,0.0,57.15671569678628,57.104792836136056,0.0009092557396927554
X-n157-k13,156,cargo,ortools:proxy_mean_scaled_seed109_or_tools,proxy_mean_scaled_seed109_or_tools,ortools,True,True,True,13,17425.0,4.990844964981079,0.8964881896972656,5.887333154678345,155.22,0.995,pulp_cbc,mean_domain_loss,57.15732702358787,,180,60,True,171.99406906934314,172.27034686930705,198.0995518853173,198.5245135344457,125.7532292369227,156.00000008,17482.15732702359,17529.6653343702,17573.582768106724,20.094306679649986,37.888690414831,0.4872435897435897,15.17496319520022,57.15732702358787,0.0,high,0.0,57.15732702358787,57.104792836136056,0.0009199610898258643
X-n157-k13,156,cold_chain,ortools:robust_mean_1std_scaled_seed113_or_tools,robust_mean_1std_scaled_seed113_or_tools,ortools,True,True,True,13,17372.0,5.004371881484985,0.8154094219207764,5.819781303405762,155.22,0.995,pulp_cbc,mean_domain_loss,64.90000640358906,,180,60,True,171.99406906934314,172.27034686930705,198.0995518853173,198.5245135344457,143.22846726804377,155.99999993999995,17465.519054065415,17503.277845970235,17543.733360229096,20.024486287441714,37.76492553558726,0.4828846153846154,15.105142662991948,64.90000640358906,28.61904766182907,high,0.0,64.90000640358906,64.90000640358906,0.0
X-n157-k13,156,cold_chain,ortools:nominal_or_tools,nominal_or_tools,ortools,True,True,True,13,17404.0,4.998836994171143,0.8591868877410889,5.858023881912232,156.0,1.0,pulp_cbc,mean_domain_loss,64.90946400086516,,180,60,True,171.99406906934314,172.27034686930705,198.0995518853173,198.5245135344457,143.382706703696,156.00000021,17497.676471241637,17535.647462839293,17576.108420739114,20.0378359153176,37.87202241648558,0.4846794871794871,15.118492560867836,64.90946400086516,28.76700724077333,high,0.0,64.90946400086516,64.90000640358906,0.0001457256755459024
X-n157-k13,156,cold_chain,ortools:proxy_mean_or_tools,proxy_mean_or_tools,ortools,True,True,True,13,17404.0,4.997658491134644,0.8971946239471436,5.894853115081787,171.99406906934314,1.1025260837778406,pulp_cbc,mean_domain_loss,64.90946400086516,,180,60,True,171.99406906934314,172.27034686930705,198.0995518853173,198.5245135344457,143.382706703696,156.00000021,17497.676471241637,17535.647462839293,17576.108420739114,20.0378359153176,37.87202241648558,0.4846794871794871,15.118492560867836,64.90946400086516,28.76700724077333,high,0.0,64.90946400086516,64.90000640358906,0.0001457256755459024
X-n157-k13,156,cold_chain,ortools:proxy_mean_scaled_or_tools,proxy_mean_scaled_or_tools,ortools,True,True,True,13,17404.0,5.000091552734375,0.8852241039276123,5.885315656661987,155.22,0.995,pulp_cbc,mean_domain_loss,64.90946400086516,,180,60,True,171.99406906934314,172.27034686930705,198.0995518853173,198.5245135344457,143.382706703696,156.00000021,17497.676471241637,17535.647462839293,17576.108420739114,20.0378359153176,37.87202241648558,0.4846794871794871,15.118492560867836,64.90946400086516,28.76700724077333,high,0.0,64.90946400086516,64.90000640358906,0.0001457256755459024
X-n157-k13,156,cold_chain,ortools:quantile_p75_or_tools,quantile_p75_or_tools,ortools,True,True,True,13,17404.0,4.996690034866333,0.839310884475708,5.836000919342041,198.7324189305988,1.2739257623756333,pulp_cbc,mean_domain_loss,64.90946400086516,,180,60,True,171.99406906934314,172.27034686930705,198.0995518853173,198.5245135344457,143.382706703696,156.00000021,17497.676471241637,17535.647462839293,17576.108420739114,20.0378359153176,37.87202241648558,0.4846794871794871,15.118492560867836,64.90946400086516,28.76700724077333,high,0.0,64.90946400086516,64.90000640358906,0.0001457256755459024
X-n157-k13,156,cold_chain,ortools:quantile_p75_scaled_or_tools,quantile_p75_scaled_or_tools,ortools,True,True,True,13,17404.0,4.999451160430908,0.8628363609313965,5.862287521362305,155.22000000000003,0.9950000000000002,pulp_cbc,mean_domain_loss,64.90946400086516,,180,60,True,171.99406906934314,172.27034686930705,198.0995518853173,198.5245135344457,143.382706703696,156.00000021,17497.676471241637,17535.647462839293,17576.108420739114,20.0378359153176,37.87202241648558,0.4846794871794871,15.118492560867836,64.90946400086516,28.76700724077333,high,0.0,64.90946400086516,64.90000640358906,0.0001457256755459024
X-n157-k13,156,cold_chain,ortools:quantile_p90_scaled_or_tools,quantile_p90_scaled_or_tools,ortools,True,True,True,13,17404.0,5.00397801399231,0.8271660804748535,5.831144094467163,155.22000000000003,0.9950000000000002,pulp_cbc,mean_domain_loss,64.90946400086516,,180,60,True,171.99406906934314,172.27034686930705,198.0995518853173,198.5245135344457,143.382706703696,156.00000021,17497.676471241637,17535.647462839293,17576.108420739114,20.0378359153176,37.87202241648558,0.4846794871794871,15.118492560867836,64.90946400086516,28.76700724077333,high,0.0,64.90946400086516,64.90000640358906,0.0001457256755459024
X-n157-k13,156,cold_chain,ortools:robust_mean_1std_scaled_or_tools,robust_mean_1std_scaled_or_tools,ortools,True,True,True,13,17404.0,5.0026679039001465,0.8449673652648926,5.847635269165039,155.22,0.995,pulp_cbc,mean_domain_loss,64.90946400086516,,180,60,True,171.99406906934314,172.27034686930705,198.0995518853173,198.5245135344457,143.382706703696,156.00000021,17497.676471241637,17535.647462839293,17576.108420739114,20.0378359153176,37.87202241648558,0.4846794871794871,15.118492560867836,64.90946400086516,28.76700724077333,high,0.0,64.90946400086516,64.90000640358906,0.0001457256755459024
X-n157-k13,156,cold_chain,ortools:robust_mean_2std_scaled_or_tools,robust_mean_2std_scaled_or_tools,ortools,True,True,True,13,17404.0,5.000333309173584,0.8760409355163574,5.876374244689941,155.21999999999997,0.9949999999999998,pulp_cbc,mean_domain_loss,64.90946400086516,,180,60,True,171.99406906934314,172.27034686930705,198.0995518853173,198.5245135344457,143.382706703696,156.00000021,17497.676471241637,17535.647462839293,17576.108420739114,20.0378359153176,37.87202241648558,0.4846794871794871,15.118492560867836,64.90946400086516,28.76700724077333,high,0.0,64.90946400086516,64.90000640358906,0.0001457256755459024
X-n157-k13,156,cold_chain,ortools:nominal_seed101_or_tools,nominal_seed101_or_tools,ortools,True,True,True,13,17558.0,5.003969430923462,0.918254852294922,5.922224283218384,156.0,1.0,pulp_cbc,mean_domain_loss,64.9114607509605,,180,60,True,171.99406906934314,172.27034686930705,198.0995518853173,198.5245135344457,143.3941270034427,156.00000011999998,17651.661586428294,17689.192063695817,17729.958618585188,20.03169515641184,37.69068911172525,0.4842307692307692,15.11235171196208,64.9114607509605,28.75012567733043,high,0.0,64.9114607509605,64.90000640358906,0.00017649223792383378
X-n157-k13,156,cold_chain,ortools:quantile_p75_scaled_seed107_or_tools,quantile_p75_scaled_seed107_or_tools,ortools,True,True,True,13,17279.0,4.993048667907715,0.8586814403533936,5.851730108261108,155.22000000000003,0.9950000000000002,pulp_cbc,mean_domain_loss,64.92359404585358,,180,60,True,171.99406906934314,172.27034686930705,198.0995518853173,198.5245135344457,143.2316629139285,156.00000004999998,17372.510998722344,17410.83370716759,17450.928662059454,20.059582454997784,37.99437347242439,0.483974358974359,15.14023894054802,64.92359404585358,28.587404676492607,high,0.0,64.92359404585358,64.90000640358906,0.0003634459158267792
X-n157-k13,156,cold_chain,ortools:proxy_mean_scaled_seed109_or_tools,proxy_mean_scaled_seed109_or_tools,ortools,True,True,True,13,17425.0,4.990844964981079,0.8622193336486816,5.853064298629761,155.22,0.995,pulp_cbc,mean_domain_loss,64.92387156496095,,180,60,True,171.99406906934314,172.27034686930705,198.0995518853173,198.5245135344457,143.38437454349264,155.99999979,17518.672774860977,17556.180960238293,17596.968458145107,20.03047975087515,37.70665608949668,0.4841025641025641,15.111135976425382,64.92387156496095,28.74890329601605,high,0.0,64.92387156496095,64.90000640358906,0.0003677220187541836
X-n157-k13,156,grocery,ortools:quantile_p75_scaled_seed107_or_tools,quantile_p75_scaled_seed107_or_tools,ortools,True,True,True,13,17279.0,4.993048667907715,0.7953529357910156,5.7884016036987305,155.22000000000003,0.9950000000000002,pulp_cbc,mean_domain_loss,45.99636891808418,,180,60,True,171.99406906934314,172.27034686930705,198.0995518853173,198.5245135344457,65.95903295899764,156.0,17324.996368918088,17355.724722881743,17385.60398975417,20.00567280350213,38.11988534409646,0.4848717948717949,15.086329239052368,45.99636891808418,0.0,high,0.0,45.99636891808418,45.99636891808418,0.0
X-n162-k11,161,atm,ortools:nominal_or_tools,nominal_or_tools,ortools,True,True,True,11,14799.0,4.994436979293823,1.1331307888031006,6.127567768096924,12194.0,0.9442465541273036,pulp_cbc,mean_domain_loss,4815.576575626586,,180,60,True,14041.602423680102,14059.25864279868,17116.69937454782,17172.81426272881,12187.46619869358,12913.99999,19614.576575626583,22903.23051733904,26270.25607407974,1228.5435367861394,2130.114640664357,0.4003726708074534,1735.0246155523332,4815.576575626586,0.0,medium,,4815.576575626586,4815.576575626586,0.0
X-n162-k11,161,cargo,ortools:nominal_or_tools,nominal_or_tools,ortools,True,True,True,11,14799.0,4.994436979293823,1.1215856075286863,6.11602258682251,12194.0,0.9442465541273036,pulp_cbc,mean_domain_loss,3661.7074902174654,,180,60,True,14041.602423680102,14059.25864279868,17116.69937454782,17172.81426272881,11085.541692403229,12914.000009,18460.707490217468,21008.98892420846,23574.66504764434,1252.2360304643207,2152.1801099420727,0.4085093167701863,1758.7171282305142,3661.7074902174654,0.0,medium,,3661.7074902174654,3661.7074902174654,0.0
X-n162-k11,161,cold_chain,ortools:nominal_or_tools,nominal_or_tools,ortools,True,True,True,11,14799.0,4.994436979293823,1.2480242252349854,6.242461204528809,12194.0,0.9442465541273036,pulp_cbc,mean_domain_loss,4726.172248459723,,180,60,True,14041.602423680102,14059.25864279868,17116.69937454782,17172.81426272881,12575.042900702343,12913.999961,21918.51662920893,23770.23902811949,26018.48811481085,1237.1936827554364,2136.7131353555105,0.3942857142857143,1743.6747325216304,4726.172248459723,2393.3443807492167,medium,,4726.172248459723,4726.172248459723,0.0
X-n162-k11,161,grocery,ortools:nominal_or_tools,nominal_or_tools,ortools,True,True,True,11,14799.0,4.994436979293823,1.3019070625305176,6.296344041824341,12194.0,0.9442465541273036,pulp_cbc,mean_domain_loss,3213.922116205976,,180,60,True,14041.602423680102,14059.25864279868,17116.69937454782,17172.81426272881,5721.170901380655,12913.999993,18012.922116205977,19548.813723352323,21259.90212961466,1229.6194824537952,2133.3422478339885,0.3975776397515528,1736.1005642199889,3213.922116205976,0.0,medium,,3213.922116205976,3213.922116205976,0.0
X-n167-k10,166,atm,ortools:robust_mean_1std_scaled_seed113_or_tools,robust_mean_1std_scaled_seed113_or_tools,ortools,True,True,True,10,22558.0,5.00585412979126,1.2068355083465576,6.212689638137817,1323.35,0.995,pulp_cbc,mean_domain_loss,443.57169432582623,,180,60,True,1338.4496844448638,1339.8281173836035,1575.9630876437734,1578.5498416441526,850.0595237147869,1330.0000002000002,23001.571694325827,23375.68463463941,23583.84269647236,112.61701322242384,217.17407086535545,0.3768072289156626,181.48962105948485,443.57169432582623,0.0,medium,,443.57169432582623,443.57169432582623,0.0
X-n167-k10,166,cargo,ortools:robust_mean_1std_scaled_seed113_or_tools,robust_mean_1std_scaled_seed113_or_tools,ortools,True,True,True,10,22558.0,5.00585412979126,1.2353718280792236,6.241225957870483,1323.35,0.995,pulp_cbc,mean_domain_loss,333.1214998580355,,180,60,True,1338.4496844448638,1339.8281173836035,1575.9630876437734,1578.5498416441526,763.1216991309101,1330.0000020000002,22891.12149985804,23173.448875859896,23338.761176378342,113.39291239214442,217.5033952264013,0.3760843373493976,182.2655220292055,333.1214998580355,0.0,medium,,333.1214998580355,333.1214998580355,0.0
X-n167-k10,166,cold_chain,ortools:robust_mean_1std_scaled_seed113_or_tools,robust_mean_1std_scaled_seed113_or_tools,ortools,True,True,True,10,22558.0,5.00585412979126,1.221670150756836,6.227524280548096,1323.35,0.995,pulp_cbc,mean_domain_loss,448.8709779242532,,180,60,True,1338.4496844448638,1339.8281173836035,1575.9630876437734,1578.5498416441526,1003.0314305104326,1330.0,23249.55101040475,23468.00981151908,23595.2324359134,112.96182990595324,217.271773707719,0.3717469879518072,181.8344375430144,448.8709779242532,242.6800324804928,medium,,448.8709779242532,448.8709779242532,0.0
X-n167-k10,166,grocery,ortools:robust_mean_1std_scaled_seed113_or_tools,robust_mean_1std_scaled_seed113_or_tools,ortools,True,True,True,10,22558.0,5.00585412979126,1.2203426361083984,6.226196765899658,1323.35,0.995,pulp_cbc,mean_domain_loss,303.30028328423714,,180,60,True,1338.4496844448638,1339.8281173836035,1575.9630876437734,1578.5498416441526,424.4579198122792,1329.9999993,22861.300283284243,23038.06990294911,23139.65449216555,112.4312514062147,217.06014526593472,0.3751204819277108,181.3038583432757,303.30028328423714,0.0,medium,,303.30028328423714,303.30028328423714,0.0
X-n167-k10,166,grocery,ortools:proxy_mean_scaled_seed109_or_tools,proxy_mean_scaled_seed109_or_tools,ortools,True,True,True,10,22790.0,4.996606826782227,1.2864840030670166,6.283090829849243,1323.35,0.995,pulp_cbc,mean_domain_loss,303.4585092731841,,180,60,True,1338.4496844448638,1339.8281173836035,1575.9630876437734,1578.5498416441526,423.5993198167758,1329.999999,23093.458509273183,23269.203447915246,23371.239652260305,112.4035646350344,216.7203919120805,0.3713253012048192,181.27617127209544,303.4585092731841,0.0,medium,,303.4585092731841,303.30028328423714,0.0005216809797658511
X-n181-k23,180,atm,ortools:quantile_p75_scaled_seed107_or_tools,quantile_p75_scaled_seed107_or_tools,ortools,True,True,True,23,26255.0,5.000982999801636,1.5289130210876465,6.529896020889282,183.08000000000004,0.9950000000000002,pulp_cbc,mean_domain_loss,75.5893669804617,,180,60,True,197.95924832567653,198.6785845016122,228.80907667940576,229.20917736249467,158.06056568742906,184.00000022,26330.589366980465,26383.024181172324,26450.403053747454,19.80799910640391,34.71836346530957,0.4266111111111111,21.603346770508416,75.5893669804617,0.0,medium,,75.5893669804617,75.5893669804617,0.0
X-n181-k23,180,cargo,ortools:quantile_p75_scaled_seed107_or_tools,quantile_p75_scaled_seed107_or_tools,ortools,True,True,True,23,26255.0,5.000982999801636,1.3528308868408203,6.353813886642456,183.08000000000004,0.9950000000000002,pulp_cbc,mean_domain_loss,57.482577926018486,,180,60,True,197.95924832567653,198.6785845016122,228.80907667940576,229.20917736249467,144.33978298318755,183.99999951,26312.482577926017,26354.776197299943,26404.54201558468,19.91603086795269,35.043674443156355,0.4287222222222222,21.711377822057205,57.482577926018486,0.0,medium,,57.482577926018486,57.482577926018486,0.0
X-n181-k23,180,cold_chain,ortools:quantile_p75_scaled_seed107_or_tools,quantile_p75_scaled_seed107_or_tools,ortools,True,True,True,23,26255.0,5.000982999801636,1.278658390045166,6.279641389846802,183.08000000000004,0.9950000000000002,pulp_cbc,mean_domain_loss,69.40891443041494,,180,60,True,197.95924832567653,198.6785845016122,228.80907667940576,229.20917736249467,164.8841809777404,184.00000006,26357.49487708177,26387.35793077293,26433.802984662896,19.821082064790083,34.795050584920475,0.4261111111111111,21.6164295688946,69.40891443041494,33.085962651351984,medium,,69.40891443041494,69.40891443041494,0.0
X-n181-k23,180,grocery,ortools:quantile_p75_scaled_seed107_or_tools,quantile_p75_scaled_seed107_or_tools,ortools,True,True,True,23,26255.0,5.000982999801636,1.2802131175994873,6.281196117401123,183.08000000000004,0.9950000000000002,pulp_cbc,mean_domain_loss,48.367021214852095,,180,60,True,197.95924832567653,198.6785845016122,228.80907667940576,229.20917736249467,74.11616984425967,184.00000019,26303.367021214854,26327.92314247595,26363.030564953147,19.767014887174074,34.75272456671374,0.4263888888888889,21.562362521278587,48.367021214852095,0.0,medium,,48.367021214852095,48.367021214852095,0.0
X-n186-k15,185,atm,ortools:nominal_seed103_or_tools,nominal_seed103_or_tools,ortools,True,True,True,15,26466.0,5.000753879547119,1.855189323425293,6.855943202972412,13853.0,0.948186173853525,pulp_cbc,mean_domain_loss,5778.326281704928,,180,60,True,15309.918049106676,15348.692003297172,18004.971786960705,18023.35742731036,11566.681205932491,14610.000012,32244.326281704925,38184.90321673186,43498.02694713236,1473.9243333231466,3144.793098379691,0.3857297297297297,2098.398137600407,5778.326281704928,0.0,medium,,5778.326281704928,5778.326281704928,0.0
X-n186-k15,185,cargo,ortools:nominal_seed103_or_tools,nominal_seed103_or_tools,ortools,True,True,True,15,26466.0,5.000753879547119,1.6182034015655518,6.618957281112671,13853.0,0.948186173853525,pulp_cbc,mean_domain_loss,4391.589358851886,,180,60,True,15309.918049106676,15348.692003297172,18004.971786960705,18023.35742731036,10514.98606145589,14610.000032,30857.58935885188,35488.395017631294,39504.50846831729,1477.8506845502195,3144.026060069104,0.3843243243243243,2102.3245088274803,4391.589358851886,0.0,medium,,4391.589358851886,4391.589358851886,0.0
X-n186-k15,185,cold_chain,ortools:nominal_seed103_or_tools,nominal_seed103_or_tools,ortools,True,True,True,15,26466.0,5.000753879547119,1.582275629043579,6.583029508590698,13853.0,0.948186173853525,pulp_cbc,mean_domain_loss,5618.8257514309325,,180,60,True,15309.918049106676,15348.692003297172,18004.971786960705,18023.35742731036,12586.363553424228,14541.915536,34772.917499021045,38150.58029659102,41937.3365051566,1484.7589424199,3143.4693836956994,0.3831891891891892,2041.1482706971603,5618.8257514309325,2688.0917475901147,medium,,5618.8257514309325,5618.8257514309325,0.0
X-n186-k15,185,grocery,ortools:nominal_seed103_or_tools,nominal_seed103_or_tools,ortools,True,True,True,15,26466.0,5.000753879547119,1.646758794784546,6.647512674331665,13853.0,0.948186173853525,pulp_cbc,mean_domain_loss,3839.994739193153,,180,60,True,15309.918049106676,15348.692003297172,18004.971786960705,18023.35742731036,5581.42806347196,14581.667372,30305.99473919316,33068.18338640818,35902.367876051845,1475.0230286701565,3142.394194532448,0.3848108108108108,2071.164192947417,3839.994739193153,0.0,medium,,3839.994739193153,3839.994739193153,0.0
X-n190-k8,189,atm,ortools:robust_mean_1std_scaled_or_tools,robust_mean_1std_scaled_or_tools,ortools,True,True,True,8,18347.0,4.999847412109375,1.339967966079712,6.339815378189087,1098.4799999999996,0.9949999999999996,pulp_cbc,mean_domain_loss,486.7975107867703,,180,60,True,1163.1102271100574,1164.541932744727,1415.5336601339425,1417.944225661104,925.0354988030278,1104.00000142,18833.79751078677,19279.05887083007,19709.1121305144,123.8399555855021,246.1561657576136,0.4202645502645503,147.7317027086958,486.7975107867703,0.0,medium,,486.7975107867703,486.7975107867703,0.0
X-n190-k8,189,atm,ortools:robust_mean_1std_scaled_seed113_or_tools,robust_mean_1std_scaled_seed113_or_tools,ortools,True,True,True,8,18359.0,5.001445770263672,1.4308104515075684,6.43225622177124,1098.4799999999996,0.9949999999999996,pulp_cbc,mean_domain_loss,486.88940488429216,,180,60,True,1163.1102271100574,1164.541932744727,1415.5336601339425,1417.944225661104,925.0102076936604,1104.00000154,18845.88940488429,19288.17099703965,19720.377296953684,123.96068839551792,245.2043329817269,0.4218518518518518,147.85243563871157,486.88940488429216,0.0,medium,,486.88940488429216,486.7975107867703,0.00018877273503992238
X-n190-k8,189,cargo,ortools:robust_mean_1std_scaled_or_tools,robust_mean_1std_scaled_or_tools,ortools,True,True,True,8,18347.0,4.999847412109375,1.5126402378082275,6.5124876499176025,1098.4799999999996,0.9949999999999996,pulp_cbc,mean_domain_loss,366.3573426887777,,180,60,True,1163.1102271100574,1164.541932744727,1415.5336601339425,1417.944225661104,834.5623696522338,1104.00000137,18713.35734268878,19058.23533156876,19381.32704611999,124.11629725612396,246.1460293015799,0.4159259259259259,148.00804432931764,366.3573426887777,0.0,medium,,366.3573426887777,366.3573426887777,0.0
X-n190-k8,189,cargo,ortools:robust_mean_1std_scaled_seed113_or_tools,robust_mean_1std_scaled_seed113_or_tools,ortools,True,True,True,8,18359.0,5.001445770263672,1.4726731777191162,6.474118947982788,1098.4799999999996,0.9949999999999996,pulp_cbc,mean_domain_loss,366.5603333768666,,180,60,True,1163.1102271100574,1164.541932744727,1415.5336601339425,1417.944225661104,834.1711441602698,1104.0000001300002,18725.56033337687,19071.755610158485,19392.54372227398,124.24934145392136,245.31200801696664,0.4164021164021164,148.14108728711506,366.5603333768666,0.0,medium,,366.5603333768666,366.3573426887777,0.0005540783940594977
X-n190-k8,189,cold_chain,ortools:robust_mean_1std_scaled_or_tools,robust_mean_1std_scaled_or_tools,ortools,True,True,True,8,18347.0,4.999847412109375,1.388413667678833,6.388261079788208,1098.4799999999996,0.9949999999999996,pulp_cbc,mean_domain_loss,461.1411929323377,,180,60,True,1163.1102271100574,1164.541932744727,1415.5336601339425,1417.944225661104,1009.9914191375104,1104.0000011000002,19023.38724823743,19280.95831342806,19585.69566816088,124.01084418604418,244.9125030394224,0.4113756613756614,147.90259098923786,461.1411929323377,215.2460553050928,medium,,461.1411929323377,461.1411929323377,0.0
X-n190-k8,189,grocery,ortools:robust_mean_1std_scaled_or_tools,robust_mean_1std_scaled_or_tools,ortools,True,True,True,8,18347.0,4.999847412109375,1.502608060836792,6.502455472946167,1098.4799999999996,0.9949999999999996,pulp_cbc,mean_domain_loss,316.5356045261514,,180,60,True,1163.1102271100574,1164.541932744727,1415.5336601339425,1417.944225661104,442.6805005854416,1103.9999991600002,18663.53560452615,18871.33342823172,19101.45789321341,123.91005098782853,246.0422715889854,0.4185185185185185,147.80179585102218,316.5356045261514,0.0,medium,,316.5356045261514,316.5356045261514,0.0
X-n190-k8,189,grocery,ortools:robust_mean_1std_scaled_seed113_or_tools,robust_mean_1std_scaled_seed113_or_tools,ortools,True,True,True,8,18359.0,5.001445770263672,1.417815923690796,6.419261693954468,1098.4799999999996,0.9949999999999996,pulp_cbc,mean_domain_loss,316.6509980488556,,180,60,True,1163.1102271100574,1164.541932744727,1415.5336601339425,1417.944225661104,442.77317853875024,1104.00000054,18675.65099804885,18883.21791872868,19112.742993804703,124.0025082866599,245.6697747675352,0.4209523809523809,147.89425452985358,316.6509980488556,0.0,medium,,316.6509980488556,316.5356045261514,0.00036455147874107864
X-n204-k19,203,atm,ortools:nominal_seed101_or_tools,nominal_seed101_or_tools,ortools,True,True,True,19,21450.0,5.00185751914978,1.7686238288879397,6.77048134803772,15135.0,0.9528456308234702,pulp_cbc,mean_domain_loss,6612.442561468163,,180,60,True,16657.037292963792,16667.364983390977,19151.0805427942,19176.69172760544,11687.61690083825,15884.000009,28062.44256146816,34039.706435965774,40026.09865013864,1711.9969433315214,3396.6665551541746,0.4229556650246305,1994.97811241645,6612.442561468163,0.0,medium,,6612.442561468163,6612.442561468163,0.0
X-n204-k19,203,atm,ortools:nominal_or_tools,nominal_or_tools,ortools,True,True,True,19,21321.0,5.000798940658569,1.5856268405914309,6.58642578125,15135.0,0.9528456308234702,pulp_cbc,mean_domain_loss,6616.685628818983,,180,60,True,16657.037292963792,16667.364983390977,19151.0805427942,19176.69172760544,11679.56537066777,15883.999996,27937.685628818977,33777.1814713573,39908.82661752572,1711.3525875474172,3358.250336463296,0.4197536945812808,1994.3337436323457,6616.685628818983,0.0,medium,,6616.685628818983,6612.442561468163,0.0006416792753021114
X-n204-k19,203,cargo,ortools:nominal_seed101_or_tools,nominal_seed101_or_tools,ortools,True,True,True,19,21450.0,5.00185751914978,1.8299427032470703,6.831800222396851,15135.0,0.9528456308234702,pulp_cbc,mean_domain_loss,5015.905329061885,,180,60,True,16657.037292963792,16667.364983390977,19151.0805427942,19176.69172760544,10474.373424669186,15884.000005999998,26465.90532906189,31026.50263204124,35608.90397645413,1720.4090171393825,3386.8647691657347,0.4217733990147783,2003.390183224312,5015.905329061885,0.0,medium,,5015.905329061885,5015.905329061885,0.0
X-n204-k19,203,cold_chain,ortools:nominal_or_tools,nominal_or_tools,ortools,True,True,True,19,21321.0,5.000798940658569,1.4354264736175537,6.436225414276123,15135.0,0.9528456308234702,pulp_cbc,mean_domain_loss,6186.367376960642,,180,60,True,16657.037292963792,16667.364983390977,19151.0805427942,19176.69172760544,12951.483167718245,15884.000012000002,30455.570946522534,33832.01540299277,38059.87623559375,1712.590640779937,3345.0853517041123,0.4156650246305419,1995.5718128648653,6186.367376960642,2948.2035695618933,medium,,6186.367376960642,6186.367376960642,0.0
X-n204-k19,203,cold_chain,ortools:nominal_seed101_or_tools,nominal_seed101_or_tools,ortools,True,True,True,19,21450.0,5.00185751914978,1.5108566284179688,6.512714147567749,15135.0,0.9528456308234702,pulp_cbc,mean_domain_loss,6188.924602666771,,180,60,True,16657.037292963792,16667.364983390977,19151.0805427942,19176.69172760544,12936.537423796157,15884.000008999998,30566.24581081176,34098.4155317464,38177.36209788644,1714.6983488505982,3392.8314785266634,0.4175369458128078,1997.679517935527,6188.924602666771,2927.3212081449897,medium,,6188.924602666771,6186.367376960642,0.0004133646694912068
X-n204-k19,203,grocery,ortools:nominal_or_tools,nominal_or_tools,ortools,True,True,True,19,21321.0,5.000798940658569,1.503725290298462,6.504524230957031,15135.0,0.9528456308234702,pulp_cbc,mean_domain_loss,4265.756337547114,,180,60,True,16657.037292963792,16667.364983390977,19151.0805427942,19176.69172760544,5740.573241539229,15884.000013,25586.75633754711,28370.659568766125,31557.281509044395,1710.3420510208691,3365.527033055913,0.4192118226600985,1993.3232241057976,4265.756337547114,0.0,medium,,4265.756337547114,4265.756337547114,0.0
X-n204-k19,203,grocery,ortools:nominal_seed101_or_tools,nominal_seed101_or_tools,ortools,True,True,True,19,21450.0,5.00185751914978,1.5331737995147705,6.535031318664551,15135.0,0.9528456308234702,pulp_cbc,mean_domain_loss,4266.583714303277,,180,60,True,16657.037292963792,16667.364983390977,19151.0805427942,19176.69172760544,5744.849347556064,15883.999989999998,25716.583714303262,28578.48865662188,31686.843884969014,1711.2855876879369,3401.6819911823623,0.4220197044334975,1994.2667377728656,4266.583714303277,0.0,medium,,4266.583714303277,4265.756337547114,0.00019395780975125555
X-n209-k16,208,atm,ortools:quantile_p75_scaled_or_tools,quantile_p75_scaled_or_tools,ortools,True,True,True,16,32977.0,5.000759363174439,1.1484146118164062,6.149173974990845,1607.92,0.995,pulp_cbc,mean_domain_loss,637.8894045413869,,180,60,True,1728.5373708196844,1732.707831817492,2088.5534407537966,2090.6974809885087,1372.5412483280318,1616.0000008000002,33614.88940454138,34108.88952843058,34635.957119566585,164.569628905614,305.57403876680326,0.4148076923076923,205.3184325106189,637.8894045413869,0.0,medium,,637.8894045413869,637.8894045413869,0.0
X-n209-k16,208,cargo,ortools:quantile_p75_scaled_or_tools,quantile_p75_scaled_or_tools,ortools,True,True,True,16,32977.0,5.000759363174439,1.2443995475769043,6.245158910751343,1607.92,0.995,pulp_cbc,mean_domain_loss,482.5122508752145,,180,60,True,1728.5373708196844,1732.707831817492,2088.5534407537966,2090.6974809885087,1243.9732027693776,1616.0000008,33459.51225087522,33835.39740980731,34238.84797934382,165.25658029646547,304.1715606080648,0.4133173076923077,206.0053839014704,482.5122508752145,0.0,medium,,482.5122508752145,482.5122508752145,0.0
X-n209-k16,208,cold_chain,ortools:quantile_p75_scaled_or_tools,quantile_p75_scaled_or_tools,ortools,True,True,True,16,32977.0,5.000759363174439,1.185831069946289,6.186590433120728,1607.92,0.995,pulp_cbc,mean_domain_loss,605.6372658704969,,180,60,True,1728.5373708196844,1732.707831817492,2088.5534407537966,2090.6974809885087,1454.1641727782514,1616.0000015,33880.4868771417,34160.00953843578,34516.28228905772,164.42007036760796,306.176395655044,0.4105288461538461,205.1688746726128,605.6372658704969,297.8496112712052,medium,,605.6372658704969,605.6372658704969,0.0
X-n209-k16,208,grocery,ortools:quantile_p75_scaled_or_tools,quantile_p75_scaled_or_tools,ortools,True,True,True,16,32977.0,5.000759363174439,1.2717556953430176,6.272515058517456,1607.92,0.995,pulp_cbc,mean_domain_loss,417.0369199489994,,180,60,True,1728.5373708196844,1732.707831817492,2088.5534407537966,2090.6974809885087,650.4840719819892,1615.9999982999998,33394.036919949,33621.02380156514,33895.30466079464,164.3370538234293,305.5669956304337,0.4125961538461538,205.0858549284342,417.0369199489994,0.0,medium,,417.0369199489994,417.0369199489994,0.0
X-n214-k11,213,atm,ortools:quantile_p75_scaled_or_tools,quantile_p75_scaled_or_tools,ortools,True,True,True,11,13083.0,5.001141548156738,1.2417271137237549,6.242868661880493,10332.080000000002,0.9950000000000002,pulp_cbc,mean_domain_loss,5342.106927880302,,180,60,True,11525.098152614886,11542.610363831476,13483.907107768657,13521.958776987056,10128.29476625693,10384.0000082,18425.1069278803,21935.19927262609,25524.004125949898,1370.4754848665968,2340.131276853295,0.4816901408450704,1174.3743560986925,5342.106927880302,0.0,high,1.0,5342.106927880302,5342.106927880302,0.0
X-n214-k11,213,atm,ortools:nominal_or_tools,nominal_or_tools,ortools,True,True,True,11,12859.0,4.997620344161987,1.3873071670532229,6.38492751121521,10356.0,0.9973035439137136,pulp_cbc,mean_domain_loss,5342.166215371047,,180,60,True,11525.098152614886,11542.610363831476,13483.907107768657,13521.958776987056,10130.654527545415,10384.0000042,18201.16621537105,21704.70869820564,25290.817214572413,1369.3717065889737,2339.8941806974185,0.478075117370892,1173.2705738210689,5342.166215371047,0.0,high,1.0,5342.166215371047,5342.106927880302,1.1098147518495327e-05
X-n214-k11,213,atm,ortools:quantile_p75_scaled_seed107_or_tools,quantile_p75_scaled_seed107_or_tools,ortools,True,True,True,11,12734.0,5.000900268554688,1.249837875366211,6.250738143920898,10332.080000000002,0.9950000000000002,pulp_cbc,mean_domain_loss,5342.783740312956,,180,60,True,11525.098152614886,11542.610363831476,13483.907107768657,13521.958776987056,10130.031398301451,10384.0000168,18076.78374031296,21575.8057932777,25169.854581117328,1371.1227916256234,2337.8887820721384,0.480093896713615,1175.0216714577189,5342.783740312956,0.0,high,1.0,5342.783740312956,5342.106927880302,0.00012669391342997092
X-n214-k11,213,atm,ortools:nominal_seed103_or_tools,nominal_seed103_or_tools,ortools,True,True,True,11,12995.0,5.001307010650635,1.188385248184204,6.189692258834839,10356.0,0.9973035439137136,pulp_cbc,mean_domain_loss,5343.982265887504,,180,60,True,11525.098152614886,11542.610363831476,13483.907107768657,13521.958776987056,10130.785012824375,10384.0000009,18338.982265887505,21839.353601546623,25425.68594162606,1369.6837362084475,2336.7579387305536,0.479906103286385,1173.582600140543,5343.982265887504,0.0,high,1.0,5343.982265887504,5342.106927880302,0.0003510483845642966
X-n214-k11,213,atm,ortools:proxy_mean_scaled_seed109_or_tools,proxy_mean_scaled_seed109_or_tools,ortools,True,True,True,11,13296.0,4.99175763130188,1.1795759201049805,6.17133355140686,10332.080000000002,0.9950000000000002,pulp_cbc,mean_domain_loss,5344.046203399619,,180,60,True,11525.098152614886,11542.610363831476,13483.907107768657,13521.958776987056,10130.0447270674,10384.0000092,18640.04620339961,22067.11435888069,25726.368480072248,1369.0976005743175,2317.681701853452,0.4784507042253521,1172.9964728064133,5344.046203399619,0.0,high,1.0,5344.046203399619,5342.106927880302,0.0003630169791616373
X-n214-k11,213,atm,ortools:nominal_seed101_or_tools,nominal_seed101_or_tools,ortools,True,True,True,11,12826.0,4.995000839233398,1.2604682445526123,6.255469083786011,10356.0,0.9973035439137136,pulp_cbc,mean_domain_loss,5344.363084185636,,180,60,True,11525.098152614886,11542.610363831476,13483.907107768657,13521.958776987056,10130.723604812154,10384.0000051,18170.36308418564,21663.33402519492,25261.40716270668,1369.509571653868,2334.139689326578,0.4778873239436619,1173.4084397859633,5344.363084185636,0.0,high,1.0,5344.363084185636,5342.106927880302,0.0004223345462366733
X-n214-k11,213,cargo,ortools:robust_mean_1std_scaled_or_tools,robust_mean_1std_scaled_or_tools,ortools,True,True,True,11,13723.0,5.010787725448608,1.3660740852355957,6.376861810684204,10332.079999999998,0.9949999999999998,pulp_cbc,mean_domain_loss,4021.1708915200807,,180,60,True,11525.098152614886,11542.610363831476,13483.907107768657,13521.958776987056,8952.050227839498,10384.0000064,17744.17089152008,20427.69986670969,23120.83563670019,1377.4601698431804,2351.8158517351103,0.4747417840375587,1181.359039275275,4021.1708915200807,0.0,high,1.0,4021.1708915200807,4021.1708915200807,0.0
X-n214-k11,213,cargo,ortools:robust_mean_2std_scaled_or_tools,robust_mean_2std_scaled_or_tools,ortools,True,True,True,11,13222.0,5.0007054805755615,1.3937721252441406,6.394477605819702,10332.08,0.995,pulp_cbc,mean_domain_loss,4023.251763886032,,180,60,True,11525.098152614886,11542.610363831476,13483.907107768657,13521.958776987056,8948.463361714943,10384.0000125,17245.25176388603,19887.999564783982,22628.48100551973,1382.3016603706965,2344.899569452917,0.4824413145539906,1186.200535902792,4023.251763886032,0.0,high,1.0,4023.251763886032,4021.1708915200807,0.0005174792173940544
X-n214-k11,213,cargo,ortools:robust_mean_1std_scaled_seed113_or_tools,robust_mean_1std_scaled_seed113_or_tools,ortools,True,True,True,11,12782.0,5.0031898021698,1.4402945041656494,6.443484306335449,10332.079999999998,0.9949999999999998,pulp_cbc,mean_domain_loss,4023.791367750584,,180,60,True,11525.098152614886,11542.610363831476,13483.907107768657,13521.958776987056,8951.869684514457,10383.9999975,16805.791367750586,19420.16267524924,22192.881286658,1378.5672079741405,2330.173606094594,0.4803755868544601,1182.4660685062358,4023.791367750584,0.0,high,1.0,4023.791367750584,4021.1708915200807,0.0006516699491756017
X-n214-k11,213,cargo,ortools:quantile_p75_scaled_seed107_or_tools,quantile_p75_scaled_seed107_or_tools,ortools,True,True,True,11,12734.0,5.000900268554688,1.334808349609375,6.335708618164063,10332.080000000002,0.9950000000000002,pulp_cbc,mean_domain_loss,4024.880701819944,,180,60,True,11525.098152614886,11542.610363831476,13483.907107768657,13521.958776987056,8955.464350199487,10384.0000009,16758.880701819944,19400.13252305717,22133.68133143482,1376.5674858133266,2336.342560105485,0.48018779342723,1180.466349745422,4024.880701819944,0.0,high,1.0,4024.880701819944,4021.1708915200807,0.0009225696693683764
X-n214-k11,213,cargo,ortools:quantile_p90_scaled_or_tools,quantile_p90_scaled_or_tools,ortools,True,True,True,11,12479.0,5.01072883605957,1.346294641494751,6.357023477554321,10332.080000000002,0.9950000000000002,pulp_cbc,mean_domain_loss,4024.95424952933,,180,60,True,11525.098152614886,11542.610363831476,13483.907107768657,13521.958776987056,8948.640709374844,10384.0000057,16503.954249529328,19136.734095424286,21868.05131531645,1381.5547558174148,2339.267872353753,0.4827230046948357,1185.4536245495106,4024.95424952933,0.0,high,1.0,4024.95424952933,4021.1708915200807,0.0009408597921634358
X-n214-k11,213,cold_chain,ortools:quantile_p75_scaled_seed107_or_tools,quantile_p75_scaled_seed107_or_tools,ortools,True,True,True,11,12734.0,5.000900268554688,1.1736230850219729,6.17452335357666,10332.080000000002,0.9950000000000002,pulp_cbc,mean_domain_loss,4742.628693611883,,180,60,True,11525.098152614886,11542.610363831476,13483.907107768657,13521.958776987056,10344.71226370792,10384.0000043,19449.70037301376,21592.734893662622,24056.252346414258,1372.11862032175,2332.837885795886,0.4716901408450704,1176.0174876538451,4742.628693611883,1973.0716794018736,high,1.0,4742.628693611883,4742.628693611883,0.0
X-n214-k11,213,grocery,ortools:nominal_or_tools,nominal_or_tools,ortools,True,True,True,11,12859.0,4.997620344161987,1.1918635368347168,6.189483880996704,10356.0,0.9973035439137136,pulp_cbc,mean_domain_loss,3311.1987584756025,,180,60,True,11525.098152614886,11542.610363831476,13483.907107768657,13521.958776987056,4858.48890842807,10384.000000200002,16170.1987584756,17857.067670802742,19752.658241888646,1367.897933011216,2335.5390051646605,0.4735211267605634,1171.7967962433115,3311.1987584756025,0.0,high,1.0,3311.1987584756025,3311.1987584756025,0.0
X-n214-k11,213,grocery,ortools:nominal_seed101_or_tools,nominal_seed101_or_tools,ortools,True,True,True,11,12826.0,4.995000839233398,1.2662663459777832,6.261267185211182,10356.0,0.9973035439137136,pulp_cbc,mean_domain_loss,3313.098056635457,,180,60,True,11525.098152614886,11542.610363831476,13483.907107768657,13521.958776987056,4858.26898605416,10384.0000078,16139.098056635456,17823.17693824311,19719.520792192743,1368.2465473949062,2324.613054650315,0.4722535211267605,1172.1454182270018,3313.098056635457,0.0,high,1.0,3313.098056635457,3311.1987584756025,0.0005735983546722567
X-n214-k11,213,grocery,ortools:quantile_p75_scaled_seed107_or_tools,quantile_p75_scaled_seed107_or_tools,ortools,True,True,True,11,12734.0,5.000900268554688,1.0848097801208496,6.085710048675537,10332.080000000002,0.9950000000000002,pulp_cbc,mean_domain_loss,3313.446909964254,,180,60,True,11525.098152614886,11542.610363831476,13483.907107768657,13521.958776987056,4860.455935543592,10384.000014600002,16047.446909964254,17748.871096595347,19627.363347080493,1369.1767310914363,2331.356373836178,0.4739436619718309,1173.075608723532,3313.446909964254,0.0,high,1.0,3313.446909964254,3311.1987584756025,0.0006789539537295158
X-n214-k11,213,grocery,ortools:nominal_seed103_or_tools,nominal_seed103_or_tools,ortools,True,True,True,11,12995.0,5.001307010650635,1.0319812297821045,6.033288240432739,10356.0,0.9973035439137136,pulp_cbc,mean_domain_loss,3313.522796150092,,180,60,True,11525.098152614886,11542.610363831476,13483.907107768657,13521.958776987056,4858.0899994964375,10384.0000066,16308.522796150091,18004.05283326847,19888.088282717006,1368.635597364433,2330.146971379286,0.4737558685446009,1172.534466996528,3313.522796150092,0.0,high,1.0,3313.522796150092,3311.1987584756025,0.0007018719938030087
X-n214-k11,213,grocery,ortools:proxy_mean_scaled_seed109_or_tools,proxy_mean_scaled_seed109_or_tools,ortools,True,True,True,11,13296.0,4.99175763130188,1.1167337894439695,6.10849142074585,10332.080000000002,0.9950000000000002,pulp_cbc,mean_domain_loss,3313.8905595910346,,180,60,True,11525.098152614886,11542.610363831476,13483.907107768657,13521.958776987056,4857.1832267726295,10384.000009,16609.890559591033,18277.986583691763,20185.14321016977,1368.501488527761,2316.949381987122,0.4729107981220657,1172.4003605598564,3313.8905595910346,0.0,high,1.0,3313.8905595910346,3311.1987584756025,0.000812938549382442
X-n219-k73,218,atm,ortools:robust_mean_1std_scaled_seed113_or_tools,robust_mean_1std_scaled_seed113_or_tools,ortools,True,True,True,73,118129.0,4.997730016708374,0.9002571105957031,5.897987127304077,217.90500000000003,0.995,pulp_cbc,mean_domain_loss,105.12756409537074,,180,60,True,242.376031709029,242.8534714087248,287.4950894029832,287.6885078827544,204.1979142089692,218.99999978,118234.12756409535,118332.37332618875,118414.3165157294,27.9737171730559,56.32492879480138,0.4762844036697247,22.923560114770847,105.12756409537074,0.0,high,2.0,105.12756409537074,105.12756409537074,0.0
X-n219-k73,218,atm,ortools:nominal_or_tools,nominal_or_tools,ortools,True,True,True,73,118409.0,4.996356248855591,0.9606044292449952,5.956960678100586,218.0,0.9954337899543378,pulp_cbc,mean_domain_loss,105.15745135759056,,180,60,True,242.376031709029,242.8534714087248,287.4950894029832,287.6885078827544,204.24892641199693,218.99999961,118514.15745135758,118611.83669575848,118694.31383813523,27.995285015216176,56.26442195714017,0.4765596330275229,22.945127786931124,105.15745135759056,0.0,high,2.0,105.15745135759056,105.12756409537074,0.0002842952034226022
X-n219-k73,218,atm,ortools:proxy_mean_or_tools,proxy_mean_or_tools,ortools,True,True,True,73,118409.0,5.00426983833313,0.9856009483337402,5.98987078666687,242.376031709029,1.106739870817484,pulp_cbc,mean_domain_loss,105.15745135759056,,180,60,True,242.376031709029,242.8534714087248,287.4950894029832,287.6885078827544,204.24892641199693,218.99999961,118514.15745135758,118611.83669575848,118694.31383813523,27.995285015216176,56.26442195714017,0.4765596330275229,22.945127786931124,105.15745135759056,0.0,high,2.0,105.15745135759056,105.12756409537074,0.0002842952034226022
X-n219-k73,218,atm,ortools:proxy_mean_scaled_or_tools,proxy_mean_scaled_or_tools,ortools,True,True,True,73,118409.0,4.998886585235596,0.966937780380249,5.965824365615845,217.905,0.995,pulp_cbc,mean_domain_loss,105.15745135759056,,180,60,True,242.376031709029,242.8534714087248,287.4950894029832,287.6885078827544,204.24892641199693,218.99999961,118514.15745135758,118611.83669575848,118694.31383813523,27.995285015216176,56.26442195714017,0.4765596330275229,22.945127786931124,105.15745135759056,0.0,high,2.0,105.15745135759056,105.12756409537074,0.0002842952034226022
X-n219-k73,218,atm,ortools:quantile_p75_or_tools,quantile_p75_or_tools,ortools,True,True,True,73,118409.0,4.996911287307739,0.9695017337799072,5.966413021087647,279.5538247444189,1.2765014828512278,pulp_cbc,mean_domain_loss,105.15745135759056,,180,60,True,242.376031709029,242.8534714087248,287.4950894029832,287.6885078827544,204.24892641199693,218.99999961,118514.15745135758,118611.83669575848,118694.31383813523,27.995285015216176,56.26442195714017,0.4765596330275229,22.945127786931124,105.15745135759056,0.0,high,2.0,105.15745135759056,105.12756409537074,0.0002842952034226022
X-n219-k73,218,atm,ortools:quantile_p75_scaled_or_tools,quantile_p75_scaled_or_tools,ortools,True,True,True,73,118409.0,5.029176473617554,1.0310046672821045,6.060181140899658,217.905,0.995,pulp_cbc,mean_domain_loss,105.15745135759056,,180,60,True,242.376031709029,242.8534714087248,287.4950894029832,287.6885078827544,204.24892641199693,218.99999961,118514.15745135758,118611.83669575848,118694.31383813523,27.995285015216176,56.26442195714017,0.4765596330275229,22.945127786931124,105.15745135759056,0.0,high,2.0,105.15745135759056,105.12756409537074,0.0002842952034226022
X-n219-k73,218,atm,ortools:quantile_p90_scaled_or_tools,quantile_p90_scaled_or_tools,ortools,True,True,True,73,118409.0,5.002725124359131,0.9664697647094728,5.969194889068604,217.90500000000003,0.995,pulp_cbc,mean_domain_loss,105.15745135759056,,180,60,True,242.376031709029,242.8534714087248,287.4950894029832,287.6885078827544,204.24892641199693,218.99999961,118514.15745135758,118611.83669575848,118694.31383813523,27.995285015216176,56.26442195714017,0.4765596330275229,22.945127786931124,105.15745135759056,0.0,high,2.0,105.15745135759056,105.12756409537074,0.0002842952034226022
X-n219-k73,218,atm,ortools:robust_mean_1std_scaled_or_tools,robust_mean_1std_scaled_or_tools,ortools,True,True,True,73,118409.0,4.993685483932495,1.0087380409240725,6.002423524856567,217.90500000000003,0.995,pulp_cbc,mean_domain_loss,105.15745135759056,,180,60,True,242.376031709029,242.8534714087248,287.4950894029832,287.6885078827544,204.24892641199693,218.99999961,118514.15745135758,118611.83669575848,118694.31383813523,27.995285015216176,56.26442195714017,0.4765596330275229,22.945127786931124,105.15745135759056,0.0,high,2.0,105.15745135759056,105.12756409537074,0.0002842952034226022
X-n219-k73,218,atm,ortools:robust_mean_2std_scaled_or_tools,robust_mean_2std_scaled_or_tools,ortools,True,True,True,73,118409.0,4.997030973434448,0.92773175239563,5.924762725830078,217.905,0.995,pulp_cbc,mean_domain_loss,105.15745135759056,,180,60,True,242.376031709029,242.8534714087248,287.4950894029832,287.6885078827544,204.24892641199693,218.99999961,118514.15745135758,118611.83669575848,118694.31383813523,27.995285015216176,56.26442195714017,0.4765596330275229,22.945127786931124,105.15745135759056,0.0,high,2.0,105.15745135759056,105.12756409537074,0.0002842952034226022
X-n219-k73,218,atm,ortools:quantile_p75_scaled_seed107_or_tools,quantile_p75_scaled_seed107_or_tools,ortools,True,True,True,73,118477.0,4.988832473754883,0.9435796737670898,5.932412147521973,217.905,0.995,pulp_cbc,mean_domain_loss,105.1729882638815,,180,60,True,242.376031709029,242.8534714087248,287.4950894029832,287.6885078827544,204.18851770749063,218.99999938,118582.17298826388,118680.15248666557,118762.27441463638,27.98318957656281,56.41578305661403,0.4752293577981651,22.93303211827777,105.1729882638815,0.0,high,2.0,105.1729882638815,105.12756409537074,0.00043208618882822084
X-n219-k73,218,atm,ortools:nominal_seed101_or_tools,nominal_seed101_or_tools,ortools,True,True,True,73,118147.0,5.008578062057495,0.9674499034881592,5.976027965545654,218.0,0.9954337899543378,pulp_cbc,mean_domain_loss,105.19441282386438,,180,60,True,242.376031709029,242.8534714087248,287.4950894029832,287.6885078827544,204.17092849269875,218.99999958,118252.19441282388,118350.27929351332,118432.26710520868,27.99402923833824,56.40606611144984,0.4762844036697247,22.94387198005318,105.19441282386438,0.0,high,2.0,105.19441282386438,105.12756409537074,0.0006358820264587739
X-n219-k73,218,atm,ortools:proxy_mean_scaled_seed109_or_tools,proxy_mean_scaled_seed109_or_tools,ortools,True,True,True,73,118395.0,5.001729965209961,1.0085229873657229,6.010252952575684,217.905,0.995,pulp_cbc,mean_domain_loss,105.19678752564828,,180,60,True,242.376031709029,242.8534714087248,287.4950894029832,287.6885078827544,204.1791054967341,218.99999953,118500.19678752564,118598.0638730724,118680.37321158232,27.99445375562976,56.39327631737253,0.4754128440366972,22.944296447344705,105.19678752564828,0.0,high,2.0,105.19678752564828,105.12756409537074,0.0006584707909215228
X-n219-k73,218,cargo,ortools:robust_mean_1std_scaled_seed113_or_tools,robust_mean_1std_scaled_seed113_or_tools,ortools,True,True,True,73,118129.0,4.997730016708374,0.9151926040649414,5.912922620773315,217.90500000000003,0.995,pulp_cbc,mean_domain_loss,79.88575637547017,,180,60,True,242.376031709029,242.8534714087248,287.4950894029832,287.6885078827544,185.83833697931755,218.99999997,118208.88575637549,118284.88247838184,118347.43317385508,27.96560822972106,56.06873142483284,0.4736238532110092,22.915451361436,79.88575637547017,0.0,high,2.0,79.88575637547017,79.88575637547017,0.0
X-n219-k73,218,cargo,ortools:nominal_seed101_or_tools,nominal_seed101_or_tools,ortools,True,True,True,73,118147.0,5.008578062057495,1.0037267208099363,6.012304782867432,218.0,0.9954337899543378,pulp_cbc,mean_domain_loss,79.93716412869252,,180,60,True,242.376031709029,242.8534714087248,287.4950894029832,287.6885078827544,185.8284444394901,219.00000005,118226.9371641287,118302.680312848,118365.46186702327,27.98829266901976,56.211720800696334,0.4744036697247706,22.938135880734706,79.93716412869252,0.0,high,2.0,79.93716412869252,79.88575637547017,0.000643515885118851
X-n219-k73,218,cargo,ortools:proxy_mean_scaled_seed109_or_tools,proxy_mean_scaled_seed109_or_tools,ortools,True,True,True,73,118395.0,5.001729965209961,0.9427587985992432,5.944488763809204,217.905,0.995,pulp_cbc,mean_domain_loss,79.95930207265482,,180,60,True,242.376031709029,242.8534714087248,287.4950894029832,287.6885078827544,185.85646555419143,219.0,118474.95930207265,118550.20975801456,118613.62163103558,27.985532018466497,56.15841118199585,0.4729357798165137,22.935375180181435,79.95930207265482,0.0,high,2.0,79.95930207265482,79.88575637547017,0.000920635924619461
X-n219-k73,218,cargo,ortools:nominal_or_tools,nominal_or_tools,ortools,True,True,True,73,118409.0,4.996356248855591,0.9740712642669678,5.970427513122559,218.0,0.9954337899543378,pulp_cbc,mean_domain_loss,79.95994834386953,,180,60,True,242.376031709029,242.8534714087248,287.4950894029832,287.6885078827544,185.91736754155025,219.00000009,118488.95994834388,118564.14706487214,118627.5715264486,27.99694825428066,56.16297351072815,0.4738532110091743,22.946791505995613,79.95994834386953,0.0,high,2.0,79.95994834386953,79.88575637547017,0.0009287258676083961
X-n219-k73,218,cargo,ortools:proxy_mean_or_tools,proxy_mean_or_tools,ortools,True,True,True,73,118409.0,5.00426983833313,1.028740167617798,6.033010005950928,242.376031709029,1.106739870817484,pulp_cbc,mean_domain_loss,79.95994834386953,,180,60,True,242.376031709029,242.8534714087248,287.4950894029832,287.6885078827544,185.91736754155025,219.00000009,118488.95994834388,118564.14706487214,118627.5715264486,27.99694825428066,56.16297351072815,0.4738532110091743,22.946791505995613,79.95994834386953,0.0,high,2.0,79.95994834386953,79.88575637547017,0.0009287258676083961
X-n219-k73,218,cargo,ortools:proxy_mean_scaled_or_tools,proxy_mean_scaled_or_tools,ortools,True,True,True,73,118409.0,4.998886585235596,1.0977373123168943,6.09662389755249,217.905,0.995,pulp_cbc,mean_domain_loss,79.95994834386953,,180,60,True,242.376031709029,242.8534714087248,287.4950894029832,287.6885078827544,185.91736754155025,219.00000009,118488.95994834388,118564.14706487214,118627.5715264486,27.99694825428066,56.16297351072815,0.4738532110091743,22.946791505995613,79.95994834386953,0.0,high,2.0,79.95994834386953,79.88575637547017,0.0009287258676083961
X-n219-k73,218,cargo,ortools:quantile_p75_or_tools,quantile_p75_or_tools,ortools,True,True,True,73,118409.0,4.996911287307739,1.0273008346557615,6.024212121963501,279.5538247444189,1.2765014828512278,pulp_cbc,mean_domain_loss,79.95994834386953,,180,60,True,242.376031709029,242.8534714087248,287.4950894029832,287.6885078827544,185.91736754155025,219.00000009,118488.95994834388,118564.14706487214,118627.5715264486,27.99694825428066,56.16297351072815,0.4738532110091743,22.946791505995613,79.95994834386953,0.0,high,2.0,79.95994834386953,79.88575637547017,0.0009287258676083961
X-n219-k73,218,cargo,ortools:quantile_p75_scaled_or_tools,quantile_p75_scaled_or_tools,ortools,True,True,True,73,118409.0,5.029176473617554,1.0334985256195068,6.0626749992370605,217.905,0.995,pulp_cbc,mean_domain_loss,79.95994834386953,,180,60,True,242.376031709029,242.8534714087248,287.4950894029832,287.6885078827544,185.91736754155025,219.00000009,118488.95994834388,118564.14706487214,118627.5715264486,27.99694825428066,56.16297351072815,0.4738532110091743,22.946791505995613,79.95994834386953,0.0,high,2.0,79.95994834386953,79.88575637547017,0.0009287258676083961
X-n219-k73,218,cargo,ortools:quantile_p90_scaled_or_tools,quantile_p90_scaled_or_tools,ortools,True,True,True,73,118409.0,5.002725124359131,0.994431734085083,5.997156858444214,217.90500000000003,0.995,pulp_cbc,mean_domain_loss,79.95994834386953,,180,60,True,242.376031709029,242.8534714087248,287.4950894029832,287.6885078827544,185.91736754155025,219.00000009,118488.95994834388,118564.14706487214,118627.5715264486,27.99694825428066,56.16297351072815,0.4738532110091743,22.946791505995613,79.95994834386953,0.0,high,2.0,79.95994834386953,79.88575637547017,0.0009287258676083961
X-n219-k73,218,cargo,ortools:robust_mean_1std_scaled_or_tools,robust_mean_1std_scaled_or_tools,ortools,True,True,True,73,118409.0,4.993685483932495,0.974398136138916,5.968083620071411,217.90500000000003,0.995,pulp_cbc,mean_domain_loss,79.95994834386953,,180,60,True,242.376031709029,242.8534714087248,287.4950894029832,287.6885078827544,185.91736754155025,219.00000009,118488.95994834388,118564.14706487214,118627.5715264486,27.99694825428066,56.16297351072815,0.4738532110091743,22.946791505995613,79.95994834386953,0.0,high,2.0,79.95994834386953,79.88575637547017,0.0009287258676083961
X-n219-k73,218,cargo,ortools:robust_mean_2std_scaled_or_tools,robust_mean_2std_scaled_or_tools,ortools,True,True,True,73,118409.0,4.997030973434448,1.059699296951294,6.056730270385742,217.905,0.995,pulp_cbc,mean_domain_loss,79.95994834386953,,180,60,True,242.376031709029,242.8534714087248,287.4950894029832,287.6885078827544,185.91736754155025,219.00000009,118488.95994834388,118564.14706487214,118627.5715264486,27.99694825428066,56.16297351072815,0.4738532110091743,22.946791505995613,79.95994834386953,0.0,high,2.0,79.95994834386953,79.88575637547017,0.0009287258676083961
X-n219-k73,218,cargo,ortools:quantile_p75_scaled_seed107_or_tools,quantile_p75_scaled_seed107_or_tools,ortools,True,True,True,73,118477.0,4.988832473754883,0.9806764125823976,5.96950888633728,217.905,0.995,pulp_cbc,mean_domain_loss,79.96326959991836,,180,60,True,242.376031709029,242.8534714087248,287.4950894029832,287.6885078827544,185.86012840008985,219.0000001,118556.9632695999,118631.94938300196,118695.5423080003,27.98485651246351,56.27184845823735,0.4730275229357798,22.93469977417846,79.96326959991836,0.0,high,2.0,79.96326959991836,79.88575637547017,0.0009703009393048441
X-n219-k73,218,cold_chain,ortools:robust_mean_1std_scaled_seed113_or_tools,robust_mean_1std_scaled_seed113_or_tools,ortools,True,True,True,73,118129.0,4.997730016708374,0.9227774143218994,5.920507431030273,217.90500000000003,0.995,pulp_cbc,mean_domain_loss,91.72757142424726,,180,60,True,242.376031709029,242.8534714087248,287.4950894029832,287.6885078827544,207.08493282324864,218.95377098,118260.63309620328,118320.63846301482,118378.4431019985,27.94745907028891,56.1366684245057,0.4725229357798165,22.851073212003858,91.72757142424726,39.905524779049664,high,2.0,91.72757142424726,91.72757142424726,0.0
X-n219-k73,218,cold_chain,ortools:proxy_mean_scaled_seed109_or_tools,proxy_mean_scaled_seed109_or_tools,ortools,True,True,True,73,118395.0,5.001729965209961,0.9722855091094972,5.974015474319458,217.905,0.995,pulp_cbc,mean_domain_loss,91.77380047488272,,180,60,True,242.376031709029,242.8534714087248,287.4950894029832,287.6885078827544,207.08198972765183,218.95377047,118526.69174071672,118586.89058219412,118644.58789829076,27.965945600351645,56.21742793461405,0.4731192660550459,22.8695592320666,91.77380047488272,39.91794024182534,high,2.0,91.77380047488272,91.72757142424726,0.0005039820625103827
X-n219-k73,218,cold_chain,ortools:nominal_seed101_or_tools,nominal_seed101_or_tools,ortools,True,True,True,73,118147.0,5.008578062057495,1.041428565979004,6.050006628036499,218.0,0.9954337899543378,pulp_cbc,mean_domain_loss,91.78006343269352,,180,60,True,242.376031709029,242.8534714087248,287.4950894029832,287.6885078827544,207.10780884234552,218.95377108,118278.72852727064,118339.16450153932,118396.45373840808,27.96426518820941,56.28632989229834,0.4743119266055046,22.86787942992437,91.78006343269352,39.94846383795068,high,2.0,91.78006343269352,91.72757142424726,0.0005722598737895864
X-n219-k73,218,cold_chain,ortools:nominal_or_tools,nominal_or_tools,ortools,True,True,True,73,118409.0,4.996356248855591,0.9455881118774414,5.941944360733032,218.0,0.9954337899543378,pulp_cbc,mean_domain_loss,91.79799193595645,,180,60,True,242.376031709029,242.8534714087248,287.4950894029832,287.6885078827544,207.2313124099847,218.9537704,118540.77774208732,118600.43667007126,118658.61027817545,27.979400917778847,56.10604474334298,0.4736238532110092,22.8830144794938,91.79799193595645,39.97975015137228,high,2.0,91.79799193595645,91.72757142424726,0.0007677136832009534
X-n219-k73,218,cold_chain,ortools:proxy_mean_or_tools,proxy_mean_or_tools,ortools,True,True,True,73,118409.0,5.00426983833313,0.9425480365753174,5.946817874908447,242.376031709029,1.106739870817484,pulp_cbc,mean_domain_loss,91.79799193595645,,180,60,True,242.376031709029,242.8534714087248,287.4950894029832,287.6885078827544,207.2313124099847,218.9537704,118540.77774208732,118600.43667007126,118658.61027817545,27.979400917778847,56.10604474334298,0.4736238532110092,22.8830144794938,91.79799193595645,39.97975015137228,high,2.0,91.79799193595645,91.72757142424726,0.0007677136832009534
X-n219-k73,218,cold_chain,ortools:proxy_mean_scaled_or_tools,proxy_mean_scaled_or_tools,ortools,True,True,True,73,118409.0,4.998886585235596,1.1505753993988037,6.149461984634399,217.905,0.995,pulp_cbc,mean_domain_loss,91.79799193595645,,180,60,True,242.376031709029,242.8534714087248,287.4950894029832,287.6885078827544,207.2313124099847,218.9537704,118540.77774208732,118600.43667007126,118658.61027817545,27.979400917778847,56.10604474334298,0.4736238532110092,22.8830144794938,91.79799193595645,39.97975015137228,high,2.0,91.79799193595645,91.72757142424726,0.0007677136832009534
X-n219-k73,218,cold_chain,ortools:quantile_p75_or_tools,quantile_p75_or_tools,ortools,True,True,True,73,118409.0,4.996911287307739,1.1430702209472656,6.139981508255005,279.5538247444189,1.2765014828512278,pulp_cbc,mean_domain_loss,91.79799193595645,,180,60,True,242.376031709029,242.8534714087248,287.4950894029832,287.6885078827544,207.2313124099847,218.9537704,118540.77774208732,118600.43667007126,118658.61027817545,27.979400917778847,56.10604474334298,0.4736238532110092,22.8830144794938,91.79799193595645,39.97975015137228,high,2.0,91.79799193595645,91.72757142424726,0.0007677136832009534
X-n219-k73,218,cold_chain,ortools:quantile_p75_scaled_or_tools,quantile_p75_scaled_or_tools,ortools,True,True,True,73,118409.0,5.029176473617554,0.9979639053344728,6.027140378952026,217.905,0.995,pulp_cbc,mean_domain_loss,91.79799193595645,,180,60,True,242.376031709029,242.8534714087248,287.4950894029832,287.6885078827544,207.2313124099847,218.9537704,118540.77774208732,118600.43667007126,118658.61027817545,27.979400917778847,56.10604474334298,0.4736238532110092,22.8830144794938,91.79799193595645,39.97975015137228,high,2.0,91.79799193595645,91.72757142424726,0.0007677136832009534
X-n219-k73,218,cold_chain,ortools:quantile_p90_scaled_or_tools,quantile_p90_scaled_or_tools,ortools,True,True,True,73,118409.0,5.002725124359131,0.966792106628418,5.969517230987549,217.90500000000003,0.995,pulp_cbc,mean_domain_loss,91.79799193595645,,180,60,True,242.376031709029,242.8534714087248,287.4950894029832,287.6885078827544,207.2313124099847,218.9537704,118540.77774208732,118600.43667007126,118658.61027817545,27.979400917778847,56.10604474334298,0.4736238532110092,22.8830144794938,91.79799193595645,39.97975015137228,high,2.0,91.79799193595645,91.72757142424726,0.0007677136832009534
X-n219-k73,218,cold_chain,ortools:robust_mean_1std_scaled_or_tools,robust_mean_1std_scaled_or_tools,ortools,True,True,True,73,118409.0,4.993685483932495,0.9754464626312256,5.969131946563721,217.90500000000003,0.995,pulp_cbc,mean_domain_loss,91.79799193595645,,180,60,True,242.376031709029,242.8534714087248,287.4950894029832,287.6885078827544,207.2313124099847,218.9537704,118540.77774208732,118600.43667007126,118658.61027817545,27.979400917778847,56.10604474334298,0.4736238532110092,22.8830144794938,91.79799193595645,39.97975015137228,high,2.0,91.79799193595645,91.72757142424726,0.0007677136832009534
X-n219-k73,218,cold_chain,ortools:robust_mean_2std_scaled_or_tools,robust_mean_2std_scaled_or_tools,ortools,True,True,True,73,118409.0,4.997030973434448,0.9716963768005372,5.968727350234985,217.905,0.995,pulp_cbc,mean_domain_loss,91.79799193595645,,180,60,True,242.376031709029,242.8534714087248,287.4950894029832,287.6885078827544,207.2313124099847,218.9537704,118540.77774208732,118600.43667007126,118658.61027817545,27.979400917778847,56.10604474334298,0.4736238532110092,22.8830144794938,91.79799193595645,39.97975015137228,high,2.0,91.79799193595645,91.72757142424726,0.0007677136832009534
X-n219-k73,218,grocery,ortools:robust_mean_1std_scaled_seed113_or_tools,robust_mean_1std_scaled_seed113_or_tools,ortools,True,True,True,73,118129.0,4.997730016708374,0.9830355644226074,5.980765581130981,217.90500000000003,0.995,pulp_cbc,mean_domain_loss,64.90835306205156,,180,60,True,242.376031709029,242.8534714087248,287.4950894029832,287.6885078827544,94.85385945523969,218.99999997,118193.90835306206,118241.45889036312,118285.27814086282,27.96023612644732,56.24090832587953,0.4749082568807339,22.91007925816227,64.90835306205156,0.0,high,2.0,64.90835306205156,64.90835306205156,0.0
X-n219-k73,218,grocery,ortools:nominal_seed101_or_tools,nominal_seed101_or_tools,ortools,True,True,True,73,118147.0,5.008578062057495,1.1137433052062988,6.122321367263794,218.0,0.9954337899543378,pulp_cbc,mean_domain_loss,64.91091606766491,,180,60,True,242.376031709029,242.8534714087248,287.4950894029832,287.6885078827544,94.84251504298518,219.00000017,118211.91091606766,118259.81352523455,118303.24539453795,27.97280474443174,56.40884435865264,0.4757339449541284,22.922648076146693,64.91091606766491,0.0,high,2.0,64.91091606766491,64.90835306205156,3.948652973683452e-05
X-n219-k73,218,grocery,ortools:nominal_or_tools,nominal_or_tools,ortools,True,True,True,73,118409.0,4.996356248855591,0.9768714904785156,5.973227739334106,218.0,0.9954337899543378,pulp_cbc,mean_domain_loss,64.91442993801611,,180,60,True,242.376031709029,242.8534714087248,287.4950894029832,287.6885078827544,94.88264610050318,218.99999979,118473.914429938,118521.28766149963,118565.24410569358,27.97943221724589,56.21660718120898,0.4758715596330275,22.92927516896085,64.91442993801611,0.0,high,2.0,64.91442993801611,64.90835306205156,9.362240263195748e-05
X-n219-k73,218,grocery,ortools:proxy_mean_or_tools,proxy_mean_or_tools,ortools,True,True,True,73,118409.0,5.00426983833313,0.9841618537902832,5.988431692123413,242.376031709029,1.106739870817484,pulp_cbc,mean_domain_loss,64.91442993801611,,180,60,True,242.376031709029,242.8534714087248,287.4950894029832,287.6885078827544,94.88264610050318,218.99999979,118473.914429938,118521.28766149963,118565.24410569358,27.97943221724589,56.21660718120898,0.4758715596330275,22.92927516896085,64.91442993801611,0.0,high,2.0,64.91442993801611,64.90835306205156,9.362240263195748e-05
X-n219-k73,218,grocery,ortools:proxy_mean_scaled_or_tools,proxy_mean_scaled_or_tools,ortools,True,True,True,73,118409.0,4.998886585235596,1.0112504959106443,6.01013708114624,217.905,0.995,pulp_cbc,mean_domain_loss,64.91442993801611,,180,60,True,242.376031709029,242.8534714087248,287.4950894029832,287.6885078827544,94.88264610050318,218.99999979,118473.914429938,118521.28766149963,118565.24410569358,27.97943221724589,56.21660718120898,0.4758715596330275,22.92927516896085,64.91442993801611,0.0,high,2.0,64.91442993801611,64.90835306205156,9.362240263195748e-05
X-n219-k73,218,grocery,ortools:quantile_p75_or_tools,quantile_p75_or_tools,ortools,True,True,True,73,118409.0,4.996911287307739,1.1186423301696775,6.115553617477417,279.5538247444189,1.2765014828512278,pulp_cbc,mean_domain_loss,64.91442993801611,,180,60,True,242.376031709029,242.8534714087248,287.4950894029832,287.6885078827544,94.88264610050318,218.99999979,118473.914429938,118521.28766149963,118565.24410569358,27.97943221724589,56.21660718120898,0.4758715596330275,22.92927516896085,64.91442993801611,0.0,high,2.0,64.91442993801611,64.90835306205156,9.362240263195748e-05
X-n219-k73,218,grocery,ortools:quantile_p75_scaled_or_tools,quantile_p75_scaled_or_tools,ortools,True,True,True,73,118409.0,5.029176473617554,1.032844066619873,6.062020540237427,217.905,0.995,pulp_cbc,mean_domain_loss,64.91442993801611,,180,60,True,242.376031709029,242.8534714087248,287.4950894029832,287.6885078827544,94.88264610050318,218.99999979,118473.914429938,118521.28766149963,118565.24410569358,27.97943221724589,56.21660718120898,0.4758715596330275,22.92927516896085,64.91442993801611,0.0,high,2.0,64.91442993801611,64.90835306205156,9.362240263195748e-05
X-n219-k73,218,grocery,ortools:quantile_p90_scaled_or_tools,quantile_p90_scaled_or_tools,ortools,True,True,True,73,118409.0,5.002725124359131,0.9964423179626464,5.999167442321777,217.90500000000003,0.995,pulp_cbc,mean_domain_loss,64.91442993801611,,180,60,True,242.376031709029,242.8534714087248,287.4950894029832,287.6885078827544,94.88264610050318,218.99999979,118473.914429938,118521.28766149963,118565.24410569358,27.97943221724589,56.21660718120898,0.4758715596330275,22.92927516896085,64.91442993801611,0.0,high,2.0,64.91442993801611,64.90835306205156,9.362240263195748e-05
X-n219-k73,218,grocery,ortools:robust_mean_1std_scaled_or_tools,robust_mean_1std_scaled_or_tools,ortools,True,True,True,73,118409.0,4.993685483932495,0.9855759143829346,5.97926139831543,217.90500000000003,0.995,pulp_cbc,mean_domain_loss,64.91442993801611,,180,60,True,242.376031709029,242.8534714087248,287.4950894029832,287.6885078827544,94.88264610050318,218.99999979,118473.914429938,118521.28766149963,118565.24410569358,27.97943221724589,56.21660718120898,0.4758715596330275,22.92927516896085,64.91442993801611,0.0,high,2.0,64.91442993801611,64.90835306205156,9.362240263195748e-05
X-n219-k73,218,grocery,ortools:robust_mean_2std_scaled_or_tools,robust_mean_2std_scaled_or_tools,ortools,True,True,True,73,118409.0,4.997030973434448,0.9875333309173584,5.984564304351807,217.905,0.995,pulp_cbc,mean_domain_loss,64.91442993801611,,180,60,True,242.376031709029,242.8534714087248,287.4950894029832,287.6885078827544,94.88264610050318,218.99999979,118473.914429938,118521.28766149963,118565.24410569358,27.97943221724589,56.21660718120898,0.4758715596330275,22.92927516896085,64.91442993801611,0.0,high,2.0,64.91442993801611,64.90835306205156,9.362240263195748e-05
X-n219-k73,218,grocery,ortools:quantile_p75_scaled_seed107_or_tools,quantile_p75_scaled_seed107_or_tools,ortools,True,True,True,73,118477.0,4.988832473754883,0.9449551105499268,5.93378758430481,217.905,0.995,pulp_cbc,mean_domain_loss,64.92434524441275,,180,60,True,242.376031709029,242.8534714087248,287.4950894029832,287.6885078827544,94.8378153048461,218.99999997000003,118541.92434524444,118589.70163091892,118633.20634821703,27.96843819913048,56.350927930336056,0.475045871559633,22.918281330845435,64.92434524441275,0.0,high,2.0,64.92434524441275,64.90835306205156,0.0002463809603349485
X-n219-k73,218,grocery,ortools:proxy_mean_scaled_seed109_or_tools,proxy_mean_scaled_seed109_or_tools,ortools,True,True,True,73,118395.0,5.001729965209961,0.9573299884796144,5.959059953689575,217.905,0.995,pulp_cbc,mean_domain_loss,64.93979367951499,,180,60,True,242.376031709029,242.8534714087248,287.4950894029832,287.6885078827544,94.8324121736906,219.00000022,118459.93979367948,118507.63686627548,118551.27763708078,27.97987195932924,56.3266278819699,0.4754587155963303,22.92971534104418,64.93979367951499,0.0,high,2.0,64.93979367951499,64.90835306205156,0.00048438476683231474
X-n223-k34,222,atm,ortools:robust_mean_1std_scaled_or_tools,robust_mean_1std_scaled_or_tools,ortools,True,True,True,34,47633.0,4.999718904495239,1.1795082092285156,6.179227113723755,1251.7100000000005,0.9950000000000002,pulp_cbc,mean_domain_loss,605.468509961756,,180,60,True,1378.2518636282953,1385.8779151195247,1599.402231662014,1602.47449459314,1259.9890101524925,1258.00000108,48238.46850996176,48702.41318129694,49221.71756516238,155.73458338918837,282.4448502762177,0.4545045045045045,151.99107179584848,605.468509961756,0.0,medium,,605.468509961756,605.468509961756,0.0
X-n223-k34,222,atm,ortools:quantile_p75_scaled_seed107_or_tools,quantile_p75_scaled_seed107_or_tools,ortools,True,True,True,34,44117.0,5.00199294090271,1.0614304542541504,6.06342339515686,1251.71,0.995,pulp_cbc,mean_domain_loss,605.7577612639852,,180,60,True,1378.2518636282953,1385.8779151195247,1599.402231662014,1602.47449459314,1261.119840042811,1258.0000003200005,44722.757761264,45183.60190208585,45703.26232691842,155.94624354897965,281.42692593604454,0.46,152.2027311956398,605.7577612639852,0.0,medium,,605.7577612639852,605.468509961756,0.0004777313724333709
X-n223-k34,222,cargo,ortools:robust_mean_1std_scaled_or_tools,robust_mean_1std_scaled_or_tools,ortools,True,True,True,34,47633.0,4.999718904495239,1.2643468379974363,6.264065742492676,1251.7100000000005,0.9950000000000002,pulp_cbc,mean_domain_loss,453.2221092278894,,180,60,True,1378.2518636282953,1385.8779151195247,1599.402231662014,1602.47449459314,1133.9010321173682,1258.00000022,48086.2221092279,48435.60582672568,48830.767534054256,155.86393391692275,282.5239361824813,0.4399549549549549,152.1204214635829,453.2221092278894,0.0,medium,,453.2221092278894,453.2221092278894,0.0
X-n223-k34,222,cold_chain,ortools:robust_mean_1std_scaled_or_tools,robust_mean_1std_scaled_or_tools,ortools,True,True,True,34,47633.0,4.999718904495239,1.1084167957305908,6.10813570022583,1251.7100000000005,0.9950000000000002,pulp_cbc,mean_domain_loss,550.1291828704235,,180,60,True,1378.2518636282953,1385.8779151195247,1599.402231662014,1602.47449459314,1292.5685490313872,1257.99999961,48424.999761371975,48684.445882804896,49064.26089399091,155.79202578393782,282.36922328321214,0.4450900900900901,152.04851272059793,550.1291828704235,241.87057850155,medium,,550.1291828704235,550.1291828704235,0.0
X-n223-k34,222,cold_chain,ortools:quantile_p75_scaled_seed107_or_tools,quantile_p75_scaled_seed107_or_tools,ortools,True,True,True,34,44117.0,5.00199294090271,1.1943049430847168,6.196297883987427,1251.71,0.995,pulp_cbc,mean_domain_loss,550.5376409523228,,180,60,True,1378.2518636282953,1385.8779151195247,1599.402231662014,1602.47449459314,1284.5349569722837,1257.99999823,44900.584650752295,45158.60540181384,45538.28475872554,156.1528862501361,282.55066068777245,0.4527027027027027,152.40937180679626,550.5376409523228,233.0470097999589,medium,,550.5376409523228,550.1291828704235,0.000742476666604177
X-n223-k34,222,grocery,ortools:robust_mean_1std_scaled_or_tools,robust_mean_1std_scaled_or_tools,ortools,True,True,True,34,47633.0,4.999718904495239,1.2717382907867432,6.271457195281982,1251.7100000000005,0.9950000000000002,pulp_cbc,mean_domain_loss,381.0501629082252,,180,60,True,1378.2518636282953,1385.8779151195247,1599.402231662014,1602.47449459314,586.3297335775185,1257.99999769,48014.05016290822,48227.333541403765,48510.784847867806,155.6225629808054,282.31757717402826,0.4525225225225225,151.87904799746556,381.0501629082252,0.0,medium,,381.0501629082252,381.0501629082252,0.0
X-n223-k34,222,grocery,ortools:quantile_p75_scaled_seed107_or_tools,quantile_p75_scaled_seed107_or_tools,ortools,True,True,True,34,44117.0,5.00199294090271,1.1516826152801514,6.153675556182861,1251.71,0.995,pulp_cbc,mean_domain_loss,381.3521717711161,,180,60,True,1378.2518636282953,1385.8779151195247,1599.402231662014,1602.47449459314,586.952041635479,1257.99999926,44498.35217177113,44709.63190793213,44992.95008777494,155.8155831075288,280.7274385369053,0.4559459459459459,152.0720696941889,381.3521717711161,0.0,medium,,381.3521717711161,381.0501629082252,0.0007925698301397249
X-n228-k23,227,atm,ortools:proxy_mean_scaled_or_tools,proxy_mean_scaled_or_tools,ortools,True,True,True,23,33383.0,5.0014495849609375,1.2113845348358154,6.212834119796753,3524.2900000000004,0.995,pulp_cbc,mean_domain_loss,1931.0868540360768,,180,60,True,3871.187173963408,3880.369089269405,4574.970830957401,4579.389746009339,3690.1591800177134,3542.00000391,35314.08685403608,36591.88263581611,37794.38698347174,480.3454253337775,811.3822012937558,0.4742290748898678,452.66236937074376,1931.0868540360768,0.0,medium,,1931.0868540360768,1931.0868540360768,0.0
X-n228-k23,227,atm,ortools:nominal_or_tools,nominal_or_tools,ortools,True,True,True,23,30349.0,5.002960205078125,1.290475845336914,6.293436050415039,3478.0,0.9819311123658948,pulp_cbc,mean_domain_loss,1932.4947434032856,,180,60,True,3871.187173963408,3880.369089269405,4574.970830957401,4579.389746009339,3701.579847603631,3541.9999967899994,32281.49474340328,33527.26912305699,34758.772869064625,480.279808805464,803.3319447531271,0.4643612334801762,452.5967457224303,1932.4947434032856,0.0,medium,,1932.4947434032856,1931.0868540360768,0.0007290657922849074
X-n228-k23,227,cargo,ortools:proxy_mean_scaled_or_tools,proxy_mean_scaled_or_tools,ortools,True,True,True,23,33383.0,5.0014495849609375,1.274533987045288,6.275983572006226,3524.2900000000004,0.995,pulp_cbc,mean_domain_loss,1452.3115572460183,,180,60,True,3871.187173963408,3880.369089269405,4574.970830957401,4579.389746009339,3282.699525840719,3541.99999474,34835.31155724602,35834.117259358805,36715.16126441839,484.42517647752817,812.5304730648375,0.4706167400881057,456.7421113444945,1452.3115572460183,0.0,medium,,1452.3115572460183,1452.3115572460183,0.0
X-n228-k23,227,cargo,ortools:nominal_or_tools,nominal_or_tools,ortools,True,True,True,23,30349.0,5.002960205078125,1.3541765213012695,6.3571367263793945,3478.0,0.9819311123658948,pulp_cbc,mean_domain_loss,1452.531931596886,,180,60,True,3871.187173963408,3880.369089269405,4574.970830957401,4579.389746009339,3296.5804808211305,3542.0000015999995,31801.53193159689,32795.49950702219,33678.71290420934,483.3169529166622,808.6677234927962,0.4522026431718061,455.6338946436286,1452.531931596886,0.0,medium,,1452.531931596886,1452.3115572460183,0.00015174040980950215
X-n228-k23,227,cold_chain,ortools:proxy_mean_scaled_or_tools,proxy_mean_scaled_or_tools,ortools,True,True,True,23,33383.0,5.0014495849609375,1.1958556175231934,6.197305202484131,3524.2900000000004,0.995,pulp_cbc,mean_domain_loss,1750.4527513020262,,180,60,True,3871.187173963408,3880.369089269405,4574.970830957401,4579.389746009339,3684.697210189243,3542.0000009200003,35703.7865983556,36474.46064509625,37329.80814094097,482.0631548481895,810.6504211584759,0.4716299559471366,454.3800958951558,1750.4527513020262,570.3338470535714,medium,,1750.4527513020262,1750.4527513020262,0.0
X-n228-k23,227,grocery,ortools:proxy_mean_scaled_or_tools,proxy_mean_scaled_or_tools,ortools,True,True,True,23,33383.0,5.0014495849609375,1.1480364799499512,6.149486064910889,3524.2900000000004,0.995,pulp_cbc,mean_domain_loss,1208.4218402323977,,180,60,True,3871.187173963408,3880.369089269405,4574.970830957401,4579.389746009339,1762.0176232923152,3541.99999892,34591.4218402324,35210.67442526068,35852.52326626371,479.2656645989917,810.1528224832597,0.4694273127753304,451.5826036459582,1208.4218402323977,0.0,medium,,1208.4218402323977,1208.4218402323977,0.0
X-n228-k23,227,grocery,ortools:nominal_or_tools,nominal_or_tools,ortools,True,True,True,23,30349.0,5.002960205078125,1.1529500484466553,6.15591025352478,3478.0,0.9819311123658948,pulp_cbc,mean_domain_loss,1209.510749296349,,180,60,True,3871.187173963408,3880.369089269405,4574.970830957401,4579.389746009339,1768.0600270341054,3541.99999582,31558.51074929635,32149.875605177687,32816.21911640059,479.5248825156369,800.260408742767,0.4573568281938326,451.8418184626033,1209.510749296349,0.0,medium,,1209.510749296349,1208.4218402323977,0.0009011001189303163
X-n233-k16,232,atm,ortools:proxy_mean_scaled_or_tools,proxy_mean_scaled_or_tools,ortools,True,True,True,16,23289.0,5.006700038909912,1.3663275241851809,6.373027563095093,10045.52,0.995,pulp_cbc,mean_domain_loss,4800.463837344079,,180,60,True,11334.41800874414,11355.553726611492,13290.364120543143,13318.41245506052,10611.263932227568,10095.99998662,28089.46383734408,30930.015321821047,33463.96586405596,1220.35067486701,2014.3585366208647,0.4544827586206896,1201.989822055686,4800.463837344079,0.0,high,3.0,4800.463837344079,4800.463837344079,0.0
X-n233-k16,232,atm,ortools:quantile_p75_scaled_seed107_or_tools,quantile_p75_scaled_seed107_or_tools,ortools,True,True,True,16,22235.0,5.004918575286865,1.4189834594726562,6.4239020347595215,10045.52,0.995,pulp_cbc,mean_domain_loss,4800.46868036303,,180,60,True,11334.41800874414,11355.553726611492,13290.364120543143,13318.41245506052,10615.722232993074,10095.99998404,27035.468680363017,29930.589395236944,32429.785008188344,1222.6550974588276,2031.4899346666696,0.4634913793103448,1204.294242067504,4800.46868036303,0.0,high,3.0,4800.46868036303,4800.463837344079,1.0088647920177404e-06
X-n233-k16,232,atm,ortools:proxy_mean_scaled_seed109_or_tools,proxy_mean_scaled_seed109_or_tools,ortools,True,True,True,16,24971.0,5.001018762588501,1.3594722747802734,6.360491037368774,10045.52,0.995,pulp_cbc,mean_domain_loss,4801.269240911755,,180,60,True,11334.41800874414,11355.553726611492,13290.364120543143,13318.41245506052,10608.777470948393,10095.99998824,29772.26924091175,32598.073370943508,35156.69264996397,1221.139173503917,2012.2615833094403,0.455948275862069,1202.7783223125932,4801.269240911755,0.0,high,3.0,4801.269240911755,4800.463837344079,0.000167776197252132
X-n233-k16,232,cargo,ortools:quantile_p75_scaled_seed107_or_tools,quantile_p75_scaled_seed107_or_tools,ortools,True,True,True,16,22235.0,5.004918575286865,1.5162596702575684,6.521178245544434,10045.52,0.995,pulp_cbc,mean_domain_loss,3584.1515702022884,,180,60,True,11334.41800874414,11355.553726611492,13290.364120543143,13318.41245506052,9344.761318466924,10095.99999576,25819.151570202284,28011.917619823005,29871.62636973579,1230.0749692775505,2052.845418133269,0.4625,1211.7141256062266,3584.1515702022884,0.0,high,3.0,3584.1515702022884,3584.1515702022884,0.0
X-n233-k16,232,cargo,ortools:robust_mean_1std_scaled_seed113_or_tools,robust_mean_1std_scaled_seed113_or_tools,ortools,True,True,True,16,24229.0,5.00009036064148,1.427069902420044,6.427160263061523,10045.52,0.995,pulp_cbc,mean_domain_loss,3584.9893458575552,,180,60,True,11334.41800874414,11355.553726611492,13290.364120543143,13318.41245506052,9346.34086584635,10096.00000492,27813.98934585756,29953.01463038758,31882.79487140772,1232.8266268279106,2039.1953593191,0.4641379310344827,1214.4657923165869,3584.9893458575552,0.0,high,3.0,3584.9893458575552,3584.1515702022884,0.00023374448285944343
X-n233-k16,232,cargo,ortools:quantile_p90_scaled_or_tools,quantile_p90_scaled_or_tools,ortools,True,True,True,16,24085.0,5.01072883605957,1.5177347660064695,6.52846360206604,10045.520000000002,0.9950000000000002,pulp_cbc,mean_domain_loss,3586.7732786153715,,180,60,True,11334.41800874414,11355.553726611492,13290.364120543143,13318.41245506052,9357.525262820467,10096.00001113,27671.77327861537,29822.865526421512,31738.66265129674,1233.8265981431432,2045.435926906085,0.4706465517241379,1215.465769841819,3586.7732786153715,0.0,high,3.0,3586.7732786153715,3584.1515702022884,0.000731472528918497
X-n233-k16,232,cold_chain,ortools:proxy_mean_scaled_or_tools,proxy_mean_scaled_or_tools,ortools,True,True,True,16,23289.0,5.006700038909912,1.3444664478302002,6.351166486740112,10045.52,0.995,pulp_cbc,mean_domain_loss,4350.929914762233,,180,60,True,11334.41800874414,11355.553726611492,13290.364120543143,13318.41245506052,10474.43896912553,10095.99999824,29382.33127342654,31017.03876468916,32797.360725623534,1218.9206332095712,2020.7995254586133,0.4484051724137931,1200.5597920182472,4350.929914762233,1742.4013586643075,high,3.0,4350.929914762233,4350.929914762233,0.0
X-n233-k16,232,grocery,ortools:quantile_p75_scaled_seed107_or_tools,quantile_p75_scaled_seed107_or_tools,ortools,True,True,True,16,22235.0,5.004918575286865,1.340463399887085,6.34538197517395,10045.52,0.995,pulp_cbc,mean_domain_loss,3027.6222012983203,,180,60,True,11334.41800874414,11355.553726611492,13290.364120543143,13318.41245506052,5043.866113038816,10096.0000038,25262.62220129832,26576.204259254515,27951.62698841507,1221.5250885920664,2015.4378046644613,0.4601724137931035,1203.1642529607425,3027.6222012983203,0.0,high,3.0,3027.6222012983203,3027.6222012983203,0.0
X-n233-k16,232,grocery,ortools:proxy_mean_scaled_or_tools,proxy_mean_scaled_or_tools,ortools,True,True,True,16,23289.0,5.006700038909912,1.2745449542999268,6.281244993209839,10045.52,0.995,pulp_cbc,mean_domain_loss,3029.4029511834487,,180,60,True,11334.41800874414,11355.553726611492,13290.364120543143,13318.41245506052,5038.789133752825,10095.999999,26318.40295118345,27634.12419629182,28995.286234475752,1220.9176853499405,2014.1945732654808,0.4512931034482759,1202.5568449186164,3029.4029511834487,0.0,high,3.0,3029.4029511834487,3027.6222012983203,0.0005881677985994466
X-n233-k16,232,grocery,ortools:proxy_mean_scaled_seed109_or_tools,proxy_mean_scaled_seed109_or_tools,ortools,True,True,True,16,24971.0,5.001018762588501,1.2135417461395264,6.214560508728027,10045.52,0.995,pulp_cbc,mean_domain_loss,3030.172297378607,,180,60,True,11334.41800874414,11355.553726611492,13290.364120543143,13318.41245506052,5038.017271917995,10096.0000052,28001.172297378605,29292.24029310945,30681.0005392462,1221.4409267847016,2005.6069027656167,0.4522413793103448,1203.080092553378,3030.172297378607,0.0,high,3.0,3030.172297378607,3027.6222012983203,0.0008422768465606272
X-n237-k14,236,atm,ortools:quantile_p75_scaled_seed107_or_tools,quantile_p75_scaled_seed107_or_tools,ortools,True,True,True,14,29173.0,5.0002381801605225,1.406763792037964,6.407001972198486,250.74,0.995,pulp_cbc,mean_domain_loss,106.82833897680854,,180,60,True,263.8174816145851,264.3221102784825,313.4568471108956,314.5631472546253,235.711182502093,237.72165758,29279.82833897681,29361.13547778648,29446.65408947453,28.234927406975093,51.08679683996025,0.4705084745762712,25.45946628993504,106.82833897680854,0.0,medium,,106.82833897680854,106.82833897680854,0.0
X-n237-k14,236,atm,ortools:nominal_seed103_or_tools,nominal_seed103_or_tools,ortools,True,True,True,14,28519.0,5.000946521759033,1.4138712882995603,6.414817810058594,236.0,0.9365079365079364,pulp_cbc,mean_domain_loss,106.83990369271878,,180,60,True,263.8174816145851,264.3221102784825,313.4568471108956,314.5631472546253,235.73741214793088,237.72165741000003,28625.839903692715,28707.319005176712,28792.406147800084,28.244146915161352,51.143165025208646,0.4703389830508475,25.468685628121296,106.83990369271878,0.0,medium,,106.83990369271878,106.82833897680854,0.0001082551317469238
X-n237-k14,236,atm,ortools:robust_mean_1std_scaled_seed113_or_tools,robust_mean_1std_scaled_seed113_or_tools,ortools,True,True,True,14,28893.0,5.000156879425049,1.4090330600738523,6.409189939498901,250.74,0.995,pulp_cbc,mean_domain_loss,106.8881130100702,,180,60,True,263.8174816145851,264.3221102784825,313.4568471108956,314.5631472546253,235.7506484736616,237.7216571,28999.888113010074,29080.850831404783,29166.490627117368,28.24468850048579,50.99985020289364,0.469364406779661,25.469226903445733,106.8881130100702,0.0,medium,,106.8881130100702,106.82833897680854,0.000559533489279819
X-n237-k14,236,atm,ortools:nominal_seed101_or_tools,nominal_seed101_or_tools,ortools,True,True,True,14,28862.0,5.000953912734985,1.3906574249267578,6.391611337661743,236.0,0.9365079365079364,pulp_cbc,mean_domain_loss,106.8909832491927,,180,60,True,263.8174816145851,264.3221102784825,313.4568471108956,314.5631472546253,235.74559094748696,237.7216575,28968.890983249195,29049.56468314182,29135.603048591263,28.251034547123908,50.934993470225336,0.4705508474576271,25.47557335008386,106.8909832491927,0.0,medium,,106.8909832491927,106.82833897680854,0.0005864012581695344
X-n237-k14,236,atm,ortools:proxy_mean_scaled_seed109_or_tools,proxy_mean_scaled_seed109_or_tools,ortools,True,True,True,14,28600.0,5.000337600708008,1.4005768299102783,6.400914430618286,250.74,0.995,pulp_cbc,mean_domain_loss,106.91121614275497,,180,60,True,263.8174816145851,264.3221102784825,313.4568471108956,314.5631472546253,235.7221453123012,237.72165745,28706.911216142755,28787.85312923502,28873.677225371404,28.25812709119912,51.018322701187465,0.4712711864406779,25.482665844159065,106.91121614275497,0.0,medium,,106.91121614275497,106.82833897680854,0.000775797571507874
X-n237-k14,236,atm,ortools:nominal_or_tools,nominal_or_tools,ortools,True,True,True,14,29009.0,4.99995756149292,1.321027755737305,6.320985317230225,236.0,0.9365079365079364,pulp_cbc,mean_domain_loss,106.92074236707346,,180,60,True,263.8174816145851,264.3221102784825,313.4568471108956,314.5631472546253,235.73985390516089,237.72165777,29115.92074236708,29196.709065762,29282.70795347232,28.248184831610534,50.96917353308239,0.4710169491525424,25.47272390457048,106.92074236707346,0.0,medium,,106.92074236707346,106.82833897680854,0.0008649707666519076
X-n237-k14,236,atm,ortools:proxy_mean_or_tools,proxy_mean_or_tools,ortools,True,True,True,14,29009.0,5.000902652740479,1.3819665908813477,6.382869243621826,263.81748161458506,1.0468947683118457,pulp_cbc,mean_domain_loss,106.92074236707346,,180,60,True,263.8174816145851,264.3221102784825,313.4568471108956,314.5631472546253,235.73985390516089,237.72165777,29115.92074236708,29196.709065762,29282.70795347232,28.248184831610534,50.96917353308239,0.4710169491525424,25.47272390457048,106.92074236707346,0.0,medium,,106.92074236707346,106.82833897680854,0.0008649707666519076
X-n237-k14,236,atm,ortools:proxy_mean_scaled_or_tools,proxy_mean_scaled_or_tools,ortools,True,True,True,14,29009.0,5.001090049743652,1.3568406105041504,6.357930660247803,250.74,0.995,pulp_cbc,mean_domain_loss,106.92074236707346,,180,60,True,263.8174816145851,264.3221102784825,313.4568471108956,314.5631472546253,235.73985390516089,237.72165777,29115.92074236708,29196.709065762,29282.70795347232,28.248184831610534,50.96917353308239,0.4710169491525424,25.47272390457048,106.92074236707346,0.0,medium,,106.92074236707346,106.82833897680854,0.0008649707666519076
X-n237-k14,236,atm,ortools:quantile_p75_or_tools,quantile_p75_or_tools,ortools,True,True,True,14,29009.0,5.000705718994141,1.444979190826416,6.445684909820557,304.6620761982683,1.208976492850271,pulp_cbc,mean_domain_loss,106.92074236707346,,180,60,True,263.8174816145851,264.3221102784825,313.4568471108956,314.5631472546253,235.73985390516089,237.72165777,29115.92074236708,29196.709065762,29282.70795347232,28.248184831610534,50.96917353308239,0.4710169491525424,25.47272390457048,106.92074236707346,0.0,medium,,106.92074236707346,106.82833897680854,0.0008649707666519076
X-n237-k14,236,atm,ortools:quantile_p75_scaled_or_tools,quantile_p75_scaled_or_tools,ortools,True,True,True,14,29009.0,5.000397205352783,1.550715446472168,6.551112651824951,250.74,0.995,pulp_cbc,mean_domain_loss,106.92074236707346,,180,60,True,263.8174816145851,264.3221102784825,313.4568471108956,314.5631472546253,235.73985390516089,237.72165777,29115.92074236708,29196.709065762,29282.70795347232,28.248184831610534,50.96917353308239,0.4710169491525424,25.47272390457048,106.92074236707346,0.0,medium,,106.92074236707346,106.82833897680854,0.0008649707666519076
X-n237-k14,236,atm,ortools:quantile_p90_scaled_or_tools,quantile_p90_scaled_or_tools,ortools,True,True,True,14,29009.0,4.9997851848602295,1.4315338134765625,6.431318998336792,250.74,0.995,pulp_cbc,mean_domain_loss,106.92074236707346,,180,60,True,263.8174816145851,264.3221102784825,313.4568471108956,314.5631472546253,235.73985390516089,237.72165777,29115.92074236708,29196.709065762,29282.70795347232,28.248184831610534,50.96917353308239,0.4710169491525424,25.47272390457048,106.92074236707346,0.0,medium,,106.92074236707346,106.82833897680854,0.0008649707666519076
X-n237-k14,236,atm,ortools:robust_mean_1std_scaled_or_tools,robust_mean_1std_scaled_or_tools,ortools,True,True,True,14,29009.0,5.001031160354614,1.4304566383361816,6.431487798690796,250.74,0.995,pulp_cbc,mean_domain_loss,106.92074236707346,,180,60,True,263.8174816145851,264.3221102784825,313.4568471108956,314.5631472546253,235.73985390516089,237.72165777,29115.92074236708,29196.709065762,29282.70795347232,28.248184831610534,50.96917353308239,0.4710169491525424,25.47272390457048,106.92074236707346,0.0,medium,,106.92074236707346,106.82833897680854,0.0008649707666519076
X-n237-k14,236,atm,ortools:robust_mean_2std_scaled_or_tools,robust_mean_2std_scaled_or_tools,ortools,True,True,True,14,29009.0,5.000209331512451,1.4415669441223145,6.441776275634766,250.74,0.995,pulp_cbc,mean_domain_loss,106.92074236707346,,180,60,True,263.8174816145851,264.3221102784825,313.4568471108956,314.5631472546253,235.73985390516089,237.72165777,29115.92074236708,29196.709065762,29282.70795347232,28.248184831610534,50.96917353308239,0.4710169491525424,25.47272390457048,106.92074236707346,0.0,medium,,106.92074236707346,106.82833897680854,0.0008649707666519076
X-n237-k14,236,cargo,ortools:nominal_seed103_or_tools,nominal_seed103_or_tools,ortools,True,True,True,14,28519.0,5.000946521759033,1.4574973583221436,6.458443880081177,236.0,0.9365079365079364,pulp_cbc,mean_domain_loss,81.05429190005287,,180,60,True,263.8174816145851,264.3221102784825,313.4568471108956,314.5631472546253,215.84810912176667,237.93170131,28600.05429190005,28661.055695346746,28727.37492892855,28.38435547908936,51.02773507780919,0.4724576271186441,25.818938092049315,81.05429190005287,0.0,medium,,81.05429190005287,81.05429190005287,0.0
X-n237-k14,236,cargo,ortools:robust_mean_1std_scaled_seed113_or_tools,robust_mean_1std_scaled_seed113_or_tools,ortools,True,True,True,14,28893.0,5.000156879425049,1.4074251651763916,6.40758204460144,250.74,0.995,pulp_cbc,mean_domain_loss,81.11355843149062,,180,60,True,263.8174816145851,264.3221102784825,313.4568471108956,314.5631472546253,215.8389465373725,237.93170108,28974.113558431487,29035.82469496886,29101.399054146583,28.432829044938075,51.354444748978,0.4732627118644067,25.86741142789804,81.11355843149062,0.0,medium,,81.11355843149062,81.05429190005287,0.0007311954746433862
X-n237-k14,236,cold_chain,ortools:nominal_seed103_or_tools,nominal_seed103_or_tools,ortools,True,True,True,14,28519.0,5.000946521759033,1.4914872646331787,6.492433786392212,236.0,0.9365079365079364,pulp_cbc,mean_domain_loss,94.18301415629736,,180,60,True,263.8174816145851,264.3221102784825,313.4568471108956,314.5631472546253,236.0223314249505,236.90640743,28656.143926822104,28706.613844731542,28763.913542948263,28.29004901046499,51.15471208415687,0.4688983050847458,24.699337743424948,94.18301415629736,42.96091266580893,medium,,94.18301415629736,94.18301415629736,0.0
X-n237-k14,236,grocery,ortools:nominal_seed103_or_tools,nominal_seed103_or_tools,ortools,True,True,True,14,28519.0,5.000946521759033,1.3647034168243408,6.365649938583374,236.0,0.9365079365079364,pulp_cbc,mean_domain_loss,66.3803768494011,,180,60,True,263.8174816145851,264.3221102784825,313.4568471108956,314.5631472546253,108.07104352760548,236.85561277,28585.380376849404,28625.11478690261,28669.23725882365,28.230884293914347,51.11796167320863,0.4702966101694915,24.589378366874303,66.3803768494011,0.0,medium,,66.3803768494011,66.3803768494011,0.0
X-n237-k14,236,grocery,ortools:nominal_or_tools,nominal_or_tools,ortools,True,True,True,14,29009.0,4.99995756149292,1.46138596534729,6.46134352684021,236.0,0.9365079365079364,pulp_cbc,mean_domain_loss,66.39953275263633,,180,60,True,263.8174816145851,264.3221102784825,313.4568471108956,314.5631472546253,108.0657698167562,236.85561266,29075.39953275263,29114.37508360475,29159.42551734444,28.23605843323192,50.82442617402449,0.4696186440677966,24.594552396191865,66.39953275263633,0.0,medium,,66.39953275263633,66.3803768494011,0.0002885778018207052
X-n237-k14,236,grocery,ortools:proxy_mean_or_tools,proxy_mean_or_tools,ortools,True,True,True,14,29009.0,5.000902652740479,1.465687274932861,6.46658992767334,263.81748161458506,1.0468947683118457,pulp_cbc,mean_domain_loss,66.39953275263633,,180,60,True,263.8174816145851,264.3221102784825,313.4568471108956,314.5631472546253,108.0657698167562,236.85561266,29075.39953275263,29114.37508360475,29159.42551734444,28.23605843323192,50.82442617402449,0.4696186440677966,24.594552396191865,66.39953275263633,0.0,medium,,66.39953275263633,66.3803768494011,0.0002885778018207052
X-n237-k14,236,grocery,ortools:proxy_mean_scaled_or_tools,proxy_mean_scaled_or_tools,ortools,True,True,True,14,29009.0,5.001090049743652,1.3521196842193604,6.353209733963013,250.74,0.995,pulp_cbc,mean_domain_loss,66.39953275263633,,180,60,True,263.8174816145851,264.3221102784825,313.4568471108956,314.5631472546253,108.0657698167562,236.85561266,29075.39953275263,29114.37508360475,29159.42551734444,28.23605843323192,50.82442617402449,0.4696186440677966,24.594552396191865,66.39953275263633,0.0,medium,,66.39953275263633,66.3803768494011,0.0002885778018207052
X-n237-k14,236,grocery,ortools:quantile_p75_or_tools,quantile_p75_or_tools,ortools,True,True,True,14,29009.0,5.000705718994141,1.4772815704345703,6.477987289428711,304.6620761982683,1.208976492850271,pulp_cbc,mean_domain_loss,66.39953275263633,,180,60,True,263.8174816145851,264.3221102784825,313.4568471108956,314.5631472546253,108.0657698167562,236.85561266,29075.39953275263,29114.37508360475,29159.42551734444,28.23605843323192,50.82442617402449,0.4696186440677966,24.594552396191865,66.39953275263633,0.0,medium,,66.39953275263633,66.3803768494011,0.0002885778018207052
X-n237-k14,236,grocery,ortools:quantile_p75_scaled_or_tools,quantile_p75_scaled_or_tools,ortools,True,True,True,14,29009.0,5.000397205352783,1.3954205513000488,6.395817756652832,250.74,0.995,pulp_cbc,mean_domain_loss,66.39953275263633,,180,60,True,263.8174816145851,264.3221102784825,313.4568471108956,314.5631472546253,108.0657698167562,236.85561266,29075.39953275263,29114.37508360475,29159.42551734444,28.23605843323192,50.82442617402449,0.4696186440677966,24.594552396191865,66.39953275263633,0.0,medium,,66.39953275263633,66.3803768494011,0.0002885778018207052
X-n237-k14,236,grocery,ortools:quantile_p90_scaled_or_tools,quantile_p90_scaled_or_tools,ortools,True,True,True,14,29009.0,4.9997851848602295,1.3886613845825195,6.388446569442749,250.74,0.995,pulp_cbc,mean_domain_loss,66.39953275263633,,180,60,True,263.8174816145851,264.3221102784825,313.4568471108956,314.5631472546253,108.0657698167562,236.85561266,29075.39953275263,29114.37508360475,29159.42551734444,28.23605843323192,50.82442617402449,0.4696186440677966,24.594552396191865,66.39953275263633,0.0,medium,,66.39953275263633,66.3803768494011,0.0002885778018207052
X-n237-k14,236,grocery,ortools:robust_mean_1std_scaled_or_tools,robust_mean_1std_scaled_or_tools,ortools,True,True,True,14,29009.0,5.001031160354614,1.4862916469573977,6.487322807312012,250.74,0.995,pulp_cbc,mean_domain_loss,66.39953275263633,,180,60,True,263.8174816145851,264.3221102784825,313.4568471108956,314.5631472546253,108.0657698167562,236.85561266,29075.39953275263,29114.37508360475,29159.42551734444,28.23605843323192,50.82442617402449,0.4696186440677966,24.594552396191865,66.39953275263633,0.0,medium,,66.39953275263633,66.3803768494011,0.0002885778018207052
X-n237-k14,236,grocery,ortools:robust_mean_2std_scaled_or_tools,robust_mean_2std_scaled_or_tools,ortools,True,True,True,14,29009.0,5.000209331512451,1.3367292881011963,6.336938619613648,250.74,0.995,pulp_cbc,mean_domain_loss,66.39953275263633,,180,60,True,263.8174816145851,264.3221102784825,313.4568471108956,314.5631472546253,108.0657698167562,236.85561266,29075.39953275263,29114.37508360475,29159.42551734444,28.23605843323192,50.82442617402449,0.4696186440677966,24.594552396191865,66.39953275263633,0.0,medium,,66.39953275263633,66.3803768494011,0.0002885778018207052
X-n237-k14,236,grocery,ortools:quantile_p75_scaled_seed107_or_tools,quantile_p75_scaled_seed107_or_tools,ortools,True,True,True,14,29173.0,5.0002381801605225,1.2525851726531982,6.252823352813721,250.74,0.995,pulp_cbc,mean_domain_loss,66.41663037620471,,180,60,True,263.8174816145851,264.3221102784825,313.4568471108956,314.5631472546253,108.05465297372857,236.85561252,29239.4166303762,29278.645472395023,29323.51229158781,28.24200559982128,50.92689880895732,0.4701271186440678,24.60049942278124,66.41663037620471,0.0,medium,,66.41663037620471,66.3803768494011,0.0005461482523043643
X-n237-k14,236,grocery,ortools:proxy_mean_scaled_seed109_or_tools,proxy_mean_scaled_seed109_or_tools,ortools,True,True,True,14,28600.0,5.000337600708008,1.3326122760772705,6.332949876785278,250.74,0.995,pulp_cbc,mean_domain_loss,66.44415775439995,,180,60,True,263.8174816145851,264.3221102784825,313.4568471108956,314.5631472546253,108.064561593602,236.85561227,28666.4441577544,28705.60718310385,28750.45331284981,28.252949338827616,50.908408728519184,0.4699576271186441,24.611442911787577,66.44415775439995,0.0,medium,,66.44415775439995,66.3803768494011,0.0009608397545490271
X-n242-k48,241,atm,ortools:quantile_p75_scaled_or_tools,quantile_p75_scaled_or_tools,ortools,True,True,True,48,91803.0,4.99976658821106,1.140094518661499,6.139861106872559,1337.2800000000002,0.995,pulp_cbc,mean_domain_loss,687.2225261076482,,180,60,True,1475.973949221342,1477.18790780453,1719.0860596616135,1721.464512942517,1251.846664187264,1343.9999992500002,92490.22252610764,93035.63293183608,93514.58289764108,177.09187066270144,331.7920779154112,0.4731120331950207,154.04033381085344,687.2225261076482,0.0,medium,,687.2225261076482,687.2225261076482,0.0
X-n242-k48,241,atm,ortools:quantile_p75_scaled_seed107_or_tools,quantile_p75_scaled_seed107_or_tools,ortools,True,True,True,48,89764.0,5.000499725341797,1.1594948768615725,6.159994602203369,1337.2800000000002,0.995,pulp_cbc,mean_domain_loss,687.4873230234774,,180,60,True,1475.973949221342,1477.18790780453,1719.0860596616135,1721.464512942517,1251.060031635148,1344.0000010899998,90451.48732302348,90995.11617214044,91473.7676402755,177.204273966246,331.42691550392385,0.4753941908713693,154.15273895439796,687.4873230234774,0.0,medium,,687.4873230234774,687.2225261076482,0.0003853146626741786
X-n242-k48,241,cargo,ortools:quantile_p75_scaled_or_tools,quantile_p75_scaled_or_tools,ortools,True,True,True,48,91803.0,4.99976658821106,1.0698192119598389,6.069585800170898,1337.2800000000002,0.995,pulp_cbc,mean_domain_loss,517.0942082228623,,180,60,True,1475.973949221342,1477.18790780453,1719.0860596616135,1721.464512942517,1111.3477968199345,1343.99999758,92320.09420822289,92732.1872875833,93097.40305936876,177.26120573382204,331.7517150673125,0.4636514522821576,154.20966721197388,517.0942082228623,0.0,medium,,517.0942082228623,517.0942082228623,0.0
X-n242-k48,241,cargo,ortools:quantile_p75_scaled_seed107_or_tools,quantile_p75_scaled_seed107_or_tools,ortools,True,True,True,48,89764.0,5.000499725341797,1.1802725791931152,6.180772304534912,1337.2800000000002,0.995,pulp_cbc,mean_domain_loss,517.2261794389892,,180,60,True,1475.973949221342,1477.18790780453,1719.0860596616135,1721.464512942517,1110.8375636513483,1343.99999755,90281.22617943898,90692.56454448002,91057.65020800575,177.27446521085167,331.2691142218628,0.4659336099585062,154.22292665900363,517.2261794389892,0.0,medium,,517.2261794389892,517.0942082228623,0.00025521696825891944
X-n242-k48,241,cold_chain,ortools:quantile_p75_scaled_or_tools,quantile_p75_scaled_or_tools,ortools,True,True,True,48,91803.0,4.99976658821106,1.0586750507354736,6.058441638946533,1337.2800000000002,0.995,pulp_cbc,mean_domain_loss,611.4763156729633,,180,60,True,1475.973949221342,1477.18790780453,1719.0860596616135,1721.464512942517,1302.741061832646,1343.9999976,92675.54641683109,93008.9550560095,93343.93442269792,177.05789377124148,331.259778375919,0.4672199170124481,154.00635526939334,611.4763156729633,261.0701011581293,medium,,611.4763156729633,611.4763156729633,0.0
X-n242-k48,241,grocery,ortools:quantile_p75_scaled_or_tools,quantile_p75_scaled_or_tools,ortools,True,True,True,48,91803.0,4.99976658821106,1.1757700443267822,6.175536632537842,1337.2800000000002,0.995,pulp_cbc,mean_domain_loss,426.8113373796485,,180,60,True,1475.973949221342,1477.18790780453,1719.0860596616135,1721.464512942517,598.3423242967791,1344.00000069,92229.81133737964,92495.33403190116,92748.83724503509,177.01121540797655,331.52735415161965,0.4709128630705394,153.95967999612847,426.8113373796485,0.0,medium,,426.8113373796485,426.8113373796485,0.0
X-n242-k48,241,grocery,ortools:quantile_p75_scaled_seed107_or_tools,quantile_p75_scaled_seed107_or_tools,ortools,True,True,True,48,89764.0,5.000499725341797,1.1485328674316406,6.1490325927734375,1337.2800000000002,0.995,pulp_cbc,mean_domain_loss,427.0478571551005,,180,60,True,1475.973949221342,1477.18790780453,1719.0860596616135,1721.464512942517,597.9974225944504,1344.00000016,90191.04785715508,90456.07188572807,90708.8201980806,177.1390963910796,331.3931124967639,0.471701244813278,154.08756044923155,427.0478571551005,0.0,medium,,427.0478571551005,426.8113373796485,0.0005541553251703134
X-n251-k28,250,atm,ortools:nominal_seed103_or_tools,nominal_seed103_or_tools,ortools,True,True,True,28,40522.0,4.993817329406738,1.2081098556518557,6.201927185058594,1867.0,0.9663561076604554,pulp_cbc,mean_domain_loss,822.1565327390407,,180,60,True,2083.418657642686,2086.52559340612,2424.725729849444,2425.3478480666686,1673.349754488663,1931.9999975,41344.15653273905,41970.12848406352,42603.67775831801,212.9982914796032,391.9740201894813,0.42964,234.77511302718904,822.1565327390407,0.0,medium,,822.1565327390407,822.1565327390407,0.0
X-n251-k28,250,cargo,ortools:nominal_seed103_or_tools,nominal_seed103_or_tools,ortools,True,True,True,28,40522.0,4.993817329406738,1.1415870189666748,6.135404348373413,1867.0,0.9663561076604554,pulp_cbc,mean_domain_loss,622.3337922050911,,180,60,True,2083.418657642686,2086.52559340612,2424.725729849444,2425.3478480666686,1506.1930464421173,1932.0000004,41144.33379220509,41625.12991527438,42104.04929328391,213.6790027597575,391.0783121008116,0.42608,235.4558272073432,622.3337922050911,0.0,medium,,622.3337922050911,622.3337922050911,0.0
X-n251-k28,250,cold_chain,ortools:nominal_seed103_or_tools,nominal_seed103_or_tools,ortools,True,True,True,28,40522.0,4.993817329406738,1.093397617340088,6.087214946746826,1867.0,0.9663561076604554,pulp_cbc,mean_domain_loss,760.0884446383731,,180,60,True,2083.418657642686,2086.52559340612,2424.725729849444,2425.3478480666686,1757.7194522505072,1932.0000004,41638.02320830903,41988.061573802064,42430.48041385936,213.06174478272428,390.2650826150999,0.42488,234.83856923031007,760.0884446383731,355.9347636706605,medium,,760.0884446383731,760.0884446383731,0.0
X-n251-k28,250,grocery,ortools:nominal_seed103_or_tools,nominal_seed103_or_tools,ortools,True,True,True,28,40522.0,4.993817329406738,1.1944422721862793,6.188259601593018,1867.0,0.9663561076604554,pulp_cbc,mean_domain_loss,526.2231918762034,,180,60,True,2083.418657642686,2086.52559340612,2424.725729849444,2425.3478480666686,793.3825333695573,1932.0000007,41048.223191876205,41337.56434582842,41672.49593465142,212.7290395416097,391.24648583665646,0.42864,234.50586428919544,526.2231918762034,0.0,medium,,526.2231918762034,526.2231918762034,0.0
X-n261-k13,260,atm,ortools:quantile_p75_scaled_or_tools,quantile_p75_scaled_or_tools,ortools,True,True,True,13,31282.0,5.002111196517944,1.5675268173217771,6.569638013839722,13982.735,0.995,pulp_cbc,mean_domain_loss,6467.14390662604,,180,60,True,14982.669280417082,15021.02935136878,17862.196299766994,17900.458727447764,12471.465910790594,14052.9999758,37749.14390662604,43540.55038462132,48478.60380649354,1648.0365962666838,3235.052842096612,0.4328846153846153,1831.999380036625,6467.14390662604,0.0,medium,,6467.14390662604,6467.14390662604,0.0
X-n261-k13,260,atm,ortools:robust_mean_1std_scaled_or_tools,robust_mean_1std_scaled_or_tools,ortools,True,True,True,13,31915.0,4.990690231323242,1.5970313549041748,6.587721586227417,13982.735,0.995,pulp_cbc,mean_domain_loss,6467.692533351082,,180,60,True,14982.669280417082,15021.02935136878,17862.196299766994,17900.458727447764,12475.524138975255,14053.000024099998,38382.69253335107,44153.799325264095,49127.92484842919,1649.119486550219,3231.850300087938,0.4348846153846153,1833.0823186201608,6467.692533351082,0.0,medium,,6467.692533351082,6467.14390662604,8.483292361556691e-05
X-n261-k13,260,atm,ortools:quantile_p75_scaled_seed107_or_tools,quantile_p75_scaled_seed107_or_tools,ortools,True,True,True,13,31470.0,5.001019477844238,1.6708035469055176,6.671823024749756,13982.735,0.995,pulp_cbc,mean_domain_loss,6472.716956622075,,180,60,True,14982.669280417082,15021.02935136878,17862.196299766994,17900.458727447764,12475.733311721153,14052.999972500002,37942.71695662207,43758.87662934613,48672.90028804216,1649.195085607458,3242.4648933897524,0.4312307692307692,1833.1578660774,6472.716956622075,0.0,medium,,6472.716956622075,6467.14390662604,0.0008617482580408627
X-n261-k13,260,atm,ortools:robust_mean_1std_scaled_seed113_or_tools,robust_mean_1std_scaled_seed113_or_tools,ortools,True,True,True,13,32161.0,5.009710311889648,1.5696547031402588,6.579365015029907,13982.735,0.995,pulp_cbc,mean_domain_loss,6473.391397860769,,180,60,True,14982.669280417082,15021.02935136878,17862.196299766994,17900.458727447764,12479.402517051829,14053.0000082,38634.39139786076,44421.68752474055,49378.20091304832,1650.761766862121,3238.0690399042724,0.4343846153846153,1834.7245830320628,6473.391397860769,0.0,medium,,6473.391397860769,6467.14390662604,0.0009660355985472738
X-n261-k13,260,cargo,ortools:robust_mean_2std_scaled_or_tools,robust_mean_2std_scaled_or_tools,ortools,True,True,True,13,31963.0,5.000209331512451,1.741358995437622,6.741568326950073,13982.735000000002,0.9950000000000002,pulp_cbc,mean_domain_loss,4841.914950434352,,180,60,True,14982.669280417082,15021.02935136878,17862.196299766994,17900.458727447764,11209.532760811588,14052.99997271,36804.91495043435,41108.272419719,44941.075538606776,1660.8733273769308,3232.158747275028,0.4326153846153846,1844.8361080568727,4841.914950434352,0.0,medium,,4841.914950434352,4841.914950434352,0.0
X-n261-k13,260,cold_chain,ortools:proxy_mean_scaled_or_tools,proxy_mean_scaled_or_tools,ortools,True,True,True,13,31364.0,4.997973680496216,1.5198144912719729,6.5177881717681885,13982.735000000002,0.9950000000000002,pulp_cbc,mean_domain_loss,6025.565164466592,,180,60,True,14982.669280417082,15021.02935136878,17862.196299766994,17900.458727447764,13319.109097908844,14052.9999888,40101.29195624335,43626.48649548242,47018.54182638342,1646.9191017350165,3233.256012489825,0.4230384615384615,1830.881898504959,6025.565164466592,2711.726791776756,medium,,6025.565164466592,6025.565164466592,0.0
X-n261-k13,260,cold_chain,ortools:quantile_p75_scaled_seed107_or_tools,quantile_p75_scaled_seed107_or_tools,ortools,True,True,True,13,31470.0,5.001019477844238,1.494706630706787,6.495726108551025,13982.735,0.995,pulp_cbc,mean_domain_loss,6025.822843601305,,180,60,True,14982.669280417082,15021.02935136878,17862.196299766994,17900.458727447764,13238.557414644272,14052.9999897,40126.88544294829,43737.49401404484,47048.69786556006,1650.2518182463075,3247.099239987476,0.4263076923076923,1834.2146159162487,6025.822843601305,2631.0625993469785,medium,,6025.822843601305,6025.565164466592,4.2764309683741886e-05
X-n261-k13,260,cold_chain,ortools:robust_mean_1std_scaled_seed113_or_tools,robust_mean_1std_scaled_seed113_or_tools,ortools,True,True,True,13,32161.0,5.009710311889648,1.4242253303527832,6.433935642242432,13982.735,0.995,pulp_cbc,mean_domain_loss,6030.384028166283,,180,60,True,14982.669280417082,15021.02935136878,17862.196299766994,17900.458727447764,13270.859932135858,14052.9999787,40847.718889608186,44426.11262265232,47782.44165008544,1650.9871274798795,3235.962598851195,0.4264230769230769,1834.9499141498216,6030.384028166283,2656.3348614418983,medium,,6030.384028166283,6025.565164466592,0.0007997363845815532
X-n261-k13,260,grocery,ortools:quantile_p75_scaled_seed107_or_tools,quantile_p75_scaled_seed107_or_tools,ortools,True,True,True,13,31470.0,5.001019477844238,1.4297804832458496,6.430799961090088,13982.735,0.995,pulp_cbc,mean_domain_loss,4147.387421787927,,180,60,True,14982.669280417082,15021.02935136878,17862.196299766994,17900.458727447764,5930.255531943661,14052.999985,35617.38742178793,38463.58170927245,41005.080006082746,1644.9057112373016,3245.1163647757026,0.4300384615384615,1828.868504207244,4147.387421787927,0.0,medium,,4147.387421787927,4147.387421787927,0.0
X-n261-k13,260,grocery,ortools:proxy_mean_scaled_seed109_or_tools,proxy_mean_scaled_seed109_or_tools,ortools,True,True,True,13,30438.0,5.0002217292785645,1.377924919128418,6.378146648406982,13982.735000000002,0.9950000000000002,pulp_cbc,mean_domain_loss,4148.734708802466,,180,60,True,14982.669280417082,15021.02935136878,17862.196299766994,17900.458727447764,5925.51481203128,14052.9999609,34586.73470880247,37379.59633325926,39954.84388321875,1644.7603686171708,3233.786273115582,0.4267692307692308,1828.7231374871128,4148.734708802466,0.0,medium,,4148.734708802466,4147.387421787927,0.0003248519796971287
X-n261-k13,260,grocery,ortools:quantile_p75_scaled_or_tools,quantile_p75_scaled_or_tools,ortools,True,True,True,13,31282.0,5.002111196517944,1.4079608917236328,6.410072088241577,13982.735,0.995,pulp_cbc,mean_domain_loss,4149.221740114921,,180,60,True,14982.669280417082,15021.02935136878,17862.196299766994,17900.458727447764,5927.505497933556,14052.9999838,35431.221740114925,38254.05900245982,40816.82964170847,1645.9395046078953,3231.12639723885,0.4296923076923077,1829.9022963778368,4149.221740114921,0.0,medium,,4149.221740114921,4147.387421787927,0.00044228284952524535
X-n261-k13,260,grocery,ortools:proxy_mean_scaled_or_tools,proxy_mean_scaled_or_tools,ortools,True,True,True,13,31364.0,4.997973680496216,1.389495611190796,6.387469291687012,13982.735000000002,0.9950000000000002,pulp_cbc,mean_domain_loss,4151.117058341741,,180,60,True,14982.669280417082,15021.02935136878,17862.196299766994,17900.458727447764,5926.769334822436,14052.999982,35515.11705834175,38316.44616357457,40900.35223238522,1646.166977066324,3234.603305083908,0.4282692307692308,1830.129767036265,4151.117058341741,0.0,medium,,4151.117058341741,4147.387421787927,0.0008992737293409987
X-n275-k28,274,atm,ortools:quantile_p75_scaled_seed107_or_tools,quantile_p75_scaled_seed107_or_tools,ortools,True,True,True,28,22426.0,5.005742311477661,1.4898080825805664,6.495550394058228,278.6,0.995,pulp_cbc,mean_domain_loss,107.69324463157996,,180,60,True,306.89828660604496,307.5660280006758,368.0009655121191,368.3309895522635,251.338360616101,279.9999996,22533.69324463158,22609.317389464133,22709.450121502177,28.00898382796879,49.800963784449536,0.412992700729927,33.826692114309544,107.69324463157996,0.0,medium,,107.69324463157996,107.69324463157996,0.0
X-n275-k28,274,cargo,ortools:quantile_p75_scaled_seed107_or_tools,quantile_p75_scaled_seed107_or_tools,ortools,True,True,True,28,22426.0,5.005742311477661,1.6291162967681885,6.63485860824585,278.6,0.995,pulp_cbc,mean_domain_loss,82.19201206690957,,180,60,True,306.89828660604496,307.5660280006758,368.0009655121191,368.3309895522635,228.3779019864615,280.00000012,22508.19201206692,22565.667652790144,22643.57356673279,28.142060679854104,49.84238170519888,0.4143065693430657,33.959769486194865,82.19201206690957,0.0,medium,,82.19201206690957,82.19201206690957,0.0
X-n275-k28,274,cold_chain,ortools:quantile_p75_scaled_seed107_or_tools,quantile_p75_scaled_seed107_or_tools,ortools,True,True,True,28,22426.0,5.005742311477661,1.4380042552947998,6.443746566772461,278.6,0.995,pulp_cbc,mean_domain_loss,100.90695576490477,,180,60,True,306.89828660604496,307.5660280006758,368.0009655121191,368.3309895522635,257.3999091938634,279.99999988,22577.589272891302,22619.91072222222,22688.20887165459,28.03417031762084,49.7342394013871,0.4101094890510949,33.8518788839616,100.90695576490477,50.68231712640012,medium,,100.90695576490477,100.90695576490477,0.0
X-n275-k28,274,grocery,ortools:quantile_p75_scaled_seed107_or_tools,quantile_p75_scaled_seed107_or_tools,ortools,True,True,True,28,22426.0,5.005742311477661,1.3311545848846436,6.336896896362305,278.6,0.995,pulp_cbc,mean_domain_loss,69.93864422349382,,180,60,True,306.89828660604496,307.5660280006758,368.0009655121191,368.3309895522635,118.20398135653058,280.00000019000004,22495.938644223486,22530.95992253091,22582.93207013904,27.984053064833898,49.8872407381093,0.411970802919708,33.80176194117465,69.93864422349382,0.0,medium,,69.93864422349382,69.93864422349382,0.0
X-n280-k17,279,atm,ortools:proxy_mean_scaled_seed109_or_tools,proxy_mean_scaled_seed109_or_tools,ortools,True,True,True,17,38562.0,5.00033164024353,1.7086341381072998,6.70896577835083,3247.6800000000003,0.995,pulp_cbc,mean_domain_loss,1803.1873228108896,,180,60,True,3569.5494701131493,3575.424894705229,4199.901283616081,4206.345190262546,3276.038614855021,3264.0000025900003,40365.187322810896,41446.03735159037,42684.363367607104,448.9032654794672,734.1196348783433,0.4607168458781362,397.0376453810952,1803.1873228108896,0.0,medium,,1803.1873228108896,1803.1873228108896,0.0
X-n280-k17,279,cargo,ortools:proxy_mean_scaled_seed109_or_tools,proxy_mean_scaled_seed109_or_tools,ortools,True,True,True,17,38562.0,5.00033164024353,1.6897363662719729,6.690068006515503,3247.6800000000003,0.995,pulp_cbc,mean_domain_loss,1354.9802332816455,,180,60,True,3569.5494701131493,3575.424894705229,4199.901283616081,4206.345190262546,2901.4776278177205,3263.99999609,39916.98023328164,40750.11904270105,41676.35402520956,452.3323085756306,742.7823284613233,0.46,400.4666819772587,1354.9802332816455,0.0,medium,,1354.9802332816455,1354.9802332816455,0.0
X-n280-k17,279,cold_chain,ortools:proxy_mean_scaled_seed109_or_tools,proxy_mean_scaled_seed109_or_tools,ortools,True,True,True,17,38562.0,5.00033164024353,1.4405572414398191,6.44088888168335,3247.6800000000003,0.995,pulp_cbc,mean_domain_loss,1617.4847616107909,,180,60,True,3569.5494701131493,3575.424894705229,4199.901283616081,4206.345190262546,3369.0592200418823,3263.99999483,40786.01423765626,41427.25546446505,42316.257671549785,448.99851213783256,729.4950774946197,0.4483154121863799,397.1328842794608,1617.4847616107909,606.5294760454642,medium,,1617.4847616107909,1617.4847616107909,0.0
X-n280-k17,279,grocery,ortools:proxy_mean_scaled_seed109_or_tools,proxy_mean_scaled_seed109_or_tools,ortools,True,True,True,17,38562.0,5.00033164024353,1.4995527267456057,6.499884366989136,3247.6800000000003,0.995,pulp_cbc,mean_domain_loss,1121.2629984041755,,180,60,True,3569.5494701131493,3575.424894705229,4199.901283616081,4206.345190262546,1580.5598339363082,3263.99999887,39683.26299840418,40213.12591669041,40863.58393709236,448.5580622891433,734.7530691041985,0.452258064516129,396.6924384707716,1121.2629984041755,0.0,medium,,1121.2629984041755,1121.2629984041755,0.0
X-n280-k17,279,grocery,ortools:proxy_mean_scaled_or_tools,proxy_mean_scaled_or_tools,ortools,True,True,True,17,39074.0,5.000588417053223,1.6249191761016846,6.625507593154907,3247.6800000000003,0.995,pulp_cbc,mean_domain_loss,1122.0501178680888,,180,60,True,3569.5494701131493,3575.424894705229,4199.901283616081,4206.345190262546,1582.260559463142,3264.0000057300003,40196.050117868086,40740.50299530134,41378.08234898148,449.076083658079,740.2617946171356,0.4562724014336917,397.2104666997072,1122.0501178680888,0.0,medium,,1122.0501178680888,1121.2629984041755,0.0007019936134819148
X-n280-k17,279,grocery,ortools:nominal_seed103_or_tools,nominal_seed103_or_tools,ortools,True,True,True,17,38196.0,4.995669364929199,1.4925286769866943,6.4881980419158936,3233.0,0.990502450980392,pulp_cbc,mean_domain_loss,1122.1085913112836,,180,60,True,3569.5494701131493,3575.424894705229,4199.901283616081,4206.345190262546,1582.7599814559646,3263.99999891,39318.10859131128,39842.96303345069,40504.96516444499,449.1303169796831,733.1815433326442,0.4595698924731183,397.2646932013112,1122.1085913112836,0.0,medium,,1122.1085913112836,1121.2629984041755,0.00075414323696721
X-n284-k15,283,atm,ortools:robust_mean_2std_scaled_or_tools,robust_mean_2std_scaled_or_tools,ortools,True,True,True,15,23628.0,5.000474452972412,1.7141034603118896,6.714577913284302,1626.8249999999998,0.995,pulp_cbc,mean_domain_loss,632.1886490081176,,180,60,True,1690.7465941899184,1691.7378069241554,2011.601490678983,2013.2207644463767,1190.7032246425324,1634.99999962,24260.18864900812,24785.9737763554,25249.83885870485,159.71400210059974,306.41068166670715,0.3952650176678445,233.0842892273457,632.1886490081176,0.0,medium,,632.1886490081176,632.1886490081176,0.0
X-n284-k15,283,cargo,ortools:robust_mean_2std_scaled_or_tools,robust_mean_2std_scaled_or_tools,ortools,True,True,True,15,23628.0,5.000474452972412,1.881986141204834,6.882460594177246,1626.8249999999998,0.995,pulp_cbc,mean_domain_loss,471.0380043573678,,180,60,True,1690.7465941899184,1691.7378069241554,2011.601490678983,2013.2207644463767,1049.4517162202703,1634.9999999499998,24099.038004357368,24500.24577317995,24850.007407483303,160.344667608306,307.47687164912526,0.3902826855123675,233.714955065052,471.0380043573678,0.0,medium,,471.0380043573678,471.0380043573678,0.0
X-n284-k15,283,cold_chain,ortools:robust_mean_2std_scaled_or_tools,robust_mean_2std_scaled_or_tools,ortools,True,True,True,15,23628.0,5.000474452972412,1.614905595779419,6.615380048751831,1626.8249999999998,0.995,pulp_cbc,mean_domain_loss,627.7363060098996,,180,60,True,1690.7465941899184,1691.7378069241554,2011.601490678983,2013.2207644463767,1352.0506187215994,1634.9999999799998,24566.60920983193,24874.301748434136,25179.087510657504,159.77004157967792,305.3531379736467,0.3837809187279152,233.140329066424,627.7363060098996,310.87290382203844,medium,,627.7363060098996,627.7363060098996,0.0
X-n284-k15,283,cold_chain,ortools:robust_mean_1std_scaled_seed113_or_tools,robust_mean_1std_scaled_seed113_or_tools,ortools,True,True,True,15,23033.0,4.991445779800415,1.7804388999938965,6.771884679794312,1626.8249999999998,0.995,pulp_cbc,mean_domain_loss,627.9052422618407,,180,60,True,1690.7465941899184,1691.7378069241554,2011.601490678983,2013.2207644463767,1354.2797361945873,1634.99999592,23973.354628155925,24276.92685490372,24583.713371505622,159.87081697250338,306.4901456498915,0.3846996466431095,233.24110039924932,627.9052422618407,312.44938589408633,medium,,627.9052422618407,627.7363060098996,0.00026911977262380365
X-n284-k15,283,cold_chain,ortools:robust_mean_1std_scaled_or_tools,robust_mean_1std_scaled_or_tools,ortools,True,True,True,15,23151.0,5.000400066375732,1.7008895874023438,6.701289653778076,1626.8249999999998,0.995,pulp_cbc,mean_domain_loss,627.9291281277341,,180,60,True,1690.7465941899184,1691.7378069241554,2011.601490678983,2013.2207644463767,1349.7304890235685,1634.9999982,24088.154335397863,24396.4614542228,24697.035852923724,159.88688126531878,306.0612251003451,0.3807067137809187,233.2571669720648,627.9291281277341,309.22520727012835,medium,,627.9291281277341,627.7363060098996,0.00030717056825993434
X-n284-k15,283,grocery,ortools:robust_mean_2std_scaled_or_tools,robust_mean_2std_scaled_or_tools,ortools,True,True,True,15,23628.0,5.000474452972412,1.4787893295288086,6.479263782501221,1626.8249999999998,0.995,pulp_cbc,mean_domain_loss,423.755407431865,,180,60,True,1690.7465941899184,1691.7378069241554,2011.601490678983,2013.2207644463767,591.0313266219346,1635.00000142,24051.755407431872,24297.30083614186,24537.176923600346,159.46755725611897,305.8250882063436,0.3946996466431095,232.8378461828649,423.755407431865,0.0,medium,,423.755407431865,423.755407431865,0.0
X-n284-k15,283,grocery,ortools:robust_mean_1std_scaled_seed113_or_tools,robust_mean_1std_scaled_seed113_or_tools,ortools,True,True,True,15,23033.0,4.991445779800415,1.481114387512207,6.472560167312622,1626.8249999999998,0.995,pulp_cbc,mean_domain_loss,423.7985468562469,,180,60,True,1690.7465941899184,1691.7378069241554,2011.601490678983,2013.2207644463767,591.0390049113267,1634.99999973,23456.798546856247,23706.91768681208,23938.35005011944,159.56186651832562,306.4173234706874,0.393321554770318,232.9321537550716,423.7985468562469,0.0,medium,,423.7985468562469,423.755407431865,0.00010180265225008027
