Instance,Customers,Domain,Candidate,Route Plan,Routing Provider,Route Feasible,LP Feasible,Candidate Feasible,Route Count,Route Cost,Route Runtime Sec,LP Runtime Sec,Total Runtime Sec,Planned Route Load Total,Planned Route Load Ratio,LP Backend,Score Metric,Score Value,Reason,lp_planning_scenarios_original,lp_planning_scenarios_used,lp_scenario_reduced,lp_original_total_demand_mean,lp_reduced_total_demand_mean,lp_original_total_demand_p90,lp_reduced_total_demand_p90,Objective Value Train,Optimized Load Total,mean_total_cost,p90_total_cost,cvar90_total_cost,mean_shortfall,p90_shortfall,stockout_rate,mean_surplus,mean_domain_loss,mean_load_penalty_loss,Risk Source Run,Source Chunk,Primary Score,Primary Score Minimum,Primary Score Relative Gap
X-n106-k14,105,atm,ortools:nominal_seed101_or_tools,nominal_seed101_or_tools,ortools,True,True,True,14,27425.0,4.999421119689941,0.7844493389129639,5.783870458602905,7864.0,0.9361904761904762,pulp_cbc,mean_domain_loss,2748.2930429128896,,180,60,True,8678.48886970813,8708.388879095239,10372.84775102459,10379.445766360304,6405.605381442355,8399.999995999999,30173.293042912894,31897.26599766773,33014.588640671966,695.5387654866415,1198.8336561409112,0.3797142857142857,1183.8874840021133,2748.2930429128896,0.0,medium,,2748.2930429128896,2748.2930429128896,0.0
X-n106-k14,105,atm,ortools:nominal_seed103_or_tools,nominal_seed103_or_tools,ortools,True,True,True,14,27116.0,5.000891447067261,0.6819500923156738,5.682841539382935,7864.0,0.9361904761904762,pulp_cbc,mean_domain_loss,2759.4568837813003,,180,60,True,8678.48886970813,8708.388879095239,10372.84775102459,10379.445766360304,6411.576962968327,8400.000006000002,29875.456883781306,31651.356702281268,32659.372151671363,698.1668150090438,1202.8915089887942,0.381047619047619,1186.5155435245158,2759.4568837813003,0.0,medium,,2759.4568837813003,2748.2930429128896,0.004062099890402614
X-n106-k14,105,cargo,ortools:nominal_seed101_or_tools,nominal_seed101_or_tools,ortools,True,True,True,14,27425.0,4.999421119689941,0.7256789207458496,5.725100040435791,7864.0,0.9361904761904762,pulp_cbc,mean_domain_loss,2059.8620187528672,,180,60,True,8678.48886970813,8708.388879095239,10372.84775102459,10379.445766360304,5818.556281301745,8400.000001,29484.862018752865,30837.941343318787,31668.56657801956,694.2233660658711,1199.8059912198296,0.3771428571428571,1182.572089581343,2059.8620187528672,0.0,medium,,2059.8620187528672,2059.8620187528672,0.0
X-n106-k14,105,cold_chain,ortools:nominal_seed101_or_tools,nominal_seed101_or_tools,ortools,True,True,True,14,27425.0,4.999421119689941,0.7223830223083496,5.721804141998291,7864.0,0.9361904761904762,pulp_cbc,mean_domain_loss,2788.622184976932,,180,60,True,8678.48886970813,8708.388879095239,10372.84775102459,10379.445766360304,7070.766932443664,8350.391932999999,31734.38763257724,32651.33021729003,33396.906885872595,700.0981077344026,1202.1821621107174,0.3755238095238095,1138.8387632498743,2788.622184976932,1520.7654476003015,medium,,2788.622184976932,2788.622184976932,0.0
X-n106-k14,105,cold_chain,ortools:nominal_seed103_or_tools,nominal_seed103_or_tools,ortools,True,True,True,14,27116.0,5.000891447067261,0.6930432319641113,5.693934679031372,7864.0,0.9361904761904762,pulp_cbc,mean_domain_loss,2794.303286008658,,180,60,True,8678.48886970813,8708.388879095239,10372.84775102459,10379.445766360304,7072.828150362775,8342.390484,31428.285684172064,32434.0853854722,33061.79980832896,703.0433335503651,1204.9296586227122,0.3756190476190476,1133.7825400658369,2794.303286008658,1517.9823981634063,medium,,2794.303286008658,2788.622184976932,0.0020372430020571502
X-n106-k14,105,grocery,ortools:nominal_seed101_or_tools,nominal_seed101_or_tools,ortools,True,True,True,14,27425.0,4.999421119689941,0.7244720458984375,5.723893165588379,7864.0,0.9361904761904762,pulp_cbc,mean_domain_loss,1890.1919422785213,,180,60,True,8678.48886970813,8708.388879095239,10372.84775102459,10379.445766360304,3095.6896988900376,8388.949703,29315.19194227852,30074.13884247028,30648.304332195687,696.2345330595385,1199.2830349602723,0.3783809523809524,1173.5329585750103,1890.1919422785213,0.0,medium,,1890.1919422785213,1890.1919422785213,0.0
X-n106-k14,105,grocery,ortools:nominal_seed103_or_tools,nominal_seed103_or_tools,ortools,True,True,True,14,27116.0,5.000891447067261,0.7150909900665283,5.715982437133789,7864.0,0.9361904761904762,pulp_cbc,mean_domain_loss,1893.2774253889093,,180,60,True,8678.48886970813,8708.388879095239,10372.84775102459,10379.445766360304,3095.7818063988275,8381.965509000001,29009.277425388907,29811.5224023786,30314.10982565296,699.0647035003313,1205.5899612862024,0.3791428571428571,1169.378935015803,1893.2774253889093,0.0,medium,,1893.2774253889093,1890.1919422785213,0.0016323649685378312
X-n110-k13,109,atm,ortools:proxy_mean_scaled_or_tools,proxy_mean_scaled_or_tools,ortools,True,True,True,13,16439.0,4.99757981300354,0.7238273620605469,5.721407175064087,853.7099999999999,0.995,pulp_cbc,mean_domain_loss,364.1820445717232,,180,60,True,922.107056749831,926.0446089731709,1096.1448904465033,1097.6485758926672,757.6819555241201,858.0000011,16803.182044571724,17178.498124894657,17531.427140292948,94.04854094138712,202.60999770081904,0.4193577981651376,107.57653379123366,364.1820445717232,0.0,medium,,364.1820445717232,364.1820445717232,0.0
X-n110-k13,109,cargo,ortools:proxy_mean_scaled_or_tools,proxy_mean_scaled_or_tools,ortools,True,True,True,13,16439.0,4.99757981300354,0.8212237358093262,5.818803548812866,853.7099999999999,0.995,pulp_cbc,mean_domain_loss,274.38095278114463,,180,60,True,922.107056749831,926.0446089731709,1096.1448904465033,1097.6485758926672,684.8107296216272,857.9999993,16713.380952781143,16994.327094824934,17266.817021762592,94.5299652896207,203.42703445925744,0.4241284403669725,108.05795633946722,274.38095278114463,0.0,medium,,274.38095278114463,274.38095278114463,0.0
X-n110-k13,109,cold_chain,ortools:proxy_mean_scaled_or_tools,proxy_mean_scaled_or_tools,ortools,True,True,True,13,16439.0,4.99757981300354,0.8053743839263916,5.802954196929932,853.7099999999999,0.995,pulp_cbc,mean_domain_loss,340.68849751542524,,180,60,True,922.107056749831,926.0446089731709,1096.1448904465033,1097.6485758926672,797.633405042239,858.0000011,16941.109704982275,17154.105629773443,17407.801236644933,94.34325685393156,201.51886375905048,0.4180733944954128,107.87124970377806,340.68849751542524,161.4212074668497,medium,,340.68849751542524,340.68849751542524,0.0
X-n110-k13,109,cold_chain,ortools:proxy_mean_scaled_seed109_or_tools,proxy_mean_scaled_seed109_or_tools,ortools,True,True,True,13,16162.0,5.0015599727630615,0.8114402294158936,5.813000202178955,853.7099999999999,0.995,pulp_cbc,mean_domain_loss,341.97089077785085,,180,60,True,922.107056749831,926.0446089731709,1096.1448904465033,1097.6485758926672,795.5479727083874,858.0000007,16662.78664090444,16870.340826434232,17128.86796762567,94.8287851898901,200.17386199737527,0.4153211009174312,108.35677763973658,341.97089077785085,158.81575012659073,medium,,341.97089077785085,340.68849751542524,0.0037641225687918977
X-n110-k13,109,grocery,ortools:proxy_mean_scaled_or_tools,proxy_mean_scaled_or_tools,ortools,True,True,True,13,16439.0,4.99757981300354,0.714425802230835,5.712005615234375,853.7099999999999,0.995,pulp_cbc,mean_domain_loss,234.9093451197681,,180,60,True,922.107056749831,926.0446089731709,1096.1448904465033,1097.6485758926672,358.8240928507556,858.0000006,16673.90934511977,16848.55095941915,17039.479481751623,94.0175147468046,201.72546424081892,0.4166055045871559,107.5455070966511,234.9093451197681,0.0,medium,,234.9093451197681,234.9093451197681,0.0
X-n115-k10,114,atm,ortools:nominal_seed101_or_tools,nominal_seed101_or_tools,ortools,True,True,True,10,13293.0,4.9994518756866455,0.7465560436248779,5.746007919311523,1535.0,0.908284023668639,pulp_cbc,mean_domain_loss,777.6402806709661,,180,60,True,1696.498515200886,1698.9645533588098,2024.6258510269995,2026.4340508376151,1371.6381350782935,1690.00000773,14070.640280670968,14828.350866665962,15391.205601509952,188.6269351328029,386.2844916160241,0.3783333333333333,281.4311012001081,777.6402806709661,0.0,medium,,777.6402806709661,777.6402806709661,0.0
X-n115-k10,114,cargo,ortools:nominal_seed101_or_tools,nominal_seed101_or_tools,ortools,True,True,True,10,13293.0,4.9994518756866455,0.803525447845459,5.8029773235321045,1535.0,0.908284023668639,pulp_cbc,mean_domain_loss,582.5397757824704,,180,60,True,1696.498515200886,1698.9645533588098,2024.6258510269995,2026.4340508376151,1232.3173644133717,1690.00000283,13875.539775782468,14460.132819448823,14876.085129864829,191.0321699370128,393.4708423442263,0.3854385964912281,283.8363311043181,582.5397757824704,0.0,medium,,582.5397757824704,582.5397757824704,0.0
X-n115-k10,114,cold_chain,ortools:nominal_seed101_or_tools,nominal_seed101_or_tools,ortools,True,True,True,10,13293.0,4.9994518756866455,0.7695567607879639,5.769008636474609,1535.0,0.908284023668639,pulp_cbc,mean_domain_loss,776.700882791405,,180,60,True,1696.498515200886,1698.9645533588098,2024.6258510269995,2026.4340508376151,1544.0816886347604,1689.9999948,14367.127331402244,14857.105419456697,15202.603524700728,188.50592564993528,383.3430804954208,0.3597368421052631,281.31007878724057,776.700882791405,297.4264486108382,medium,,776.700882791405,776.700882791405,0.0
X-n115-k10,114,grocery,ortools:nominal_seed101_or_tools,nominal_seed101_or_tools,ortools,True,True,True,10,13293.0,4.9994518756866455,0.7105214595794678,5.709973335266113,1535.0,0.908284023668639,pulp_cbc,mean_domain_loss,522.2532530989699,,180,60,True,1696.498515200886,1698.9645533588098,2024.6258510269995,2026.4340508376151,683.8615511221763,1690.000009,13815.253253098974,14187.881287788585,14471.802398507129,188.68328626172715,386.3518170133175,0.3707894736842105,281.4874535990324,522.2532530989699,0.0,medium,,522.2532530989699,522.2532530989699,0.0
X-n120-k6,119,atm,ortools:nominal_seed101_or_tools,nominal_seed101_or_tools,ortools,True,True,True,6,14404.0,4.996934413909912,1.0270013809204102,6.023935794830322,119.0,0.9444444444444444,pulp_cbc,mean_domain_loss,50.18015681760088,,180,60,True,133.52122460451002,133.78447753711538,155.4085028189589,155.70208638891222,105.61851985273104,125.99999993,14454.1801568176,14492.996443293772,14520.840236416534,13.026570547010255,24.22606299875746,0.4307563025210084,17.27124245079859,50.18015681760088,0.0,medium,,50.18015681760088,50.18015681760088,0.0
X-n120-k6,119,atm,ortools:nominal_seed103_or_tools,nominal_seed103_or_tools,ortools,True,True,True,6,14579.0,5.001913070678711,0.984865665435791,5.986778736114502,119.0,0.9444444444444444,pulp_cbc,mean_domain_loss,50.41707045423357,,180,60,True,133.52122460451002,133.78447753711538,155.4085028189589,155.70208638891222,105.72839892828598,126.00000028,14629.41707045423,14668.163498209413,14696.928938004245,13.069035467916668,24.19857464171844,0.43,17.313707721705,50.41707045423357,0.0,medium,,50.41707045423357,50.18015681760088,0.0047212613841331645
X-n120-k6,119,cargo,ortools:nominal_seed101_or_tools,nominal_seed101_or_tools,ortools,True,True,True,6,14404.0,4.996934413909912,1.1463639736175537,6.143298387527466,119.0,0.9444444444444444,pulp_cbc,mean_domain_loss,38.39383626884781,,180,60,True,133.52122460451002,133.78447753711538,155.4085028189589,155.70208638891222,96.05719618921049,126.00000009,14442.393836268846,14472.654360725624,14494.043016835014,13.174552967930987,24.50665017117956,0.4349579831932773,17.419225031719325,38.39383626884781,0.0,medium,,38.39383626884781,38.39383626884781,0.0
X-n120-k6,119,cold_chain,ortools:nominal_seed101_or_tools,nominal_seed101_or_tools,ortools,True,True,True,6,14404.0,4.996934413909912,1.0066215991973877,6.0035560131073,119.0,0.9444444444444444,pulp_cbc,mean_domain_loss,46.84196804803088,,180,60,True,133.52122460451002,133.78447753711538,155.4085028189589,155.70208638891222,111.2530195537686,123.98894292000004,14473.023733007642,14496.162463096032,14515.41366308164,13.187466250695168,24.4129656595649,0.4350420168067226,15.421081144483503,46.84196804803088,22.18176495961129,medium,,46.84196804803088,46.84196804803088,0.0
X-n120-k6,119,cold_chain,ortools:quantile_p75_scaled_seed107_or_tools,quantile_p75_scaled_seed107_or_tools,ortools,True,True,True,6,14111.0,4.996662139892578,1.0126457214355469,6.009307861328125,125.36999999999998,0.9949999999999998,pulp_cbc,mean_domain_loss,46.917675743061565,,180,60,True,133.52122460451002,133.78447753711538,155.4085028189589,155.70208638891222,111.0443267287984,124.13313019000002,14179.893770180528,14203.95705485783,14222.604303417747,13.179871449560364,25.014657316809565,0.4319327731092437,15.5576736133487,46.917675743061565,21.976094437466504,medium,,46.917675743061565,46.84196804803088,0.00161623642612662
X-n120-k6,119,cold_chain,ortools:nominal_or_tools,nominal_or_tools,ortools,True,True,True,6,14219.0,4.997507810592651,1.010460615158081,6.007968425750732,119.0,0.9444444444444444,pulp_cbc,mean_domain_loss,47.00494485641273,,180,60,True,133.52122460451002,133.78447753711538,155.4085028189589,155.70208638891222,111.00399592439034,123.96886357000002,14288.064427958892,14312.167909705826,14330.405143650363,13.23090223937023,24.69426546086963,0.4308403361344537,15.44443778315857,47.00494485641273,22.059483102481465,medium,,47.00494485641273,46.84196804803088,0.003479290370864342
X-n120-k6,119,cold_chain,ortools:proxy_mean_or_tools,proxy_mean_or_tools,ortools,True,True,True,6,14219.0,5.002407789230347,1.0622365474700928,6.06464433670044,133.52122460451005,1.0596922587659527,pulp_cbc,mean_domain_loss,47.00494485641273,,180,60,True,133.52122460451002,133.78447753711538,155.4085028189589,155.70208638891222,111.00399592439034,123.96886357000002,14288.064427958892,14312.167909705826,14330.405143650363,13.23090223937023,24.69426546086963,0.4308403361344537,15.44443778315857,47.00494485641273,22.059483102481465,medium,,47.00494485641273,46.84196804803088,0.003479290370864342
X-n120-k6,119,cold_chain,ortools:proxy_mean_scaled_or_tools,proxy_mean_scaled_or_tools,ortools,True,True,True,6,14219.0,5.00138521194458,1.0911214351654053,6.092506647109985,125.37000000000002,0.995,pulp_cbc,mean_domain_loss,47.00494485641273,,180,60,True,133.52122460451002,133.78447753711538,155.4085028189589,155.70208638891222,111.00399592439034,123.96886357000002,14288.064427958892,14312.167909705826,14330.405143650363,13.23090223937023,24.69426546086963,0.4308403361344537,15.44443778315857,47.00494485641273,22.059483102481465,medium,,47.00494485641273,46.84196804803088,0.003479290370864342
X-n120-k6,119,cold_chain,ortools:quantile_p75_or_tools,quantile_p75_or_tools,ortools,True,True,True,6,14219.0,5.000904083251953,1.0106046199798584,6.011508703231812,154.0527270492996,1.222640690867457,pulp_cbc,mean_domain_loss,47.00494485641273,,180,60,True,133.52122460451002,133.78447753711538,155.4085028189589,155.70208638891222,111.00399592439034,123.96886357000002,14288.064427958892,14312.167909705826,14330.405143650363,13.23090223937023,24.69426546086963,0.4308403361344537,15.44443778315857,47.00494485641273,22.059483102481465,medium,,47.00494485641273,46.84196804803088,0.003479290370864342
X-n120-k6,119,cold_chain,ortools:quantile_p75_scaled_or_tools,quantile_p75_scaled_or_tools,ortools,True,True,True,6,14219.0,4.99603009223938,1.1103644371032717,6.106394529342651,125.36999999999998,0.9949999999999998,pulp_cbc,mean_domain_loss,47.00494485641273,,180,60,True,133.52122460451002,133.78447753711538,155.4085028189589,155.70208638891222,111.00399592439034,123.96886357000002,14288.064427958892,14312.167909705826,14330.405143650363,13.23090223937023,24.69426546086963,0.4308403361344537,15.44443778315857,47.00494485641273,22.059483102481465,medium,,47.00494485641273,46.84196804803088,0.003479290370864342
X-n120-k6,119,cold_chain,ortools:quantile_p90_scaled_or_tools,quantile_p90_scaled_or_tools,ortools,True,True,True,6,14219.0,5.011655330657959,1.0414855480194092,6.053140878677368,125.37,0.995,pulp_cbc,mean_domain_loss,47.00494485641273,,180,60,True,133.52122460451002,133.78447753711538,155.4085028189589,155.70208638891222,111.00399592439034,123.96886357000002,14288.064427958892,14312.167909705826,14330.405143650363,13.23090223937023,24.69426546086963,0.4308403361344537,15.44443778315857,47.00494485641273,22.059483102481465,medium,,47.00494485641273,46.84196804803088,0.003479290370864342
X-n120-k6,119,cold_chain,ortools:robust_mean_1std_scaled_or_tools,robust_mean_1std_scaled_or_tools,ortools,True,True,True,6,14052.0,4.9991865158081055,1.0621187686920166,6.061305284500122,125.37000000000002,0.995,pulp_cbc,mean_domain_loss,47.01053805268677,,180,60,True,133.52122460451002,133.78447753711538,155.4085028189589,155.70208638891222,110.90552178710324,123.97941279000004,14120.988893839678,14145.25866342326,14163.31345043104,13.247279275539883,24.763310989424863,0.4319327731092437,15.471364039328217,47.01053805268677,21.97835578698798,medium,,47.01053805268677,46.84196804803088,0.003598696034356245
X-n120-k6,119,cold_chain,ortools:robust_mean_2std_scaled_or_tools,robust_mean_2std_scaled_or_tools,ortools,True,True,True,6,14052.0,5.001163721084595,1.171471357345581,6.172635078430176,125.36999999999998,0.9949999999999998,pulp_cbc,mean_domain_loss,47.01053805268677,,180,60,True,133.52122460451002,133.78447753711538,155.4085028189589,155.70208638891222,110.90552178710324,123.97941279000004,14120.988893839678,14145.25866342326,14163.31345043104,13.247279275539883,24.763310989424863,0.4319327731092437,15.471364039328217,47.01053805268677,21.97835578698798,medium,,47.01053805268677,46.84196804803088,0.003598696034356245
X-n120-k6,119,cold_chain,ortools:nominal_seed103_or_tools,nominal_seed103_or_tools,ortools,True,True,True,6,14579.0,5.001913070678711,1.0623161792755127,6.064229249954224,119.0,0.9444444444444444,pulp_cbc,mean_domain_loss,47.01814266108384,,180,60,True,133.52122460451002,133.78447753711538,155.4085028189589,155.70208638891222,111.11795590935004,123.91899432,14648.043571987204,14670.692008912543,14691.252603948617,13.251866924037463,24.36589261675692,0.4346218487394958,15.415533217825798,47.01814266108384,22.025429326120022,medium,,47.01814266108384,46.84196804803088,0.003761042082440223
X-n120-k6,119,grocery,ortools:nominal_seed101_or_tools,nominal_seed101_or_tools,ortools,True,True,True,6,14404.0,4.996934413909912,1.1323058605194092,6.129240274429321,119.0,0.9444444444444444,pulp_cbc,mean_domain_loss,32.559513820423966,,180,60,True,133.52122460451002,133.78447753711538,155.4085028189589,155.70208638891222,50.93720576685841,124.73241838999998,14436.55951382042,14454.654028904546,14469.678984814524,13.069735748212755,24.29971152144355,0.4336974789915966,16.046826112001092,32.559513820423966,0.0,medium,,32.559513820423966,32.559513820423966,0.0
X-n120-k6,119,grocery,ortools:quantile_p75_scaled_seed107_or_tools,quantile_p75_scaled_seed107_or_tools,ortools,True,True,True,6,14111.0,4.996662139892578,1.016110897064209,6.012773036956787,125.36999999999998,0.9949999999999998,pulp_cbc,mean_domain_loss,32.58657903389567,,180,60,True,133.52122460451002,133.78447753711538,155.4085028189589,155.70208638891222,50.97583605920819,124.39527102999998,14143.586579033896,14162.843603305568,14177.264865158668,13.123142068879076,24.893995733414982,0.4305042016806722,15.763085072667414,32.58657903389567,0.0,medium,,32.58657903389567,32.559513820423966,0.0008312536121077951
X-n120-k6,119,grocery,ortools:nominal_seed103_or_tools,nominal_seed103_or_tools,ortools,True,True,True,6,14579.0,5.001913070678711,1.0207812786102295,6.02269434928894,119.0,0.9444444444444444,pulp_cbc,mean_domain_loss,32.623431124141455,,180,60,True,133.52122460451002,133.78447753711538,155.4085028189589,155.70208638891222,50.96930606029763,124.49388691,14611.623431124142,14629.78238482446,14645.248759227205,13.119362975748174,24.19869779232333,0.434453781512605,15.857921859536509,32.623431124141455,0.0,medium,,32.623431124141455,32.559513820423966,0.0019630914659848017
X-n120-k6,119,grocery,ortools:robust_mean_1std_scaled_or_tools,robust_mean_1std_scaled_or_tools,ortools,True,True,True,6,14052.0,4.9991865158081055,0.9967572689056396,5.995943784713745,125.37000000000002,0.995,pulp_cbc,mean_domain_loss,32.62369873245793,,180,60,True,133.52122460451002,133.78447753711538,155.4085028189589,155.70208638891222,50.86637383689899,124.38679033,14084.623698732456,14103.985213340233,14117.849941031138,13.137770869151169,24.72285827962889,0.4321008403361344,15.769233172939504,32.62369873245793,0.0,medium,,32.62369873245793,32.559513820423966,0.00197131051734881
X-n120-k6,119,grocery,ortools:robust_mean_2std_scaled_or_tools,robust_mean_2std_scaled_or_tools,ortools,True,True,True,6,14052.0,5.001163721084595,1.0886425971984863,6.089806318283081,125.36999999999998,0.9949999999999998,pulp_cbc,mean_domain_loss,32.62369873245793,,180,60,True,133.52122460451002,133.78447753711538,155.4085028189589,155.70208638891222,50.86637383689899,124.38679033,14084.623698732456,14103.985213340233,14117.849941031138,13.137770869151169,24.72285827962889,0.4321008403361344,15.769233172939504,32.62369873245793,0.0,medium,,32.62369873245793,32.559513820423966,0.00197131051734881
X-n120-k6,119,grocery,ortools:nominal_or_tools,nominal_or_tools,ortools,True,True,True,6,14219.0,4.997507810592651,1.012645959854126,6.010153770446777,119.0,0.9444444444444444,pulp_cbc,mean_domain_loss,32.649270413492005,,180,60,True,133.52122460451002,133.78447753711538,155.4085028189589,155.70208638891222,50.865395551376544,124.38679039,14251.649270413487,14270.900579937832,14284.913027954264,13.147725682589083,24.682564386615763,0.4312605042016806,15.77918804637742,32.649270413492005,0.0,medium,,32.649270413492005,32.559513820423966,0.002756693283661257
X-n120-k6,119,grocery,ortools:proxy_mean_or_tools,proxy_mean_or_tools,ortools,True,True,True,6,14219.0,5.002407789230347,1.1327965259552002,6.135204315185547,133.52122460451005,1.0596922587659527,pulp_cbc,mean_domain_loss,32.649270413492005,,180,60,True,133.52122460451002,133.78447753711538,155.4085028189589,155.70208638891222,50.865395551376544,124.38679039,14251.649270413487,14270.900579937832,14284.913027954264,13.147725682589083,24.682564386615763,0.4312605042016806,15.77918804637742,32.649270413492005,0.0,medium,,32.649270413492005,32.559513820423966,0.002756693283661257
X-n120-k6,119,grocery,ortools:proxy_mean_scaled_or_tools,proxy_mean_scaled_or_tools,ortools,True,True,True,6,14219.0,5.00138521194458,1.083998203277588,6.085383415222168,125.37000000000002,0.995,pulp_cbc,mean_domain_loss,32.649270413492005,,180,60,True,133.52122460451002,133.78447753711538,155.4085028189589,155.70208638891222,50.865395551376544,124.38679039,14251.649270413487,14270.900579937832,14284.913027954264,13.147725682589083,24.682564386615763,0.4312605042016806,15.77918804637742,32.649270413492005,0.0,medium,,32.649270413492005,32.559513820423966,0.002756693283661257
X-n120-k6,119,grocery,ortools:quantile_p75_or_tools,quantile_p75_or_tools,ortools,True,True,True,6,14219.0,5.000904083251953,1.0677893161773682,6.068693399429321,154.0527270492996,1.222640690867457,pulp_cbc,mean_domain_loss,32.649270413492005,,180,60,True,133.52122460451002,133.78447753711538,155.4085028189589,155.70208638891222,50.865395551376544,124.38679039,14251.649270413487,14270.900579937832,14284.913027954264,13.147725682589083,24.682564386615763,0.4312605042016806,15.77918804637742,32.649270413492005,0.0,medium,,32.649270413492005,32.559513820423966,0.002756693283661257
X-n120-k6,119,grocery,ortools:quantile_p75_scaled_or_tools,quantile_p75_scaled_or_tools,ortools,True,True,True,6,14219.0,4.99603009223938,1.086510181427002,6.082540273666382,125.36999999999998,0.9949999999999998,pulp_cbc,mean_domain_loss,32.649270413492005,,180,60,True,133.52122460451002,133.78447753711538,155.4085028189589,155.70208638891222,50.865395551376544,124.38679039,14251.649270413487,14270.900579937832,14284.913027954264,13.147725682589083,24.682564386615763,0.4312605042016806,15.77918804637742,32.649270413492005,0.0,medium,,32.649270413492005,32.559513820423966,0.002756693283661257
X-n120-k6,119,grocery,ortools:quantile_p90_scaled_or_tools,quantile_p90_scaled_or_tools,ortools,True,True,True,6,14219.0,5.011655330657959,1.1235084533691406,6.1351637840271,125.37,0.995,pulp_cbc,mean_domain_loss,32.649270413492005,,180,60,True,133.52122460451002,133.78447753711538,155.4085028189589,155.70208638891222,50.865395551376544,124.38679039,14251.649270413487,14270.900579937832,14284.913027954264,13.147725682589083,24.682564386615763,0.4312605042016806,15.77918804637742,32.649270413492005,0.0,medium,,32.649270413492005,32.559513820423966,0.002756693283661257
X-n129-k18,128,atm,ortools:robust_mean_1std_scaled_seed113_or_tools,robust_mean_1std_scaled_seed113_or_tools,ortools,True,True,True,18,33799.0,4.998306751251221,0.940281629562378,5.938588380813599,698.4899999999999,0.995,pulp_cbc,mean_domain_loss,299.72499004697625,,180,60,True,727.1353695075978,729.545141336595,853.7757199603714,854.5229848707611,580.9015029184474,702.00000185,34098.724990046976,34319.071955875115,34594.04450805763,76.37821020472867,137.08297322674233,0.415078125,91.46514292652938,299.72499004697625,0.0,medium,,299.72499004697625,299.72499004697625,0.0
X-n129-k18,128,atm,ortools:robust_mean_2std_scaled_or_tools,robust_mean_2std_scaled_or_tools,ortools,True,True,True,18,33757.0,5.003014802932739,1.1402359008789062,6.1432507038116455,698.4900000000001,0.9950000000000002,pulp_cbc,mean_domain_loss,300.3414510310033,,180,60,True,727.1353695075978,729.545141336595,853.7757199603714,854.5229848707611,581.5905891576475,702.0000017899999,34057.34145103101,34280.29955539244,34552.55049725283,76.61181085885876,137.96332178663133,0.42203125,91.69874352065948,300.3414510310033,0.0,medium,,300.3414510310033,299.72499004697625,0.0020567553740862676
X-n129-k18,128,atm,ortools:robust_mean_1std_scaled_or_tools,robust_mean_1std_scaled_or_tools,ortools,True,True,True,18,33008.0,4.995619058609009,1.129169225692749,6.124788284301758,698.4899999999999,0.995,pulp_cbc,mean_domain_loss,300.57723612463053,,180,60,True,727.1353695075978,729.545141336595,853.7757199603714,854.5229848707611,581.1925234516762,702.00000185,33308.577236124635,33531.96986204169,33803.21886597731,76.65053734913714,138.0360559905883,0.421015625,91.73747007093785,300.57723612463053,0.0,medium,,300.57723612463053,299.72499004697625,0.0028434268277753956
X-n129-k18,128,atm,ortools:quantile_p90_scaled_or_tools,quantile_p90_scaled_or_tools,ortools,True,True,True,18,33579.0,5.002501726150513,0.9594841003417968,5.96198582649231,698.49,0.995,pulp_cbc,mean_domain_loss,301.14084575611514,,180,60,True,727.1353695075978,729.545141336595,853.7757199603714,854.5229848707611,581.3697540636226,702.00000102,33880.140845756105,34099.25638698599,34375.11186160926,76.80215979663483,137.1661939974458,0.42171875,91.88909168843554,301.14084575611514,0.0,medium,,301.14084575611514,299.72499004697625,0.004723849382452184
X-n129-k18,128,cargo,ortools:robust_mean_2std_scaled_or_tools,robust_mean_2std_scaled_or_tools,ortools,True,True,True,18,33757.0,5.003014802932739,0.9605023860931396,5.963517189025879,698.4900000000001,0.9950000000000002,pulp_cbc,mean_domain_loss,222.983502034254,,180,60,True,727.1353695075978,729.545141336595,853.7757199603714,854.5229848707611,524.8954195619019,702.0000006600001,33979.98350203426,34149.544794864174,34352.65168309516,76.89964500257497,137.8564578012109,0.40765625,91.98657653437571,222.983502034254,0.0,medium,,222.983502034254,222.983502034254,0.0
X-n129-k18,128,cargo,ortools:robust_mean_1std_scaled_seed113_or_tools,robust_mean_1std_scaled_seed113_or_tools,ortools,True,True,True,18,33799.0,4.998306751251221,0.9025025367736816,5.900809288024902,698.4899999999999,0.995,pulp_cbc,mean_domain_loss,223.0036069511017,,180,60,True,727.1353695075978,729.545141336595,853.7757199603714,854.5229848707611,524.6702460359405,701.99999997,34022.0036069511,34189.66824366217,34395.77176254371,76.72713551270675,136.89188119942602,0.403828125,91.81406635450747,223.0036069511017,0.0,medium,,223.0036069511017,222.983502034254,9.016324824155475e-05
X-n129-k18,128,cargo,ortools:quantile_p90_scaled_or_tools,quantile_p90_scaled_or_tools,ortools,True,True,True,18,33579.0,5.002501726150513,1.1001791954040527,6.102680921554565,698.49,0.995,pulp_cbc,mean_domain_loss,223.58360477034017,,180,60,True,727.1353695075978,729.545141336595,853.7757199603714,854.5229848707611,524.5598723333494,702.0000005,33802.58360477034,33971.46010136075,34175.313677589234,77.10353164796383,137.66739710919748,0.408828125,92.19046301976456,223.58360477034017,0.0,medium,,223.58360477034017,222.983502034254,0.0026912427628568926
X-n129-k18,128,cargo,ortools:robust_mean_1std_scaled_or_tools,robust_mean_1std_scaled_or_tools,ortools,True,True,True,18,33008.0,4.995619058609009,1.158951997756958,6.154571056365967,698.4899999999999,0.995,pulp_cbc,mean_domain_loss,223.7400122719317,,180,60,True,727.1353695075978,729.545141336595,853.7757199603714,854.5229848707611,525.4636547560766,702.0000008899999,33231.740012271934,33403.802277724535,33604.622765492255,76.97162422205173,138.69550359894342,0.410390625,92.05855598385246,223.7400122719317,0.0,medium,,223.7400122719317,222.983502034254,0.0033926735869521385
X-n129-k18,128,cold_chain,ortools:robust_mean_1std_scaled_seed113_or_tools,robust_mean_1std_scaled_seed113_or_tools,ortools,True,True,True,18,33799.0,4.998306751251221,1.004490852355957,6.002797603607178,698.4899999999999,0.995,pulp_cbc,mean_domain_loss,284.21520884216176,,180,60,True,727.1353695075978,729.545141336595,853.7757199603714,854.5229848707611,636.1036092692957,702.00000194,34212.64319152196,34360.477864709006,34528.65928034541,76.47260269923791,136.43498046314863,0.40828125,91.55953551103865,284.21520884216176,129.4279826797938,medium,,284.21520884216176,284.21520884216176,0.0
X-n129-k18,128,cold_chain,ortools:robust_mean_2std_scaled_or_tools,robust_mean_2std_scaled_or_tools,ortools,True,True,True,18,33757.0,5.003014802932739,1.075547456741333,6.078562259674072,698.4900000000001,0.9950000000000002,pulp_cbc,mean_domain_loss,285.4448212827025,,180,60,True,727.1353695075978,729.545141336595,853.7757199603714,854.5229848707611,644.6507216973544,701.99999996,34178.899058608404,34328.89732608928,34495.031256511065,76.69843133317022,137.96412383165193,0.414453125,91.78536216497098,285.4448212827025,136.4542373257081,medium,,285.4448212827025,284.21520884216176,0.004326342863740259
X-n129-k18,128,grocery,ortools:robust_mean_1std_scaled_seed113_or_tools,robust_mean_1std_scaled_seed113_or_tools,ortools,True,True,True,18,33799.0,4.998306751251221,0.9154863357543944,5.913793087005615,698.4899999999999,0.995,pulp_cbc,mean_domain_loss,194.5715418976228,,180,60,True,727.1353695075978,729.545141336595,853.7757199603714,854.5229848707611,275.95965502423365,702.00000108,33993.57154189762,34107.08635967669,34241.078120680344,76.35847208783456,137.5767669847423,0.415625,91.44540403963528,194.5715418976228,0.0,medium,,194.5715418976228,194.5715418976228,0.0
X-n129-k18,128,grocery,ortools:robust_mean_2std_scaled_or_tools,robust_mean_2std_scaled_or_tools,ortools,True,True,True,18,33757.0,5.003014802932739,0.956697940826416,5.959712743759155,698.4900000000001,0.9950000000000002,pulp_cbc,mean_domain_loss,194.79288578024887,,180,60,True,727.1353695075978,729.545141336595,853.7757199603714,854.5229848707611,276.31810479981743,702.0000008899999,33951.79288578024,34066.92069960439,34199.109770626994,76.47823651291567,138.35126913418802,0.42,91.5651682747164,194.79288578024887,0.0,medium,,194.79288578024887,194.5715418976228,0.001137596384688787
X-n129-k18,128,grocery,ortools:robust_mean_1std_scaled_or_tools,robust_mean_1std_scaled_or_tools,ortools,True,True,True,18,33008.0,4.995619058609009,0.9942405223846436,5.989859580993652,698.4899999999999,0.995,pulp_cbc,mean_domain_loss,194.9551503316339,,180,60,True,727.1353695075978,729.545141336595,853.7757199603714,854.5229848707611,276.05274889299926,702.0000013700001,33202.95515033163,33317.13325645282,33450.18668699423,76.59633635330827,138.0842371427478,0.421015625,91.683268595109,194.9551503316339,0.0,medium,,194.9551503316339,194.5715418976228,0.001971554679938356
X-n129-k18,128,grocery,ortools:quantile_p90_scaled_or_tools,quantile_p90_scaled_or_tools,ortools,True,True,True,18,33579.0,5.002501726150513,0.8573155403137207,5.859817266464233,698.49,0.995,pulp_cbc,mean_domain_loss,195.5371067847058,,180,60,True,727.1353695075978,729.545141336595,853.7757199603714,854.5229848707611,276.3015948167221,702.00000189,33774.5371067847,33886.90238472785,34021.494172437335,76.77044299804474,137.34607648869047,0.42078125,91.85737575984544,195.5371067847058,0.0,medium,,195.5371067847058,194.5715418976228,0.004962518555725068
X-n134-k13,133,atm,ortools:nominal_seed101_or_tools,nominal_seed101_or_tools,ortools,True,True,True,13,12635.0,4.999899625778198,0.938624620437622,5.93852424621582,8220.0,0.9833712166527095,pulp_cbc,mean_domain_loss,3793.488372404494,,180,60,True,9183.395205809104,9198.564456324051,11030.147738079117,11050.704860248838,8181.241689470445,8358.9999938,16428.488372404492,18852.32724406231,22466.34765497997,994.3124860229708,1691.3831556442867,0.4612781954887218,932.3880986914512,3793.488372404494,0.0,medium,,3793.488372404494,3793.488372404494,0.0
X-n134-k13,133,atm,ortools:nominal_seed103_or_tools,nominal_seed103_or_tools,ortools,True,True,True,13,12210.0,5.003038644790649,0.8235633373260498,5.826601982116699,8220.0,0.9833712166527095,pulp_cbc,mean_domain_loss,3794.452391810793,,180,60,True,9183.395205809104,9198.564456324051,11030.147738079117,11050.704860248838,8182.523165495621,8359.0000064,16004.452391810795,18422.740971404462,22045.75669761709,994.4922910511284,1688.281720325176,0.4613533834586466,932.5679163196088,3794.452391810793,0.0,medium,,3794.452391810793,3793.488372404494,0.00025412478216929103
X-n134-k13,133,atm,ortools:robust_mean_1std_scaled_or_tools,robust_mean_1std_scaled_or_tools,ortools,True,True,True,13,14509.0,5.00058913230896,0.9171814918518066,5.917770624160767,8317.205000000002,0.9950000000000002,pulp_cbc,mean_domain_loss,3794.837714984225,,180,60,True,9183.395205809104,9198.564456324051,11030.147738079117,11050.704860248838,8180.662451520805,8358.999989800002,18303.837714984227,20726.586486328888,24350.78614212427,995.913224618718,1693.2971765639022,0.4625563909774436,933.9888332871984,3794.837714984225,0.0,medium,,3794.837714984225,3793.488372404494,0.000355699674617883
X-n134-k13,133,atm,ortools:quantile_p75_scaled_or_tools,quantile_p75_scaled_or_tools,ortools,True,True,True,13,15401.0,5.0022873878479,0.8480875492095947,5.850374937057495,8317.205,0.995,pulp_cbc,mean_domain_loss,3798.2267284495615,,180,60,True,9183.395205809104,9198.564456324051,11030.147738079117,11050.704860248838,8176.996421517809,8359.0000009,19199.22672844956,21631.779631854224,25238.205546809444,996.0030410999112,1695.2340951780404,0.4603007518796992,934.0786608683916,3798.2267284495615,0.0,medium,,3798.2267284495615,3793.488372404494,0.0012490762010861733
X-n134-k13,133,atm,ortools:nominal_or_tools,nominal_or_tools,ortools,True,True,True,13,13630.0,5.001455068588257,2.0003926753997803,7.001847743988037,8220.0,0.9833712166527095,pulp_cbc,mean_domain_loss,3805.903125198727,,180,60,True,9183.395205809104,9198.564456324051,11030.147738079117,11050.704860248838,8185.9088367484355,8359.0000051,17435.90312519873,19850.10309365184,23482.60553283081,997.5183154130442,1691.2198707651708,0.4624812030075187,935.5939393815246,3805.903125198727,0.0,medium,,3805.903125198727,3793.488372404494,0.003272648173787375
X-n134-k13,133,atm,ortools:robust_mean_1std_scaled_seed113_or_tools,robust_mean_1std_scaled_seed113_or_tools,ortools,True,True,True,13,14602.0,5.0003721714019775,0.8803505897521973,5.880722761154175,8317.205000000002,0.9950000000000002,pulp_cbc,mean_domain_loss,3807.542401782629,,180,60,True,9183.395205809104,9198.564456324051,11030.147738079117,11050.704860248838,8186.002136449845,8358.9999953,18409.54240178263,20846.11695360649,24454.875862889094,999.7074378427264,1700.2615414884306,0.465187969924812,937.7830520112068,3807.542401782629,0.0,medium,,3807.542401782629,3793.488372404494,0.0037047772389050297
X-n134-k13,133,cargo,ortools:quantile_p75_scaled_or_tools,quantile_p75_scaled_or_tools,ortools,True,True,True,13,15401.0,5.0022873878479,0.8517699241638184,5.854057312011719,8317.205,0.995,pulp_cbc,mean_domain_loss,2783.165318312376,,180,60,True,9183.395205809104,9198.564456324051,11030.147738079117,11050.704860248838,7213.58105407049,8358.9999809,18184.16531831237,19998.655843704608,22646.16411814116,1002.4450453097622,1697.0606282270785,0.4486466165413534,940.5206450782426,2783.165318312376,0.0,medium,,2783.165318312376,2783.165318312376,0.0
X-n134-k13,133,cargo,ortools:nominal_seed101_or_tools,nominal_seed101_or_tools,ortools,True,True,True,13,12635.0,4.999899625778198,0.8853096961975098,5.885209321975708,8220.0,0.9833712166527095,pulp_cbc,mean_domain_loss,2784.7382126081984,,180,60,True,9183.395205809104,9198.564456324051,11030.147738079117,11050.704860248838,7235.512320505766,8358.9999974,15419.738212608198,17256.49873084052,19897.735385738903,997.2705090927116,1698.461243509539,0.4550375939849624,935.346125361192,2784.7382126081984,0.0,medium,,2784.7382126081984,2783.165318312376,0.0005651458378966726
X-n134-k13,133,cargo,ortools:robust_mean_1std_scaled_or_tools,robust_mean_1std_scaled_or_tools,ortools,True,True,True,13,14509.0,5.00058913230896,0.8502037525177002,5.85079288482666,8317.205000000002,0.9950000000000002,pulp_cbc,mean_domain_loss,2784.7555908310296,,180,60,True,9183.395205809104,9198.564456324051,11030.147738079117,11050.704860248838,7213.040464412831,8359.000007499999,17293.755590831028,19100.570549392058,21760.610959643083,1003.762011429377,1690.816157350942,0.4478947368421053,941.8376377978576,2784.7555908310296,0.0,medium,,2784.7555908310296,2783.165318312376,0.0005713898876902184
X-n134-k13,133,cargo,ortools:nominal_seed103_or_tools,nominal_seed103_or_tools,ortools,True,True,True,13,12210.0,5.003038644790649,0.8583793640136719,5.861418008804321,8220.0,0.9833712166527095,pulp_cbc,mean_domain_loss,2788.7216445455906,,180,60,True,9183.395205809104,9198.564456324051,11030.147738079117,11050.704860248838,7239.737115864031,8359.0000177,14998.721644545589,16827.61977481226,19485.763185659427,997.8312298361903,1694.7813136673794,0.4585714285714286,935.9068664046706,2788.7216445455906,0.0,medium,,2788.7216445455906,2783.165318312376,0.001996405386577606
X-n134-k13,133,cargo,ortools:robust_mean_1std_scaled_seed113_or_tools,robust_mean_1std_scaled_seed113_or_tools,ortools,True,True,True,13,14602.0,5.0003721714019775,0.8297944068908691,5.830166578292847,8317.205000000002,0.9950000000000002,pulp_cbc,mean_domain_loss,2791.8240187322667,,180,60,True,9183.395205809104,9198.564456324051,11030.147738079117,11050.704860248838,7222.757028909949,8358.9999969,17393.824018732266,19217.47907686279,21854.37326252329,1005.2550104536718,1692.696642036787,0.4529323308270677,943.3306262221522,2791.8240187322667,0.0,medium,,2791.8240187322667,2783.165318312376,0.003111098130937218
X-n134-k13,133,cargo,ortools:nominal_or_tools,nominal_or_tools,ortools,True,True,True,13,13630.0,5.001455068588257,0.9341540336608888,5.9356091022491455,8220.0,0.9833712166527095,pulp_cbc,mean_domain_loss,2795.7093662631505,,180,60,True,9183.395205809104,9198.564456324051,11030.147738079117,11050.704860248838,7240.39604520481,8358.9999928,16425.709366263152,18232.6850041832,20913.40022308379,999.774243234309,1680.8736556424644,0.4532330827067669,937.8498549027894,2795.7093662631505,0.0,medium,,2795.7093662631505,2783.165318312376,0.00450711564571415
X-n134-k13,133,cargo,ortools:quantile_p90_scaled_or_tools,quantile_p90_scaled_or_tools,ortools,True,True,True,13,15608.0,5.0015482902526855,0.8787398338317871,5.880288124084473,8317.205000000002,0.9950000000000002,pulp_cbc,mean_domain_loss,2796.8342624584184,,180,60,True,9183.395205809104,9198.564456324051,11030.147738079117,11050.704860248838,7227.861938238676,8358.9999943,18404.83426245842,20240.70165801695,22875.44168816,1004.7508836708348,1685.055641084925,0.4493984962406015,942.826496839315,2796.8342624584184,0.0,medium,,2796.8342624584184,2783.165318312376,0.0049112943654856245
X-n134-k13,133,cold_chain,ortools:nominal_seed103_or_tools,nominal_seed103_or_tools,ortools,True,True,True,13,12210.0,5.003038644790649,0.8587603569030762,5.861799001693726,8220.0,0.9833712166527095,pulp_cbc,mean_domain_loss,3398.958759718684,,180,60,True,9183.395205809104,9198.564456324051,11030.147738079117,11050.704860248838,8146.56082611847,8358.9999909,16959.807652413565,18412.324460591084,20877.92189584178,993.1099813341538,1682.9397337862154,0.4563157894736842,931.185591102634,3398.958759718684,1350.8488926948796,medium,,3398.958759718684,3398.958759718684,0.0
X-n134-k13,133,cold_chain,ortools:nominal_seed101_or_tools,nominal_seed101_or_tools,ortools,True,True,True,13,12635.0,4.999899625778198,0.978278875350952,5.97817850112915,8220.0,0.9833712166527095,pulp_cbc,mean_domain_loss,3404.449699957508,,180,60,True,9183.395205809104,9198.564456324051,11030.147738079117,11050.704860248838,8169.7058463848225,8359.0000104,17412.263716337882,18850.14219783492,21322.9890802484,994.1446893875192,1696.8769314985425,0.4570676691729323,932.2203186559996,3404.449699957508,1372.8140163803766,medium,,3404.449699957508,3398.958759718684,0.0016154771584455337
X-n134-k13,133,cold_chain,ortools:robust_mean_1std_scaled_or_tools,robust_mean_1std_scaled_or_tools,ortools,True,True,True,13,14509.0,5.00058913230896,1.3410134315490725,6.341602563858032,8317.205000000002,0.9950000000000002,pulp_cbc,mean_domain_loss,3404.7707648884925,,180,60,True,9183.395205809104,9198.564456324051,11030.147738079117,11050.704860248838,8166.039622613884,8358.999996800001,19280.82630185469,20726.93355280761,23205.12967268489,995.1426663648292,1693.066180492223,0.4643609022556391,933.2182820333096,3404.7707648884925,1367.055536966193,medium,,3404.7707648884925,3398.958759718684,0.0017099369485404927
X-n134-k13,133,cold_chain,ortools:nominal_or_tools,nominal_or_tools,ortools,True,True,True,13,13630.0,5.001455068588257,0.9232864379882812,5.924741506576538,8220.0,0.9833712166527095,pulp_cbc,mean_domain_loss,3405.8466080799653,,180,60,True,9183.395205809104,9198.564456324051,11030.147738079117,11050.704860248838,8207.46983594431,8358.9999907,18440.482539791603,19950.624671256595,22363.74275707056,993.6154517996432,1702.8481098937511,0.4557894736842105,931.6910613681234,3405.8466080799653,1404.635931711637,medium,,3405.8466080799653,3398.958759718684,0.0020264583503952936
X-n134-k13,133,cold_chain,ortools:robust_mean_1std_scaled_seed113_or_tools,robust_mean_1std_scaled_seed113_or_tools,ortools,True,True,True,13,14602.0,5.0003721714019775,0.8784079551696777,5.878780126571655,8317.205000000002,0.9950000000000002,pulp_cbc,mean_domain_loss,3408.574686099102,,180,60,True,9183.395205809104,9198.564456324051,11030.147738079117,11050.704860248838,8232.734880084208,8358.9999974,19434.78147038529,20867.64783545665,23360.35068895995,995.6289868826576,1699.1204180346665,0.4621804511278195,933.7046031511378,3408.574686099102,1424.2067842861863,medium,,3408.574686099102,3398.958759718684,0.002829080038974582
X-n134-k13,133,cold_chain,ortools:quantile_p75_scaled_or_tools,quantile_p75_scaled_or_tools,ortools,True,True,True,13,15401.0,5.0022873878479,0.8686513900756836,5.870938777923584,8317.205,0.995,pulp_cbc,mean_domain_loss,3410.7895716443168,,180,60,True,9183.395205809104,9198.564456324051,11030.147738079117,11050.704860248838,8231.594336954888,8359.0000089,20244.28025208748,21696.19469949051,24151.00895100466,995.469910673164,1691.6218950162083,0.4596992481203008,933.5455384416445,3410.7895716443168,1432.490680443159,medium,,3410.7895716443168,3398.958759718684,0.00348071652584916
X-n134-k13,133,grocery,ortools:robust_mean_1std_scaled_or_tools,robust_mean_1std_scaled_or_tools,ortools,True,True,True,13,14509.0,5.00058913230896,0.957064151763916,5.957653284072876,8317.205000000002,0.9950000000000002,pulp_cbc,mean_domain_loss,2369.4823242808843,,180,60,True,9183.395205809104,9198.564456324051,11030.147738079117,11050.704860248838,3796.889004123346,8359.000001100001,16878.48232428088,18029.11126920094,19937.619314711927,994.7295539024976,1694.447638133087,0.462406015037594,932.805173870978,2369.4823242808843,0.0,medium,,2369.4823242808843,2369.4823242808843,0.0
X-n134-k13,133,grocery,ortools:quantile_p75_scaled_or_tools,quantile_p75_scaled_or_tools,ortools,True,True,True,13,15401.0,5.0022873878479,0.9673724174499512,5.969659805297852,8317.205,0.995,pulp_cbc,mean_domain_loss,2369.621622171581,,180,60,True,9183.395205809104,9198.564456324051,11030.147738079117,11050.704860248838,3793.982694050146,8358.9999995,17770.62162217158,18934.847584156767,20817.15268146412,994.5683550825396,1692.974832583723,0.4605263157894737,932.64397345102,2369.621622171581,0.0,medium,,2369.621622171581,2369.4823242808843,5.8788322355939515e-05
X-n134-k13,133,grocery,ortools:nominal_seed103_or_tools,nominal_seed103_or_tools,ortools,True,True,True,13,12210.0,5.003038644790649,0.8878412246704102,5.89087986946106,8220.0,0.9833712166527095,pulp_cbc,mean_domain_loss,2369.921520178373,,180,60,True,9183.395205809104,9198.564456324051,11030.147738079117,11050.704860248838,3795.945063216039,8358.9999959,14579.921520178374,15773.80557829312,17631.48094119633,994.6684730089936,1688.3983686740603,0.4583458646616541,932.7440877774742,2369.921520178373,0.0,medium,,2369.921520178373,2369.4823242808843,0.00018535521155328127
X-n134-k13,133,grocery,ortools:nominal_seed101_or_tools,nominal_seed101_or_tools,ortools,True,True,True,13,12635.0,4.999899625778198,0.971625804901123,5.971525430679321,8220.0,0.9833712166527095,pulp_cbc,mean_domain_loss,2369.94240898806,,180,60,True,9183.395205809104,9198.564456324051,11030.147738079117,11050.704860248838,3794.795150091535,8358.999996300001,15004.94240898806,16168.374680703324,18052.18669088456,994.6962707637229,1692.1166502778624,0.4594736842105263,932.7718859322028,2369.94240898806,0.0,medium,,2369.94240898806,2369.4823242808843,0.00019417098091889843
X-n134-k13,133,grocery,ortools:nominal_or_tools,nominal_or_tools,ortools,True,True,True,13,13630.0,5.001455068588257,0.9952967166900636,5.99675178527832,8220.0,0.9833712166527095,pulp_cbc,mean_domain_loss,2374.344565001815,,180,60,True,9183.395205809104,9198.564456324051,11030.147738079117,11050.704860248838,3798.139170609385,8358.9999981,16004.34456500181,17165.47766475667,19065.596642298467,996.5312135633544,1695.3388867223564,0.4610526315789474,934.6068305318346,2374.344565001815,0.0,medium,,2374.344565001815,2369.4823242808843,0.0020520265845015567
X-n134-k13,133,grocery,ortools:robust_mean_1std_scaled_seed113_or_tools,robust_mean_1std_scaled_seed113_or_tools,ortools,True,True,True,13,14602.0,5.0003721714019775,0.8794248104095459,5.879796981811523,8317.205000000002,0.9950000000000002,pulp_cbc,mean_domain_loss,2376.8512480497493,,180,60,True,9183.395205809104,9198.564456324051,11030.147738079117,11050.704860248838,3800.031262990687,8358.9999953,16978.85124804975,18131.60406376293,20033.75802800208,998.2960261359896,1694.7164120236234,0.4642105263157894,936.37164030447,2376.8512480497493,0.0,medium,,2376.8512480497493,2369.4823242808843,0.0031099298329230573
X-n134-k13,133,grocery,ortools:quantile_p90_scaled_or_tools,quantile_p90_scaled_or_tools,ortools,True,True,True,13,15608.0,5.0015482902526855,0.8600413799285889,5.861589670181274,8317.205000000002,0.9950000000000002,pulp_cbc,mean_domain_loss,2380.13929128706,,180,60,True,9183.395205809104,9198.564456324051,11030.147738079117,11050.704860248838,3800.626837590371,8359.000000200002,17988.13929128706,19157.58245844204,21043.629881726392,999.8928162372245,1694.9439994884306,0.4639097744360902,937.9684353057048,2380.13929128706,0.0,medium,,2380.13929128706,2369.4823242808843,0.004497592953942
X-n139-k10,138,atm,ortools:proxy_mean_scaled_seed109_or_tools,proxy_mean_scaled_seed109_or_tools,ortools,True,True,True,10,15996.0,5.014383316040039,1.0764892101287842,6.090872526168823,1054.7000000000005,0.9950000000000002,pulp_cbc,mean_domain_loss,427.4948558806679,,180,60,True,1146.307606641427,1148.216888591183,1334.618975008724,1335.9433230902955,888.6517368171814,1059.9999979999998,16423.49485588067,16714.841359212412,17075.98626602267,110.64455332501736,191.68507106394105,0.4182608695652174,129.25476519491315,427.4948558806679,0.0,medium,,427.4948558806679,427.4948558806679,0.0
X-n139-k10,138,atm,ortools:nominal_or_tools,nominal_or_tools,ortools,True,True,True,10,14877.0,5.000831127166748,1.178234338760376,6.179065465927124,1039.0,0.980188679245283,pulp_cbc,mean_domain_loss,427.74397507376096,,180,60,True,1146.307606641427,1148.216888591183,1334.618975008724,1335.9433230902955,890.7504342892075,1060.0000004,15304.74397507376,15596.873661058404,15958.702433200688,110.72537329907613,192.0648618164694,0.4218840579710144,129.33558756897193,427.74397507376096,0.0,medium,,427.74397507376096,427.4948558806679,0.0005827419667538765
X-n139-k10,138,atm,ortools:nominal_seed101_or_tools,nominal_seed101_or_tools,ortools,True,True,True,10,14943.0,5.000727653503418,1.1320898532867432,6.132817506790161,1039.0,0.980188679245283,pulp_cbc,mean_domain_loss,428.4912215730082,,180,60,True,1146.307606641427,1148.216888591183,1334.618975008724,1335.9433230902955,890.183508970681,1059.9999994,15371.491221573006,15660.11645961012,16023.172544769684,110.91348421936722,191.4225063897329,0.4183333333333333,129.52369748926304,428.4912215730082,0.0,medium,,428.4912215730082,427.4948558806679,0.0023307080275567884
X-n139-k10,138,atm,ortools:nominal_seed103_or_tools,nominal_seed103_or_tools,ortools,True,True,True,10,15332.0,5.008304595947266,1.1502814292907717,6.158586025238037,1039.0,0.980188679245283,pulp_cbc,mean_domain_loss,428.93291964434246,,180,60,True,1146.307606641427,1148.216888591183,1334.618975008724,1335.9433230902955,891.5687339461014,1059.9999991999998,15760.932919644343,16053.45936847864,16412.686090379786,110.9686238129497,192.32543802621188,0.4211594202898551,129.57883688284545,428.93291964434246,0.0,medium,,428.93291964434246,427.4948558806679,0.003363932323143529
X-n139-k10,138,cargo,ortools:proxy_mean_scaled_seed109_or_tools,proxy_mean_scaled_seed109_or_tools,ortools,True,True,True,10,15996.0,5.014383316040039,1.164900302886963,6.179283618927002,1054.7000000000005,0.9950000000000002,pulp_cbc,mean_domain_loss,320.9994606549765,,180,60,True,1146.307606641427,1148.216888591183,1334.618975008724,1335.9433230902955,791.7064094341592,1059.9999996,16316.99946065498,16536.839355242155,16815.481784866362,111.0908864189847,190.1730126418212,0.417391304347826,129.70109988888052,320.9994606549765,0.0,medium,,320.9994606549765,320.9994606549765,0.0
X-n139-k10,138,cargo,ortools:nominal_seed101_or_tools,nominal_seed101_or_tools,ortools,True,True,True,10,14943.0,5.000727653503418,1.2547850608825684,6.255512714385986,1039.0,0.980188679245283,pulp_cbc,mean_domain_loss,321.654226375162,,180,60,True,1146.307606641427,1148.216888591183,1334.618975008724,1335.9433230902955,791.7463166982448,1059.9999986,15264.654226375162,15485.924503730515,15761.355110094,111.91595993061752,192.1535637654662,0.4158695652173913,130.52617240051333,321.654226375162,0.0,medium,,321.654226375162,320.9994606549765,0.0020397720259390296
X-n139-k10,138,cargo,ortools:nominal_or_tools,nominal_or_tools,ortools,True,True,True,10,14877.0,5.000831127166748,1.2993805408477783,6.300211668014526,1039.0,0.980188679245283,pulp_cbc,mean_domain_loss,322.41803262558363,,180,60,True,1146.307606641427,1148.216888591183,1334.618975008724,1335.9433230902955,793.457235116695,1059.9999987,15199.418032625585,15422.57442752551,15699.885827971884,112.09699646581926,192.54160825351207,0.4234057971014492,130.70720903571507,322.41803262558363,0.0,medium,,322.41803262558363,320.9994606549765,0.004419234747973302
X-n139-k10,138,cold_chain,ortools:proxy_mean_scaled_seed109_or_tools,proxy_mean_scaled_seed109_or_tools,ortools,True,True,True,10,15996.0,5.014383316040039,1.1199195384979248,6.134302854537964,1054.7000000000005,0.9950000000000002,pulp_cbc,mean_domain_loss,399.6249669131768,,180,60,True,1146.307606641427,1148.216888591183,1334.618975008724,1335.9433230902955,938.7640299072956,1059.9999997999998,16593.194023154,16755.168644750025,17002.77544858774,110.55896859393955,189.4562583350963,0.4138405797101449,129.16918226383532,399.6249669131768,197.56905624082336,medium,,399.6249669131768,399.6249669131768,0.0
X-n139-k10,138,cold_chain,ortools:nominal_or_tools,nominal_or_tools,ortools,True,True,True,10,14877.0,5.000831127166748,1.238091230392456,6.238922357559204,1039.0,0.980188679245283,pulp_cbc,mean_domain_loss,400.8823092159208,,180,60,True,1146.307606641427,1148.216888591183,1334.618975008724,1335.9433230902955,942.5437858634044,1059.9999984,15476.951879013788,15641.298725412673,15887.977653810463,110.94570533143248,190.7329063657628,0.4159420289855072,129.55591760132825,400.8823092159208,199.0695697978684,medium,,400.8823092159208,399.6249669131768,0.003146305678686936
X-n139-k10,138,cold_chain,ortools:nominal_seed101_or_tools,nominal_seed101_or_tools,ortools,True,True,True,10,14943.0,5.000727653503418,1.096508264541626,6.097235918045044,1039.0,0.980188679245283,pulp_cbc,mean_domain_loss,401.5473922014239,,180,60,True,1146.307606641427,1148.216888591183,1334.618975008724,1335.9433230902955,937.4241089271834,1059.9999997999998,15539.280649328726,15704.76532340062,15949.59335158772,111.17722170790512,191.01521902934687,0.4123188405797101,129.78743537780093,401.5473922014239,194.73325712730107,medium,,401.5473922014239,399.6249669131768,0.0048105735312197525
X-n139-k10,138,grocery,ortools:proxy_mean_scaled_seed109_or_tools,proxy_mean_scaled_seed109_or_tools,ortools,True,True,True,10,15996.0,5.014383316040039,1.0321433544158936,6.046526670455933,1054.7000000000005,0.9950000000000002,pulp_cbc,mean_domain_loss,276.55208978727006,,180,60,True,1146.307606641427,1148.216888591183,1334.618975008724,1335.9433230902955,427.63902597398175,1060.0000016,16272.552089787268,16409.477644848226,16594.71247411775,110.58709945138504,191.87446250033625,0.4168115942028985,129.19731492128082,276.55208978727006,0.0,medium,,276.55208978727006,276.55208978727006,0.0
X-n139-k10,138,grocery,ortools:nominal_or_tools,nominal_or_tools,ortools,True,True,True,10,14877.0,5.000831127166748,1.153247594833374,6.154078722000122,1039.0,0.980188679245283,pulp_cbc,mean_domain_loss,276.8414516565013,,180,60,True,1146.307606641427,1148.216888591183,1334.618975008724,1335.9433230902955,428.7537476916864,1059.9999992,15153.841451656504,15291.569902067238,15476.458059959114,110.78874076637658,192.8052501854508,0.4176086956521739,129.3989538362723,276.8414516565013,0.0,medium,,276.8414516565013,276.55208978727006,0.0010463195901134808
X-n139-k10,138,grocery,ortools:nominal_seed101_or_tools,nominal_seed101_or_tools,ortools,True,True,True,10,14943.0,5.000727653503418,1.1872975826263428,6.188025236129761,1039.0,0.980188679245283,pulp_cbc,mean_domain_loss,277.2010438995653,,180,60,True,1146.307606641427,1148.216888591183,1334.618975008724,1335.9433230902955,428.4791573078649,1060.0000009,15220.201043899564,15355.875167784405,15542.139597482066,110.87472432996655,191.85179750192407,0.4181159420289855,129.48493909986237,277.2010438995653,0.0,medium,,277.2010438995653,276.55208978727006,0.0023465890740310335
X-n139-k10,138,grocery,ortools:nominal_seed103_or_tools,nominal_seed103_or_tools,ortools,True,True,True,10,15332.0,5.008304595947266,1.0439486503601074,6.052253246307373,1039.0,0.980188679245283,pulp_cbc,mean_domain_loss,277.4368837267399,,180,60,True,1146.307606641427,1148.216888591183,1334.618975008724,1335.9433230902955,429.0893803736086,1059.9999988,15609.43688372674,15745.862387649862,15931.007533365231,111.032564801003,192.2573059484031,0.418695652173913,129.6427774708988,277.4368837267399,0.0,medium,,277.4368837267399,276.55208978727006,0.0031993753514950223
X-n143-k7,142,atm,ortools:robust_mean_1std_scaled_or_tools,robust_mean_1std_scaled_or_tools,ortools,True,True,True,7,18403.0,4.999201059341431,1.1209378242492676,6.120138883590698,8288.350000000002,0.9950000000000002,pulp_cbc,mean_domain_loss,2511.6138550479022,,180,60,True,8295.848620495428,8316.617424477572,9916.867451961063,9925.630118934274,5514.868911251419,8330.000010799999,20914.613855047905,22847.5172796419,25755.725236701543,614.381937916932,1158.4488245233094,0.312112676056338,1397.7144430175604,2511.6138550479022,0.0,medium,,2511.6138550479022,2511.6138550479022,0.0
X-n143-k7,142,atm,ortools:quantile_p75_scaled_seed107_or_tools,quantile_p75_scaled_seed107_or_tools,ortools,True,True,True,7,18166.0,5.00028395652771,1.0527122020721436,6.0529961585998535,8288.35,0.995,pulp_cbc,mean_domain_loss,2511.640045909889,,180,60,True,8295.848620495428,8316.617424477572,9916.867451961063,9925.630118934274,5518.642096149771,8329.9999989,20677.64004590989,22607.248486255263,25529.248445160327,613.4630333067909,1154.12144488796,0.31,1396.79552650742,2511.640045909889,0.0,medium,,2511.640045909889,2511.6138550479022,1.0427901539957903e-05
X-n143-k7,142,atm,ortools:quantile_p75_scaled_or_tools,quantile_p75_scaled_or_tools,ortools,True,True,True,7,18056.0,5.002080678939819,1.060577154159546,6.062657833099365,8288.35,0.995,pulp_cbc,mean_domain_loss,2512.3756248842988,,180,60,True,8295.848620495428,8316.617424477572,9916.867451961063,9925.630118934274,5518.530809574647,8330.0000161,20568.3756248843,22518.773650642088,25416.36612581383,613.5351450961011,1156.729359483698,0.3104225352112676,1396.86765549673,2512.3756248842988,0.0,medium,,2512.3756248842988,2511.6138550479022,0.0003032989465580074
X-n143-k7,142,atm,ortools:robust_mean_1std_scaled_seed113_or_tools,robust_mean_1std_scaled_seed113_or_tools,ortools,True,True,True,7,18450.0,4.999038219451904,1.088912010192871,6.087950229644775,8288.350000000002,0.9950000000000002,pulp_cbc,mean_domain_loss,2513.004494284095,,180,60,True,8295.848620495428,8316.617424477572,9916.867451961063,9925.630118934274,5514.6514829833,8330.000001999999,20963.00449428409,22910.29749230988,25804.29501011407,615.0434841094517,1153.9868987119555,0.3122535211267606,1398.3759804100805,2513.004494284095,0.0,medium,,2513.004494284095,2511.6138550479022,0.0005536835343529589
X-n143-k7,142,atm,ortools:proxy_mean_scaled_seed109_or_tools,proxy_mean_scaled_seed109_or_tools,ortools,True,True,True,7,18802.0,4.997038125991821,1.0219125747680664,6.018950700759888,8288.349999999999,0.9949999999999998,pulp_cbc,mean_domain_loss,2514.393644559732,,180,60,True,8295.848620495428,8316.617424477572,9916.867451961063,9925.630118934274,5518.78542127153,8330.000027900001,21316.393644559736,23299.3428632959,26158.195453188768,613.7324434579182,1154.4013655368674,0.3104929577464789,1397.064965658547,2514.393644559732,0.0,medium,,2514.393644559732,2511.6138550479022,0.0011067742385011885
X-n143-k7,142,atm,ortools:quantile_p90_scaled_or_tools,quantile_p90_scaled_or_tools,ortools,True,True,True,7,18642.0,5.000194787979126,1.1049118041992188,6.105106592178345,8288.35,0.995,pulp_cbc,mean_domain_loss,2514.868737181395,,180,60,True,8295.848620495428,8316.617424477572,9916.867451961063,9925.630118934274,5518.345528518997,8329.9999978,21156.8687371814,23110.26444469317,26000.671046592885,615.605635267588,1151.0261555763702,0.3135211267605634,1398.9381273682168,2514.868737181395,0.0,medium,,2514.868737181395,2511.6138550479022,0.0012959325443084684
X-n143-k7,142,atm,ortools:proxy_mean_or_tools,proxy_mean_or_tools,ortools,True,True,True,7,20036.0,4.995463132858276,1.0452661514282229,6.040729284286499,8295.848620495428,0.9959001945372664,pulp_cbc,mean_domain_loss,2515.4523035684188,,180,60,True,8295.848620495428,8316.617424477572,9916.867451961063,9925.630118934274,5520.0846275537015,8330.0000282,22551.45230356841,24510.9864915492,27386.936001193662,613.850966879101,1162.345340934982,0.3099295774647887,1397.1834893797295,2515.4523035684188,0.0,medium,,2515.4523035684188,2511.6138550479022,0.0015282797205477727
X-n143-k7,142,atm,ortools:proxy_mean_scaled_or_tools,proxy_mean_scaled_or_tools,ortools,True,True,True,7,18747.0,5.000169515609741,1.0243570804595947,6.024526596069336,8288.349999999999,0.9949999999999998,pulp_cbc,mean_domain_loss,2515.782272933889,,180,60,True,8295.848620495428,8316.617424477572,9916.867451961063,9925.630118934274,5521.37774447548,8330.0000059,21262.78227293389,23220.693826328723,26102.64010530762,613.5987881579811,1153.1564891507194,0.310281690140845,1396.9312883586097,2515.782272933889,0.0,medium,,2515.782272933889,2511.6138550479022,0.0016596571473791915
X-n143-k7,142,atm,ortools:robust_mean_2std_scaled_or_tools,robust_mean_2std_scaled_or_tools,ortools,True,True,True,7,18906.0,5.005316257476807,0.9902098178863524,5.995526075363159,8288.35,0.995,pulp_cbc,mean_domain_loss,2521.468538785557,,180,60,True,8295.848620495428,8316.617424477572,9916.867451961063,9925.630118934274,5529.614849302723,8329.999990499999,21427.46853878556,23421.253504591423,26298.381322001253,618.575001615015,1179.8044872288644,0.3143661971830986,1401.907486415644,2521.468538785557,0.0,medium,,2521.468538785557,2511.6138550479022,0.003923646032549396
X-n143-k7,142,cargo,ortools:robust_mean_1std_scaled_seed113_or_tools,robust_mean_1std_scaled_seed113_or_tools,ortools,True,True,True,7,18450.0,4.999038219451904,1.2733588218688965,6.272397041320801,8288.350000000002,0.9950000000000002,pulp_cbc,mean_domain_loss,1859.032131740104,,180,60,True,8295.848620495428,8316.617424477572,9916.867451961063,9925.630118934274,4942.614716578441,8329.9999981,20309.032131740107,21851.210250489406,23974.71802967269,619.3765074324573,1171.2505576435335,0.3077464788732394,1402.7089998330862,1859.032131740104,0.0,medium,,1859.032131740104,1859.032131740104,0.0
X-n143-k7,142,cargo,ortools:robust_mean_2std_scaled_or_tools,robust_mean_2std_scaled_or_tools,ortools,True,True,True,7,18906.0,5.005316257476807,1.0916311740875244,6.096947431564331,8288.35,0.995,pulp_cbc,mean_domain_loss,1860.0157601428707,,180,60,True,8295.848620495428,8316.617424477572,9916.867451961063,9925.630118934274,4937.834029017057,8330.000003000001,20766.01576014287,22294.27212843259,24426.98439723713,623.6071647722321,1180.831455881006,0.3117605633802817,1406.9396620728603,1860.0157601428707,0.0,medium,,1860.0157601428707,1859.032131740104,0.0005291078007597553
X-n143-k7,142,cargo,ortools:quantile_p90_scaled_or_tools,quantile_p90_scaled_or_tools,ortools,True,True,True,7,18642.0,5.000194787979126,1.1193745136260986,6.119569301605225,8288.35,0.995,pulp_cbc,mean_domain_loss,1862.0793448893176,,180,60,True,8295.848620495428,8316.617424477572,9916.867451961063,9925.630118934274,4945.958444427395,8329.999997800001,20504.07934488932,22020.228703622062,24162.69484378704,620.3646252308928,1164.3169621239142,0.3076056338028169,1403.6971173315217,1862.0793448893176,0.0,medium,,1862.0793448893176,1859.032131740104,0.0016391395808534534
X-n143-k7,142,cargo,ortools:robust_mean_1std_scaled_or_tools,robust_mean_1std_scaled_or_tools,ortools,True,True,True,7,18403.0,4.999201059341431,1.1961681842803955,6.195369243621826,8288.350000000002,0.9950000000000002,pulp_cbc,mean_domain_loss,1862.206857782744,,180,60,True,8295.848620495428,8316.617424477572,9916.867451961063,9925.630118934274,4949.009650710529,8329.9999856,20265.206857782745,21794.614906726347,23929.53309185194,619.6987121371629,1166.148769622088,0.3106338028169014,1403.0311920377917,1862.206857782744,0.0,medium,,1862.206857782744,1859.032131740104,0.0017077305918690082
X-n143-k7,142,cargo,ortools:proxy_mean_or_tools,proxy_mean_or_tools,ortools,True,True,True,7,20036.0,4.995463132858276,1.1385231018066406,6.133986234664917,8295.848620495428,0.9959001945372664,pulp_cbc,mean_domain_loss,1862.3893025844127,,180,60,True,8295.848620495428,8316.617424477572,9916.867451961063,9925.630118934274,4964.753717103027,8330.000000200002,21898.38930258441,23431.64404425116,25570.052463330387,618.0904682469118,1162.9762686470456,0.3114084507042253,1401.4229627475406,1862.3893025844127,0.0,medium,,1862.3893025844127,1859.032131740104,0.0018058702628051457
X-n143-k7,142,cargo,ortools:quantile_p75_scaled_seed107_or_tools,quantile_p75_scaled_seed107_or_tools,ortools,True,True,True,7,18166.0,5.00028395652771,1.0489461421966553,6.049230098724365,8288.35,0.995,pulp_cbc,mean_domain_loss,1865.233676264841,,180,60,True,8295.848620495428,8316.617424477572,9916.867451961063,9925.630118934274,4961.473881175076,8330.000016299999,20031.23367626484,21550.00651721027,23710.30393942676,618.2327786530353,1166.844552473182,0.3069014084507042,1401.5652892536643,1865.233676264841,0.0,medium,,1865.233676264841,1859.032131740104,0.003335899589283732
X-n143-k7,142,cargo,ortools:quantile_p75_scaled_or_tools,quantile_p75_scaled_or_tools,ortools,True,True,True,7,18056.0,5.002080678939819,1.065819263458252,6.067899942398071,8288.35,0.995,pulp_cbc,mean_domain_loss,1865.532427497025,,180,60,True,8295.848620495428,8316.617424477572,9916.867451961063,9925.630118934274,4961.263847178324,8330.0000033,19921.532427497023,21446.37391714336,23600.402142918618,618.3609396555227,1163.8049931663932,0.3066197183098592,1401.6934372561511,1865.532427497025,0.0,medium,,1865.532427497025,1859.032131740104,0.0034966021543891518
X-n143-k7,142,cold_chain,ortools:quantile_p75_scaled_seed107_or_tools,quantile_p75_scaled_seed107_or_tools,ortools,True,True,True,7,18166.0,5.00028395652771,1.1021599769592283,6.1024439334869385,8288.35,0.995,pulp_cbc,mean_domain_loss,2819.240662672717,,180,60,True,8295.848620495428,8316.617424477572,9916.867451961063,9925.630118934274,6541.495422091863,8330.0000341,22514.38479389213,23531.402396598656,25396.830466562657,613.1865903011477,1151.1217330169868,0.3021830985915493,1396.5191187017765,2819.240662672717,1529.1441312194188,medium,,2819.240662672717,2819.240662672717,0.0
X-n143-k7,142,cold_chain,ortools:proxy_mean_scaled_or_tools,proxy_mean_scaled_or_tools,ortools,True,True,True,7,18747.0,5.000169515609741,1.07780122756958,6.077970743179321,8288.349999999999,0.9949999999999998,pulp_cbc,mean_domain_loss,2822.197538994275,,180,60,True,8295.848620495428,8316.617424477572,9916.867451961063,9925.630118934274,6585.989357649318,8330.000004399999,23140.944686956576,24203.99215796669,26000.459874727345,613.0145611170051,1155.5148991836445,0.301338028169014,1396.347059817634,2822.197538994275,1571.7471479623005,medium,,2822.197538994275,2819.240662672717,0.0010488201169582866
X-n143-k7,142,cold_chain,ortools:proxy_mean_scaled_seed109_or_tools,proxy_mean_scaled_seed109_or_tools,ortools,True,True,True,7,18802.0,4.997038125991821,1.089003562927246,6.086041688919067,8288.349999999999,0.9949999999999998,pulp_cbc,mean_domain_loss,2823.460469229504,,180,60,True,8295.848620495428,8316.617424477572,9916.867451961063,9925.630118934274,6586.608308367197,8330.0000169,23199.19990217684,24298.49257411558,26059.975643155973,613.6175792284387,1165.580389437894,0.3016901408450704,1396.9500904290671,2823.460469229504,1573.7394329473395,medium,,2823.460469229504,2819.240662672717,0.001496788341860221
X-n143-k7,142,cold_chain,ortools:proxy_mean_or_tools,proxy_mean_or_tools,ortools,True,True,True,7,20036.0,4.995463132858276,1.130789041519165,6.126252174377441,8295.848620495428,0.9959001945372664,pulp_cbc,mean_domain_loss,2826.6840930681938,,180,60,True,8295.848620495428,8316.617424477572,9916.867451961063,9925.630118934274,6661.845125960301,8330.000009000001,24505.58925857541,25536.92316149179,27364.262907247143,612.4756221241555,1157.8653934766753,0.3024647887323943,1395.8081254247843,2826.6840930681938,1642.9051655072185,medium,,2826.6840930681938,2819.240662672717,0.002640225254278284
X-n143-k7,142,cold_chain,ortools:robust_mean_1std_scaled_or_tools,robust_mean_1std_scaled_or_tools,ortools,True,True,True,7,18403.0,4.999201059341431,1.0211732387542725,6.020374298095703,8288.350000000002,0.9950000000000002,pulp_cbc,mean_domain_loss,2830.5753538722965,,180,60,True,8295.848620495428,8316.617424477572,9916.867451961063,9925.630118934274,6612.121955437918,8330.0000052,22829.22480850411,23842.46379476077,25707.91025835692,615.1061734796939,1153.308717948231,0.303169014084507,1398.4386729803227,2830.5753538722965,1595.6494546318158,medium,,2830.5753538722965,2819.240662672717,0.0040204766303398665
X-n143-k7,142,grocery,ortools:proxy_mean_or_tools,proxy_mean_or_tools,ortools,True,True,True,7,20036.0,4.995463132858276,1.0374231338500977,6.032886266708374,8295.848620495428,0.9959001945372664,pulp_cbc,mean_domain_loss,1846.713916087609,,180,60,True,8295.848620495428,8316.617424477572,9916.867451961063,9925.630118934274,2776.887498887992,8330.0000061,21882.71391608761,22769.15103084227,24188.093809402115,611.5580752882416,1158.0557936589523,0.3069014084507042,1394.8905756888705,1846.713916087609,0.0,medium,,1846.713916087609,1846.713916087609,0.0
X-n143-k7,142,grocery,ortools:proxy_mean_scaled_seed109_or_tools,proxy_mean_scaled_seed109_or_tools,ortools,True,True,True,7,18802.0,4.997038125991821,1.002889633178711,5.999927759170532,8288.349999999999,0.9949999999999998,pulp_cbc,mean_domain_loss,1846.905578733893,,180,60,True,8295.848620495428,8316.617424477572,9916.867451961063,9925.630118934274,2775.875887469189,8330.000002700002,20648.90557873389,21527.35761354984,22959.734641046223,611.74947871284,1150.5783528197298,0.3079577464788732,1395.0819757134686,1846.905578733893,0.0,medium,,1846.905578733893,1846.713916087609,0.00010378578111870242
X-n143-k7,142,grocery,ortools:proxy_mean_scaled_or_tools,proxy_mean_scaled_or_tools,ortools,True,True,True,7,18747.0,5.000169515609741,1.068744659423828,6.068914175033569,8288.349999999999,0.9949999999999998,pulp_cbc,mean_domain_loss,1847.791906050905,,180,60,True,8295.848620495428,8316.617424477572,9916.867451961063,9925.630118934274,2777.021940257116,8330.000019100002,20594.79190605091,21474.72251070397,22907.676261939163,612.2974354665491,1157.348522384513,0.3085211267605633,1395.629948867178,1847.791906050905,0.0,medium,,1847.791906050905,1846.713916087609,0.0005837341419832764
X-n143-k7,142,grocery,ortools:quantile_p75_scaled_seed107_or_tools,quantile_p75_scaled_seed107_or_tools,ortools,True,True,True,7,18166.0,5.00028395652771,1.0898947715759275,6.090178728103638,8288.35,0.995,pulp_cbc,mean_domain_loss,1848.971691832489,,180,60,True,8295.848620495428,8316.617424477572,9916.867451961063,9925.630118934274,2777.667678116125,8330.0000218,20014.97169183249,20883.405301721978,22327.99190981828,612.4804807580639,1154.5791635115586,0.3085915492957746,1395.8129968586932,1848.971691832489,0.0,medium,,1848.971691832489,1846.713916087609,0.0012225909629051208
X-n143-k7,142,grocery,ortools:quantile_p75_scaled_or_tools,quantile_p75_scaled_or_tools,ortools,True,True,True,7,18056.0,5.002080678939819,1.110008955001831,6.11208963394165,8288.35,0.995,pulp_cbc,mean_domain_loss,1849.7784017116253,,180,60,True,8295.848620495428,8316.617424477572,9916.867451961063,9925.630118934274,2777.4710927117644,8330.000022600001,19905.77840171163,20778.608931101626,22219.02682451986,612.9015874673879,1156.853457449025,0.3097887323943662,1396.2341043680167,1849.7784017116253,0.0,medium,,1849.7784017116253,1846.713916087609,0.0016594262908402005
X-n143-k7,142,grocery,ortools:robust_mean_1std_scaled_seed113_or_tools,robust_mean_1std_scaled_seed113_or_tools,ortools,True,True,True,7,18450.0,4.999038219451904,1.1670408248901367,6.166079044342041,8288.350000000002,0.9950000000000002,pulp_cbc,mean_domain_loss,1851.1452918802968,,180,60,True,8295.848620495428,8316.617424477572,9916.867451961063,9925.630118934274,2779.1487798024496,8330.0000078,20301.145291880297,21167.397603112488,22611.503710289213,613.2218719646702,1148.5678118285923,0.3095774647887324,1396.5543740652993,1851.1452918802968,0.0,medium,,1851.1452918802968,1846.713916087609,0.002399600584629755
X-n143-k7,142,grocery,ortools:robust_mean_1std_scaled_or_tools,robust_mean_1std_scaled_or_tools,ortools,True,True,True,7,18403.0,4.999201059341431,1.0663166046142578,6.0655176639556885,8288.350000000002,0.9950000000000002,pulp_cbc,mean_domain_loss,1851.459304459925,,180,60,True,8295.848620495428,8316.617424477572,9916.867451961063,9925.630118934274,2778.1862926920458,8330.0000123,20254.459304459928,21122.2877054674,22559.52621858536,613.3489331597535,1153.715614872658,0.3097887323943662,1396.681439760382,1851.459304459925,0.0,medium,,1851.459304459925,1846.713916087609,0.0025696391471232653
X-n143-k7,142,grocery,ortools:quantile_p90_scaled_or_tools,quantile_p90_scaled_or_tools,ortools,True,True,True,7,18642.0,5.000194787979126,1.0439441204071045,6.044138908386231,8288.35,0.995,pulp_cbc,mean_domain_loss,1852.938186419186,,180,60,True,8295.848620495428,8316.617424477572,9916.867451961063,9925.630118934274,2781.650194339146,8329.9999993,20494.938186419186,21365.48291257112,22800.82060367592,614.1205184226851,1149.6705486595597,0.3127464788732394,1397.4530120233142,1852.938186419186,0.0,medium,,1852.938186419186,1846.713916087609,0.0033704572632254075
X-n157-k13,156,atm,ortools:quantile_p75_scaled_seed107_or_tools,quantile_p75_scaled_seed107_or_tools,ortools,True,True,True,13,17279.0,4.993048667907715,0.8221192359924316,5.8151679039001465,155.22000000000003,0.9950000000000002,pulp_cbc,mean_domain_loss,75.16200102606943,,180,60,True,171.99406906934314,172.27034686930705,198.0995518853173,198.5245135344457,139.76708866467305,155.99999961999998,17354.162001026067,17416.745399644067,17473.469383914482,20.027441323485565,38.0799660427551,0.4858974358974359,15.108097379035804,75.16200102606943,0.0,high,0.0,75.16200102606943,75.16200102606943,0.0
X-n157-k13,156,atm,ortools:nominal_seed101_or_tools,nominal_seed101_or_tools,ortools,True,True,True,13,17558.0,5.003969430923462,0.9060089588165284,5.90997838973999,156.0,1.0,pulp_cbc,mean_domain_loss,75.23775642375612,,180,60,True,171.99406906934314,172.27034686930705,198.0995518853173,198.5245135344457,139.75502008847445,156.00000016,17633.237756423758,17695.6754147092,17752.647638701223,20.039974034483336,38.04511955091692,0.4857692307692308,15.12063063003357,75.23775642375612,0.0,high,0.0,75.23775642375612,75.16200102606943,0.0010078949023778164
X-n157-k13,156,atm,ortools:nominal_or_tools,nominal_or_tools,ortools,True,True,True,13,17404.0,4.998836994171143,1.626000165939331,6.624837160110474,156.0,1.0,pulp_cbc,mean_domain_loss,75.25300431865746,,180,60,True,171.99406906934314,172.27034686930705,198.0995518853173,198.5245135344457,139.72863067738018,155.99999984,17479.25300431866,17541.77704308251,17598.73491550069,20.05007451055448,38.08508683920552,0.4858333333333333,15.13073078610472,75.25300431865746,0.0,high,0.0,75.25300431865746,75.16200102606943,0.0012107619720829869
X-n157-k13,156,atm,ortools:proxy_mean_or_tools,proxy_mean_or_tools,ortools,True,True,True,13,17404.0,4.997658491134644,0.8541626930236816,5.851821184158325,171.99406906934314,1.1025260837778406,pulp_cbc,mean_domain_loss,75.25300431865746,,180,60,True,171.99406906934314,172.27034686930705,198.0995518853173,198.5245135344457,139.72863067738018,155.99999984,17479.25300431866,17541.77704308251,17598.73491550069,20.05007451055448,38.08508683920552,0.4858333333333333,15.13073078610472,75.25300431865746,0.0,high,0.0,75.25300431865746,75.16200102606943,0.0012107619720829869
X-n157-k13,156,atm,ortools:proxy_mean_scaled_or_tools,proxy_mean_scaled_or_tools,ortools,True,True,True,13,17404.0,5.000091552734375,0.9242537021636964,5.924345254898071,155.22,0.995,pulp_cbc,mean_domain_loss,75.25300431865746,,180,60,True,171.99406906934314,172.27034686930705,198.0995518853173,198.5245135344457,139.72863067738018,155.99999984,17479.25300431866,17541.77704308251,17598.73491550069,20.05007451055448,38.08508683920552,0.4858333333333333,15.13073078610472,75.25300431865746,0.0,high,0.0,75.25300431865746,75.16200102606943,0.0012107619720829869
X-n157-k13,156,atm,ortools:quantile_p75_or_tools,quantile_p75_or_tools,ortools,True,True,True,13,17404.0,4.996690034866333,0.9027047157287598,5.899394750595093,198.7324189305988,1.2739257623756333,pulp_cbc,mean_domain_loss,75.25300431865746,,180,60,True,171.99406906934314,172.27034686930705,198.0995518853173,198.5245135344457,139.72863067738018,155.99999984,17479.25300431866,17541.77704308251,17598.73491550069,20.05007451055448,38.08508683920552,0.4858333333333333,15.13073078610472,75.25300431865746,0.0,high,0.0,75.25300431865746,75.16200102606943,0.0012107619720829869
X-n157-k13,156,atm,ortools:quantile_p75_scaled_or_tools,quantile_p75_scaled_or_tools,ortools,True,True,True,13,17404.0,4.999451160430908,0.9043452739715576,5.903796434402466,155.22000000000003,0.9950000000000002,pulp_cbc,mean_domain_loss,75.25300431865746,,180,60,True,171.99406906934314,172.27034686930705,198.0995518853173,198.5245135344457,139.72863067738018,155.99999984,17479.25300431866,17541.77704308251,17598.73491550069,20.05007451055448,38.08508683920552,0.4858333333333333,15.13073078610472,75.25300431865746,0.0,high,0.0,75.25300431865746,75.16200102606943,0.0012107619720829869
X-n157-k13,156,atm,ortools:quantile_p90_scaled_or_tools,quantile_p90_scaled_or_tools,ortools,True,True,True,13,17404.0,5.00397801399231,0.910851001739502,5.914829015731812,155.22000000000003,0.9950000000000002,pulp_cbc,mean_domain_loss,75.25300431865746,,180,60,True,171.99406906934314,172.27034686930705,198.0995518853173,198.5245135344457,139.72863067738018,155.99999984,17479.25300431866,17541.77704308251,17598.73491550069,20.05007451055448,38.08508683920552,0.4858333333333333,15.13073078610472,75.25300431865746,0.0,high,0.0,75.25300431865746,75.16200102606943,0.0012107619720829869
X-n157-k13,156,atm,ortools:robust_mean_1std_scaled_or_tools,robust_mean_1std_scaled_or_tools,ortools,True,True,True,13,17404.0,5.0026679039001465,0.8581218719482422,5.860789775848389,155.22,0.995,pulp_cbc,mean_domain_loss,75.25300431865746,,180,60,True,171.99406906934314,172.27034686930705,198.0995518853173,198.5245135344457,139.72863067738018,155.99999984,17479.25300431866,17541.77704308251,17598.73491550069,20.05007451055448,38.08508683920552,0.4858333333333333,15.13073078610472,75.25300431865746,0.0,high,0.0,75.25300431865746,75.16200102606943,0.0012107619720829869
X-n157-k13,156,atm,ortools:robust_mean_2std_scaled_or_tools,robust_mean_2std_scaled_or_tools,ortools,True,True,True,13,17404.0,5.000333309173584,0.9164459705352784,5.916779279708862,155.21999999999997,0.9949999999999998,pulp_cbc,mean_domain_loss,75.25300431865746,,180,60,True,171.99406906934314,172.27034686930705,198.0995518853173,198.5245135344457,139.72863067738018,155.99999984,17479.25300431866,17541.77704308251,17598.73491550069,20.05007451055448,38.08508683920552,0.4858333333333333,15.13073078610472,75.25300431865746,0.0,high,0.0,75.25300431865746,75.16200102606943,0.0012107619720829869
X-n157-k13,156,atm,ortools:robust_mean_1std_scaled_seed113_or_tools,robust_mean_1std_scaled_seed113_or_tools,ortools,True,True,True,13,17372.0,5.004371881484985,0.9037785530090332,5.9081504344940186,155.22,0.995,pulp_cbc,mean_domain_loss,75.28653293679913,,180,60,True,171.99406906934314,172.27034686930705,198.0995518853173,198.5245135344457,139.7240422564467,155.99999993,17447.2865329368,17509.73375397852,17566.627879942916,20.04676961955842,38.05189306147964,0.4867307692307692,15.127425985108664,75.28653293679913,0.0,high,0.0,75.28653293679913,75.16200102606943,0.001656846664932559
X-n157-k13,156,atm,ortools:nominal_seed103_or_tools,nominal_seed103_or_tools,ortools,True,True,True,13,17558.0,4.991444826126099,0.9260778427124025,5.917522668838501,156.0,1.0,pulp_cbc,mean_domain_loss,75.29680932075594,,180,60,True,171.99406906934314,172.27034686930705,198.0995518853173,198.5245135344457,139.7326735682594,155.99999989999998,17633.296809320756,17695.438893284587,17752.585968855336,20.05655440474852,37.99030756980297,0.4867307692307692,15.137210740298755,75.29680932075594,0.0,high,0.0,75.29680932075594,75.16200102606943,0.0017935697938610007
X-n157-k13,156,atm,ortools:proxy_mean_scaled_seed109_or_tools,proxy_mean_scaled_seed109_or_tools,ortools,True,True,True,13,17425.0,4.990844964981079,0.9543766975402832,5.945221662521362,155.22,0.995,pulp_cbc,mean_domain_loss,75.31531455294902,,180,60,True,171.99406906934314,172.27034686930705,198.0995518853173,198.5245135344457,139.7204357993819,155.99999995000002,17500.315314552943,17562.51420636424,17619.702377581234,20.05431275499343,38.00094566812046,0.4872435897435897,15.134969140543667,75.31531455294902,0.0,high,0.0,75.31531455294902,75.16200102606943,0.0020397744177461457
X-n157-k13,156,cargo,ortools:nominal_seed101_or_tools,nominal_seed101_or_tools,ortools,True,True,True,13,17558.0,5.003969430923462,0.8878567218780518,5.891826152801514,156.0,1.0,pulp_cbc,mean_domain_loss,57.104792836136056,,180,60,True,171.99406906934314,172.27034686930705,198.0995518853173,198.5245135344457,125.77127071077796,156.00000024999997,17615.104792836133,17662.642014762892,17706.354461692383,20.08213257989053,37.88336534897026,0.4860897435897436,15.162789265440765,57.104792836136056,0.0,high,0.0,57.104792836136056,57.104792836136056,0.0
X-n157-k13,156,cargo,ortools:quantile_p75_scaled_seed107_or_tools,quantile_p75_scaled_seed107_or_tools,ortools,True,True,True,13,17279.0,4.993048667907715,0.9300026893615724,5.923051357269287,155.22000000000003,0.9950000000000002,pulp_cbc,mean_domain_loss,57.13175890647736,,180,60,True,171.99406906934314,172.27034686930705,198.0995518853173,198.5245135344457,125.72776591554543,156.00000014,17336.13175890648,17384.030705320936,17427.41529688351,20.09652482333444,38.01659495559943,0.4867948717948718,15.177181398884668,57.13175890647736,0.0,high,0.0,57.13175890647736,57.104792836136056,0.000472220789219608
X-n157-k13,156,cargo,ortools:nominal_seed103_or_tools,nominal_seed103_or_tools,ortools,True,True,True,13,17558.0,4.991444826126099,1.0491697788238523,6.040614604949951,156.0,1.0,pulp_cbc,mean_domain_loss,57.133299557266,,180,60,True,171.99406906934314,172.27034686930705,198.0995518853173,198.5245135344457,125.755095496293,156.00000047,17615.133299557263,17662.887480815287,17706.429602568038,20.084788138368147,37.95682357288352,0.487051282051282,15.16544504391838,57.133299557266,0.0,high,0.0,57.133299557266,57.104792836136056,0.0004992001496572164
X-n157-k13,156,cargo,ortools:robust_mean_1std_scaled_seed113_or_tools,robust_mean_1std_scaled_seed113_or_tools,ortools,True,True,True,13,17372.0,5.004371881484985,0.951042413711548,5.955414295196533,155.22,0.995,pulp_cbc,mean_domain_loss,57.14619277196103,,180,60,True,171.99406906934314,172.27034686930705,198.0995518853173,198.5245135344457,125.750529375191,156.00000006,17429.14619277196,17476.920146515942,17520.454386095218,20.094364408337697,37.97591662364331,0.4869230769230769,15.17502090388793,57.14619277196103,0.0,high,0.0,57.14619277196103,57.104792836136056,0.0007249818057089391
X-n157-k13,156,cargo,ortools:nominal_or_tools,nominal_or_tools,ortools,True,True,True,13,17404.0,4.998836994171143,0.97892165184021,5.9777586460113525,156.0,1.0,pulp_cbc,mean_domain_loss,57.15671569678628,,180,60,True,171.99406906934314,172.27034686930705,198.0995518853173,198.5245135344457,125.73913654964396,156.00000009,17461.156715696787,17508.679122258494,17552.556374565043,20.09683141085263,37.89464751415766,0.4880128205128205,15.177487936402862,57.15671569678628,0.0,high,0.0,57.15671569678628,57.104792836136056,0.0009092557396927554
X-n157-k13,156,cargo,ortools:proxy_mean_or_tools,proxy_mean_or_tools,ortools,True,True,True,13,17404.0,4.997658491134644,1.0065984725952148,6.004256963729858,171.99406906934314,1.1025260837778406,pulp_cbc,mean_domain_loss,57.15671569678628,,180,60,True,171.99406906934314,172.27034686930705,198.0995518853173,198.5245135344457,125.73913654964396,156.00000009,17461.156715696787,17508.679122258494,17552.556374565043,20.09683141085263,37.89464751415766,0.4880128205128205,15.177487936402862,57.15671569678628,0.0,high,0.0,57.15671569678628,57.104792836136056,0.0009092557396927554
X-n157-k13,156,cargo,ortools:proxy_mean_scaled_or_tools,proxy_mean_scaled_or_tools,ortools,True,True,True,13,17404.0,5.000091552734375,1.1277329921722412,6.127824544906616,155.22,0.995,pulp_cbc,mean_domain_loss,57.15671569678628,,180,60,True,171.99406906934314,172.27034686930705,198.0995518853173,198.5245135344457,125.73913654964396,156.00000009,17461.156715696787,17508.679122258494,17552.556374565043,20.09683141085263,37.89464751415766,0.4880128205128205,15.177487936402862,57.15671569678628,0.0,high,0.0,57.15671569678628,57.104792836136056,0.0009092557396927554
X-n157-k13,156,cargo,ortools:quantile_p75_or_tools,quantile_p75_or_tools,ortools,True,True,True,13,17404.0,4.996690034866333,1.0123562812805176,6.009046316146851,198.7324189305988,1.2739257623756333,pulp_cbc,mean_domain_loss,57.15671569678628,,180,60,True,171.99406906934314,172.27034686930705,198.0995518853173,198.5245135344457,125.73913654964396,156.00000009,17461.156715696787,17508.679122258494,17552.556374565043,20.09683141085263,37.89464751415766,0.4880128205128205,15.177487936402862,57.15671569678628,0.0,high,0.0,57.15671569678628,57.104792836136056,0.0009092557396927554
X-n157-k13,156,cargo,ortools:quantile_p75_scaled_or_tools,quantile_p75_scaled_or_tools,ortools,True,True,True,13,17404.0,4.999451160430908,1.111299991607666,6.110751152038574,155.22000000000003,0.9950000000000002,pulp_cbc,mean_domain_loss,57.15671569678628,,180,60,True,171.99406906934314,172.27034686930705,198.0995518853173,198.5245135344457,125.73913654964396,156.00000009,17461.156715696787,17508.679122258494,17552.556374565043,20.09683141085263,37.89464751415766,0.4880128205128205,15.177487936402862,57.15671569678628,0.0,high,0.0,57.15671569678628,57.104792836136056,0.0009092557396927554
X-n157-k13,156,cargo,ortools:quantile_p90_scaled_or_tools,quantile_p90_scaled_or_tools,ortools,True,True,True,13,17404.0,5.00397801399231,1.0185518264770508,6.02252984046936,155.22000000000003,0.9950000000000002,pulp_cbc,mean_domain_loss,57.15671569678628,,180,60,True,171.99406906934314,172.27034686930705,198.0995518853173,198.5245135344457,125.73913654964396,156.00000009,17461.156715696787,17508.679122258494,17552.556374565043,20.09683141085263,37.89464751415766,0.4880128205128205,15.177487936402862,57.15671569678628,0.0,high,0.0,57.15671569678628,57.104792836136056,0.0009092557396927554
X-n157-k13,156,cargo,ortools:robust_mean_1std_scaled_or_tools,robust_mean_1std_scaled_or_tools,ortools,True,True,True,13,17404.0,5.0026679039001465,1.0122110843658447,6.014878988265991,155.22,0.995,pulp_cbc,mean_domain_loss,57.15671569678628,,180,60,True,171.99406906934314,172.27034686930705,198.0995518853173,198.5245135344457,125.73913654964396,156.00000009,17461.156715696787,17508.679122258494,17552.556374565043,20.09683141085263,37.89464751415766,0.4880128205128205,15.177487936402862,57.15671569678628,0.0,high,0.0,57.15671569678628,57.104792836136056,0.0009092557396927554
X-n157-k13,156,cargo,ortools:robust_mean_2std_scaled_or_tools,robust_mean_2std_scaled_or_tools,ortools,True,True,True,13,17404.0,5.000333309173584,1.1131093502044678,6.113442659378052,155.21999999999997,0.9949999999999998,pulp_cbc,mean_domain_loss,57.15671569678628,,180,60,True,171.99406906934314,172.27034686930705,198.0995518853173,198.5245135344457,125.73913654964396,156.00000009,17461.156715696787,17508.679122258494,17552.556374565043,20.09683141085263,37.89464751415766,0.4880128205128205,15.177487936402862,57.15671569678628,0.0,high,0.0,57.15671569678628,57.104792836136056,0.0009092557396927554
X-n157-k13,156,cargo,ortools:proxy_mean_scaled_seed109_or_tools,proxy_mean_scaled_seed109_or_tools,ortools,True,True,True,13,17425.0,4.990844964981079,0.8964881896972656,5.887333154678345,155.22,0.995,pulp_cbc,mean_domain_loss,57.15732702358787,,180,60,True,171.99406906934314,172.27034686930705,198.0995518853173,198.5245135344457,125.7532292369227,156.00000008,17482.15732702359,17529.6653343702,17573.582768106724,20.094306679649986,37.888690414831,0.4872435897435897,15.17496319520022,57.15732702358787,0.0,high,0.0,57.15732702358787,57.104792836136056,0.0009199610898258643
X-n157-k13,156,cold_chain,ortools:robust_mean_1std_scaled_seed113_or_tools,robust_mean_1std_scaled_seed113_or_tools,ortools,True,True,True,13,17372.0,5.004371881484985,0.8154094219207764,5.819781303405762,155.22,0.995,pulp_cbc,mean_domain_loss,64.90000640358906,,180,60,True,171.99406906934314,172.27034686930705,198.0995518853173,198.5245135344457,143.22846726804377,155.99999993999995,17465.519054065415,17503.277845970235,17543.733360229096,20.024486287441714,37.76492553558726,0.4828846153846154,15.105142662991948,64.90000640358906,28.61904766182907,high,0.0,64.90000640358906,64.90000640358906,0.0
X-n157-k13,156,cold_chain,ortools:nominal_or_tools,nominal_or_tools,ortools,True,True,True,13,17404.0,4.998836994171143,0.8591868877410889,5.858023881912232,156.0,1.0,pulp_cbc,mean_domain_loss,64.90946400086516,,180,60,True,171.99406906934314,172.27034686930705,198.0995518853173,198.5245135344457,143.382706703696,156.00000021,17497.676471241637,17535.647462839293,17576.108420739114,20.0378359153176,37.87202241648558,0.4846794871794871,15.118492560867836,64.90946400086516,28.76700724077333,high,0.0,64.90946400086516,64.90000640358906,0.0001457256755459024
X-n157-k13,156,cold_chain,ortools:proxy_mean_or_tools,proxy_mean_or_tools,ortools,True,True,True,13,17404.0,4.997658491134644,0.8971946239471436,5.894853115081787,171.99406906934314,1.1025260837778406,pulp_cbc,mean_domain_loss,64.90946400086516,,180,60,True,171.99406906934314,172.27034686930705,198.0995518853173,198.5245135344457,143.382706703696,156.00000021,17497.676471241637,17535.647462839293,17576.108420739114,20.0378359153176,37.87202241648558,0.4846794871794871,15.118492560867836,64.90946400086516,28.76700724077333,high,0.0,64.90946400086516,64.90000640358906,0.0001457256755459024
X-n157-k13,156,cold_chain,ortools:proxy_mean_scaled_or_tools,proxy_mean_scaled_or_tools,ortools,True,True,True,13,17404.0,5.000091552734375,0.8852241039276123,5.885315656661987,155.22,0.995,pulp_cbc,mean_domain_loss,64.90946400086516,,180,60,True,171.99406906934314,172.27034686930705,198.0995518853173,198.5245135344457,143.382706703696,156.00000021,17497.676471241637,17535.647462839293,17576.108420739114,20.0378359153176,37.87202241648558,0.4846794871794871,15.118492560867836,64.90946400086516,28.76700724077333,high,0.0,64.90946400086516,64.90000640358906,0.0001457256755459024
X-n157-k13,156,cold_chain,ortools:quantile_p75_or_tools,quantile_p75_or_tools,ortools,True,True,True,13,17404.0,4.996690034866333,0.839310884475708,5.836000919342041,198.7324189305988,1.2739257623756333,pulp_cbc,mean_domain_loss,64.90946400086516,,180,60,True,171.99406906934314,172.27034686930705,198.0995518853173,198.5245135344457,143.382706703696,156.00000021,17497.676471241637,17535.647462839293,17576.108420739114,20.0378359153176,37.87202241648558,0.4846794871794871,15.118492560867836,64.90946400086516,28.76700724077333,high,0.0,64.90946400086516,64.90000640358906,0.0001457256755459024
X-n157-k13,156,cold_chain,ortools:quantile_p75_scaled_or_tools,quantile_p75_scaled_or_tools,ortools,True,True,True,13,17404.0,4.999451160430908,0.8628363609313965,5.862287521362305,155.22000000000003,0.9950000000000002,pulp_cbc,mean_domain_loss,64.90946400086516,,180,60,True,171.99406906934314,172.27034686930705,198.0995518853173,198.5245135344457,143.382706703696,156.00000021,17497.676471241637,17535.647462839293,17576.108420739114,20.0378359153176,37.87202241648558,0.4846794871794871,15.118492560867836,64.90946400086516,28.76700724077333,high,0.0,64.90946400086516,64.90000640358906,0.0001457256755459024
X-n157-k13,156,cold_chain,ortools:quantile_p90_scaled_or_tools,quantile_p90_scaled_or_tools,ortools,True,True,True,13,17404.0,5.00397801399231,0.8271660804748535,5.831144094467163,155.22000000000003,0.9950000000000002,pulp_cbc,mean_domain_loss,64.90946400086516,,180,60,True,171.99406906934314,172.27034686930705,198.0995518853173,198.5245135344457,143.382706703696,156.00000021,17497.676471241637,17535.647462839293,17576.108420739114,20.0378359153176,37.87202241648558,0.4846794871794871,15.118492560867836,64.90946400086516,28.76700724077333,high,0.0,64.90946400086516,64.90000640358906,0.0001457256755459024
X-n157-k13,156,cold_chain,ortools:robust_mean_1std_scaled_or_tools,robust_mean_1std_scaled_or_tools,ortools,True,True,True,13,17404.0,5.0026679039001465,0.8449673652648926,5.847635269165039,155.22,0.995,pulp_cbc,mean_domain_loss,64.90946400086516,,180,60,True,171.99406906934314,172.27034686930705,198.0995518853173,198.5245135344457,143.382706703696,156.00000021,17497.676471241637,17535.647462839293,17576.108420739114,20.0378359153176,37.87202241648558,0.4846794871794871,15.118492560867836,64.90946400086516,28.76700724077333,high,0.0,64.90946400086516,64.90000640358906,0.0001457256755459024
X-n157-k13,156,cold_chain,ortools:robust_mean_2std_scaled_or_tools,robust_mean_2std_scaled_or_tools,ortools,True,True,True,13,17404.0,5.000333309173584,0.8760409355163574,5.876374244689941,155.21999999999997,0.9949999999999998,pulp_cbc,mean_domain_loss,64.90946400086516,,180,60,True,171.99406906934314,172.27034686930705,198.0995518853173,198.5245135344457,143.382706703696,156.00000021,17497.676471241637,17535.647462839293,17576.108420739114,20.0378359153176,37.87202241648558,0.4846794871794871,15.118492560867836,64.90946400086516,28.76700724077333,high,0.0,64.90946400086516,64.90000640358906,0.0001457256755459024
X-n157-k13,156,cold_chain,ortools:nominal_seed101_or_tools,nominal_seed101_or_tools,ortools,True,True,True,13,17558.0,5.003969430923462,0.918254852294922,5.922224283218384,156.0,1.0,pulp_cbc,mean_domain_loss,64.9114607509605,,180,60,True,171.99406906934314,172.27034686930705,198.0995518853173,198.5245135344457,143.3941270034427,156.00000011999998,17651.661586428294,17689.192063695817,17729.958618585188,20.03169515641184,37.69068911172525,0.4842307692307692,15.11235171196208,64.9114607509605,28.75012567733043,high,0.0,64.9114607509605,64.90000640358906,0.00017649223792383378
X-n157-k13,156,cold_chain,ortools:quantile_p75_scaled_seed107_or_tools,quantile_p75_scaled_seed107_or_tools,ortools,True,True,True,13,17279.0,4.993048667907715,0.8586814403533936,5.851730108261108,155.22000000000003,0.9950000000000002,pulp_cbc,mean_domain_loss,64.92359404585358,,180,60,True,171.99406906934314,172.27034686930705,198.0995518853173,198.5245135344457,143.2316629139285,156.00000004999998,17372.510998722344,17410.83370716759,17450.928662059454,20.059582454997784,37.99437347242439,0.483974358974359,15.14023894054802,64.92359404585358,28.587404676492607,high,0.0,64.92359404585358,64.90000640358906,0.0003634459158267792
X-n157-k13,156,cold_chain,ortools:proxy_mean_scaled_seed109_or_tools,proxy_mean_scaled_seed109_or_tools,ortools,True,True,True,13,17425.0,4.990844964981079,0.8622193336486816,5.853064298629761,155.22,0.995,pulp_cbc,mean_domain_loss,64.92387156496095,,180,60,True,171.99406906934314,172.27034686930705,198.0995518853173,198.5245135344457,143.38437454349264,155.99999979,17518.672774860977,17556.180960238293,17596.968458145107,20.03047975087515,37.70665608949668,0.4841025641025641,15.111135976425382,64.92387156496095,28.74890329601605,high,0.0,64.92387156496095,64.90000640358906,0.0003677220187541836
X-n157-k13,156,cold_chain,ortools:nominal_seed103_or_tools,nominal_seed103_or_tools,ortools,True,True,True,13,17558.0,4.991444826126099,0.9550888538360596,5.946533679962158,156.0,1.0,pulp_cbc,mean_domain_loss,64.97780499329066,,180,60,True,171.99406906934314,172.27034686930705,198.0995518853173,198.5245135344457,143.31979545161036,155.99999972,17651.689623468228,17689.542619668522,17729.974510962253,20.050867774807188,37.83603666218501,0.4831410256410256,15.13152393035742,64.97780499329066,28.711818474940163,high,0.0,64.97780499329066,64.90000640358906,0.001198745485752349
X-n157-k13,156,grocery,ortools:quantile_p75_scaled_seed107_or_tools,quantile_p75_scaled_seed107_or_tools,ortools,True,True,True,13,17279.0,4.993048667907715,0.7953529357910156,5.7884016036987305,155.22000000000003,0.9950000000000002,pulp_cbc,mean_domain_loss,45.99636891808418,,180,60,True,171.99406906934314,172.27034686930705,198.0995518853173,198.5245135344457,65.95903295899764,156.0,17324.996368918088,17355.724722881743,17385.60398975417,20.00567280350213,38.11988534409646,0.4848717948717949,15.086329239052368,45.99636891808418,0.0,high,0.0,45.99636891808418,45.99636891808418,0.0
X-n157-k13,156,grocery,ortools:nominal_seed101_or_tools,nominal_seed101_or_tools,ortools,True,True,True,13,17558.0,5.003969430923462,0.9564263820648192,5.960395812988281,156.0,1.0,pulp_cbc,mean_domain_loss,46.05835524615623,,180,60,True,171.99406906934314,172.27034686930705,198.0995518853173,198.5245135344457,65.93083711823503,155.99999997999998,17604.058355246158,17634.58001564424,17664.75317814083,20.02834627728016,38.05241079256384,0.4855128205128205,15.109002692830389,46.05835524615623,0.0,high,0.0,46.05835524615623,45.99636891808418,0.0013476352488268136
X-n157-k13,156,grocery,ortools:robust_mean_1std_scaled_seed113_or_tools,robust_mean_1std_scaled_seed113_or_tools,ortools,True,True,True,13,17372.0,5.004371881484985,0.8845374584197998,5.888909339904785,155.22,0.995,pulp_cbc,mean_domain_loss,46.07009948735872,,180,60,True,171.99406906934314,172.27034686930705,198.0995518853173,198.5245135344457,65.91208886154759,155.9999998,17418.070099487355,17448.47947197016,17478.739526053007,20.02345096726823,38.00240090888472,0.4844230769230769,15.104107202818463,46.07009948735872,0.0,high,0.0,46.07009948735872,45.99636891808418,0.0016029649950378957
X-n157-k13,156,grocery,ortools:nominal_or_tools,nominal_or_tools,ortools,True,True,True,13,17404.0,4.998836994171143,0.8488326072692871,5.84766960144043,156.0,1.0,pulp_cbc,mean_domain_loss,46.07574570220766,,180,60,True,171.99406906934314,172.27034686930705,198.0995518853173,198.5245135344457,65.9157640201691,155.99999963,17450.07574570221,17480.704969352133,17510.81615112449,20.03704729800856,38.110260588633054,0.4849358974358974,15.117703363558787,46.07574570220766,0.0,high,0.0,46.07574570220766,45.99636891808418,0.0017257184858406134
X-n157-k13,156,grocery,ortools:proxy_mean_or_tools,proxy_mean_or_tools,ortools,True,True,True,13,17404.0,4.997658491134644,0.8226242065429688,5.820282697677612,171.99406906934314,1.1025260837778406,pulp_cbc,mean_domain_loss,46.07574570220766,,180,60,True,171.99406906934314,172.27034686930705,198.0995518853173,198.5245135344457,65.9157640201691,155.99999963,17450.07574570221,17480.704969352133,17510.81615112449,20.03704729800856,38.110260588633054,0.4849358974358974,15.117703363558787,46.07574570220766,0.0,high,0.0,46.07574570220766,45.99636891808418,0.0017257184858406134
X-n157-k13,156,grocery,ortools:proxy_mean_scaled_or_tools,proxy_mean_scaled_or_tools,ortools,True,True,True,13,17404.0,5.000091552734375,0.8329732418060303,5.833064794540405,155.22,0.995,pulp_cbc,mean_domain_loss,46.07574570220766,,180,60,True,171.99406906934314,172.27034686930705,198.0995518853173,198.5245135344457,65.9157640201691,155.99999963,17450.07574570221,17480.704969352133,17510.81615112449,20.03704729800856,38.110260588633054,0.4849358974358974,15.117703363558787,46.07574570220766,0.0,high,0.0,46.07574570220766,45.99636891808418,0.0017257184858406134
X-n157-k13,156,grocery,ortools:quantile_p75_or_tools,quantile_p75_or_tools,ortools,True,True,True,13,17404.0,4.996690034866333,0.831151008605957,5.82784104347229,198.7324189305988,1.2739257623756333,pulp_cbc,mean_domain_loss,46.07574570220766,,180,60,True,171.99406906934314,172.27034686930705,198.0995518853173,198.5245135344457,65.9157640201691,155.99999963,17450.07574570221,17480.704969352133,17510.81615112449,20.03704729800856,38.110260588633054,0.4849358974358974,15.117703363558787,46.07574570220766,0.0,high,0.0,46.07574570220766,45.99636891808418,0.0017257184858406134
X-n157-k13,156,grocery,ortools:quantile_p75_scaled_or_tools,quantile_p75_scaled_or_tools,ortools,True,True,True,13,17404.0,4.999451160430908,0.8306601047515869,5.830111265182495,155.22000000000003,0.9950000000000002,pulp_cbc,mean_domain_loss,46.07574570220766,,180,60,True,171.99406906934314,172.27034686930705,198.0995518853173,198.5245135344457,65.9157640201691,155.99999963,17450.07574570221,17480.704969352133,17510.81615112449,20.03704729800856,38.110260588633054,0.4849358974358974,15.117703363558787,46.07574570220766,0.0,high,0.0,46.07574570220766,45.99636891808418,0.0017257184858406134
X-n157-k13,156,grocery,ortools:quantile_p90_scaled_or_tools,quantile_p90_scaled_or_tools,ortools,True,True,True,13,17404.0,5.00397801399231,0.8322470188140869,5.8362250328063965,155.22000000000003,0.9950000000000002,pulp_cbc,mean_domain_loss,46.07574570220766,,180,60,True,171.99406906934314,172.27034686930705,198.0995518853173,198.5245135344457,65.9157640201691,155.99999963,17450.07574570221,17480.704969352133,17510.81615112449,20.03704729800856,38.110260588633054,0.4849358974358974,15.117703363558787,46.07574570220766,0.0,high,0.0,46.07574570220766,45.99636891808418,0.0017257184858406134
X-n157-k13,156,grocery,ortools:robust_mean_1std_scaled_or_tools,robust_mean_1std_scaled_or_tools,ortools,True,True,True,13,17404.0,5.0026679039001465,0.9350881576538086,5.937756061553955,155.22,0.995,pulp_cbc,mean_domain_loss,46.07574570220766,,180,60,True,171.99406906934314,172.27034686930705,198.0995518853173,198.5245135344457,65.9157640201691,155.99999963,17450.07574570221,17480.704969352133,17510.81615112449,20.03704729800856,38.110260588633054,0.4849358974358974,15.117703363558787,46.07574570220766,0.0,high,0.0,46.07574570220766,45.99636891808418,0.0017257184858406134
X-n157-k13,156,grocery,ortools:robust_mean_2std_scaled_or_tools,robust_mean_2std_scaled_or_tools,ortools,True,True,True,13,17404.0,5.000333309173584,0.8387176990509033,5.839051008224487,155.21999999999997,0.9949999999999998,pulp_cbc,mean_domain_loss,46.07574570220766,,180,60,True,171.99406906934314,172.27034686930705,198.0995518853173,198.5245135344457,65.9157640201691,155.99999963,17450.07574570221,17480.704969352133,17510.81615112449,20.03704729800856,38.110260588633054,0.4849358974358974,15.117703363558787,46.07574570220766,0.0,high,0.0,46.07574570220766,45.99636891808418,0.0017257184858406134
X-n157-k13,156,grocery,ortools:nominal_seed103_or_tools,nominal_seed103_or_tools,ortools,True,True,True,13,17558.0,4.991444826126099,0.8960549831390381,5.887499809265137,156.0,1.0,pulp_cbc,mean_domain_loss,46.07815379517778,,180,60,True,171.99406906934314,172.27034686930705,198.0995518853173,198.5245135344457,65.91961430462001,155.99999991,17604.078153795177,17634.43133391858,17664.718922899414,20.02622845133257,37.9820868998448,0.4846794871794871,15.10688479688281,46.07815379517778,0.0,high,0.0,46.07815379517778,45.99636891808418,0.001778072465660411
X-n157-k13,156,grocery,ortools:proxy_mean_scaled_seed109_or_tools,proxy_mean_scaled_seed109_or_tools,ortools,True,True,True,13,17425.0,4.990844964981079,0.8572220802307129,5.848067045211792,155.22,0.995,pulp_cbc,mean_domain_loss,46.081478433050606,,180,60,True,171.99406906934314,172.27034686930705,198.0995518853173,198.5245135344457,65.9101222999294,155.99999979,17471.081478433047,17501.43322838089,17531.767288989424,20.029162053994643,37.985697637884726,0.4853205128205128,15.109818279544882,46.081478433050606,0.0,high,0.0,46.081478433050606,45.99636891808418,0.001850352907595798
X-n162-k11,161,atm,ortools:nominal_or_tools,nominal_or_tools,ortools,True,True,True,11,14799.0,4.994436979293823,1.1331307888031006,6.127567768096924,12194.0,0.9442465541273036,pulp_cbc,mean_domain_loss,4815.576575626586,,180,60,True,14041.602423680102,14059.25864279868,17116.69937454782,17172.81426272881,12187.46619869358,12913.99999,19614.576575626583,22903.23051733904,26270.25607407974,1228.5435367861394,2130.114640664357,0.4003726708074534,1735.0246155523332,4815.576575626586,0.0,medium,,4815.576575626586,4815.576575626586,0.0
X-n162-k11,161,cargo,ortools:nominal_or_tools,nominal_or_tools,ortools,True,True,True,11,14799.0,4.994436979293823,1.1215856075286863,6.11602258682251,12194.0,0.9442465541273036,pulp_cbc,mean_domain_loss,3661.7074902174654,,180,60,True,14041.602423680102,14059.25864279868,17116.69937454782,17172.81426272881,11085.541692403229,12914.000009,18460.707490217468,21008.98892420846,23574.66504764434,1252.2360304643207,2152.1801099420727,0.4085093167701863,1758.7171282305142,3661.7074902174654,0.0,medium,,3661.7074902174654,3661.7074902174654,0.0
X-n162-k11,161,cold_chain,ortools:nominal_or_tools,nominal_or_tools,ortools,True,True,True,11,14799.0,4.994436979293823,1.2480242252349854,6.242461204528809,12194.0,0.9442465541273036,pulp_cbc,mean_domain_loss,4726.172248459723,,180,60,True,14041.602423680102,14059.25864279868,17116.69937454782,17172.81426272881,12575.042900702343,12913.999961,21918.51662920893,23770.23902811949,26018.48811481085,1237.1936827554364,2136.7131353555105,0.3942857142857143,1743.6747325216304,4726.172248459723,2393.3443807492167,medium,,4726.172248459723,4726.172248459723,0.0
X-n162-k11,161,grocery,ortools:nominal_or_tools,nominal_or_tools,ortools,True,True,True,11,14799.0,4.994436979293823,1.3019070625305176,6.296344041824341,12194.0,0.9442465541273036,pulp_cbc,mean_domain_loss,3213.922116205976,,180,60,True,14041.602423680102,14059.25864279868,17116.69937454782,17172.81426272881,5721.170901380655,12913.999993,18012.922116205977,19548.813723352323,21259.90212961466,1229.6194824537952,2133.3422478339885,0.3975776397515528,1736.1005642199889,3213.922116205976,0.0,medium,,3213.922116205976,3213.922116205976,0.0
X-n167-k10,166,atm,ortools:robust_mean_1std_scaled_seed113_or_tools,robust_mean_1std_scaled_seed113_or_tools,ortools,True,True,True,10,22558.0,5.00585412979126,1.2068355083465576,6.212689638137817,1323.35,0.995,pulp_cbc,mean_domain_loss,443.57169432582623,,180,60,True,1338.4496844448638,1339.8281173836035,1575.9630876437734,1578.5498416441526,850.0595237147869,1330.0000002000002,23001.571694325827,23375.68463463941,23583.84269647236,112.61701322242384,217.17407086535545,0.3768072289156626,181.48962105948485,443.57169432582623,0.0,medium,,443.57169432582623,443.57169432582623,0.0
X-n167-k10,166,atm,ortools:proxy_mean_scaled_seed109_or_tools,proxy_mean_scaled_seed109_or_tools,ortools,True,True,True,10,22790.0,4.996606826782227,1.273087501525879,6.2696943283081055,1323.35,0.995,pulp_cbc,mean_domain_loss,444.2947175780545,,180,60,True,1338.4496844448638,1339.8281173836035,1575.9630876437734,1578.5498416441526,848.8208375494386,1329.9999991,23234.294717578054,23608.086053720748,23816.377014985705,112.5868945310257,216.85901907491265,0.3739759036144578,181.4595012680868,444.2947175780545,0.0,medium,,444.2947175780545,443.57169432582623,0.001630003134729213
X-n167-k10,166,cargo,ortools:robust_mean_1std_scaled_seed113_or_tools,robust_mean_1std_scaled_seed113_or_tools,ortools,True,True,True,10,22558.0,5.00585412979126,1.2353718280792236,6.241225957870483,1323.35,0.995,pulp_cbc,mean_domain_loss,333.1214998580355,,180,60,True,1338.4496844448638,1339.8281173836035,1575.9630876437734,1578.5498416441526,763.1216991309101,1330.0000020000002,22891.12149985804,23173.448875859896,23338.761176378342,113.39291239214442,217.5033952264013,0.3760843373493976,182.2655220292055,333.1214998580355,0.0,medium,,333.1214998580355,333.1214998580355,0.0
X-n167-k10,166,cold_chain,ortools:robust_mean_1std_scaled_seed113_or_tools,robust_mean_1std_scaled_seed113_or_tools,ortools,True,True,True,10,22558.0,5.00585412979126,1.221670150756836,6.227524280548096,1323.35,0.995,pulp_cbc,mean_domain_loss,448.8709779242532,,180,60,True,1338.4496844448638,1339.8281173836035,1575.9630876437734,1578.5498416441526,1003.0314305104326,1330.0,23249.55101040475,23468.00981151908,23595.2324359134,112.96182990595324,217.271773707719,0.3717469879518072,181.8344375430144,448.8709779242532,242.6800324804928,medium,,448.8709779242532,448.8709779242532,0.0
X-n167-k10,166,grocery,ortools:robust_mean_1std_scaled_seed113_or_tools,robust_mean_1std_scaled_seed113_or_tools,ortools,True,True,True,10,22558.0,5.00585412979126,1.2203426361083984,6.226196765899658,1323.35,0.995,pulp_cbc,mean_domain_loss,303.30028328423714,,180,60,True,1338.4496844448638,1339.8281173836035,1575.9630876437734,1578.5498416441526,424.4579198122792,1329.9999993,22861.300283284243,23038.06990294911,23139.65449216555,112.4312514062147,217.06014526593472,0.3751204819277108,181.3038583432757,303.30028328423714,0.0,medium,,303.30028328423714,303.30028328423714,0.0
X-n167-k10,166,grocery,ortools:proxy_mean_scaled_seed109_or_tools,proxy_mean_scaled_seed109_or_tools,ortools,True,True,True,10,22790.0,4.996606826782227,1.2864840030670166,6.283090829849243,1323.35,0.995,pulp_cbc,mean_domain_loss,303.4585092731841,,180,60,True,1338.4496844448638,1339.8281173836035,1575.9630876437734,1578.5498416441526,423.5993198167758,1329.999999,23093.458509273183,23269.203447915246,23371.239652260305,112.4035646350344,216.7203919120805,0.3713253012048192,181.27617127209544,303.4585092731841,0.0,medium,,303.4585092731841,303.30028328423714,0.0005216809797658511
X-n181-k23,180,atm,ortools:quantile_p75_scaled_seed107_or_tools,quantile_p75_scaled_seed107_or_tools,ortools,True,True,True,23,26255.0,5.000982999801636,1.5289130210876465,6.529896020889282,183.08000000000004,0.9950000000000002,pulp_cbc,mean_domain_loss,75.5893669804617,,180,60,True,197.95924832567653,198.6785845016122,228.80907667940576,229.20917736249467,158.06056568742906,184.00000022,26330.589366980465,26383.024181172324,26450.403053747454,19.80799910640391,34.71836346530957,0.4266111111111111,21.603346770508416,75.5893669804617,0.0,medium,,75.5893669804617,75.5893669804617,0.0
X-n181-k23,180,atm,ortools:robust_mean_1std_scaled_seed113_or_tools,robust_mean_1std_scaled_seed113_or_tools,ortools,True,True,True,23,26185.0,5.000020265579224,1.4213008880615234,6.421321153640747,183.08000000000004,0.9950000000000002,pulp_cbc,mean_domain_loss,75.87161793340744,,180,60,True,197.95924832567653,198.6785845016122,228.80907667940576,229.20917736249467,159.01143293397914,184.00000008,26260.871617933408,26314.311090097184,26380.51943984721,19.92368113552081,34.643166761475555,0.4358888888888889,21.719028659625323,75.87161793340744,0.0,medium,,75.87161793340744,75.5893669804617,0.0037340033951956063
X-n181-k23,180,cargo,ortools:quantile_p75_scaled_seed107_or_tools,quantile_p75_scaled_seed107_or_tools,ortools,True,True,True,23,26255.0,5.000982999801636,1.3528308868408203,6.353813886642456,183.08000000000004,0.9950000000000002,pulp_cbc,mean_domain_loss,57.482577926018486,,180,60,True,197.95924832567653,198.6785845016122,228.80907667940576,229.20917736249467,144.33978298318755,183.99999951,26312.482577926017,26354.776197299943,26404.54201558468,19.91603086795269,35.043674443156355,0.4287222222222222,21.711377822057205,57.482577926018486,0.0,medium,,57.482577926018486,57.482577926018486,0.0
X-n181-k23,180,cold_chain,ortools:quantile_p75_scaled_seed107_or_tools,quantile_p75_scaled_seed107_or_tools,ortools,True,True,True,23,26255.0,5.000982999801636,1.278658390045166,6.279641389846802,183.08000000000004,0.9950000000000002,pulp_cbc,mean_domain_loss,69.40891443041494,,180,60,True,197.95924832567653,198.6785845016122,228.80907667940576,229.20917736249467,164.8841809777404,184.00000006,26357.49487708177,26387.35793077293,26433.802984662896,19.821082064790083,34.795050584920475,0.4261111111111111,21.6164295688946,69.40891443041494,33.085962651351984,medium,,69.40891443041494,69.40891443041494,0.0
X-n181-k23,180,grocery,ortools:quantile_p75_scaled_seed107_or_tools,quantile_p75_scaled_seed107_or_tools,ortools,True,True,True,23,26255.0,5.000982999801636,1.2802131175994873,6.281196117401123,183.08000000000004,0.9950000000000002,pulp_cbc,mean_domain_loss,48.367021214852095,,180,60,True,197.95924832567653,198.6785845016122,228.80907667940576,229.20917736249467,74.11616984425967,184.00000019,26303.367021214854,26327.92314247595,26363.030564953147,19.767014887174074,34.75272456671374,0.4263888888888889,21.562362521278587,48.367021214852095,0.0,medium,,48.367021214852095,48.367021214852095,0.0
X-n181-k23,180,grocery,ortools:robust_mean_1std_scaled_seed113_or_tools,robust_mean_1std_scaled_seed113_or_tools,ortools,True,True,True,23,26185.0,5.000020265579224,1.9860014915466309,6.986021757125855,183.08000000000004,0.9950000000000002,pulp_cbc,mean_domain_loss,48.449855058303626,,180,60,True,197.95924832567653,198.6785845016122,228.80907667940576,229.20917736249467,74.66392646636398,183.99999942,26233.44985505832,26258.310057950297,26293.116345976567,19.865587558150768,34.68152599798328,0.4345555555555555,21.66093442225528,48.449855058303626,0.0,medium,,48.449855058303626,48.367021214852095,0.0017126099844680081
X-n186-k15,185,atm,ortools:nominal_seed103_or_tools,nominal_seed103_or_tools,ortools,True,True,True,15,26466.0,5.000753879547119,1.855189323425293,6.855943202972412,13853.0,0.948186173853525,pulp_cbc,mean_domain_loss,5778.326281704928,,180,60,True,15309.918049106676,15348.692003297172,18004.971786960705,18023.35742731036,11566.681205932491,14610.000012,32244.326281704925,38184.90321673186,43498.02694713236,1473.9243333231466,3144.793098379691,0.3857297297297297,2098.398137600407,5778.326281704928,0.0,medium,,5778.326281704928,5778.326281704928,0.0
X-n186-k15,185,cargo,ortools:nominal_seed103_or_tools,nominal_seed103_or_tools,ortools,True,True,True,15,26466.0,5.000753879547119,1.6182034015655518,6.618957281112671,13853.0,0.948186173853525,pulp_cbc,mean_domain_loss,4391.589358851886,,180,60,True,15309.918049106676,15348.692003297172,18004.971786960705,18023.35742731036,10514.98606145589,14610.000032,30857.58935885188,35488.395017631294,39504.50846831729,1477.8506845502195,3144.026060069104,0.3843243243243243,2102.3245088274803,4391.589358851886,0.0,medium,,4391.589358851886,4391.589358851886,0.0
X-n186-k15,185,cold_chain,ortools:nominal_seed103_or_tools,nominal_seed103_or_tools,ortools,True,True,True,15,26466.0,5.000753879547119,1.582275629043579,6.583029508590698,13853.0,0.948186173853525,pulp_cbc,mean_domain_loss,5618.8257514309325,,180,60,True,15309.918049106676,15348.692003297172,18004.971786960705,18023.35742731036,12586.363553424228,14541.915536,34772.917499021045,38150.58029659102,41937.3365051566,1484.7589424199,3143.4693836956994,0.3831891891891892,2041.1482706971603,5618.8257514309325,2688.0917475901147,medium,,5618.8257514309325,5618.8257514309325,0.0
X-n186-k15,185,grocery,ortools:nominal_seed103_or_tools,nominal_seed103_or_tools,ortools,True,True,True,15,26466.0,5.000753879547119,1.646758794784546,6.647512674331665,13853.0,0.948186173853525,pulp_cbc,mean_domain_loss,3839.994739193153,,180,60,True,15309.918049106676,15348.692003297172,18004.971786960705,18023.35742731036,5581.42806347196,14581.667372,30305.99473919316,33068.18338640818,35902.367876051845,1475.0230286701565,3142.394194532448,0.3848108108108108,2071.164192947417,3839.994739193153,0.0,medium,,3839.994739193153,3839.994739193153,0.0
X-n190-k8,189,atm,ortools:robust_mean_1std_scaled_or_tools,robust_mean_1std_scaled_or_tools,ortools,True,True,True,8,18347.0,4.999847412109375,1.339967966079712,6.339815378189087,1098.4799999999996,0.9949999999999996,pulp_cbc,mean_domain_loss,486.7975107867703,,180,60,True,1163.1102271100574,1164.541932744727,1415.5336601339425,1417.944225661104,925.0354988030278,1104.00000142,18833.79751078677,19279.05887083007,19709.1121305144,123.8399555855021,246.1561657576136,0.4202645502645503,147.7317027086958,486.7975107867703,0.0,medium,,486.7975107867703,486.7975107867703,0.0
X-n190-k8,189,atm,ortools:robust_mean_1std_scaled_seed113_or_tools,robust_mean_1std_scaled_seed113_or_tools,ortools,True,True,True,8,18359.0,5.001445770263672,1.4308104515075684,6.43225622177124,1098.4799999999996,0.9949999999999996,pulp_cbc,mean_domain_loss,486.88940488429216,,180,60,True,1163.1102271100574,1164.541932744727,1415.5336601339425,1417.944225661104,925.0102076936604,1104.00000154,18845.88940488429,19288.17099703965,19720.377296953684,123.96068839551792,245.2043329817269,0.4218518518518518,147.85243563871157,486.88940488429216,0.0,medium,,486.88940488429216,486.7975107867703,0.00018877273503992238
X-n190-k8,189,atm,ortools:quantile_p90_scaled_or_tools,quantile_p90_scaled_or_tools,ortools,True,True,True,8,18321.0,4.999316692352295,1.5961897373199463,6.595506429672241,1098.48,0.995,pulp_cbc,mean_domain_loss,487.9903043286751,,180,60,True,1163.1102271100574,1164.541932744727,1415.5336601339425,1417.944225661104,925.1753404829692,1103.99999825,18808.99030432868,19249.274126694527,19682.29061739093,124.17577260868816,244.7784454303105,0.4212698412698413,148.06751656188186,487.9903043286751,0.0,medium,,487.9903043286751,486.7975107867703,0.002450286855364109
X-n190-k8,189,cargo,ortools:robust_mean_1std_scaled_or_tools,robust_mean_1std_scaled_or_tools,ortools,True,True,True,8,18347.0,4.999847412109375,1.5126402378082275,6.5124876499176025,1098.4799999999996,0.9949999999999996,pulp_cbc,mean_domain_loss,366.3573426887777,,180,60,True,1163.1102271100574,1164.541932744727,1415.5336601339425,1417.944225661104,834.5623696522338,1104.00000137,18713.35734268878,19058.23533156876,19381.32704611999,124.11629725612396,246.1460293015799,0.4159259259259259,148.00804432931764,366.3573426887777,0.0,medium,,366.3573426887777,366.3573426887777,0.0
X-n190-k8,189,cargo,ortools:robust_mean_1std_scaled_seed113_or_tools,robust_mean_1std_scaled_seed113_or_tools,ortools,True,True,True,8,18359.0,5.001445770263672,1.4726731777191162,6.474118947982788,1098.4799999999996,0.9949999999999996,pulp_cbc,mean_domain_loss,366.5603333768666,,180,60,True,1163.1102271100574,1164.541932744727,1415.5336601339425,1417.944225661104,834.1711441602698,1104.0000001300002,18725.56033337687,19071.755610158485,19392.54372227398,124.24934145392136,245.31200801696664,0.4164021164021164,148.14108728711506,366.5603333768666,0.0,medium,,366.5603333768666,366.3573426887777,0.0005540783940594977
X-n190-k8,189,cargo,ortools:quantile_p90_scaled_or_tools,quantile_p90_scaled_or_tools,ortools,True,True,True,8,18321.0,4.999316692352295,1.6344773769378662,6.633794069290161,1098.48,0.995,pulp_cbc,mean_domain_loss,366.8287025922032,,180,60,True,1163.1102271100574,1164.541932744727,1415.5336601339425,1417.944225661104,835.2963979786297,1104.0000006300002,18687.828702592204,19028.53223397603,19354.266505521045,124.14327614725649,243.87029687957835,0.4175132275132275,148.03502248045015,366.8287025922032,0.0,medium,,366.8287025922032,366.3573426887777,0.001286612409529082
X-n190-k8,189,cold_chain,ortools:robust_mean_1std_scaled_or_tools,robust_mean_1std_scaled_or_tools,ortools,True,True,True,8,18347.0,4.999847412109375,1.388413667678833,6.388261079788208,1098.4799999999996,0.9949999999999996,pulp_cbc,mean_domain_loss,461.1411929323377,,180,60,True,1163.1102271100574,1164.541932744727,1415.5336601339425,1417.944225661104,1009.9914191375104,1104.0000011000002,19023.38724823743,19280.95831342806,19585.69566816088,124.01084418604418,244.9125030394224,0.4113756613756614,147.90259098923786,461.1411929323377,215.2460553050928,medium,,461.1411929323377,461.1411929323377,0.0
X-n190-k8,189,cold_chain,ortools:quantile_p90_scaled_or_tools,quantile_p90_scaled_or_tools,ortools,True,True,True,8,18321.0,4.999316692352295,1.4418768882751465,6.441193580627441,1098.48,0.995,pulp_cbc,mean_domain_loss,461.8721033360076,,180,60,True,1163.1102271100574,1164.541932744727,1415.5336601339425,1417.944225661104,1003.979344822736,1104.0000045000002,18992.32252451869,19244.60745430735,19551.22468732017,124.41100860990072,245.5581642410478,0.4116931216931216,148.30275881309444,461.8721033360076,209.45042118268563,medium,,461.8721033360076,461.1411929323377,0.0015850034975669531
X-n190-k8,189,cold_chain,ortools:robust_mean_1std_scaled_seed113_or_tools,robust_mean_1std_scaled_seed113_or_tools,ortools,True,True,True,8,18359.0,5.001445770263672,1.5170037746429443,6.518449544906616,1098.4799999999996,0.9949999999999996,pulp_cbc,mean_domain_loss,462.0063978253231,,180,60,True,1163.1102271100574,1164.541932744727,1415.5336601339425,1417.944225661104,1012.1809119732452,1103.9999982,19038.039212247622,19294.8561914796,19599.312674467707,124.27177726335508,246.9751502652498,0.4104232804232804,148.1635211665488,462.0063978253231,217.0328144223004,medium,,462.0063978253231,461.1411929323377,0.0018762255600800245
X-n190-k8,189,grocery,ortools:robust_mean_1std_scaled_or_tools,robust_mean_1std_scaled_or_tools,ortools,True,True,True,8,18347.0,4.999847412109375,1.502608060836792,6.502455472946167,1098.4799999999996,0.9949999999999996,pulp_cbc,mean_domain_loss,316.5356045261514,,180,60,True,1163.1102271100574,1164.541932744727,1415.5336601339425,1417.944225661104,442.6805005854416,1103.9999991600002,18663.53560452615,18871.33342823172,19101.45789321341,123.91005098782853,246.0422715889854,0.4185185185185185,147.80179585102218,316.5356045261514,0.0,medium,,316.5356045261514,316.5356045261514,0.0
X-n190-k8,189,grocery,ortools:robust_mean_1std_scaled_seed113_or_tools,robust_mean_1std_scaled_seed113_or_tools,ortools,True,True,True,8,18359.0,5.001445770263672,1.417815923690796,6.419261693954468,1098.4799999999996,0.9949999999999996,pulp_cbc,mean_domain_loss,316.6509980488556,,180,60,True,1163.1102271100574,1164.541932744727,1415.5336601339425,1417.944225661104,442.77317853875024,1104.00000054,18675.65099804885,18883.21791872868,19112.742993804703,124.0025082866599,245.6697747675352,0.4209523809523809,147.89425452985358,316.6509980488556,0.0,medium,,316.6509980488556,316.5356045261514,0.00036455147874107864
X-n190-k8,189,grocery,ortools:quantile_p90_scaled_or_tools,quantile_p90_scaled_or_tools,ortools,True,True,True,8,18321.0,4.999316692352295,1.5149598121643066,6.514276504516602,1098.48,0.995,pulp_cbc,mean_domain_loss,317.0708756267097,,180,60,True,1163.1102271100574,1164.541932744727,1415.5336601339425,1417.944225661104,442.7954225751666,1103.99999952,18638.07087562671,18843.77612668036,19075.132854974137,124.16848550774904,245.3036899675364,0.4201058201058201,148.06023073094272,317.0708756267097,0.0,medium,,317.0708756267097,316.5356045261514,0.0016910296753491496
X-n204-k19,203,atm,ortools:nominal_seed101_or_tools,nominal_seed101_or_tools,ortools,True,True,True,19,21450.0,5.00185751914978,1.7686238288879397,6.77048134803772,15135.0,0.9528456308234702,pulp_cbc,mean_domain_loss,6612.442561468163,,180,60,True,16657.037292963792,16667.364983390977,19151.0805427942,19176.69172760544,11687.61690083825,15884.000009,28062.44256146816,34039.706435965774,40026.09865013864,1711.9969433315214,3396.6665551541746,0.4229556650246305,1994.97811241645,6612.442561468163,0.0,medium,,6612.442561468163,6612.442561468163,0.0
X-n204-k19,203,atm,ortools:nominal_or_tools,nominal_or_tools,ortools,True,True,True,19,21321.0,5.000798940658569,1.5856268405914309,6.58642578125,15135.0,0.9528456308234702,pulp_cbc,mean_domain_loss,6616.685628818983,,180,60,True,16657.037292963792,16667.364983390977,19151.0805427942,19176.69172760544,11679.56537066777,15883.999996,27937.685628818977,33777.1814713573,39908.82661752572,1711.3525875474172,3358.250336463296,0.4197536945812808,1994.3337436323457,6616.685628818983,0.0,medium,,6616.685628818983,6612.442561468163,0.0006416792753021114
X-n204-k19,203,cargo,ortools:nominal_seed101_or_tools,nominal_seed101_or_tools,ortools,True,True,True,19,21450.0,5.00185751914978,1.8299427032470703,6.831800222396851,15135.0,0.9528456308234702,pulp_cbc,mean_domain_loss,5015.905329061885,,180,60,True,16657.037292963792,16667.364983390977,19151.0805427942,19176.69172760544,10474.373424669186,15884.000005999998,26465.90532906189,31026.50263204124,35608.90397645413,1720.4090171393825,3386.8647691657347,0.4217733990147783,2003.390183224312,5015.905329061885,0.0,medium,,5015.905329061885,5015.905329061885,0.0
X-n204-k19,203,cargo,ortools:nominal_or_tools,nominal_or_tools,ortools,True,True,True,19,21321.0,5.000798940658569,1.7754056453704834,6.776204586029053,15135.0,0.9528456308234702,pulp_cbc,mean_domain_loss,5028.957495587457,,180,60,True,16657.037292963792,16667.364983390977,19151.0805427942,19176.69172760544,10468.75678969063,15883.999994000002,26349.95749558746,30933.10395261071,35498.212458922724,1720.4903052222528,3382.0949799241125,0.4193103448275862,2003.4714593071808,5028.957495587457,0.0,medium,,5028.957495587457,5015.905329061885,0.002602155676652901
X-n204-k19,203,cold_chain,ortools:nominal_or_tools,nominal_or_tools,ortools,True,True,True,19,21321.0,5.000798940658569,1.4354264736175537,6.436225414276123,15135.0,0.9528456308234702,pulp_cbc,mean_domain_loss,6186.367376960642,,180,60,True,16657.037292963792,16667.364983390977,19151.0805427942,19176.69172760544,12951.483167718245,15884.000012000002,30455.570946522534,33832.01540299277,38059.87623559375,1712.590640779937,3345.0853517041123,0.4156650246305419,1995.5718128648653,6186.367376960642,2948.2035695618933,medium,,6186.367376960642,6186.367376960642,0.0
X-n204-k19,203,cold_chain,ortools:nominal_seed101_or_tools,nominal_seed101_or_tools,ortools,True,True,True,19,21450.0,5.00185751914978,1.5108566284179688,6.512714147567749,15135.0,0.9528456308234702,pulp_cbc,mean_domain_loss,6188.924602666771,,180,60,True,16657.037292963792,16667.364983390977,19151.0805427942,19176.69172760544,12936.537423796157,15884.000008999998,30566.24581081176,34098.4155317464,38177.36209788644,1714.6983488505982,3392.8314785266634,0.4175369458128078,1997.679517935527,6188.924602666771,2927.3212081449897,medium,,6188.924602666771,6186.367376960642,0.0004133646694912068
X-n204-k19,203,grocery,ortools:nominal_or_tools,nominal_or_tools,ortools,True,True,True,19,21321.0,5.000798940658569,1.503725290298462,6.504524230957031,15135.0,0.9528456308234702,pulp_cbc,mean_domain_loss,4265.756337547114,,180,60,True,16657.037292963792,16667.364983390977,19151.0805427942,19176.69172760544,5740.573241539229,15884.000013,25586.75633754711,28370.659568766125,31557.281509044395,1710.3420510208691,3365.527033055913,0.4192118226600985,1993.3232241057976,4265.756337547114,0.0,medium,,4265.756337547114,4265.756337547114,0.0
X-n204-k19,203,grocery,ortools:nominal_seed101_or_tools,nominal_seed101_or_tools,ortools,True,True,True,19,21450.0,5.00185751914978,1.5331737995147705,6.535031318664551,15135.0,0.9528456308234702,pulp_cbc,mean_domain_loss,4266.583714303277,,180,60,True,16657.037292963792,16667.364983390977,19151.0805427942,19176.69172760544,5744.849347556064,15883.999989999998,25716.583714303262,28578.48865662188,31686.843884969014,1711.2855876879369,3401.6819911823623,0.4220197044334975,1994.2667377728656,4266.583714303277,0.0,medium,,4266.583714303277,4265.756337547114,0.00019395780975125555
X-n209-k16,208,atm,ortools:quantile_p75_scaled_or_tools,quantile_p75_scaled_or_tools,ortools,True,True,True,16,32977.0,5.000759363174439,1.1484146118164062,6.149173974990845,1607.92,0.995,pulp_cbc,mean_domain_loss,637.8894045413869,,180,60,True,1728.5373708196844,1732.707831817492,2088.5534407537966,2090.6974809885087,1372.5412483280318,1616.0000008000002,33614.88940454138,34108.88952843058,34635.957119566585,164.569628905614,305.57403876680326,0.4148076923076923,205.3184325106189,637.8894045413869,0.0,medium,,637.8894045413869,637.8894045413869,0.0
X-n209-k16,208,cargo,ortools:quantile_p75_scaled_or_tools,quantile_p75_scaled_or_tools,ortools,True,True,True,16,32977.0,5.000759363174439,1.2443995475769043,6.245158910751343,1607.92,0.995,pulp_cbc,mean_domain_loss,482.5122508752145,,180,60,True,1728.5373708196844,1732.707831817492,2088.5534407537966,2090.6974809885087,1243.9732027693776,1616.0000008,33459.51225087522,33835.39740980731,34238.84797934382,165.25658029646547,304.1715606080648,0.4133173076923077,206.0053839014704,482.5122508752145,0.0,medium,,482.5122508752145,482.5122508752145,0.0
X-n209-k16,208,cold_chain,ortools:quantile_p75_scaled_or_tools,quantile_p75_scaled_or_tools,ortools,True,True,True,16,32977.0,5.000759363174439,1.185831069946289,6.186590433120728,1607.92,0.995,pulp_cbc,mean_domain_loss,605.6372658704969,,180,60,True,1728.5373708196844,1732.707831817492,2088.5534407537966,2090.6974809885087,1454.1641727782514,1616.0000015,33880.4868771417,34160.00953843578,34516.28228905772,164.42007036760796,306.176395655044,0.4105288461538461,205.1688746726128,605.6372658704969,297.8496112712052,medium,,605.6372658704969,605.6372658704969,0.0
X-n209-k16,208,grocery,ortools:quantile_p75_scaled_or_tools,quantile_p75_scaled_or_tools,ortools,True,True,True,16,32977.0,5.000759363174439,1.2717556953430176,6.272515058517456,1607.92,0.995,pulp_cbc,mean_domain_loss,417.0369199489994,,180,60,True,1728.5373708196844,1732.707831817492,2088.5534407537966,2090.6974809885087,650.4840719819892,1615.9999982999998,33394.036919949,33621.02380156514,33895.30466079464,164.3370538234293,305.5669956304337,0.4125961538461538,205.0858549284342,417.0369199489994,0.0,medium,,417.0369199489994,417.0369199489994,0.0
X-n214-k11,213,atm,ortools:quantile_p75_scaled_or_tools,quantile_p75_scaled_or_tools,ortools,True,True,True,11,13083.0,5.001141548156738,1.2417271137237549,6.242868661880493,10332.080000000002,0.9950000000000002,pulp_cbc,mean_domain_loss,5342.106927880302,,180,60,True,11525.098152614886,11542.610363831476,13483.907107768657,13521.958776987056,10128.29476625693,10384.0000082,18425.1069278803,21935.19927262609,25524.004125949898,1370.4754848665968,2340.131276853295,0.4816901408450704,1174.3743560986925,5342.106927880302,0.0,high,1.0,5342.106927880302,5342.106927880302,0.0
X-n214-k11,213,atm,ortools:nominal_or_tools,nominal_or_tools,ortools,True,True,True,11,12859.0,4.997620344161987,1.3873071670532229,6.38492751121521,10356.0,0.9973035439137136,pulp_cbc,mean_domain_loss,5342.166215371047,,180,60,True,11525.098152614886,11542.610363831476,13483.907107768657,13521.958776987056,10130.654527545415,10384.0000042,18201.16621537105,21704.70869820564,25290.817214572413,1369.3717065889737,2339.8941806974185,0.478075117370892,1173.2705738210689,5342.166215371047,0.0,high,1.0,5342.166215371047,5342.106927880302,1.1098147518495327e-05
X-n214-k11,213,atm,ortools:quantile_p75_scaled_seed107_or_tools,quantile_p75_scaled_seed107_or_tools,ortools,True,True,True,11,12734.0,5.000900268554688,1.249837875366211,6.250738143920898,10332.080000000002,0.9950000000000002,pulp_cbc,mean_domain_loss,5342.783740312956,,180,60,True,11525.098152614886,11542.610363831476,13483.907107768657,13521.958776987056,10130.031398301451,10384.0000168,18076.78374031296,21575.8057932777,25169.854581117328,1371.1227916256234,2337.8887820721384,0.480093896713615,1175.0216714577189,5342.783740312956,0.0,high,1.0,5342.783740312956,5342.106927880302,0.00012669391342997092
X-n214-k11,213,atm,ortools:nominal_seed103_or_tools,nominal_seed103_or_tools,ortools,True,True,True,11,12995.0,5.001307010650635,1.188385248184204,6.189692258834839,10356.0,0.9973035439137136,pulp_cbc,mean_domain_loss,5343.982265887504,,180,60,True,11525.098152614886,11542.610363831476,13483.907107768657,13521.958776987056,10130.785012824375,10384.0000009,18338.982265887505,21839.353601546623,25425.68594162606,1369.6837362084475,2336.7579387305536,0.479906103286385,1173.582600140543,5343.982265887504,0.0,high,1.0,5343.982265887504,5342.106927880302,0.0003510483845642966
X-n214-k11,213,atm,ortools:proxy_mean_scaled_seed109_or_tools,proxy_mean_scaled_seed109_or_tools,ortools,True,True,True,11,13296.0,4.99175763130188,1.1795759201049805,6.17133355140686,10332.080000000002,0.9950000000000002,pulp_cbc,mean_domain_loss,5344.046203399619,,180,60,True,11525.098152614886,11542.610363831476,13483.907107768657,13521.958776987056,10130.0447270674,10384.0000092,18640.04620339961,22067.11435888069,25726.368480072248,1369.0976005743175,2317.681701853452,0.4784507042253521,1172.9964728064133,5344.046203399619,0.0,high,1.0,5344.046203399619,5342.106927880302,0.0003630169791616373
X-n214-k11,213,atm,ortools:nominal_seed101_or_tools,nominal_seed101_or_tools,ortools,True,True,True,11,12826.0,4.995000839233398,1.2604682445526123,6.255469083786011,10356.0,0.9973035439137136,pulp_cbc,mean_domain_loss,5344.363084185636,,180,60,True,11525.098152614886,11542.610363831476,13483.907107768657,13521.958776987056,10130.723604812154,10384.0000051,18170.36308418564,21663.33402519492,25261.40716270668,1369.509571653868,2334.139689326578,0.4778873239436619,1173.4084397859633,5344.363084185636,0.0,high,1.0,5344.363084185636,5342.106927880302,0.0004223345462366733
X-n214-k11,213,atm,ortools:robust_mean_1std_scaled_or_tools,robust_mean_1std_scaled_or_tools,ortools,True,True,True,11,13723.0,5.010787725448608,1.263523817062378,6.274311542510986,10332.079999999998,0.9949999999999998,pulp_cbc,mean_domain_loss,5350.03900435668,,180,60,True,11525.098152614886,11542.610363831476,13483.907107768657,13521.958776987056,10139.75724175214,10384.000006,19073.03900435668,22573.25398771879,26158.660872020475,1373.449457102757,2340.4301470863543,0.4809859154929577,1177.3483261348522,5350.03900435668,0.0,high,1.0,5350.03900435668,5342.106927880302,0.0014848217348442704
X-n214-k11,213,atm,ortools:robust_mean_1std_scaled_seed113_or_tools,robust_mean_1std_scaled_seed113_or_tools,ortools,True,True,True,11,12782.0,5.0031898021698,1.2429990768432615,6.2461888790130615,10332.079999999998,0.9949999999999998,pulp_cbc,mean_domain_loss,5350.911164972606,,180,60,True,11525.098152614886,11542.610363831476,13483.907107768657,13521.958776987056,10136.64117593206,10384.000012699998,18132.911164972607,21607.791672879805,25233.20154079777,1374.0953378120714,2335.3787171290865,0.4823943661971831,1177.9942135441663,5350.911164972606,0.0,high,1.0,5350.911164972606,5342.106927880302,0.001648083277097082
X-n214-k11,213,atm,ortools:quantile_p90_scaled_or_tools,quantile_p90_scaled_or_tools,ortools,True,True,True,11,12479.0,5.01072883605957,1.2895097732543943,6.300238609313965,10332.080000000002,0.9950000000000002,pulp_cbc,mean_domain_loss,5357.304401334325,,180,60,True,11525.098152614886,11542.610363831476,13483.907107768657,13521.958776987056,10141.243216124536,10384.000004100002,17836.304401334324,21285.021371317867,24932.58424503276,1376.1252235621546,2331.025481397395,0.4826291079812206,1180.02409069425,5357.304401334325,0.0,high,1.0,5357.304401334325,5342.106927880302,0.002844846361031898
X-n214-k11,213,atm,ortools:robust_mean_2std_scaled_or_tools,robust_mean_2std_scaled_or_tools,ortools,True,True,True,11,13222.0,5.0007054805755615,1.224755048751831,6.225460529327393,10332.08,0.995,pulp_cbc,mean_domain_loss,5357.3537632773805,,180,60,True,11525.098152614886,11542.610363831476,13483.907107768657,13521.958776987056,10147.675913380224,10384.000018400002,18579.35376327738,22025.33725506233,25669.279753544,1377.0278247077376,2331.236712696033,0.4845070422535211,1180.9267061398327,5357.3537632773805,0.0,high,1.0,5357.3537632773805,5342.106927880302,0.002854086524832767
X-n214-k11,213,cargo,ortools:robust_mean_1std_scaled_or_tools,robust_mean_1std_scaled_or_tools,ortools,True,True,True,11,13723.0,5.010787725448608,1.3660740852355957,6.376861810684204,10332.079999999998,0.9949999999999998,pulp_cbc,mean_domain_loss,4021.1708915200807,,180,60,True,11525.098152614886,11542.610363831476,13483.907107768657,13521.958776987056,8952.050227839498,10384.0000064,17744.17089152008,20427.69986670969,23120.83563670019,1377.4601698431804,2351.8158517351103,0.4747417840375587,1181.359039275275,4021.1708915200807,0.0,high,1.0,4021.1708915200807,4021.1708915200807,0.0
X-n214-k11,213,cargo,ortools:robust_mean_2std_scaled_or_tools,robust_mean_2std_scaled_or_tools,ortools,True,True,True,11,13222.0,5.0007054805755615,1.3937721252441406,6.394477605819702,10332.08,0.995,pulp_cbc,mean_domain_loss,4023.251763886032,,180,60,True,11525.098152614886,11542.610363831476,13483.907107768657,13521.958776987056,8948.463361714943,10384.0000125,17245.25176388603,19887.999564783982,22628.48100551973,1382.3016603706965,2344.899569452917,0.4824413145539906,1186.200535902792,4023.251763886032,0.0,high,1.0,4023.251763886032,4021.1708915200807,0.0005174792173940544
X-n214-k11,213,cargo,ortools:robust_mean_1std_scaled_seed113_or_tools,robust_mean_1std_scaled_seed113_or_tools,ortools,True,True,True,11,12782.0,5.0031898021698,1.4402945041656494,6.443484306335449,10332.079999999998,0.9949999999999998,pulp_cbc,mean_domain_loss,4023.791367750584,,180,60,True,11525.098152614886,11542.610363831476,13483.907107768657,13521.958776987056,8951.869684514457,10383.9999975,16805.791367750586,19420.16267524924,22192.881286658,1378.5672079741405,2330.173606094594,0.4803755868544601,1182.4660685062358,4023.791367750584,0.0,high,1.0,4023.791367750584,4021.1708915200807,0.0006516699491756017
X-n214-k11,213,cargo,ortools:quantile_p75_scaled_seed107_or_tools,quantile_p75_scaled_seed107_or_tools,ortools,True,True,True,11,12734.0,5.000900268554688,1.334808349609375,6.335708618164063,10332.080000000002,0.9950000000000002,pulp_cbc,mean_domain_loss,4024.880701819944,,180,60,True,11525.098152614886,11542.610363831476,13483.907107768657,13521.958776987056,8955.464350199487,10384.0000009,16758.880701819944,19400.13252305717,22133.68133143482,1376.5674858133266,2336.342560105485,0.48018779342723,1180.466349745422,4024.880701819944,0.0,high,1.0,4024.880701819944,4021.1708915200807,0.0009225696693683764
X-n214-k11,213,cargo,ortools:quantile_p90_scaled_or_tools,quantile_p90_scaled_or_tools,ortools,True,True,True,11,12479.0,5.01072883605957,1.346294641494751,6.357023477554321,10332.080000000002,0.9950000000000002,pulp_cbc,mean_domain_loss,4024.95424952933,,180,60,True,11525.098152614886,11542.610363831476,13483.907107768657,13521.958776987056,8948.640709374844,10384.0000057,16503.954249529328,19136.734095424286,21868.05131531645,1381.5547558174148,2339.267872353753,0.4827230046948357,1185.4536245495106,4024.95424952933,0.0,high,1.0,4024.95424952933,4021.1708915200807,0.0009408597921634358
X-n214-k11,213,cargo,ortools:quantile_p75_scaled_or_tools,quantile_p75_scaled_or_tools,ortools,True,True,True,11,13083.0,5.001141548156738,1.4512741565704346,6.452415704727173,10332.080000000002,0.9950000000000002,pulp_cbc,mean_domain_loss,4025.5136166196726,,180,60,True,11525.098152614886,11542.610363831476,13483.907107768657,13521.958776987056,8965.569338635449,10384.0000024,17108.513616619675,19749.622452102965,22504.999950976668,1372.670863954938,2338.866178851975,0.4748826291079812,1176.5697293870332,4025.5136166196726,0.0,high,1.0,4025.5136166196726,4021.1708915200807,0.0010799653177510898
X-n214-k11,213,cargo,ortools:nominal_seed101_or_tools,nominal_seed101_or_tools,ortools,True,True,True,11,12826.0,4.995000839233398,1.3050158023834229,6.300016641616821,10356.0,0.9973035439137136,pulp_cbc,mean_domain_loss,4029.820184660687,,180,60,True,11525.098152614886,11542.610363831476,13483.907107768657,13521.958776987056,8983.652007816569,10383.9999991,16855.820184660683,19485.904890708603,22261.97569748095,1368.7983851717893,2338.931256781468,0.4712676056338028,1172.6972473038848,4029.820184660687,0.0,high,1.0,4029.820184660687,4021.1708915200807,0.002150938961297628
X-n214-k11,213,cargo,ortools:nominal_seed103_or_tools,nominal_seed103_or_tools,ortools,True,True,True,11,12995.0,5.001307010650635,1.3746304512023926,6.375937461853027,10356.0,0.9973035439137136,pulp_cbc,mean_domain_loss,4034.177073394207,,180,60,True,11525.098152614886,11542.610363831476,13483.907107768657,13521.958776987056,8985.187390435145,10383.9999994,17029.17707339421,19649.580788417905,22428.168787763687,1370.3540788788212,2338.2692379152804,0.476150234741784,1174.2529413109164,4034.177073394207,0.0,high,1.0,4034.177073394207,4021.1708915200807,0.0032344265451523446
X-n214-k11,213,cargo,ortools:nominal_or_tools,nominal_or_tools,ortools,True,True,True,11,12859.0,4.997620344161987,1.5624346733093262,6.5600550174713135,10356.0,0.9973035439137136,pulp_cbc,mean_domain_loss,4034.2305020872304,,180,60,True,11525.098152614886,11542.610363831476,13483.907107768657,13521.958776987056,8980.469089730848,10383.9999994,16893.23050208723,19516.08677910644,22285.174260146887,1371.2302147575006,2339.5669533812584,0.4735211267605634,1175.1290771895956,4034.2305020872304,0.0,high,1.0,4034.2305020872304,4021.1708915200807,0.003247713394795064
X-n214-k11,213,cold_chain,ortools:quantile_p75_scaled_seed107_or_tools,quantile_p75_scaled_seed107_or_tools,ortools,True,True,True,11,12734.0,5.000900268554688,1.1736230850219729,6.17452335357666,10332.080000000002,0.9950000000000002,pulp_cbc,mean_domain_loss,4742.628693611883,,180,60,True,11525.098152614886,11542.610363831476,13483.907107768657,13521.958776987056,10344.71226370792,10384.0000043,19449.70037301376,21592.734893662622,24056.252346414258,1372.11862032175,2332.837885795886,0.4716901408450704,1176.0174876538451,4742.628693611883,1973.0716794018736,high,1.0,4742.628693611883,4742.628693611883,0.0
X-n214-k11,213,cold_chain,ortools:quantile_p75_scaled_or_tools,quantile_p75_scaled_or_tools,ortools,True,True,True,11,13083.0,5.001141548156738,1.2038617134094238,6.205003261566162,10332.080000000002,0.9950000000000002,pulp_cbc,mean_domain_loss,4748.078247211247,,180,60,True,11525.098152614886,11542.610363831476,13483.907107768657,13521.958776987056,10364.535253651293,10384.0000077,19824.778113212207,21941.17370204615,24428.07096802879,1372.4053530756894,2327.9155702068765,0.4703286384976526,1176.304223807785,4748.078247211247,1993.6998660009608,high,1.0,4748.078247211247,4742.628693611883,0.0011490576115950355
X-n214-k11,213,cold_chain,ortools:nominal_or_tools,nominal_or_tools,ortools,True,True,True,11,12859.0,4.997620344161987,1.2318050861358645,6.229425430297852,10356.0,0.9973035439137136,pulp_cbc,mean_domain_loss,4748.905863541237,,180,60,True,11525.098152614886,11542.610363831476,13483.907107768657,13521.958776987056,10420.895308515355,10383.9999947,19654.590315645022,21764.44362557188,24246.47279330733,1370.741134015342,2329.864734684948,0.4686854460093896,1174.6399917474375,4748.905863541237,2046.684452103785,high,1.0,4748.905863541237,4742.628693611883,0.0013235634359924813
X-n214-k11,213,cold_chain,ortools:nominal_seed103_or_tools,nominal_seed103_or_tools,ortools,True,True,True,11,12995.0,5.001307010650635,1.1633777618408203,6.164684772491455,10356.0,0.9973035439137136,pulp_cbc,mean_domain_loss,4753.546484095294,,180,60,True,11525.098152614886,11542.610363831476,13483.907107768657,13521.958776987056,10414.444174232023,10383.9999938,19788.712793161954,21885.9729265532,24379.69662352873,1372.0842349882023,2321.1161213570485,0.4677464788732394,1175.9830918202977,4753.546484095294,2040.1663090666584,high,1.0,4753.546484095294,4742.628693611883,0.0023020546597114578
X-n214-k11,213,cold_chain,ortools:robust_mean_1std_scaled_or_tools,robust_mean_1std_scaled_or_tools,ortools,True,True,True,11,13723.0,5.010787725448608,1.130286455154419,6.141074180603027,10332.079999999998,0.9949999999999998,pulp_cbc,mean_domain_loss,4753.623485608221,,180,60,True,11525.098152614886,11542.610363831476,13483.907107768657,13521.958776987056,10384.088598706565,10384.0000094,20477.916666374203,22626.227416756497,25075.21091083898,1375.0161557478873,2334.2380556995504,0.4745539906103286,1178.915028179983,4753.623485608221,2001.29318076598,high,1.0,4753.623485608221,4742.628693611883,0.0023182907005027385
X-n214-k11,213,cold_chain,ortools:nominal_seed101_or_tools,nominal_seed101_or_tools,ortools,True,True,True,11,12826.0,4.995000839233398,1.223119020462036,6.218119859695435,10356.0,0.9973035439137136,pulp_cbc,mean_domain_loss,4753.759782176223,,180,60,True,11525.098152614886,11542.610363831476,13483.907107768657,13521.958776987056,10420.414604328207,10384.0000007,19625.886436008896,21703.593870284327,24219.69554146712,1372.103331860122,2316.588973291482,0.4657746478873239,1176.0021955922173,4753.759782176223,2046.126653832676,high,1.0,4753.759782176223,4742.628693611883,0.0023470293129489203
X-n214-k11,213,cold_chain,ortools:proxy_mean_scaled_seed109_or_tools,proxy_mean_scaled_seed109_or_tools,ortools,True,True,True,11,13296.0,4.99175763130188,1.2450919151306152,6.236849546432495,10332.080000000002,0.9950000000000002,pulp_cbc,mean_domain_loss,4754.270967971108,,180,60,True,11525.098152614886,11542.610363831476,13483.907107768657,13521.958776987056,10440.808082925852,10384.000002,20116.66999958567,22193.776199696928,24704.22722708585,1371.154018105978,2318.4506618673786,0.4639906103286385,1175.0528831380732,4754.270967971108,2066.3990316145623,high,1.0,4754.270967971108,4742.628693611883,0.002454814642121657
X-n214-k11,213,cold_chain,ortools:quantile_p90_scaled_or_tools,quantile_p90_scaled_or_tools,ortools,True,True,True,11,12479.0,5.01072883605957,1.2241394519805908,6.234868288040161,10332.080000000002,0.9950000000000002,pulp_cbc,mean_domain_loss,4765.3109420471255,,180,60,True,11525.098152614886,11542.610363831476,13483.907107768657,13521.958776987056,10345.505089670874,10384.0000028,19206.733716022023,21302.47072468225,23828.42354998028,1379.888620378997,2327.8216880422287,0.4776056338028169,1183.787486211092,4765.3109420471255,1962.422773974893,high,1.0,4765.3109420471255,4742.628693611883,0.004782632143603064
X-n214-k11,213,cold_chain,ortools:robust_mean_1std_scaled_seed113_or_tools,robust_mean_1std_scaled_seed113_or_tools,ortools,True,True,True,11,12782.0,5.0031898021698,1.24202561378479,6.24521541595459,10332.079999999998,0.9949999999999998,pulp_cbc,mean_domain_loss,4765.429671762161,,180,60,True,11525.098152614886,11542.610363831476,13483.907107768657,13521.958776987056,10473.505935194187,10384.0000057,19634.1235904682,21742.729427774684,24228.558509455685,1376.580184732927,2329.046251651841,0.4722535211267605,1180.4790534650224,4765.429671762161,2086.693918706032,high,1.0,4765.429671762161,4742.628693611883,0.004807666723095945
X-n214-k11,213,cold_chain,ortools:robust_mean_2std_scaled_or_tools,robust_mean_2std_scaled_or_tools,ortools,True,True,True,11,13222.0,5.0007054805755615,1.3435947895050049,6.344300270080566,10332.08,0.995,pulp_cbc,mean_domain_loss,4766.017592622164,,180,60,True,11525.098152614886,11542.610363831476,13483.907107768657,13521.958776987056,10412.587809119132,10384.000015,20005.52184817164,22088.629507247893,24589.15015999209,1378.5445897208235,2328.9333880374097,0.4737558685446009,1182.4434677529189,4766.017592622164,2017.504255549472,high,1.0,4766.017592622164,4742.628693611883,0.004931631911598804
X-n214-k11,213,grocery,ortools:nominal_or_tools,nominal_or_tools,ortools,True,True,True,11,12859.0,4.997620344161987,1.1918635368347168,6.189483880996704,10356.0,0.9973035439137136,pulp_cbc,mean_domain_loss,3311.1987584756025,,180,60,True,11525.098152614886,11542.610363831476,13483.907107768657,13521.958776987056,4858.48890842807,10384.000000200002,16170.1987584756,17857.067670802742,19752.658241888646,1367.897933011216,2335.5390051646605,0.4735211267605634,1171.7967962433115,3311.1987584756025,0.0,high,1.0,3311.1987584756025,3311.1987584756025,0.0
X-n214-k11,213,grocery,ortools:nominal_seed101_or_tools,nominal_seed101_or_tools,ortools,True,True,True,11,12826.0,4.995000839233398,1.2662663459777832,6.261267185211182,10356.0,0.9973035439137136,pulp_cbc,mean_domain_loss,3313.098056635457,,180,60,True,11525.098152614886,11542.610363831476,13483.907107768657,13521.958776987056,4858.26898605416,10384.0000078,16139.098056635456,17823.17693824311,19719.520792192743,1368.2465473949062,2324.613054650315,0.4722535211267605,1172.1454182270018,3313.098056635457,0.0,high,1.0,3313.098056635457,3311.1987584756025,0.0005735983546722567
X-n214-k11,213,grocery,ortools:quantile_p75_scaled_seed107_or_tools,quantile_p75_scaled_seed107_or_tools,ortools,True,True,True,11,12734.0,5.000900268554688,1.0848097801208496,6.085710048675537,10332.080000000002,0.9950000000000002,pulp_cbc,mean_domain_loss,3313.446909964254,,180,60,True,11525.098152614886,11542.610363831476,13483.907107768657,13521.958776987056,4860.455935543592,10384.000014600002,16047.446909964254,17748.871096595347,19627.363347080493,1369.1767310914363,2331.356373836178,0.4739436619718309,1173.075608723532,3313.446909964254,0.0,high,1.0,3313.446909964254,3311.1987584756025,0.0006789539537295158
X-n214-k11,213,grocery,ortools:nominal_seed103_or_tools,nominal_seed103_or_tools,ortools,True,True,True,11,12995.0,5.001307010650635,1.0319812297821045,6.033288240432739,10356.0,0.9973035439137136,pulp_cbc,mean_domain_loss,3313.522796150092,,180,60,True,11525.098152614886,11542.610363831476,13483.907107768657,13521.958776987056,4858.0899994964375,10384.0000066,16308.522796150091,18004.05283326847,19888.088282717006,1368.635597364433,2330.146971379286,0.4737558685446009,1172.534466996528,3313.522796150092,0.0,high,1.0,3313.522796150092,3311.1987584756025,0.0007018719938030087
X-n214-k11,213,grocery,ortools:proxy_mean_scaled_seed109_or_tools,proxy_mean_scaled_seed109_or_tools,ortools,True,True,True,11,13296.0,4.99175763130188,1.1167337894439695,6.10849142074585,10332.080000000002,0.9950000000000002,pulp_cbc,mean_domain_loss,3313.8905595910346,,180,60,True,11525.098152614886,11542.610363831476,13483.907107768657,13521.958776987056,4857.1832267726295,10384.000009,16609.890559591033,18277.986583691763,20185.14321016977,1368.501488527761,2316.949381987122,0.4729107981220657,1172.4003605598564,3313.8905595910346,0.0,high,1.0,3313.8905595910346,3311.1987584756025,0.000812938549382442
X-n214-k11,213,grocery,ortools:quantile_p75_scaled_or_tools,quantile_p75_scaled_or_tools,ortools,True,True,True,11,13083.0,5.001141548156738,1.178410530090332,6.17955207824707,10332.080000000002,0.9950000000000002,pulp_cbc,mean_domain_loss,3314.9136904212505,,180,60,True,11525.098152614886,11542.610363831476,13483.907107768657,13521.958776987056,4858.174807093434,10383.9999978,16397.91369042125,18091.89149647745,19978.82393341441,1369.7169387761996,2328.565688399754,0.4751643192488263,1173.6157996082943,3314.9136904212505,0.0,high,1.0,3314.9136904212505,3311.1987584756025,0.0011219296142036097
X-n214-k11,213,grocery,ortools:robust_mean_1std_scaled_or_tools,robust_mean_1std_scaled_or_tools,ortools,True,True,True,11,13723.0,5.010787725448608,1.1244237422943115,6.13521146774292,10332.079999999998,0.9949999999999998,pulp_cbc,mean_domain_loss,3318.791831942527,,180,60,True,11525.098152614886,11542.610363831476,13483.907107768657,13521.958776987056,4866.865129664156,10384.0000064,17041.791831942526,18759.94643804588,20614.22709783541,1371.8505263605914,2340.672570233754,0.4797652582159624,1175.7493957926868,3318.791831942527,0.0,high,1.0,3318.791831942527,3311.1987584756025,0.002293149406235055
X-n214-k11,213,grocery,ortools:robust_mean_1std_scaled_seed113_or_tools,robust_mean_1std_scaled_seed113_or_tools,ortools,True,True,True,11,12782.0,5.0031898021698,1.1798269748687744,6.183016777038574,10332.079999999998,0.9949999999999998,pulp_cbc,mean_domain_loss,3321.059765513735,,180,60,True,11525.098152614886,11542.610363831476,13483.907107768657,13521.958776987056,4865.906821223933,10384.000005500002,16103.059765513732,17789.436647957627,19680.63874803452,1372.5859907459342,2329.0378259347312,0.4767605633802816,1176.4848592780295,3321.059765513735,0.0,high,1.0,3321.059765513735,3311.1987584756025,0.002978077656284255
X-n214-k11,213,grocery,ortools:quantile_p90_scaled_or_tools,quantile_p90_scaled_or_tools,ortools,True,True,True,11,12479.0,5.01072883605957,1.1739206314086914,6.184649467468262,10332.080000000002,0.9950000000000002,pulp_cbc,mean_domain_loss,3325.02850456377,,180,60,True,11525.098152614886,11542.610363831476,13483.907107768657,13521.958776987056,4868.57238244873,10383.9999995,15804.02850456377,17486.339358945104,19380.30388208715,1374.6117746201985,2329.9903682836484,0.4794366197183098,1178.5106371522938,3325.02850456377,0.0,high,1.0,3325.02850456377,3311.1987584756025,0.004176658393812202
X-n214-k11,213,grocery,ortools:robust_mean_2std_scaled_or_tools,robust_mean_2std_scaled_or_tools,ortools,True,True,True,11,13222.0,5.0007054805755615,1.2266976833343506,6.227403163909912,10332.08,0.995,pulp_cbc,mean_domain_loss,3326.962442149527,,180,60,True,11525.098152614886,11542.610363831476,13483.907107768657,13521.958776987056,4872.805792483014,10384.0000058,16548.96244214953,18243.10193724901,20119.670049996734,1375.4167088900213,2336.4953841487268,0.4776525821596244,1179.3155777221166,3326.962442149527,0.0,high,1.0,3326.962442149527,3311.1987584756025,0.004760718043148084
X-n219-k73,218,atm,ortools:robust_mean_1std_scaled_seed113_or_tools,robust_mean_1std_scaled_seed113_or_tools,ortools,True,True,True,73,118129.0,4.997730016708374,0.9002571105957031,5.897987127304077,217.90500000000003,0.995,pulp_cbc,mean_domain_loss,105.12756409537074,,180,60,True,242.376031709029,242.8534714087248,287.4950894029832,287.6885078827544,204.1979142089692,218.99999978,118234.12756409535,118332.37332618875,118414.3165157294,27.9737171730559,56.32492879480138,0.4762844036697247,22.923560114770847,105.12756409537074,0.0,high,2.0,105.12756409537074,105.12756409537074,0.0
X-n219-k73,218,atm,ortools:nominal_or_tools,nominal_or_tools,ortools,True,True,True,73,118409.0,4.996356248855591,0.9606044292449952,5.956960678100586,218.0,0.9954337899543378,pulp_cbc,mean_domain_loss,105.15745135759056,,180,60,True,242.376031709029,242.8534714087248,287.4950894029832,287.6885078827544,204.24892641199693,218.99999961,118514.15745135758,118611.83669575848,118694.31383813523,27.995285015216176,56.26442195714017,0.4765596330275229,22.945127786931124,105.15745135759056,0.0,high,2.0,105.15745135759056,105.12756409537074,0.0002842952034226022
X-n219-k73,218,atm,ortools:proxy_mean_or_tools,proxy_mean_or_tools,ortools,True,True,True,73,118409.0,5.00426983833313,0.9856009483337402,5.98987078666687,242.376031709029,1.106739870817484,pulp_cbc,mean_domain_loss,105.15745135759056,,180,60,True,242.376031709029,242.8534714087248,287.4950894029832,287.6885078827544,204.24892641199693,218.99999961,118514.15745135758,118611.83669575848,118694.31383813523,27.995285015216176,56.26442195714017,0.4765596330275229,22.945127786931124,105.15745135759056,0.0,high,2.0,105.15745135759056,105.12756409537074,0.0002842952034226022
X-n219-k73,218,atm,ortools:proxy_mean_scaled_or_tools,proxy_mean_scaled_or_tools,ortools,True,True,True,73,118409.0,4.998886585235596,0.966937780380249,5.965824365615845,217.905,0.995,pulp_cbc,mean_domain_loss,105.15745135759056,,180,60,True,242.376031709029,242.8534714087248,287.4950894029832,287.6885078827544,204.24892641199693,218.99999961,118514.15745135758,118611.83669575848,118694.31383813523,27.995285015216176,56.26442195714017,0.4765596330275229,22.945127786931124,105.15745135759056,0.0,high,2.0,105.15745135759056,105.12756409537074,0.0002842952034226022
X-n219-k73,218,atm,ortools:quantile_p75_or_tools,quantile_p75_or_tools,ortools,True,True,True,73,118409.0,4.996911287307739,0.9695017337799072,5.966413021087647,279.5538247444189,1.2765014828512278,pulp_cbc,mean_domain_loss,105.15745135759056,,180,60,True,242.376031709029,242.8534714087248,287.4950894029832,287.6885078827544,204.24892641199693,218.99999961,118514.15745135758,118611.83669575848,118694.31383813523,27.995285015216176,56.26442195714017,0.4765596330275229,22.945127786931124,105.15745135759056,0.0,high,2.0,105.15745135759056,105.12756409537074,0.0002842952034226022
X-n219-k73,218,atm,ortools:quantile_p75_scaled_or_tools,quantile_p75_scaled_or_tools,ortools,True,True,True,73,118409.0,5.029176473617554,1.0310046672821045,6.060181140899658,217.905,0.995,pulp_cbc,mean_domain_loss,105.15745135759056,,180,60,True,242.376031709029,242.8534714087248,287.4950894029832,287.6885078827544,204.24892641199693,218.99999961,118514.15745135758,118611.83669575848,118694.31383813523,27.995285015216176,56.26442195714017,0.4765596330275229,22.945127786931124,105.15745135759056,0.0,high,2.0,105.15745135759056,105.12756409537074,0.0002842952034226022
X-n219-k73,218,atm,ortools:quantile_p90_scaled_or_tools,quantile_p90_scaled_or_tools,ortools,True,True,True,73,118409.0,5.002725124359131,0.9664697647094728,5.969194889068604,217.90500000000003,0.995,pulp_cbc,mean_domain_loss,105.15745135759056,,180,60,True,242.376031709029,242.8534714087248,287.4950894029832,287.6885078827544,204.24892641199693,218.99999961,118514.15745135758,118611.83669575848,118694.31383813523,27.995285015216176,56.26442195714017,0.4765596330275229,22.945127786931124,105.15745135759056,0.0,high,2.0,105.15745135759056,105.12756409537074,0.0002842952034226022
X-n219-k73,218,atm,ortools:robust_mean_1std_scaled_or_tools,robust_mean_1std_scaled_or_tools,ortools,True,True,True,73,118409.0,4.993685483932495,1.0087380409240725,6.002423524856567,217.90500000000003,0.995,pulp_cbc,mean_domain_loss,105.15745135759056,,180,60,True,242.376031709029,242.8534714087248,287.4950894029832,287.6885078827544,204.24892641199693,218.99999961,118514.15745135758,118611.83669575848,118694.31383813523,27.995285015216176,56.26442195714017,0.4765596330275229,22.945127786931124,105.15745135759056,0.0,high,2.0,105.15745135759056,105.12756409537074,0.0002842952034226022
X-n219-k73,218,atm,ortools:robust_mean_2std_scaled_or_tools,robust_mean_2std_scaled_or_tools,ortools,True,True,True,73,118409.0,4.997030973434448,0.92773175239563,5.924762725830078,217.905,0.995,pulp_cbc,mean_domain_loss,105.15745135759056,,180,60,True,242.376031709029,242.8534714087248,287.4950894029832,287.6885078827544,204.24892641199693,218.99999961,118514.15745135758,118611.83669575848,118694.31383813523,27.995285015216176,56.26442195714017,0.4765596330275229,22.945127786931124,105.15745135759056,0.0,high,2.0,105.15745135759056,105.12756409537074,0.0002842952034226022
X-n219-k73,218,atm,ortools:quantile_p75_scaled_seed107_or_tools,quantile_p75_scaled_seed107_or_tools,ortools,True,True,True,73,118477.0,4.988832473754883,0.9435796737670898,5.932412147521973,217.905,0.995,pulp_cbc,mean_domain_loss,105.1729882638815,,180,60,True,242.376031709029,242.8534714087248,287.4950894029832,287.6885078827544,204.18851770749063,218.99999938,118582.17298826388,118680.15248666557,118762.27441463638,27.98318957656281,56.41578305661403,0.4752293577981651,22.93303211827777,105.1729882638815,0.0,high,2.0,105.1729882638815,105.12756409537074,0.00043208618882822084
X-n219-k73,218,atm,ortools:nominal_seed101_or_tools,nominal_seed101_or_tools,ortools,True,True,True,73,118147.0,5.008578062057495,0.9674499034881592,5.976027965545654,218.0,0.9954337899543378,pulp_cbc,mean_domain_loss,105.19441282386438,,180,60,True,242.376031709029,242.8534714087248,287.4950894029832,287.6885078827544,204.17092849269875,218.99999958,118252.19441282388,118350.27929351332,118432.26710520868,27.99402923833824,56.40606611144984,0.4762844036697247,22.94387198005318,105.19441282386438,0.0,high,2.0,105.19441282386438,105.12756409537074,0.0006358820264587739
X-n219-k73,218,atm,ortools:proxy_mean_scaled_seed109_or_tools,proxy_mean_scaled_seed109_or_tools,ortools,True,True,True,73,118395.0,5.001729965209961,1.0085229873657229,6.010252952575684,217.905,0.995,pulp_cbc,mean_domain_loss,105.19678752564828,,180,60,True,242.376031709029,242.8534714087248,287.4950894029832,287.6885078827544,204.1791054967341,218.99999953,118500.19678752564,118598.0638730724,118680.37321158232,27.99445375562976,56.39327631737253,0.4754128440366972,22.944296447344705,105.19678752564828,0.0,high,2.0,105.19678752564828,105.12756409537074,0.0006584707909215228
X-n219-k73,218,atm,ortools:nominal_seed103_or_tools,nominal_seed103_or_tools,ortools,True,True,True,73,118124.0,4.996567487716675,0.9994018077850342,5.995969295501709,218.0,0.9954337899543378,pulp_cbc,mean_domain_loss,105.26795637800892,,180,60,True,242.376031709029,242.8534714087248,287.4950894029832,287.6885078827544,204.1179631355764,219.0000001,118229.267956378,118327.55322017564,118409.55103807389,28.01929571034209,56.22055967959433,0.4772018348623853,22.96913897205705,105.26795637800892,0.0,high,2.0,105.26795637800892,105.12756409537074,0.0013354469291308978
X-n219-k73,218,cargo,ortools:robust_mean_1std_scaled_seed113_or_tools,robust_mean_1std_scaled_seed113_or_tools,ortools,True,True,True,73,118129.0,4.997730016708374,0.9151926040649414,5.912922620773315,217.90500000000003,0.995,pulp_cbc,mean_domain_loss,79.88575637547017,,180,60,True,242.376031709029,242.8534714087248,287.4950894029832,287.6885078827544,185.83833697931755,218.99999997,118208.88575637549,118284.88247838184,118347.43317385508,27.96560822972106,56.06873142483284,0.4736238532110092,22.915451361436,79.88575637547017,0.0,high,2.0,79.88575637547017,79.88575637547017,0.0
X-n219-k73,218,cargo,ortools:nominal_seed101_or_tools,nominal_seed101_or_tools,ortools,True,True,True,73,118147.0,5.008578062057495,1.0037267208099363,6.012304782867432,218.0,0.9954337899543378,pulp_cbc,mean_domain_loss,79.93716412869252,,180,60,True,242.376031709029,242.8534714087248,287.4950894029832,287.6885078827544,185.8284444394901,219.00000005,118226.9371641287,118302.680312848,118365.46186702327,27.98829266901976,56.211720800696334,0.4744036697247706,22.938135880734706,79.93716412869252,0.0,high,2.0,79.93716412869252,79.88575637547017,0.000643515885118851
X-n219-k73,218,cargo,ortools:proxy_mean_scaled_seed109_or_tools,proxy_mean_scaled_seed109_or_tools,ortools,True,True,True,73,118395.0,5.001729965209961,0.9427587985992432,5.944488763809204,217.905,0.995,pulp_cbc,mean_domain_loss,79.95930207265482,,180,60,True,242.376031709029,242.8534714087248,287.4950894029832,287.6885078827544,185.85646555419143,219.0,118474.95930207265,118550.20975801456,118613.62163103558,27.985532018466497,56.15841118199585,0.4729357798165137,22.935375180181435,79.95930207265482,0.0,high,2.0,79.95930207265482,79.88575637547017,0.000920635924619461
X-n219-k73,218,cargo,ortools:nominal_or_tools,nominal_or_tools,ortools,True,True,True,73,118409.0,4.996356248855591,0.9740712642669678,5.970427513122559,218.0,0.9954337899543378,pulp_cbc,mean_domain_loss,79.95994834386953,,180,60,True,242.376031709029,242.8534714087248,287.4950894029832,287.6885078827544,185.91736754155025,219.00000009,118488.95994834388,118564.14706487214,118627.5715264486,27.99694825428066,56.16297351072815,0.4738532110091743,22.946791505995613,79.95994834386953,0.0,high,2.0,79.95994834386953,79.88575637547017,0.0009287258676083961
X-n219-k73,218,cargo,ortools:proxy_mean_or_tools,proxy_mean_or_tools,ortools,True,True,True,73,118409.0,5.00426983833313,1.028740167617798,6.033010005950928,242.376031709029,1.106739870817484,pulp_cbc,mean_domain_loss,79.95994834386953,,180,60,True,242.376031709029,242.8534714087248,287.4950894029832,287.6885078827544,185.91736754155025,219.00000009,118488.95994834388,118564.14706487214,118627.5715264486,27.99694825428066,56.16297351072815,0.4738532110091743,22.946791505995613,79.95994834386953,0.0,high,2.0,79.95994834386953,79.88575637547017,0.0009287258676083961
X-n219-k73,218,cargo,ortools:proxy_mean_scaled_or_tools,proxy_mean_scaled_or_tools,ortools,True,True,True,73,118409.0,4.998886585235596,1.0977373123168943,6.09662389755249,217.905,0.995,pulp_cbc,mean_domain_loss,79.95994834386953,,180,60,True,242.376031709029,242.8534714087248,287.4950894029832,287.6885078827544,185.91736754155025,219.00000009,118488.95994834388,118564.14706487214,118627.5715264486,27.99694825428066,56.16297351072815,0.4738532110091743,22.946791505995613,79.95994834386953,0.0,high,2.0,79.95994834386953,79.88575637547017,0.0009287258676083961
X-n219-k73,218,cargo,ortools:quantile_p75_or_tools,quantile_p75_or_tools,ortools,True,True,True,73,118409.0,4.996911287307739,1.0273008346557615,6.024212121963501,279.5538247444189,1.2765014828512278,pulp_cbc,mean_domain_loss,79.95994834386953,,180,60,True,242.376031709029,242.8534714087248,287.4950894029832,287.6885078827544,185.91736754155025,219.00000009,118488.95994834388,118564.14706487214,118627.5715264486,27.99694825428066,56.16297351072815,0.4738532110091743,22.946791505995613,79.95994834386953,0.0,high,2.0,79.95994834386953,79.88575637547017,0.0009287258676083961
X-n219-k73,218,cargo,ortools:quantile_p75_scaled_or_tools,quantile_p75_scaled_or_tools,ortools,True,True,True,73,118409.0,5.029176473617554,1.0334985256195068,6.0626749992370605,217.905,0.995,pulp_cbc,mean_domain_loss,79.95994834386953,,180,60,True,242.376031709029,242.8534714087248,287.4950894029832,287.6885078827544,185.91736754155025,219.00000009,118488.95994834388,118564.14706487214,118627.5715264486,27.99694825428066,56.16297351072815,0.4738532110091743,22.946791505995613,79.95994834386953,0.0,high,2.0,79.95994834386953,79.88575637547017,0.0009287258676083961
X-n219-k73,218,cargo,ortools:quantile_p90_scaled_or_tools,quantile_p90_scaled_or_tools,ortools,True,True,True,73,118409.0,5.002725124359131,0.994431734085083,5.997156858444214,217.90500000000003,0.995,pulp_cbc,mean_domain_loss,79.95994834386953,,180,60,True,242.376031709029,242.8534714087248,287.4950894029832,287.6885078827544,185.91736754155025,219.00000009,118488.95994834388,118564.14706487214,118627.5715264486,27.99694825428066,56.16297351072815,0.4738532110091743,22.946791505995613,79.95994834386953,0.0,high,2.0,79.95994834386953,79.88575637547017,0.0009287258676083961
X-n219-k73,218,cargo,ortools:robust_mean_1std_scaled_or_tools,robust_mean_1std_scaled_or_tools,ortools,True,True,True,73,118409.0,4.993685483932495,0.974398136138916,5.968083620071411,217.90500000000003,0.995,pulp_cbc,mean_domain_loss,79.95994834386953,,180,60,True,242.376031709029,242.8534714087248,287.4950894029832,287.6885078827544,185.91736754155025,219.00000009,118488.95994834388,118564.14706487214,118627.5715264486,27.99694825428066,56.16297351072815,0.4738532110091743,22.946791505995613,79.95994834386953,0.0,high,2.0,79.95994834386953,79.88575637547017,0.0009287258676083961
X-n219-k73,218,cargo,ortools:robust_mean_2std_scaled_or_tools,robust_mean_2std_scaled_or_tools,ortools,True,True,True,73,118409.0,4.997030973434448,1.059699296951294,6.056730270385742,217.905,0.995,pulp_cbc,mean_domain_loss,79.95994834386953,,180,60,True,242.376031709029,242.8534714087248,287.4950894029832,287.6885078827544,185.91736754155025,219.00000009,118488.95994834388,118564.14706487214,118627.5715264486,27.99694825428066,56.16297351072815,0.4738532110091743,22.946791505995613,79.95994834386953,0.0,high,2.0,79.95994834386953,79.88575637547017,0.0009287258676083961
X-n219-k73,218,cargo,ortools:quantile_p75_scaled_seed107_or_tools,quantile_p75_scaled_seed107_or_tools,ortools,True,True,True,73,118477.0,4.988832473754883,0.9806764125823976,5.96950888633728,217.905,0.995,pulp_cbc,mean_domain_loss,79.96326959991836,,180,60,True,242.376031709029,242.8534714087248,287.4950894029832,287.6885078827544,185.86012840008985,219.0000001,118556.9632695999,118631.94938300196,118695.5423080003,27.98485651246351,56.27184845823735,0.4730275229357798,22.93469977417846,79.96326959991836,0.0,high,2.0,79.96326959991836,79.88575637547017,0.0009703009393048441
X-n219-k73,218,cargo,ortools:nominal_seed103_or_tools,nominal_seed103_or_tools,ortools,True,True,True,73,118124.0,4.996567487716675,0.9625601768493652,5.95912766456604,218.0,0.9954337899543378,pulp_cbc,mean_domain_loss,79.98492056254612,,180,60,True,242.376031709029,242.8534714087248,287.4950894029832,287.6885078827544,185.80041862380784,219.0000004,118203.98492056257,118279.78159845094,118342.69425151464,28.00119907228046,55.99288671379713,0.475,22.951042633995403,79.98492056254612,0.0,high,2.0,79.98492056254612,79.88575637547017,0.0012413250067994101
X-n219-k73,218,cold_chain,ortools:robust_mean_1std_scaled_seed113_or_tools,robust_mean_1std_scaled_seed113_or_tools,ortools,True,True,True,73,118129.0,4.997730016708374,0.9227774143218994,5.920507431030273,217.90500000000003,0.995,pulp_cbc,mean_domain_loss,91.72757142424726,,180,60,True,242.376031709029,242.8534714087248,287.4950894029832,287.6885078827544,207.08493282324864,218.95377098,118260.63309620328,118320.63846301482,118378.4431019985,27.94745907028891,56.1366684245057,0.4725229357798165,22.851073212003858,91.72757142424726,39.905524779049664,high,2.0,91.72757142424726,91.72757142424726,0.0
X-n219-k73,218,cold_chain,ortools:proxy_mean_scaled_seed109_or_tools,proxy_mean_scaled_seed109_or_tools,ortools,True,True,True,73,118395.0,5.001729965209961,0.9722855091094972,5.974015474319458,217.905,0.995,pulp_cbc,mean_domain_loss,91.77380047488272,,180,60,True,242.376031709029,242.8534714087248,287.4950894029832,287.6885078827544,207.08198972765183,218.95377047,118526.69174071672,118586.89058219412,118644.58789829076,27.965945600351645,56.21742793461405,0.4731192660550459,22.8695592320666,91.77380047488272,39.91794024182534,high,2.0,91.77380047488272,91.72757142424726,0.0005039820625103827
X-n219-k73,218,cold_chain,ortools:nominal_seed101_or_tools,nominal_seed101_or_tools,ortools,True,True,True,73,118147.0,5.008578062057495,1.041428565979004,6.050006628036499,218.0,0.9954337899543378,pulp_cbc,mean_domain_loss,91.78006343269352,,180,60,True,242.376031709029,242.8534714087248,287.4950894029832,287.6885078827544,207.10780884234552,218.95377108,118278.72852727064,118339.16450153932,118396.45373840808,27.96426518820941,56.28632989229834,0.4743119266055046,22.86787942992437,91.78006343269352,39.94846383795068,high,2.0,91.78006343269352,91.72757142424726,0.0005722598737895864
X-n219-k73,218,cold_chain,ortools:nominal_or_tools,nominal_or_tools,ortools,True,True,True,73,118409.0,4.996356248855591,0.9455881118774414,5.941944360733032,218.0,0.9954337899543378,pulp_cbc,mean_domain_loss,91.79799193595645,,180,60,True,242.376031709029,242.8534714087248,287.4950894029832,287.6885078827544,207.2313124099847,218.9537704,118540.77774208732,118600.43667007126,118658.61027817545,27.979400917778847,56.10604474334298,0.4736238532110092,22.8830144794938,91.79799193595645,39.97975015137228,high,2.0,91.79799193595645,91.72757142424726,0.0007677136832009534
X-n219-k73,218,cold_chain,ortools:proxy_mean_or_tools,proxy_mean_or_tools,ortools,True,True,True,73,118409.0,5.00426983833313,0.9425480365753174,5.946817874908447,242.376031709029,1.106739870817484,pulp_cbc,mean_domain_loss,91.79799193595645,,180,60,True,242.376031709029,242.8534714087248,287.4950894029832,287.6885078827544,207.2313124099847,218.9537704,118540.77774208732,118600.43667007126,118658.61027817545,27.979400917778847,56.10604474334298,0.4736238532110092,22.8830144794938,91.79799193595645,39.97975015137228,high,2.0,91.79799193595645,91.72757142424726,0.0007677136832009534
X-n219-k73,218,cold_chain,ortools:proxy_mean_scaled_or_tools,proxy_mean_scaled_or_tools,ortools,True,True,True,73,118409.0,4.998886585235596,1.1505753993988037,6.149461984634399,217.905,0.995,pulp_cbc,mean_domain_loss,91.79799193595645,,180,60,True,242.376031709029,242.8534714087248,287.4950894029832,287.6885078827544,207.2313124099847,218.9537704,118540.77774208732,118600.43667007126,118658.61027817545,27.979400917778847,56.10604474334298,0.4736238532110092,22.8830144794938,91.79799193595645,39.97975015137228,high,2.0,91.79799193595645,91.72757142424726,0.0007677136832009534
X-n219-k73,218,cold_chain,ortools:quantile_p75_or_tools,quantile_p75_or_tools,ortools,True,True,True,73,118409.0,4.996911287307739,1.1430702209472656,6.139981508255005,279.5538247444189,1.2765014828512278,pulp_cbc,mean_domain_loss,91.79799193595645,,180,60,True,242.376031709029,242.8534714087248,287.4950894029832,287.6885078827544,207.2313124099847,218.9537704,118540.77774208732,118600.43667007126,118658.61027817545,27.979400917778847,56.10604474334298,0.4736238532110092,22.8830144794938,91.79799193595645,39.97975015137228,high,2.0,91.79799193595645,91.72757142424726,0.0007677136832009534
X-n219-k73,218,cold_chain,ortools:quantile_p75_scaled_or_tools,quantile_p75_scaled_or_tools,ortools,True,True,True,73,118409.0,5.029176473617554,0.9979639053344728,6.027140378952026,217.905,0.995,pulp_cbc,mean_domain_loss,91.79799193595645,,180,60,True,242.376031709029,242.8534714087248,287.4950894029832,287.6885078827544,207.2313124099847,218.9537704,118540.77774208732,118600.43667007126,118658.61027817545,27.979400917778847,56.10604474334298,0.4736238532110092,22.8830144794938,91.79799193595645,39.97975015137228,high,2.0,91.79799193595645,91.72757142424726,0.0007677136832009534
X-n219-k73,218,cold_chain,ortools:quantile_p90_scaled_or_tools,quantile_p90_scaled_or_tools,ortools,True,True,True,73,118409.0,5.002725124359131,0.966792106628418,5.969517230987549,217.90500000000003,0.995,pulp_cbc,mean_domain_loss,91.79799193595645,,180,60,True,242.376031709029,242.8534714087248,287.4950894029832,287.6885078827544,207.2313124099847,218.9537704,118540.77774208732,118600.43667007126,118658.61027817545,27.979400917778847,56.10604474334298,0.4736238532110092,22.8830144794938,91.79799193595645,39.97975015137228,high,2.0,91.79799193595645,91.72757142424726,0.0007677136832009534
X-n219-k73,218,cold_chain,ortools:robust_mean_1std_scaled_or_tools,robust_mean_1std_scaled_or_tools,ortools,True,True,True,73,118409.0,4.993685483932495,0.9754464626312256,5.969131946563721,217.90500000000003,0.995,pulp_cbc,mean_domain_loss,91.79799193595645,,180,60,True,242.376031709029,242.8534714087248,287.4950894029832,287.6885078827544,207.2313124099847,218.9537704,118540.77774208732,118600.43667007126,118658.61027817545,27.979400917778847,56.10604474334298,0.4736238532110092,22.8830144794938,91.79799193595645,39.97975015137228,high,2.0,91.79799193595645,91.72757142424726,0.0007677136832009534
X-n219-k73,218,cold_chain,ortools:robust_mean_2std_scaled_or_tools,robust_mean_2std_scaled_or_tools,ortools,True,True,True,73,118409.0,4.997030973434448,0.9716963768005372,5.968727350234985,217.905,0.995,pulp_cbc,mean_domain_loss,91.79799193595645,,180,60,True,242.376031709029,242.8534714087248,287.4950894029832,287.6885078827544,207.2313124099847,218.9537704,118540.77774208732,118600.43667007126,118658.61027817545,27.979400917778847,56.10604474334298,0.4736238532110092,22.8830144794938,91.79799193595645,39.97975015137228,high,2.0,91.79799193595645,91.72757142424726,0.0007677136832009534
X-n219-k73,218,cold_chain,ortools:nominal_seed103_or_tools,nominal_seed103_or_tools,ortools,True,True,True,73,118124.0,4.996567487716675,0.9471054077148438,5.943672895431519,218.0,0.9954337899543378,pulp_cbc,mean_domain_loss,91.8472955668466,,180,60,True,242.376031709029,242.8534714087248,287.4950894029832,287.6885078827544,207.0606029623893,218.95377044,118255.79268995726,118315.54580058822,118373.80645082204,27.990965351102204,56.044256233797135,0.4756422018348624,22.894578952817152,91.8472955668466,39.94539439043822,high,2.0,91.8472955668466,91.72757142424726,0.0013052143509349513
X-n219-k73,218,cold_chain,ortools:quantile_p75_scaled_seed107_or_tools,quantile_p75_scaled_seed107_or_tools,ortools,True,True,True,73,118477.0,4.988832473754883,0.9663486480712892,5.955181121826172,217.905,0.995,pulp_cbc,mean_domain_loss,91.85343474350891,,180,60,True,242.376031709029,242.8534714087248,287.4950894029832,287.6885078827544,207.03088837801948,218.95377031,118608.71344815994,118669.00491041146,118726.45940929008,27.98690012849209,56.26341389770821,0.473348623853211,22.89051360020704,91.85343474350891,39.86001341643902,high,2.0,91.85343474350891,91.72757142424726,0.001372142719003499
X-n219-k73,218,grocery,ortools:robust_mean_1std_scaled_seed113_or_tools,robust_mean_1std_scaled_seed113_or_tools,ortools,True,True,True,73,118129.0,4.997730016708374,0.9830355644226074,5.980765581130981,217.90500000000003,0.995,pulp_cbc,mean_domain_loss,64.90835306205156,,180,60,True,242.376031709029,242.8534714087248,287.4950894029832,287.6885078827544,94.85385945523969,218.99999997,118193.90835306206,118241.45889036312,118285.27814086282,27.96023612644732,56.24090832587953,0.4749082568807339,22.91007925816227,64.90835306205156,0.0,high,2.0,64.90835306205156,64.90835306205156,0.0
X-n219-k73,218,grocery,ortools:nominal_seed101_or_tools,nominal_seed101_or_tools,ortools,True,True,True,73,118147.0,5.008578062057495,1.1137433052062988,6.122321367263794,218.0,0.9954337899543378,pulp_cbc,mean_domain_loss,64.91091606766491,,180,60,True,242.376031709029,242.8534714087248,287.4950894029832,287.6885078827544,94.84251504298518,219.00000017,118211.91091606766,118259.81352523455,118303.24539453795,27.97280474443174,56.40884435865264,0.4757339449541284,22.922648076146693,64.91091606766491,0.0,high,2.0,64.91091606766491,64.90835306205156,3.948652973683452e-05
X-n219-k73,218,grocery,ortools:nominal_or_tools,nominal_or_tools,ortools,True,True,True,73,118409.0,4.996356248855591,0.9768714904785156,5.973227739334106,218.0,0.9954337899543378,pulp_cbc,mean_domain_loss,64.91442993801611,,180,60,True,242.376031709029,242.8534714087248,287.4950894029832,287.6885078827544,94.88264610050318,218.99999979,118473.914429938,118521.28766149963,118565.24410569358,27.97943221724589,56.21660718120898,0.4758715596330275,22.92927516896085,64.91442993801611,0.0,high,2.0,64.91442993801611,64.90835306205156,9.362240263195748e-05
X-n219-k73,218,grocery,ortools:proxy_mean_or_tools,proxy_mean_or_tools,ortools,True,True,True,73,118409.0,5.00426983833313,0.9841618537902832,5.988431692123413,242.376031709029,1.106739870817484,pulp_cbc,mean_domain_loss,64.91442993801611,,180,60,True,242.376031709029,242.8534714087248,287.4950894029832,287.6885078827544,94.88264610050318,218.99999979,118473.914429938,118521.28766149963,118565.24410569358,27.97943221724589,56.21660718120898,0.4758715596330275,22.92927516896085,64.91442993801611,0.0,high,2.0,64.91442993801611,64.90835306205156,9.362240263195748e-05
X-n219-k73,218,grocery,ortools:proxy_mean_scaled_or_tools,proxy_mean_scaled_or_tools,ortools,True,True,True,73,118409.0,4.998886585235596,1.0112504959106443,6.01013708114624,217.905,0.995,pulp_cbc,mean_domain_loss,64.91442993801611,,180,60,True,242.376031709029,242.8534714087248,287.4950894029832,287.6885078827544,94.88264610050318,218.99999979,118473.914429938,118521.28766149963,118565.24410569358,27.97943221724589,56.21660718120898,0.4758715596330275,22.92927516896085,64.91442993801611,0.0,high,2.0,64.91442993801611,64.90835306205156,9.362240263195748e-05
X-n219-k73,218,grocery,ortools:quantile_p75_or_tools,quantile_p75_or_tools,ortools,True,True,True,73,118409.0,4.996911287307739,1.1186423301696775,6.115553617477417,279.5538247444189,1.2765014828512278,pulp_cbc,mean_domain_loss,64.91442993801611,,180,60,True,242.376031709029,242.8534714087248,287.4950894029832,287.6885078827544,94.88264610050318,218.99999979,118473.914429938,118521.28766149963,118565.24410569358,27.97943221724589,56.21660718120898,0.4758715596330275,22.92927516896085,64.91442993801611,0.0,high,2.0,64.91442993801611,64.90835306205156,9.362240263195748e-05
X-n219-k73,218,grocery,ortools:quantile_p75_scaled_or_tools,quantile_p75_scaled_or_tools,ortools,True,True,True,73,118409.0,5.029176473617554,1.032844066619873,6.062020540237427,217.905,0.995,pulp_cbc,mean_domain_loss,64.91442993801611,,180,60,True,242.376031709029,242.8534714087248,287.4950894029832,287.6885078827544,94.88264610050318,218.99999979,118473.914429938,118521.28766149963,118565.24410569358,27.97943221724589,56.21660718120898,0.4758715596330275,22.92927516896085,64.91442993801611,0.0,high,2.0,64.91442993801611,64.90835306205156,9.362240263195748e-05
X-n219-k73,218,grocery,ortools:quantile_p90_scaled_or_tools,quantile_p90_scaled_or_tools,ortools,True,True,True,73,118409.0,5.002725124359131,0.9964423179626464,5.999167442321777,217.90500000000003,0.995,pulp_cbc,mean_domain_loss,64.91442993801611,,180,60,True,242.376031709029,242.8534714087248,287.4950894029832,287.6885078827544,94.88264610050318,218.99999979,118473.914429938,118521.28766149963,118565.24410569358,27.97943221724589,56.21660718120898,0.4758715596330275,22.92927516896085,64.91442993801611,0.0,high,2.0,64.91442993801611,64.90835306205156,9.362240263195748e-05
X-n219-k73,218,grocery,ortools:robust_mean_1std_scaled_or_tools,robust_mean_1std_scaled_or_tools,ortools,True,True,True,73,118409.0,4.993685483932495,0.9855759143829346,5.97926139831543,217.90500000000003,0.995,pulp_cbc,mean_domain_loss,64.91442993801611,,180,60,True,242.376031709029,242.8534714087248,287.4950894029832,287.6885078827544,94.88264610050318,218.99999979,118473.914429938,118521.28766149963,118565.24410569358,27.97943221724589,56.21660718120898,0.4758715596330275,22.92927516896085,64.91442993801611,0.0,high,2.0,64.91442993801611,64.90835306205156,9.362240263195748e-05
X-n219-k73,218,grocery,ortools:robust_mean_2std_scaled_or_tools,robust_mean_2std_scaled_or_tools,ortools,True,True,True,73,118409.0,4.997030973434448,0.9875333309173584,5.984564304351807,217.905,0.995,pulp_cbc,mean_domain_loss,64.91442993801611,,180,60,True,242.376031709029,242.8534714087248,287.4950894029832,287.6885078827544,94.88264610050318,218.99999979,118473.914429938,118521.28766149963,118565.24410569358,27.97943221724589,56.21660718120898,0.4758715596330275,22.92927516896085,64.91442993801611,0.0,high,2.0,64.91442993801611,64.90835306205156,9.362240263195748e-05
X-n219-k73,218,grocery,ortools:quantile_p75_scaled_seed107_or_tools,quantile_p75_scaled_seed107_or_tools,ortools,True,True,True,73,118477.0,4.988832473754883,0.9449551105499268,5.93378758430481,217.905,0.995,pulp_cbc,mean_domain_loss,64.92434524441275,,180,60,True,242.376031709029,242.8534714087248,287.4950894029832,287.6885078827544,94.8378153048461,218.99999997000003,118541.92434524444,118589.70163091892,118633.20634821703,27.96843819913048,56.350927930336056,0.475045871559633,22.918281330845435,64.92434524441275,0.0,high,2.0,64.92434524441275,64.90835306205156,0.0002463809603349485
X-n219-k73,218,grocery,ortools:proxy_mean_scaled_seed109_or_tools,proxy_mean_scaled_seed109_or_tools,ortools,True,True,True,73,118395.0,5.001729965209961,0.9573299884796144,5.959059953689575,217.905,0.995,pulp_cbc,mean_domain_loss,64.93979367951499,,180,60,True,242.376031709029,242.8534714087248,287.4950894029832,287.6885078827544,94.8324121736906,219.00000022,118459.93979367948,118507.63686627548,118551.27763708078,27.97987195932924,56.3266278819699,0.4754587155963303,22.92971534104418,64.93979367951499,0.0,high,2.0,64.93979367951499,64.90835306205156,0.00048438476683231474
X-n219-k73,218,grocery,ortools:nominal_seed103_or_tools,nominal_seed103_or_tools,ortools,True,True,True,73,118124.0,4.996567487716675,0.9449079036712646,5.94147539138794,218.0,0.9954337899543378,pulp_cbc,mean_domain_loss,64.97876776087409,,180,60,True,242.376031709029,242.8534714087248,287.4950894029832,287.6885078827544,94.80890595924028,219.00000003,118188.9787677609,118236.54443382948,118280.39899644046,28.00392903836522,56.16772488779713,0.4765137614678899,22.953772230080173,64.97876776087409,0.0,high,2.0,64.97876776087409,64.90835306205156,0.001084832621699957
X-n223-k34,222,atm,ortools:robust_mean_1std_scaled_or_tools,robust_mean_1std_scaled_or_tools,ortools,True,True,True,34,47633.0,4.999718904495239,1.1795082092285156,6.179227113723755,1251.7100000000005,0.9950000000000002,pulp_cbc,mean_domain_loss,605.468509961756,,180,60,True,1378.2518636282953,1385.8779151195247,1599.402231662014,1602.47449459314,1259.9890101524925,1258.00000108,48238.46850996176,48702.41318129694,49221.71756516238,155.73458338918837,282.4448502762177,0.4545045045045045,151.99107179584848,605.468509961756,0.0,medium,,605.468509961756,605.468509961756,0.0
X-n223-k34,222,atm,ortools:quantile_p75_scaled_seed107_or_tools,quantile_p75_scaled_seed107_or_tools,ortools,True,True,True,34,44117.0,5.00199294090271,1.0614304542541504,6.06342339515686,1251.71,0.995,pulp_cbc,mean_domain_loss,605.7577612639852,,180,60,True,1378.2518636282953,1385.8779151195247,1599.402231662014,1602.47449459314,1261.119840042811,1258.0000003200005,44722.757761264,45183.60190208585,45703.26232691842,155.94624354897965,281.42692593604454,0.46,152.2027311956398,605.7577612639852,0.0,medium,,605.7577612639852,605.468509961756,0.0004777313724333709
X-n223-k34,222,cargo,ortools:robust_mean_1std_scaled_or_tools,robust_mean_1std_scaled_or_tools,ortools,True,True,True,34,47633.0,4.999718904495239,1.2643468379974363,6.264065742492676,1251.7100000000005,0.9950000000000002,pulp_cbc,mean_domain_loss,453.2221092278894,,180,60,True,1378.2518636282953,1385.8779151195247,1599.402231662014,1602.47449459314,1133.9010321173682,1258.00000022,48086.2221092279,48435.60582672568,48830.767534054256,155.86393391692275,282.5239361824813,0.4399549549549549,152.1204214635829,453.2221092278894,0.0,medium,,453.2221092278894,453.2221092278894,0.0
X-n223-k34,222,cargo,ortools:quantile_p75_scaled_seed107_or_tools,quantile_p75_scaled_seed107_or_tools,ortools,True,True,True,34,44117.0,5.00199294090271,1.1802124977111816,6.182205438613892,1251.71,0.995,pulp_cbc,mean_domain_loss,453.7841506081573,,180,60,True,1378.2518636282953,1385.8779151195247,1599.402231662014,1602.47449459314,1134.8960102964345,1258.00000079,44570.78415060815,44918.36683642017,45313.60216376686,156.2862881623195,281.83031075133675,0.4515765765765765,152.5427762789796,453.7841506081573,0.0,medium,,453.7841506081573,453.2221092278894,0.001240101417879593
X-n223-k34,222,cold_chain,ortools:robust_mean_1std_scaled_or_tools,robust_mean_1std_scaled_or_tools,ortools,True,True,True,34,47633.0,4.999718904495239,1.1084167957305908,6.10813570022583,1251.7100000000005,0.9950000000000002,pulp_cbc,mean_domain_loss,550.1291828704235,,180,60,True,1378.2518636282953,1385.8779151195247,1599.402231662014,1602.47449459314,1292.5685490313872,1257.99999961,48424.999761371975,48684.445882804896,49064.26089399091,155.79202578393782,282.36922328321214,0.4450900900900901,152.04851272059793,550.1291828704235,241.87057850155,medium,,550.1291828704235,550.1291828704235,0.0
X-n223-k34,222,cold_chain,ortools:quantile_p75_scaled_seed107_or_tools,quantile_p75_scaled_seed107_or_tools,ortools,True,True,True,34,44117.0,5.00199294090271,1.1943049430847168,6.196297883987427,1251.71,0.995,pulp_cbc,mean_domain_loss,550.5376409523228,,180,60,True,1378.2518636282953,1385.8779151195247,1599.402231662014,1602.47449459314,1284.5349569722837,1257.99999823,44900.584650752295,45158.60540181384,45538.28475872554,156.1528862501361,282.55066068777245,0.4527027027027027,152.40937180679626,550.5376409523228,233.0470097999589,medium,,550.5376409523228,550.1291828704235,0.000742476666604177
X-n223-k34,222,grocery,ortools:robust_mean_1std_scaled_or_tools,robust_mean_1std_scaled_or_tools,ortools,True,True,True,34,47633.0,4.999718904495239,1.2717382907867432,6.271457195281982,1251.7100000000005,0.9950000000000002,pulp_cbc,mean_domain_loss,381.0501629082252,,180,60,True,1378.2518636282953,1385.8779151195247,1599.402231662014,1602.47449459314,586.3297335775185,1257.99999769,48014.05016290822,48227.333541403765,48510.784847867806,155.6225629808054,282.31757717402826,0.4525225225225225,151.87904799746556,381.0501629082252,0.0,medium,,381.0501629082252,381.0501629082252,0.0
X-n223-k34,222,grocery,ortools:quantile_p75_scaled_seed107_or_tools,quantile_p75_scaled_seed107_or_tools,ortools,True,True,True,34,44117.0,5.00199294090271,1.1516826152801514,6.153675556182861,1251.71,0.995,pulp_cbc,mean_domain_loss,381.3521717711161,,180,60,True,1378.2518636282953,1385.8779151195247,1599.402231662014,1602.47449459314,586.952041635479,1257.99999926,44498.35217177113,44709.63190793213,44992.95008777494,155.8155831075288,280.7274385369053,0.4559459459459459,152.0720696941889,381.3521717711161,0.0,medium,,381.3521717711161,381.0501629082252,0.0007925698301397249
X-n228-k23,227,atm,ortools:proxy_mean_scaled_or_tools,proxy_mean_scaled_or_tools,ortools,True,True,True,23,33383.0,5.0014495849609375,1.2113845348358154,6.212834119796753,3524.2900000000004,0.995,pulp_cbc,mean_domain_loss,1931.0868540360768,,180,60,True,3871.187173963408,3880.369089269405,4574.970830957401,4579.389746009339,3690.1591800177134,3542.00000391,35314.08685403608,36591.88263581611,37794.38698347174,480.3454253337775,811.3822012937558,0.4742290748898678,452.66236937074376,1931.0868540360768,0.0,medium,,1931.0868540360768,1931.0868540360768,0.0
X-n228-k23,227,atm,ortools:nominal_or_tools,nominal_or_tools,ortools,True,True,True,23,30349.0,5.002960205078125,1.290475845336914,6.293436050415039,3478.0,0.9819311123658948,pulp_cbc,mean_domain_loss,1932.4947434032856,,180,60,True,3871.187173963408,3880.369089269405,4574.970830957401,4579.389746009339,3701.579847603631,3541.9999967899994,32281.49474340328,33527.26912305699,34758.772869064625,480.279808805464,803.3319447531271,0.4643612334801762,452.5967457224303,1932.4947434032856,0.0,medium,,1932.4947434032856,1931.0868540360768,0.0007290657922849074
X-n228-k23,227,cargo,ortools:proxy_mean_scaled_or_tools,proxy_mean_scaled_or_tools,ortools,True,True,True,23,33383.0,5.0014495849609375,1.274533987045288,6.275983572006226,3524.2900000000004,0.995,pulp_cbc,mean_domain_loss,1452.3115572460183,,180,60,True,3871.187173963408,3880.369089269405,4574.970830957401,4579.389746009339,3282.699525840719,3541.99999474,34835.31155724602,35834.117259358805,36715.16126441839,484.42517647752817,812.5304730648375,0.4706167400881057,456.7421113444945,1452.3115572460183,0.0,medium,,1452.3115572460183,1452.3115572460183,0.0
X-n228-k23,227,cargo,ortools:nominal_or_tools,nominal_or_tools,ortools,True,True,True,23,30349.0,5.002960205078125,1.3541765213012695,6.3571367263793945,3478.0,0.9819311123658948,pulp_cbc,mean_domain_loss,1452.531931596886,,180,60,True,3871.187173963408,3880.369089269405,4574.970830957401,4579.389746009339,3296.5804808211305,3542.0000015999995,31801.53193159689,32795.49950702219,33678.71290420934,483.3169529166622,808.6677234927962,0.4522026431718061,455.6338946436286,1452.531931596886,0.0,medium,,1452.531931596886,1452.3115572460183,0.00015174040980950215
X-n228-k23,227,cold_chain,ortools:proxy_mean_scaled_or_tools,proxy_mean_scaled_or_tools,ortools,True,True,True,23,33383.0,5.0014495849609375,1.1958556175231934,6.197305202484131,3524.2900000000004,0.995,pulp_cbc,mean_domain_loss,1750.4527513020262,,180,60,True,3871.187173963408,3880.369089269405,4574.970830957401,4579.389746009339,3684.697210189243,3542.0000009200003,35703.7865983556,36474.46064509625,37329.80814094097,482.0631548481895,810.6504211584759,0.4716299559471366,454.3800958951558,1750.4527513020262,570.3338470535714,medium,,1750.4527513020262,1750.4527513020262,0.0
X-n228-k23,227,cold_chain,ortools:nominal_or_tools,nominal_or_tools,ortools,True,True,True,23,30349.0,5.002960205078125,1.161900758743286,6.164860963821411,3478.0,0.9819311123658948,pulp_cbc,mean_domain_loss,1753.5634629357414,,180,60,True,3871.187173963408,3880.369089269405,4574.970830957401,4579.389746009339,3767.1863865951536,3541.99999673,32740.61240900832,33492.58907880021,34360.44494836638,480.7003782413628,799.8416031363696,0.4531718061674009,453.0173150983292,1753.5634629357414,638.0489460725779,medium,,1753.5634629357414,1750.4527513020262,0.0017770897451538966
X-n228-k23,227,grocery,ortools:proxy_mean_scaled_or_tools,proxy_mean_scaled_or_tools,ortools,True,True,True,23,33383.0,5.0014495849609375,1.1480364799499512,6.149486064910889,3524.2900000000004,0.995,pulp_cbc,mean_domain_loss,1208.4218402323977,,180,60,True,3871.187173963408,3880.369089269405,4574.970830957401,4579.389746009339,1762.0176232923152,3541.99999892,34591.4218402324,35210.67442526068,35852.52326626371,479.2656645989917,810.1528224832597,0.4694273127753304,451.5826036459582,1208.4218402323977,0.0,medium,,1208.4218402323977,1208.4218402323977,0.0
X-n228-k23,227,grocery,ortools:nominal_or_tools,nominal_or_tools,ortools,True,True,True,23,30349.0,5.002960205078125,1.1529500484466553,6.15591025352478,3478.0,0.9819311123658948,pulp_cbc,mean_domain_loss,1209.510749296349,,180,60,True,3871.187173963408,3880.369089269405,4574.970830957401,4579.389746009339,1768.0600270341054,3541.99999582,31558.51074929635,32149.875605177687,32816.21911640059,479.5248825156369,800.260408742767,0.4573568281938326,451.8418184626033,1209.510749296349,0.0,medium,,1209.510749296349,1208.4218402323977,0.0009011001189303163
X-n233-k16,232,atm,ortools:proxy_mean_scaled_or_tools,proxy_mean_scaled_or_tools,ortools,True,True,True,16,23289.0,5.006700038909912,1.3663275241851809,6.373027563095093,10045.52,0.995,pulp_cbc,mean_domain_loss,4800.463837344079,,180,60,True,11334.41800874414,11355.553726611492,13290.364120543143,13318.41245506052,10611.263932227568,10095.99998662,28089.46383734408,30930.015321821047,33463.96586405596,1220.35067486701,2014.3585366208647,0.4544827586206896,1201.989822055686,4800.463837344079,0.0,high,3.0,4800.463837344079,4800.463837344079,0.0
X-n233-k16,232,atm,ortools:quantile_p75_scaled_seed107_or_tools,quantile_p75_scaled_seed107_or_tools,ortools,True,True,True,16,22235.0,5.004918575286865,1.4189834594726562,6.4239020347595215,10045.52,0.995,pulp_cbc,mean_domain_loss,4800.46868036303,,180,60,True,11334.41800874414,11355.553726611492,13290.364120543143,13318.41245506052,10615.722232993074,10095.99998404,27035.468680363017,29930.589395236944,32429.785008188344,1222.6550974588276,2031.4899346666696,0.4634913793103448,1204.294242067504,4800.46868036303,0.0,high,3.0,4800.46868036303,4800.463837344079,1.0088647920177404e-06
X-n233-k16,232,atm,ortools:proxy_mean_scaled_seed109_or_tools,proxy_mean_scaled_seed109_or_tools,ortools,True,True,True,16,24971.0,5.001018762588501,1.3594722747802734,6.360491037368774,10045.52,0.995,pulp_cbc,mean_domain_loss,4801.269240911755,,180,60,True,11334.41800874414,11355.553726611492,13290.364120543143,13318.41245506052,10608.777470948393,10095.99998824,29772.26924091175,32598.073370943508,35156.69264996397,1221.139173503917,2012.2615833094403,0.455948275862069,1202.7783223125932,4801.269240911755,0.0,high,3.0,4801.269240911755,4800.463837344079,0.000167776197252132
X-n233-k16,232,atm,ortools:quantile_p90_scaled_or_tools,quantile_p90_scaled_or_tools,ortools,True,True,True,16,24085.0,5.01072883605957,1.4334542751312256,6.444183111190796,10045.520000000002,0.9950000000000002,pulp_cbc,mean_domain_loss,4810.293474652005,,180,60,True,11334.41800874414,11355.553726611492,13290.364120543143,13318.41245506052,10642.151240223866,10096.00000326,28895.293474652004,31774.459866050613,34286.34176515126,1228.3519222953223,2035.756196406086,0.4757327586206896,1209.991086123999,4810.293474652005,0.0,high,3.0,4810.293474652005,4800.463837344079,0.0020476432363594264
X-n233-k16,232,atm,ortools:robust_mean_1std_scaled_seed113_or_tools,robust_mean_1std_scaled_seed113_or_tools,ortools,True,True,True,16,24229.0,5.00009036064148,1.5075602531433103,6.50765061378479,10045.52,0.995,pulp_cbc,mean_domain_loss,4811.153204386988,,180,60,True,11334.41800874414,11355.553726611492,13290.364120543143,13318.41245506052,10627.12404405062,10096.0000014,29040.153204386992,31906.610401982776,34436.22798101929,1227.2985223171215,2030.7877744635216,0.4678448275862069,1208.937684285797,4811.153204386988,0.0,high,3.0,4811.153204386988,4800.463837344079,0.0022267362915544915
X-n233-k16,232,cargo,ortools:quantile_p75_scaled_seed107_or_tools,quantile_p75_scaled_seed107_or_tools,ortools,True,True,True,16,22235.0,5.004918575286865,1.5162596702575684,6.521178245544434,10045.52,0.995,pulp_cbc,mean_domain_loss,3584.1515702022884,,180,60,True,11334.41800874414,11355.553726611492,13290.364120543143,13318.41245506052,9344.761318466924,10095.99999576,25819.151570202284,28011.917619823005,29871.62636973579,1230.0749692775505,2052.845418133269,0.4625,1211.7141256062266,3584.1515702022884,0.0,high,3.0,3584.1515702022884,3584.1515702022884,0.0
X-n233-k16,232,cargo,ortools:robust_mean_1std_scaled_seed113_or_tools,robust_mean_1std_scaled_seed113_or_tools,ortools,True,True,True,16,24229.0,5.00009036064148,1.427069902420044,6.427160263061523,10045.52,0.995,pulp_cbc,mean_domain_loss,3584.9893458575552,,180,60,True,11334.41800874414,11355.553726611492,13290.364120543143,13318.41245506052,9346.34086584635,10096.00000492,27813.98934585756,29953.01463038758,31882.79487140772,1232.8266268279106,2039.1953593191,0.4641379310344827,1214.4657923165869,3584.9893458575552,0.0,high,3.0,3584.9893458575552,3584.1515702022884,0.00023374448285944343
X-n233-k16,232,cargo,ortools:quantile_p90_scaled_or_tools,quantile_p90_scaled_or_tools,ortools,True,True,True,16,24085.0,5.01072883605957,1.5177347660064695,6.52846360206604,10045.520000000002,0.9950000000000002,pulp_cbc,mean_domain_loss,3586.7732786153715,,180,60,True,11334.41800874414,11355.553726611492,13290.364120543143,13318.41245506052,9357.525262820467,10096.00001113,27671.77327861537,29822.865526421512,31738.66265129674,1233.8265981431432,2045.435926906085,0.4706465517241379,1215.465769841819,3586.7732786153715,0.0,high,3.0,3586.7732786153715,3584.1515702022884,0.000731472528918497
X-n233-k16,232,cargo,ortools:proxy_mean_scaled_or_tools,proxy_mean_scaled_or_tools,ortools,True,True,True,16,23289.0,5.006700038909912,1.5587983131408691,6.565498352050781,10045.52,0.995,pulp_cbc,mean_domain_loss,3597.880661410173,,180,60,True,11334.41800874414,11355.553726611492,13290.364120543143,13318.41245506052,9351.145627289356,10096.00000741,26886.880661410178,29072.631418486897,30941.53371531745,1232.5564822883005,2051.00562527392,0.4596551724137931,1214.1956502669768,3597.880661410173,0.0,high,3.0,3597.880661410173,3584.1515702022884,0.003830499614476364
X-n233-k16,232,cargo,ortools:proxy_mean_scaled_seed109_or_tools,proxy_mean_scaled_seed109_or_tools,ortools,True,True,True,16,24971.0,5.001018762588501,1.3393545150756836,6.340373277664185,10045.52,0.995,pulp_cbc,mean_domain_loss,3598.462525070354,,180,60,True,11334.41800874414,11355.553726611492,13290.364120543143,13318.41245506052,9352.215444261648,10095.999991829998,28569.46252507036,30715.552726128662,32628.69739932588,1229.557089698039,2034.0925061006808,0.4563362068965517,1211.196242096715,3598.462525070354,0.0,high,3.0,3598.462525070354,3584.1515702022884,0.003992843100454519
X-n233-k16,232,cargo,ortools:robust_mean_2std_scaled_or_tools,robust_mean_2std_scaled_or_tools,ortools,True,True,True,16,23942.0,4.998700380325317,1.497162103652954,6.495862483978272,10045.52,0.995,pulp_cbc,mean_domain_loss,3601.657942746084,,180,60,True,11334.41800874414,11355.553726611492,13290.364120543143,13318.41245506052,9368.637350227287,10095.99999481,27543.65794274609,29679.59420320994,31602.48959180907,1244.958260836228,2053.135690582204,0.4839224137931034,1226.597416214904,3601.657942746084,0.0,high,3.0,3601.657942746084,3584.1515702022884,0.004884383989041874
X-n233-k16,232,cold_chain,ortools:proxy_mean_scaled_or_tools,proxy_mean_scaled_or_tools,ortools,True,True,True,16,23289.0,5.006700038909912,1.3444664478302002,6.351166486740112,10045.52,0.995,pulp_cbc,mean_domain_loss,4350.929914762233,,180,60,True,11334.41800874414,11355.553726611492,13290.364120543143,13318.41245506052,10474.43896912553,10095.99999824,29382.33127342654,31017.03876468916,32797.360725623534,1218.9206332095712,2020.7995254586133,0.4484051724137931,1200.5597920182472,4350.929914762233,1742.4013586643075,high,3.0,4350.929914762233,4350.929914762233,0.0
X-n233-k16,232,cold_chain,ortools:quantile_p75_scaled_seed107_or_tools,quantile_p75_scaled_seed107_or_tools,ortools,True,True,True,16,22235.0,5.004918575286865,1.2900612354278564,6.294979810714722,10045.52,0.995,pulp_cbc,mean_domain_loss,4369.123764499672,,180,60,True,11334.41800874414,11355.553726611492,13290.364120543143,13318.41245506052,10586.882011620137,10096.00000244,28444.82374484134,30059.69427372133,31864.91780402682,1223.29074092778,2020.863085476881,0.4575431034482758,1204.9299039364562,4369.123764499672,1840.6999803416709,high,3.0,4369.123764499672,4350.929914762233,0.004181600277151968
X-n233-k16,232,grocery,ortools:quantile_p75_scaled_seed107_or_tools,quantile_p75_scaled_seed107_or_tools,ortools,True,True,True,16,22235.0,5.004918575286865,1.340463399887085,6.34538197517395,10045.52,0.995,pulp_cbc,mean_domain_loss,3027.6222012983203,,180,60,True,11334.41800874414,11355.553726611492,13290.364120543143,13318.41245506052,5043.866113038816,10096.0000038,25262.62220129832,26576.204259254515,27951.62698841507,1221.5250885920664,2015.4378046644613,0.4601724137931035,1203.1642529607425,3027.6222012983203,0.0,high,3.0,3027.6222012983203,3027.6222012983203,0.0
X-n233-k16,232,grocery,ortools:proxy_mean_scaled_or_tools,proxy_mean_scaled_or_tools,ortools,True,True,True,16,23289.0,5.006700038909912,1.2745449542999268,6.281244993209839,10045.52,0.995,pulp_cbc,mean_domain_loss,3029.4029511834487,,180,60,True,11334.41800874414,11355.553726611492,13290.364120543143,13318.41245506052,5038.789133752825,10095.999999,26318.40295118345,27634.12419629182,28995.286234475752,1220.9176853499405,2014.1945732654808,0.4512931034482759,1202.5568449186164,3029.4029511834487,0.0,high,3.0,3029.4029511834487,3027.6222012983203,0.0005881677985994466
X-n233-k16,232,grocery,ortools:proxy_mean_scaled_seed109_or_tools,proxy_mean_scaled_seed109_or_tools,ortools,True,True,True,16,24971.0,5.001018762588501,1.2135417461395264,6.214560508728027,10045.52,0.995,pulp_cbc,mean_domain_loss,3030.172297378607,,180,60,True,11334.41800874414,11355.553726611492,13290.364120543143,13318.41245506052,5038.017271917995,10096.0000052,28001.172297378605,29292.24029310945,30681.0005392462,1221.4409267847016,2005.6069027656167,0.4522413793103448,1203.080092553378,3030.172297378607,0.0,high,3.0,3030.172297378607,3027.6222012983203,0.0008422768465606272
X-n233-k16,232,grocery,ortools:quantile_p90_scaled_or_tools,quantile_p90_scaled_or_tools,ortools,True,True,True,16,24085.0,5.01072883605957,1.279613733291626,6.290342569351196,10045.520000000002,0.9950000000000002,pulp_cbc,mean_domain_loss,3037.147631636428,,180,60,True,11334.41800874414,11355.553726611492,13290.364120543143,13318.41245506052,5063.161689409441,10096.00000368,27122.14763163642,28460.89145387497,29807.84178805679,1227.6004437446252,2034.3164042024312,0.471551724137931,1209.2396079933012,3037.147631636428,0.0,high,3.0,3037.147631636428,3027.6222012983203,0.003146175349758891
X-n233-k16,232,grocery,ortools:robust_mean_1std_scaled_seed113_or_tools,robust_mean_1std_scaled_seed113_or_tools,ortools,True,True,True,16,24229.0,5.00009036064148,1.2357778549194336,6.235868215560913,10045.52,0.995,pulp_cbc,mean_domain_loss,3039.82537978708,,180,60,True,11334.41800874414,11355.553726611492,13290.364120543143,13318.41245506052,5052.944798373503,10095.999997,27268.82537978708,28597.03434708935,29955.67785949555,1227.5403889254292,2029.5498008664229,0.4638793103448276,1209.1795464941051,3039.82537978708,0.0,high,3.0,3039.82537978708,3027.6222012983203,0.004030614679574766
X-n237-k14,236,atm,ortools:quantile_p75_scaled_seed107_or_tools,quantile_p75_scaled_seed107_or_tools,ortools,True,True,True,14,29173.0,5.0002381801605225,1.406763792037964,6.407001972198486,250.74,0.995,pulp_cbc,mean_domain_loss,106.82833897680854,,180,60,True,263.8174816145851,264.3221102784825,313.4568471108956,314.5631472546253,235.711182502093,237.72165758,29279.82833897681,29361.13547778648,29446.65408947453,28.234927406975093,51.08679683996025,0.4705084745762712,25.45946628993504,106.82833897680854,0.0,medium,,106.82833897680854,106.82833897680854,0.0
X-n237-k14,236,atm,ortools:nominal_seed103_or_tools,nominal_seed103_or_tools,ortools,True,True,True,14,28519.0,5.000946521759033,1.4138712882995603,6.414817810058594,236.0,0.9365079365079364,pulp_cbc,mean_domain_loss,106.83990369271878,,180,60,True,263.8174816145851,264.3221102784825,313.4568471108956,314.5631472546253,235.73741214793088,237.72165741000003,28625.839903692715,28707.319005176712,28792.406147800084,28.244146915161352,51.143165025208646,0.4703389830508475,25.468685628121296,106.83990369271878,0.0,medium,,106.83990369271878,106.82833897680854,0.0001082551317469238
X-n237-k14,236,atm,ortools:robust_mean_1std_scaled_seed113_or_tools,robust_mean_1std_scaled_seed113_or_tools,ortools,True,True,True,14,28893.0,5.000156879425049,1.4090330600738523,6.409189939498901,250.74,0.995,pulp_cbc,mean_domain_loss,106.8881130100702,,180,60,True,263.8174816145851,264.3221102784825,313.4568471108956,314.5631472546253,235.7506484736616,237.7216571,28999.888113010074,29080.850831404783,29166.490627117368,28.24468850048579,50.99985020289364,0.469364406779661,25.469226903445733,106.8881130100702,0.0,medium,,106.8881130100702,106.82833897680854,0.000559533489279819
X-n237-k14,236,atm,ortools:nominal_seed101_or_tools,nominal_seed101_or_tools,ortools,True,True,True,14,28862.0,5.000953912734985,1.3906574249267578,6.391611337661743,236.0,0.9365079365079364,pulp_cbc,mean_domain_loss,106.8909832491927,,180,60,True,263.8174816145851,264.3221102784825,313.4568471108956,314.5631472546253,235.74559094748696,237.7216575,28968.890983249195,29049.56468314182,29135.603048591263,28.251034547123908,50.934993470225336,0.4705508474576271,25.47557335008386,106.8909832491927,0.0,medium,,106.8909832491927,106.82833897680854,0.0005864012581695344
X-n237-k14,236,atm,ortools:proxy_mean_scaled_seed109_or_tools,proxy_mean_scaled_seed109_or_tools,ortools,True,True,True,14,28600.0,5.000337600708008,1.4005768299102783,6.400914430618286,250.74,0.995,pulp_cbc,mean_domain_loss,106.91121614275497,,180,60,True,263.8174816145851,264.3221102784825,313.4568471108956,314.5631472546253,235.7221453123012,237.72165745,28706.911216142755,28787.85312923502,28873.677225371404,28.25812709119912,51.018322701187465,0.4712711864406779,25.482665844159065,106.91121614275497,0.0,medium,,106.91121614275497,106.82833897680854,0.000775797571507874
X-n237-k14,236,atm,ortools:nominal_or_tools,nominal_or_tools,ortools,True,True,True,14,29009.0,4.99995756149292,1.321027755737305,6.320985317230225,236.0,0.9365079365079364,pulp_cbc,mean_domain_loss,106.92074236707346,,180,60,True,263.8174816145851,264.3221102784825,313.4568471108956,314.5631472546253,235.73985390516089,237.72165777,29115.92074236708,29196.709065762,29282.70795347232,28.248184831610534,50.96917353308239,0.4710169491525424,25.47272390457048,106.92074236707346,0.0,medium,,106.92074236707346,106.82833897680854,0.0008649707666519076
X-n237-k14,236,atm,ortools:proxy_mean_or_tools,proxy_mean_or_tools,ortools,True,True,True,14,29009.0,5.000902652740479,1.3819665908813477,6.382869243621826,263.81748161458506,1.0468947683118457,pulp_cbc,mean_domain_loss,106.92074236707346,,180,60,True,263.8174816145851,264.3221102784825,313.4568471108956,314.5631472546253,235.73985390516089,237.72165777,29115.92074236708,29196.709065762,29282.70795347232,28.248184831610534,50.96917353308239,0.4710169491525424,25.47272390457048,106.92074236707346,0.0,medium,,106.92074236707346,106.82833897680854,0.0008649707666519076
X-n237-k14,236,atm,ortools:proxy_mean_scaled_or_tools,proxy_mean_scaled_or_tools,ortools,True,True,True,14,29009.0,5.001090049743652,1.3568406105041504,6.357930660247803,250.74,0.995,pulp_cbc,mean_domain_loss,106.92074236707346,,180,60,True,263.8174816145851,264.3221102784825,313.4568471108956,314.5631472546253,235.73985390516089,237.72165777,29115.92074236708,29196.709065762,29282.70795347232,28.248184831610534,50.96917353308239,0.4710169491525424,25.47272390457048,106.92074236707346,0.0,medium,,106.92074236707346,106.82833897680854,0.0008649707666519076
X-n237-k14,236,atm,ortools:quantile_p75_or_tools,quantile_p75_or_tools,ortools,True,True,True,14,29009.0,5.000705718994141,1.444979190826416,6.445684909820557,304.6620761982683,1.208976492850271,pulp_cbc,mean_domain_loss,106.92074236707346,,180,60,True,263.8174816145851,264.3221102784825,313.4568471108956,314.5631472546253,235.73985390516089,237.72165777,29115.92074236708,29196.709065762,29282.70795347232,28.248184831610534,50.96917353308239,0.4710169491525424,25.47272390457048,106.92074236707346,0.0,medium,,106.92074236707346,106.82833897680854,0.0008649707666519076
X-n237-k14,236,atm,ortools:quantile_p75_scaled_or_tools,quantile_p75_scaled_or_tools,ortools,True,True,True,14,29009.0,5.000397205352783,1.550715446472168,6.551112651824951,250.74,0.995,pulp_cbc,mean_domain_loss,106.92074236707346,,180,60,True,263.8174816145851,264.3221102784825,313.4568471108956,314.5631472546253,235.73985390516089,237.72165777,29115.92074236708,29196.709065762,29282.70795347232,28.248184831610534,50.96917353308239,0.4710169491525424,25.47272390457048,106.92074236707346,0.0,medium,,106.92074236707346,106.82833897680854,0.0008649707666519076
X-n237-k14,236,atm,ortools:quantile_p90_scaled_or_tools,quantile_p90_scaled_or_tools,ortools,True,True,True,14,29009.0,4.9997851848602295,1.4315338134765625,6.431318998336792,250.74,0.995,pulp_cbc,mean_domain_loss,106.92074236707346,,180,60,True,263.8174816145851,264.3221102784825,313.4568471108956,314.5631472546253,235.73985390516089,237.72165777,29115.92074236708,29196.709065762,29282.70795347232,28.248184831610534,50.96917353308239,0.4710169491525424,25.47272390457048,106.92074236707346,0.0,medium,,106.92074236707346,106.82833897680854,0.0008649707666519076
X-n237-k14,236,atm,ortools:robust_mean_1std_scaled_or_tools,robust_mean_1std_scaled_or_tools,ortools,True,True,True,14,29009.0,5.001031160354614,1.4304566383361816,6.431487798690796,250.74,0.995,pulp_cbc,mean_domain_loss,106.92074236707346,,180,60,True,263.8174816145851,264.3221102784825,313.4568471108956,314.5631472546253,235.73985390516089,237.72165777,29115.92074236708,29196.709065762,29282.70795347232,28.248184831610534,50.96917353308239,0.4710169491525424,25.47272390457048,106.92074236707346,0.0,medium,,106.92074236707346,106.82833897680854,0.0008649707666519076
X-n237-k14,236,atm,ortools:robust_mean_2std_scaled_or_tools,robust_mean_2std_scaled_or_tools,ortools,True,True,True,14,29009.0,5.000209331512451,1.4415669441223145,6.441776275634766,250.74,0.995,pulp_cbc,mean_domain_loss,106.92074236707346,,180,60,True,263.8174816145851,264.3221102784825,313.4568471108956,314.5631472546253,235.73985390516089,237.72165777,29115.92074236708,29196.709065762,29282.70795347232,28.248184831610534,50.96917353308239,0.4710169491525424,25.47272390457048,106.92074236707346,0.0,medium,,106.92074236707346,106.82833897680854,0.0008649707666519076
X-n237-k14,236,cargo,ortools:nominal_seed103_or_tools,nominal_seed103_or_tools,ortools,True,True,True,14,28519.0,5.000946521759033,1.4574973583221436,6.458443880081177,236.0,0.9365079365079364,pulp_cbc,mean_domain_loss,81.05429190005287,,180,60,True,263.8174816145851,264.3221102784825,313.4568471108956,314.5631472546253,215.84810912176667,237.93170131,28600.05429190005,28661.055695346746,28727.37492892855,28.38435547908936,51.02773507780919,0.4724576271186441,25.818938092049315,81.05429190005287,0.0,medium,,81.05429190005287,81.05429190005287,0.0
X-n237-k14,236,cargo,ortools:robust_mean_1std_scaled_seed113_or_tools,robust_mean_1std_scaled_seed113_or_tools,ortools,True,True,True,14,28893.0,5.000156879425049,1.4074251651763916,6.40758204460144,250.74,0.995,pulp_cbc,mean_domain_loss,81.11355843149062,,180,60,True,263.8174816145851,264.3221102784825,313.4568471108956,314.5631472546253,215.8389465373725,237.93170108,28974.113558431487,29035.82469496886,29101.399054146583,28.432829044938075,51.354444748978,0.4732627118644067,25.86741142789804,81.11355843149062,0.0,medium,,81.11355843149062,81.05429190005287,0.0007311954746433862
X-n237-k14,236,cargo,ortools:nominal_or_tools,nominal_or_tools,ortools,True,True,True,14,29009.0,4.99995756149292,1.4430112838745115,6.442968845367432,236.0,0.9365079365079364,pulp_cbc,mean_domain_loss,81.194384082054,,180,60,True,263.8174816145851,264.3221102784825,313.4568471108956,314.5631472546253,215.80019971805052,237.93170183,29090.194384082053,29152.470973760304,29217.641214743104,28.415642244977384,51.46544790751911,0.4709322033898305,25.850225377937345,81.194384082054,0.0,medium,,81.194384082054,81.05429190005287,0.0017283746328186093
X-n237-k14,236,cargo,ortools:proxy_mean_or_tools,proxy_mean_or_tools,ortools,True,True,True,14,29009.0,5.000902652740479,1.5235512256622314,6.52445387840271,263.81748161458506,1.0468947683118457,pulp_cbc,mean_domain_loss,81.194384082054,,180,60,True,263.8174816145851,264.3221102784825,313.4568471108956,314.5631472546253,215.80019971805052,237.93170183,29090.194384082053,29152.470973760304,29217.641214743104,28.415642244977384,51.46544790751911,0.4709322033898305,25.850225377937345,81.194384082054,0.0,medium,,81.194384082054,81.05429190005287,0.0017283746328186093
X-n237-k14,236,cargo,ortools:proxy_mean_scaled_or_tools,proxy_mean_scaled_or_tools,ortools,True,True,True,14,29009.0,5.001090049743652,1.6018493175506592,6.602939367294312,250.74,0.995,pulp_cbc,mean_domain_loss,81.194384082054,,180,60,True,263.8174816145851,264.3221102784825,313.4568471108956,314.5631472546253,215.80019971805052,237.93170183,29090.194384082053,29152.470973760304,29217.641214743104,28.415642244977384,51.46544790751911,0.4709322033898305,25.850225377937345,81.194384082054,0.0,medium,,81.194384082054,81.05429190005287,0.0017283746328186093
X-n237-k14,236,cargo,ortools:quantile_p75_or_tools,quantile_p75_or_tools,ortools,True,True,True,14,29009.0,5.000705718994141,1.4330260753631592,6.4337317943573,304.6620761982683,1.208976492850271,pulp_cbc,mean_domain_loss,81.194384082054,,180,60,True,263.8174816145851,264.3221102784825,313.4568471108956,314.5631472546253,215.80019971805052,237.93170183,29090.194384082053,29152.470973760304,29217.641214743104,28.415642244977384,51.46544790751911,0.4709322033898305,25.850225377937345,81.194384082054,0.0,medium,,81.194384082054,81.05429190005287,0.0017283746328186093
X-n237-k14,236,cargo,ortools:quantile_p75_scaled_or_tools,quantile_p75_scaled_or_tools,ortools,True,True,True,14,29009.0,5.000397205352783,1.4753398895263672,6.47573709487915,250.74,0.995,pulp_cbc,mean_domain_loss,81.194384082054,,180,60,True,263.8174816145851,264.3221102784825,313.4568471108956,314.5631472546253,215.80019971805052,237.93170183,29090.194384082053,29152.470973760304,29217.641214743104,28.415642244977384,51.46544790751911,0.4709322033898305,25.850225377937345,81.194384082054,0.0,medium,,81.194384082054,81.05429190005287,0.0017283746328186093
X-n237-k14,236,cargo,ortools:quantile_p90_scaled_or_tools,quantile_p90_scaled_or_tools,ortools,True,True,True,14,29009.0,4.9997851848602295,1.4772536754608154,6.477038860321045,250.74,0.995,pulp_cbc,mean_domain_loss,81.194384082054,,180,60,True,263.8174816145851,264.3221102784825,313.4568471108956,314.5631472546253,215.80019971805052,237.93170183,29090.194384082053,29152.470973760304,29217.641214743104,28.415642244977384,51.46544790751911,0.4709322033898305,25.850225377937345,81.194384082054,0.0,medium,,81.194384082054,81.05429190005287,0.0017283746328186093
X-n237-k14,236,cargo,ortools:robust_mean_1std_scaled_or_tools,robust_mean_1std_scaled_or_tools,ortools,True,True,True,14,29009.0,5.001031160354614,1.503974199295044,6.505005359649658,250.74,0.995,pulp_cbc,mean_domain_loss,81.194384082054,,180,60,True,263.8174816145851,264.3221102784825,313.4568471108956,314.5631472546253,215.80019971805052,237.93170183,29090.194384082053,29152.470973760304,29217.641214743104,28.415642244977384,51.46544790751911,0.4709322033898305,25.850225377937345,81.194384082054,0.0,medium,,81.194384082054,81.05429190005287,0.0017283746328186093
X-n237-k14,236,cargo,ortools:robust_mean_2std_scaled_or_tools,robust_mean_2std_scaled_or_tools,ortools,True,True,True,14,29009.0,5.000209331512451,1.5145938396453855,6.514803171157837,250.74,0.995,pulp_cbc,mean_domain_loss,81.194384082054,,180,60,True,263.8174816145851,264.3221102784825,313.4568471108956,314.5631472546253,215.80019971805052,237.93170183,29090.194384082053,29152.470973760304,29217.641214743104,28.415642244977384,51.46544790751911,0.4709322033898305,25.850225377937345,81.194384082054,0.0,medium,,81.194384082054,81.05429190005287,0.0017283746328186093
X-n237-k14,236,cargo,ortools:nominal_seed101_or_tools,nominal_seed101_or_tools,ortools,True,True,True,14,28862.0,5.000953912734985,1.4371657371520996,6.438119649887085,236.0,0.9365079365079364,pulp_cbc,mean_domain_loss,81.20654659943496,,180,60,True,263.8174816145851,264.3221102784825,313.4568471108956,314.5631472546253,215.8397382733581,237.93170096,28943.20654659943,29004.33094177181,29070.787959168425,28.39927419601173,51.08629013172554,0.4719915254237288,25.83385645897168,81.20654659943496,0.0,medium,,81.20654659943496,81.05429190005287,0.0018784285916633194
X-n237-k14,236,cargo,ortools:quantile_p75_scaled_seed107_or_tools,quantile_p75_scaled_seed107_or_tools,ortools,True,True,True,14,29173.0,5.0002381801605225,1.5608172416687012,6.561055421829224,250.74,0.995,pulp_cbc,mean_domain_loss,81.20677140334483,,180,60,True,263.8174816145851,264.3221102784825,313.4568471108956,314.5631472546253,215.75642235092212,237.93170124,29254.20677140335,29315.70600648159,29381.34617124604,28.451815477295348,51.27518823242621,0.4740254237288135,25.8863980202553,81.20677140334483,0.0,medium,,81.20677140334483,81.05429190005287,0.0018812020895818543
X-n237-k14,236,cargo,ortools:proxy_mean_scaled_seed109_or_tools,proxy_mean_scaled_seed109_or_tools,ortools,True,True,True,14,28600.0,5.000337600708008,1.4521512985229492,6.452488899230957,250.74,0.995,pulp_cbc,mean_domain_loss,81.25274819746556,,180,60,True,263.8174816145851,264.3221102784825,313.4568471108956,314.5631472546253,215.7492354038726,237.9317015,28681.252748197465,28743.184109609145,28808.5127551266,28.47194211527029,51.43917107212484,0.4727542372881356,25.906524918230254,81.25274819746556,0.0,medium,,81.25274819746556,81.05429190005287,0.0024484366313063896
X-n237-k14,236,cold_chain,ortools:nominal_seed103_or_tools,nominal_seed103_or_tools,ortools,True,True,True,14,28519.0,5.000946521759033,1.4914872646331787,6.492433786392212,236.0,0.9365079365079364,pulp_cbc,mean_domain_loss,94.18301415629736,,180,60,True,263.8174816145851,264.3221102784825,313.4568471108956,314.5631472546253,236.0223314249505,236.90640743,28656.143926822104,28706.613844731542,28763.913542948263,28.29004901046499,51.15471208415687,0.4688983050847458,24.699337743424948,94.18301415629736,42.96091266580893,medium,,94.18301415629736,94.18301415629736,0.0
X-n237-k14,236,cold_chain,ortools:quantile_p75_scaled_seed107_or_tools,quantile_p75_scaled_seed107_or_tools,ortools,True,True,True,14,29173.0,5.0002381801605225,1.7410144805908203,6.741252660751343,250.74,0.995,pulp_cbc,mean_domain_loss,94.28024550570672,,180,60,True,263.8174816145851,264.3221102784825,313.4568471108956,314.5631472546253,235.7601830110648,236.90640733000004,29310.052614939526,29359.71088675418,29418.201358065824,28.331401913806147,50.98679653106916,0.4700423728813559,24.74069054676609,94.28024550570672,42.772369433820266,medium,,94.28024550570672,94.18301415629736,0.0010323660829966582
X-n237-k14,236,cold_chain,ortools:robust_mean_1std_scaled_seed113_or_tools,robust_mean_1std_scaled_seed113_or_tools,ortools,True,True,True,14,28893.0,5.000156879425049,1.449760675430298,6.449917554855347,250.74,0.995,pulp_cbc,mean_domain_loss,94.2829210921828,,180,60,True,263.8174816145851,264.3221102784825,313.4568471108956,314.5631472546253,235.6954430616884,236.90640796,29029.986834469288,29079.62901694194,29137.99316643386,28.331792900889823,50.97698064246668,0.4705084745762712,24.74108216384978,94.2829210921828,42.70391337710991,medium,,94.2829210921828,94.18301415629736,0.0010607744589660986
X-n237-k14,236,cold_chain,ortools:proxy_mean_scaled_seed109_or_tools,proxy_mean_scaled_seed109_or_tools,ortools,True,True,True,14,28600.0,5.000337600708008,1.3749544620513916,6.375292062759399,250.74,0.995,pulp_cbc,mean_domain_loss,94.34903606869004,,180,60,True,263.8174816145851,264.3221102784825,313.4568471108956,314.5631472546253,235.84203430298425,236.9064083,28737.16253186648,28786.88096856841,28845.165567528067,28.356412734231576,51.028521799678224,0.469322033898305,24.765702337191527,94.34903606869004,42.81349579778637,medium,,94.34903606869004,94.18301415629736,0.0017627585385743215
X-n237-k14,236,cold_chain,ortools:nominal_seed101_or_tools,nominal_seed101_or_tools,ortools,True,True,True,14,28862.0,5.000953912734985,1.3897852897644043,6.39073920249939,236.0,0.9365079365079364,pulp_cbc,mean_domain_loss,94.38312408636084,,180,60,True,263.8174816145851,264.3221102784825,313.4568471108956,314.5631472546253,235.8192920011244,236.90640785,28999.17081149093,29048.672878241683,29107.11161692363,28.36468116559175,50.97148063611336,0.4695338983050847,24.7739703185517,94.38312408636084,42.7876874045727,medium,,94.38312408636084,94.18301415629736,0.0021246923540946833
X-n237-k14,236,cold_chain,ortools:nominal_or_tools,nominal_or_tools,ortools,True,True,True,14,29009.0,4.99995756149292,1.3919222354888916,6.391879796981812,236.0,0.9365079365079364,pulp_cbc,mean_domain_loss,94.39519033063144,,180,60,True,263.8174816145851,264.3221102784825,313.4568471108956,314.5631472546253,236.24334280618567,236.90640724,29146.56188113991,29196.037207249312,29254.71078853808,28.346818469494888,50.94759867786966,0.4699576271186441,24.75610701245484,94.39519033063144,43.16669080928282,medium,,94.39519033063144,94.18301415629736,0.00225280722043964
X-n237-k14,236,cold_chain,ortools:proxy_mean_or_tools,proxy_mean_or_tools,ortools,True,True,True,14,29009.0,5.000902652740479,1.4727444648742676,6.473647117614746,263.81748161458506,1.0468947683118457,pulp_cbc,mean_domain_loss,94.39519033063144,,180,60,True,263.8174816145851,264.3221102784825,313.4568471108956,314.5631472546253,236.24334280618567,236.90640724,29146.56188113991,29196.037207249312,29254.71078853808,28.346818469494888,50.94759867786966,0.4699576271186441,24.75610701245484,94.39519033063144,43.16669080928282,medium,,94.39519033063144,94.18301415629736,0.00225280722043964
X-n237-k14,236,cold_chain,ortools:proxy_mean_scaled_or_tools,proxy_mean_scaled_or_tools,ortools,True,True,True,14,29009.0,5.001090049743652,1.3694701194763184,6.370560169219971,250.74,0.995,pulp_cbc,mean_domain_loss,94.39519033063144,,180,60,True,263.8174816145851,264.3221102784825,313.4568471108956,314.5631472546253,236.24334280618567,236.90640724,29146.56188113991,29196.037207249312,29254.71078853808,28.346818469494888,50.94759867786966,0.4699576271186441,24.75610701245484,94.39519033063144,43.16669080928282,medium,,94.39519033063144,94.18301415629736,0.00225280722043964
X-n237-k14,236,cold_chain,ortools:quantile_p75_or_tools,quantile_p75_or_tools,ortools,True,True,True,14,29009.0,5.000705718994141,1.4137835502624512,6.414489269256592,304.6620761982683,1.208976492850271,pulp_cbc,mean_domain_loss,94.39519033063144,,180,60,True,263.8174816145851,264.3221102784825,313.4568471108956,314.5631472546253,236.24334280618567,236.90640724,29146.56188113991,29196.037207249312,29254.71078853808,28.346818469494888,50.94759867786966,0.4699576271186441,24.75610701245484,94.39519033063144,43.16669080928282,medium,,94.39519033063144,94.18301415629736,0.00225280722043964
X-n237-k14,236,cold_chain,ortools:quantile_p75_scaled_or_tools,quantile_p75_scaled_or_tools,ortools,True,True,True,14,29009.0,5.000397205352783,1.4983899593353271,6.49878716468811,250.74,0.995,pulp_cbc,mean_domain_loss,94.39519033063144,,180,60,True,263.8174816145851,264.3221102784825,313.4568471108956,314.5631472546253,236.24334280618567,236.90640724,29146.56188113991,29196.037207249312,29254.71078853808,28.346818469494888,50.94759867786966,0.4699576271186441,24.75610701245484,94.39519033063144,43.16669080928282,medium,,94.39519033063144,94.18301415629736,0.00225280722043964
X-n237-k14,236,cold_chain,ortools:quantile_p90_scaled_or_tools,quantile_p90_scaled_or_tools,ortools,True,True,True,14,29009.0,4.9997851848602295,1.3908603191375732,6.390645503997803,250.74,0.995,pulp_cbc,mean_domain_loss,94.39519033063144,,180,60,True,263.8174816145851,264.3221102784825,313.4568471108956,314.5631472546253,236.24334280618567,236.90640724,29146.56188113991,29196.037207249312,29254.71078853808,28.346818469494888,50.94759867786966,0.4699576271186441,24.75610701245484,94.39519033063144,43.16669080928282,medium,,94.39519033063144,94.18301415629736,0.00225280722043964
X-n237-k14,236,cold_chain,ortools:robust_mean_1std_scaled_or_tools,robust_mean_1std_scaled_or_tools,ortools,True,True,True,14,29009.0,5.001031160354614,1.369844675064087,6.370875835418701,250.74,0.995,pulp_cbc,mean_domain_loss,94.39519033063144,,180,60,True,263.8174816145851,264.3221102784825,313.4568471108956,314.5631472546253,236.24334280618567,236.90640724,29146.56188113991,29196.037207249312,29254.71078853808,28.346818469494888,50.94759867786966,0.4699576271186441,24.75610701245484,94.39519033063144,43.16669080928282,medium,,94.39519033063144,94.18301415629736,0.00225280722043964
X-n237-k14,236,cold_chain,ortools:robust_mean_2std_scaled_or_tools,robust_mean_2std_scaled_or_tools,ortools,True,True,True,14,29009.0,5.000209331512451,1.4215819835662842,6.421791315078735,250.74,0.995,pulp_cbc,mean_domain_loss,94.39519033063144,,180,60,True,263.8174816145851,264.3221102784825,313.4568471108956,314.5631472546253,236.24334280618567,236.90640724,29146.56188113991,29196.037207249312,29254.71078853808,28.346818469494888,50.94759867786966,0.4699576271186441,24.75610701245484,94.39519033063144,43.16669080928282,medium,,94.39519033063144,94.18301415629736,0.00225280722043964
X-n237-k14,236,grocery,ortools:nominal_seed103_or_tools,nominal_seed103_or_tools,ortools,True,True,True,14,28519.0,5.000946521759033,1.3647034168243408,6.365649938583374,236.0,0.9365079365079364,pulp_cbc,mean_domain_loss,66.3803768494011,,180,60,True,263.8174816145851,264.3221102784825,313.4568471108956,314.5631472546253,108.07104352760548,236.85561277,28585.380376849404,28625.11478690261,28669.23725882365,28.230884293914347,51.11796167320863,0.4702966101694915,24.589378366874303,66.3803768494011,0.0,medium,,66.3803768494011,66.3803768494011,0.0
X-n237-k14,236,grocery,ortools:nominal_or_tools,nominal_or_tools,ortools,True,True,True,14,29009.0,4.99995756149292,1.46138596534729,6.46134352684021,236.0,0.9365079365079364,pulp_cbc,mean_domain_loss,66.39953275263633,,180,60,True,263.8174816145851,264.3221102784825,313.4568471108956,314.5631472546253,108.0657698167562,236.85561266,29075.39953275263,29114.37508360475,29159.42551734444,28.23605843323192,50.82442617402449,0.4696186440677966,24.594552396191865,66.39953275263633,0.0,medium,,66.39953275263633,66.3803768494011,0.0002885778018207052
X-n237-k14,236,grocery,ortools:proxy_mean_or_tools,proxy_mean_or_tools,ortools,True,True,True,14,29009.0,5.000902652740479,1.465687274932861,6.46658992767334,263.81748161458506,1.0468947683118457,pulp_cbc,mean_domain_loss,66.39953275263633,,180,60,True,263.8174816145851,264.3221102784825,313.4568471108956,314.5631472546253,108.0657698167562,236.85561266,29075.39953275263,29114.37508360475,29159.42551734444,28.23605843323192,50.82442617402449,0.4696186440677966,24.594552396191865,66.39953275263633,0.0,medium,,66.39953275263633,66.3803768494011,0.0002885778018207052
X-n237-k14,236,grocery,ortools:proxy_mean_scaled_or_tools,proxy_mean_scaled_or_tools,ortools,True,True,True,14,29009.0,5.001090049743652,1.3521196842193604,6.353209733963013,250.74,0.995,pulp_cbc,mean_domain_loss,66.39953275263633,,180,60,True,263.8174816145851,264.3221102784825,313.4568471108956,314.5631472546253,108.0657698167562,236.85561266,29075.39953275263,29114.37508360475,29159.42551734444,28.23605843323192,50.82442617402449,0.4696186440677966,24.594552396191865,66.39953275263633,0.0,medium,,66.39953275263633,66.3803768494011,0.0002885778018207052
X-n237-k14,236,grocery,ortools:quantile_p75_or_tools,quantile_p75_or_tools,ortools,True,True,True,14,29009.0,5.000705718994141,1.4772815704345703,6.477987289428711,304.6620761982683,1.208976492850271,pulp_cbc,mean_domain_loss,66.39953275263633,,180,60,True,263.8174816145851,264.3221102784825,313.4568471108956,314.5631472546253,108.0657698167562,236.85561266,29075.39953275263,29114.37508360475,29159.42551734444,28.23605843323192,50.82442617402449,0.4696186440677966,24.594552396191865,66.39953275263633,0.0,medium,,66.39953275263633,66.3803768494011,0.0002885778018207052
X-n237-k14,236,grocery,ortools:quantile_p75_scaled_or_tools,quantile_p75_scaled_or_tools,ortools,True,True,True,14,29009.0,5.000397205352783,1.3954205513000488,6.395817756652832,250.74,0.995,pulp_cbc,mean_domain_loss,66.39953275263633,,180,60,True,263.8174816145851,264.3221102784825,313.4568471108956,314.5631472546253,108.0657698167562,236.85561266,29075.39953275263,29114.37508360475,29159.42551734444,28.23605843323192,50.82442617402449,0.4696186440677966,24.594552396191865,66.39953275263633,0.0,medium,,66.39953275263633,66.3803768494011,0.0002885778018207052
X-n237-k14,236,grocery,ortools:quantile_p90_scaled_or_tools,quantile_p90_scaled_or_tools,ortools,True,True,True,14,29009.0,4.9997851848602295,1.3886613845825195,6.388446569442749,250.74,0.995,pulp_cbc,mean_domain_loss,66.39953275263633,,180,60,True,263.8174816145851,264.3221102784825,313.4568471108956,314.5631472546253,108.0657698167562,236.85561266,29075.39953275263,29114.37508360475,29159.42551734444,28.23605843323192,50.82442617402449,0.4696186440677966,24.594552396191865,66.39953275263633,0.0,medium,,66.39953275263633,66.3803768494011,0.0002885778018207052
X-n237-k14,236,grocery,ortools:robust_mean_1std_scaled_or_tools,robust_mean_1std_scaled_or_tools,ortools,True,True,True,14,29009.0,5.001031160354614,1.4862916469573977,6.487322807312012,250.74,0.995,pulp_cbc,mean_domain_loss,66.39953275263633,,180,60,True,263.8174816145851,264.3221102784825,313.4568471108956,314.5631472546253,108.0657698167562,236.85561266,29075.39953275263,29114.37508360475,29159.42551734444,28.23605843323192,50.82442617402449,0.4696186440677966,24.594552396191865,66.39953275263633,0.0,medium,,66.39953275263633,66.3803768494011,0.0002885778018207052
X-n237-k14,236,grocery,ortools:robust_mean_2std_scaled_or_tools,robust_mean_2std_scaled_or_tools,ortools,True,True,True,14,29009.0,5.000209331512451,1.3367292881011963,6.336938619613648,250.74,0.995,pulp_cbc,mean_domain_loss,66.39953275263633,,180,60,True,263.8174816145851,264.3221102784825,313.4568471108956,314.5631472546253,108.0657698167562,236.85561266,29075.39953275263,29114.37508360475,29159.42551734444,28.23605843323192,50.82442617402449,0.4696186440677966,24.594552396191865,66.39953275263633,0.0,medium,,66.39953275263633,66.3803768494011,0.0002885778018207052
X-n237-k14,236,grocery,ortools:quantile_p75_scaled_seed107_or_tools,quantile_p75_scaled_seed107_or_tools,ortools,True,True,True,14,29173.0,5.0002381801605225,1.2525851726531982,6.252823352813721,250.74,0.995,pulp_cbc,mean_domain_loss,66.41663037620471,,180,60,True,263.8174816145851,264.3221102784825,313.4568471108956,314.5631472546253,108.05465297372857,236.85561252,29239.4166303762,29278.645472395023,29323.51229158781,28.24200559982128,50.92689880895732,0.4701271186440678,24.60049942278124,66.41663037620471,0.0,medium,,66.41663037620471,66.3803768494011,0.0005461482523043643
X-n237-k14,236,grocery,ortools:proxy_mean_scaled_seed109_or_tools,proxy_mean_scaled_seed109_or_tools,ortools,True,True,True,14,28600.0,5.000337600708008,1.3326122760772705,6.332949876785278,250.74,0.995,pulp_cbc,mean_domain_loss,66.44415775439995,,180,60,True,263.8174816145851,264.3221102784825,313.4568471108956,314.5631472546253,108.064561593602,236.85561227,28666.4441577544,28705.60718310385,28750.45331284981,28.252949338827616,50.908408728519184,0.4699576271186441,24.611442911787577,66.44415775439995,0.0,medium,,66.44415775439995,66.3803768494011,0.0009608397545490271
X-n237-k14,236,grocery,ortools:nominal_seed101_or_tools,nominal_seed101_or_tools,ortools,True,True,True,14,28862.0,5.000953912734985,1.2722351551055908,6.273189067840576,236.0,0.9365079365079364,pulp_cbc,mean_domain_loss,66.47272313513554,,180,60,True,263.8174816145851,264.3221102784825,313.4568471108956,314.5631472546253,108.07549560651483,236.8556127,28928.47272313514,28967.457887637927,29012.492524046964,28.262887620457523,50.83941598080081,0.4701271186440678,24.62138162341747,66.47272313513554,0.0,medium,,66.47272313513554,66.3803768494011,0.0013911684464212155
X-n237-k14,236,grocery,ortools:robust_mean_1std_scaled_seed113_or_tools,robust_mean_1std_scaled_seed113_or_tools,ortools,True,True,True,14,28893.0,5.000156879425049,1.3068437576293943,6.307000637054443,250.74,0.995,pulp_cbc,mean_domain_loss,66.49904878408488,,180,60,True,263.8174816145851,264.3221102784825,313.4568471108956,314.5631472546253,108.06332140020076,236.85561273,28959.49904878408,28998.62829271453,29043.44536525113,28.270773654401523,50.899085682893634,0.4690254237288135,24.629267687361484,66.49904878408488,0.0,medium,,66.49904878408488,66.3803768494011,0.0017877562664793077
X-n242-k48,241,atm,ortools:quantile_p75_scaled_or_tools,quantile_p75_scaled_or_tools,ortools,True,True,True,48,91803.0,4.99976658821106,1.140094518661499,6.139861106872559,1337.2800000000002,0.995,pulp_cbc,mean_domain_loss,687.2225261076482,,180,60,True,1475.973949221342,1477.18790780453,1719.0860596616135,1721.464512942517,1251.846664187264,1343.9999992500002,92490.22252610764,93035.63293183608,93514.58289764108,177.09187066270144,331.7920779154112,0.4731120331950207,154.04033381085344,687.2225261076482,0.0,medium,,687.2225261076482,687.2225261076482,0.0
X-n242-k48,241,atm,ortools:quantile_p75_scaled_seed107_or_tools,quantile_p75_scaled_seed107_or_tools,ortools,True,True,True,48,89764.0,5.000499725341797,1.1594948768615725,6.159994602203369,1337.2800000000002,0.995,pulp_cbc,mean_domain_loss,687.4873230234774,,180,60,True,1475.973949221342,1477.18790780453,1719.0860596616135,1721.464512942517,1251.060031635148,1344.0000010899998,90451.48732302348,90995.11617214044,91473.7676402755,177.204273966246,331.42691550392385,0.4753941908713693,154.15273895439796,687.4873230234774,0.0,medium,,687.4873230234774,687.2225261076482,0.0003853146626741786
X-n242-k48,241,cargo,ortools:quantile_p75_scaled_or_tools,quantile_p75_scaled_or_tools,ortools,True,True,True,48,91803.0,4.99976658821106,1.0698192119598389,6.069585800170898,1337.2800000000002,0.995,pulp_cbc,mean_domain_loss,517.0942082228623,,180,60,True,1475.973949221342,1477.18790780453,1719.0860596616135,1721.464512942517,1111.3477968199345,1343.99999758,92320.09420822289,92732.1872875833,93097.40305936876,177.26120573382204,331.7517150673125,0.4636514522821576,154.20966721197388,517.0942082228623,0.0,medium,,517.0942082228623,517.0942082228623,0.0
X-n242-k48,241,cargo,ortools:quantile_p75_scaled_seed107_or_tools,quantile_p75_scaled_seed107_or_tools,ortools,True,True,True,48,89764.0,5.000499725341797,1.1802725791931152,6.180772304534912,1337.2800000000002,0.995,pulp_cbc,mean_domain_loss,517.2261794389892,,180,60,True,1475.973949221342,1477.18790780453,1719.0860596616135,1721.464512942517,1110.8375636513483,1343.99999755,90281.22617943898,90692.56454448002,91057.65020800575,177.27446521085167,331.2691142218628,0.4659336099585062,154.22292665900363,517.2261794389892,0.0,medium,,517.2261794389892,517.0942082228623,0.00025521696825891944
X-n242-k48,241,cold_chain,ortools:quantile_p75_scaled_or_tools,quantile_p75_scaled_or_tools,ortools,True,True,True,48,91803.0,4.99976658821106,1.0586750507354736,6.058441638946533,1337.2800000000002,0.995,pulp_cbc,mean_domain_loss,611.4763156729633,,180,60,True,1475.973949221342,1477.18790780453,1719.0860596616135,1721.464512942517,1302.741061832646,1343.9999976,92675.54641683109,93008.9550560095,93343.93442269792,177.05789377124148,331.259778375919,0.4672199170124481,154.00635526939334,611.4763156729633,261.0701011581293,medium,,611.4763156729633,611.4763156729633,0.0
X-n242-k48,241,cold_chain,ortools:quantile_p75_scaled_seed107_or_tools,quantile_p75_scaled_seed107_or_tools,ortools,True,True,True,48,89764.0,5.000499725341797,1.0241334438323977,6.024633169174194,1337.2800000000002,0.995,pulp_cbc,mean_domain_loss,612.1197397127369,,180,60,True,1475.973949221342,1477.18790780453,1719.0860596616135,1721.464512942517,1308.8505271954348,1344.00000014,90643.55106269669,90972.9180271028,91310.4717016133,177.13267798643196,329.56247859260816,0.4664730290456431,154.08114202458393,612.1197397127369,267.4313229839436,medium,,612.1197397127369,611.4763156729633,0.0010522468708627345
X-n242-k48,241,grocery,ortools:quantile_p75_scaled_or_tools,quantile_p75_scaled_or_tools,ortools,True,True,True,48,91803.0,4.99976658821106,1.1757700443267822,6.175536632537842,1337.2800000000002,0.995,pulp_cbc,mean_domain_loss,426.8113373796485,,180,60,True,1475.973949221342,1477.18790780453,1719.0860596616135,1721.464512942517,598.3423242967791,1344.00000069,92229.81133737964,92495.33403190116,92748.83724503509,177.01121540797655,331.52735415161965,0.4709128630705394,153.95967999612847,426.8113373796485,0.0,medium,,426.8113373796485,426.8113373796485,0.0
X-n242-k48,241,grocery,ortools:quantile_p75_scaled_seed107_or_tools,quantile_p75_scaled_seed107_or_tools,ortools,True,True,True,48,89764.0,5.000499725341797,1.1485328674316406,6.1490325927734375,1337.2800000000002,0.995,pulp_cbc,mean_domain_loss,427.0478571551005,,180,60,True,1475.973949221342,1477.18790780453,1719.0860596616135,1721.464512942517,597.9974225944504,1344.00000016,90191.04785715508,90456.07188572807,90708.8201980806,177.1390963910796,331.3931124967639,0.471701244813278,154.08756044923155,427.0478571551005,0.0,medium,,427.0478571551005,426.8113373796485,0.0005541553251703134
X-n251-k28,250,atm,ortools:nominal_seed103_or_tools,nominal_seed103_or_tools,ortools,True,True,True,28,40522.0,4.993817329406738,1.2081098556518557,6.201927185058594,1867.0,0.9663561076604554,pulp_cbc,mean_domain_loss,822.1565327390407,,180,60,True,2083.418657642686,2086.52559340612,2424.725729849444,2425.3478480666686,1673.349754488663,1931.9999975,41344.15653273905,41970.12848406352,42603.67775831801,212.9982914796032,391.9740201894813,0.42964,234.77511302718904,822.1565327390407,0.0,medium,,822.1565327390407,822.1565327390407,0.0
X-n251-k28,250,cargo,ortools:nominal_seed103_or_tools,nominal_seed103_or_tools,ortools,True,True,True,28,40522.0,4.993817329406738,1.1415870189666748,6.135404348373413,1867.0,0.9663561076604554,pulp_cbc,mean_domain_loss,622.3337922050911,,180,60,True,2083.418657642686,2086.52559340612,2424.725729849444,2425.3478480666686,1506.1930464421173,1932.0000004,41144.33379220509,41625.12991527438,42104.04929328391,213.6790027597575,391.0783121008116,0.42608,235.4558272073432,622.3337922050911,0.0,medium,,622.3337922050911,622.3337922050911,0.0
X-n251-k28,250,cold_chain,ortools:nominal_seed103_or_tools,nominal_seed103_or_tools,ortools,True,True,True,28,40522.0,4.993817329406738,1.093397617340088,6.087214946746826,1867.0,0.9663561076604554,pulp_cbc,mean_domain_loss,760.0884446383731,,180,60,True,2083.418657642686,2086.52559340612,2424.725729849444,2425.3478480666686,1757.7194522505072,1932.0000004,41638.02320830903,41988.061573802064,42430.48041385936,213.06174478272428,390.2650826150999,0.42488,234.83856923031007,760.0884446383731,355.9347636706605,medium,,760.0884446383731,760.0884446383731,0.0
X-n251-k28,250,grocery,ortools:nominal_seed103_or_tools,nominal_seed103_or_tools,ortools,True,True,True,28,40522.0,4.993817329406738,1.1944422721862793,6.188259601593018,1867.0,0.9663561076604554,pulp_cbc,mean_domain_loss,526.2231918762034,,180,60,True,2083.418657642686,2086.52559340612,2424.725729849444,2425.3478480666686,793.3825333695573,1932.0000007,41048.223191876205,41337.56434582842,41672.49593465142,212.7290395416097,391.24648583665646,0.42864,234.50586428919544,526.2231918762034,0.0,medium,,526.2231918762034,526.2231918762034,0.0
X-n261-k13,260,atm,ortools:quantile_p75_scaled_or_tools,quantile_p75_scaled_or_tools,ortools,True,True,True,13,31282.0,5.002111196517944,1.5675268173217771,6.569638013839722,13982.735,0.995,pulp_cbc,mean_domain_loss,6467.14390662604,,180,60,True,14982.669280417082,15021.02935136878,17862.196299766994,17900.458727447764,12471.465910790594,14052.9999758,37749.14390662604,43540.55038462132,48478.60380649354,1648.0365962666838,3235.052842096612,0.4328846153846153,1831.999380036625,6467.14390662604,0.0,medium,,6467.14390662604,6467.14390662604,0.0
X-n261-k13,260,atm,ortools:robust_mean_1std_scaled_or_tools,robust_mean_1std_scaled_or_tools,ortools,True,True,True,13,31915.0,4.990690231323242,1.5970313549041748,6.587721586227417,13982.735,0.995,pulp_cbc,mean_domain_loss,6467.692533351082,,180,60,True,14982.669280417082,15021.02935136878,17862.196299766994,17900.458727447764,12475.524138975255,14053.000024099998,38382.69253335107,44153.799325264095,49127.92484842919,1649.119486550219,3231.850300087938,0.4348846153846153,1833.0823186201608,6467.692533351082,0.0,medium,,6467.692533351082,6467.14390662604,8.483292361556691e-05
X-n261-k13,260,atm,ortools:quantile_p75_scaled_seed107_or_tools,quantile_p75_scaled_seed107_or_tools,ortools,True,True,True,13,31470.0,5.001019477844238,1.6708035469055176,6.671823024749756,13982.735,0.995,pulp_cbc,mean_domain_loss,6472.716956622075,,180,60,True,14982.669280417082,15021.02935136878,17862.196299766994,17900.458727447764,12475.733311721153,14052.999972500002,37942.71695662207,43758.87662934613,48672.90028804216,1649.195085607458,3242.4648933897524,0.4312307692307692,1833.1578660774,6472.716956622075,0.0,medium,,6472.716956622075,6467.14390662604,0.0008617482580408627
X-n261-k13,260,atm,ortools:robust_mean_1std_scaled_seed113_or_tools,robust_mean_1std_scaled_seed113_or_tools,ortools,True,True,True,13,32161.0,5.009710311889648,1.5696547031402588,6.579365015029907,13982.735,0.995,pulp_cbc,mean_domain_loss,6473.391397860769,,180,60,True,14982.669280417082,15021.02935136878,17862.196299766994,17900.458727447764,12479.402517051829,14053.0000082,38634.39139786076,44421.68752474055,49378.20091304832,1650.761766862121,3238.0690399042724,0.4343846153846153,1834.7245830320628,6473.391397860769,0.0,medium,,6473.391397860769,6467.14390662604,0.0009660355985472738
X-n261-k13,260,atm,ortools:proxy_mean_scaled_or_tools,proxy_mean_scaled_or_tools,ortools,True,True,True,13,31364.0,4.997973680496216,1.6162781715393066,6.6142518520355225,13982.735000000002,0.9950000000000002,pulp_cbc,mean_domain_loss,6476.879934705127,,180,60,True,14982.669280417082,15021.02935136878,17862.196299766994,17900.458727447764,12475.283882630689,14052.9999778,37840.87993470512,43648.96249070718,48554.15070702577,1648.571938722387,3238.681096048927,0.4308846153846153,1832.5347244923285,6476.879934705127,0.0,medium,,6476.879934705127,6467.14390662604,0.00150546024947921
X-n261-k13,260,atm,ortools:quantile_p90_scaled_or_tools,quantile_p90_scaled_or_tools,ortools,True,True,True,13,31580.0,4.999620199203491,1.5725553035736084,6.5721755027771,13982.735,0.995,pulp_cbc,mean_domain_loss,6478.370061488432,,180,60,True,14982.669280417082,15021.02935136878,17862.196299766994,17900.458727447764,12496.648741950949,14052.9999699,38058.37006148843,43844.952094690925,48804.24840738537,1653.7518770831207,3241.6981843243084,0.4404615384615384,1837.7146549530623,6478.370061488432,0.0,medium,,6478.370061488432,6467.14390662604,0.0017358752216554117
X-n261-k13,260,atm,ortools:proxy_mean_scaled_seed109_or_tools,proxy_mean_scaled_seed109_or_tools,ortools,True,True,True,13,30438.0,5.0002217292785645,1.5845959186553955,6.58481764793396,13982.735000000002,0.9950000000000002,pulp_cbc,mean_domain_loss,6479.169896472878,,180,60,True,14982.669280417082,15021.02935136878,17862.196299766994,17900.458727447764,12475.605484769472,14052.9999748,36917.16989647288,42755.291700607006,47615.17012512561,1648.0941726961685,3244.7922027808954,0.43,1832.0569554661104,6479.169896472878,0.0,medium,,6479.169896472878,6467.14390662604,0.0018595519166530502
X-n261-k13,260,atm,ortools:robust_mean_2std_scaled_or_tools,robust_mean_2std_scaled_or_tools,ortools,True,True,True,13,31963.0,5.000209331512451,1.5409626960754397,6.541172027587891,13982.735000000002,0.9950000000000002,pulp_cbc,mean_domain_loss,6480.837623831815,,180,60,True,14982.669280417082,15021.02935136878,17862.196299766994,17900.458727447764,12502.796489562488,14052.9999849,38443.83762383181,44136.36440776961,49209.89310794989,1655.6792847517986,3222.081388324912,0.4378076923076923,1839.6420776217408,6480.837623831815,0.0,medium,,6480.837623831815,6467.14390662604,0.00211742886867647
X-n261-k13,260,cargo,ortools:robust_mean_2std_scaled_or_tools,robust_mean_2std_scaled_or_tools,ortools,True,True,True,13,31963.0,5.000209331512451,1.741358995437622,6.741568326950073,13982.735000000002,0.9950000000000002,pulp_cbc,mean_domain_loss,4841.914950434352,,180,60,True,14982.669280417082,15021.02935136878,17862.196299766994,17900.458727447764,11209.532760811588,14052.99997271,36804.91495043435,41108.272419719,44941.075538606776,1660.8733273769308,3232.158747275028,0.4326153846153846,1844.8361080568727,4841.914950434352,0.0,medium,,4841.914950434352,4841.914950434352,0.0
X-n261-k13,260,cargo,ortools:quantile_p75_scaled_or_tools,quantile_p75_scaled_or_tools,ortools,True,True,True,13,31282.0,5.002111196517944,1.6945548057556152,6.69666600227356,13982.735,0.995,pulp_cbc,mean_domain_loss,4847.0647147170375,,180,60,True,14982.669280417082,15021.02935136878,17862.196299766994,17900.458727447764,11230.265848673416,14052.99998221,36129.06471471703,40486.1956435281,44276.61293030521,1650.5300337339513,3229.302249885722,0.4260769230769231,1834.4928239138928,4847.0647147170375,0.0,medium,,4847.0647147170375,4841.914950434352,0.0010635800784198645
X-n261-k13,260,cargo,ortools:robust_mean_1std_scaled_seed113_or_tools,robust_mean_1std_scaled_seed113_or_tools,ortools,True,True,True,13,32161.0,5.009710311889648,1.7263484001159668,6.736058712005615,13982.735,0.995,pulp_cbc,mean_domain_loss,4849.921758011671,,180,60,True,14982.669280417082,15021.02935136878,17862.196299766994,17900.458727447764,11222.83521578727,14052.999987259998,37010.92175801168,41363.79015406674,45152.474262243246,1655.180484597033,3236.171072343496,0.4308461538461538,1839.143279826976,4849.921758011671,0.0,medium,,4849.921758011671,4841.914950434352,0.001653644820134755
X-n261-k13,260,cargo,ortools:robust_mean_1std_scaled_or_tools,robust_mean_1std_scaled_or_tools,ortools,True,True,True,13,31915.0,4.990690231323242,1.826961755752564,6.817651987075806,13982.735,0.995,pulp_cbc,mean_domain_loss,4850.104608774512,,180,60,True,14982.669280417082,15021.02935136878,17862.196299766994,17900.458727447764,11226.286454971632,14053.0000034,36765.10460877451,41130.02728721144,44915.69485679186,1653.6401763941687,3237.88224560914,0.4292307692307692,1837.6029877641108,4850.104608774512,0.0,medium,,4850.104608774512,4841.914950434352,0.0016914089619489852
X-n261-k13,260,cargo,ortools:quantile_p75_scaled_seed107_or_tools,quantile_p75_scaled_seed107_or_tools,ortools,True,True,True,13,31470.0,5.001019477844238,1.78674054145813,6.787760019302368,13982.735,0.995,pulp_cbc,mean_domain_loss,4853.467044855404,,180,60,True,14982.669280417082,15021.02935136878,17862.196299766994,17900.458727447764,11230.947244174517,14052.9999866,36323.4670448554,40704.83691640216,44469.45254778581,1652.662232533269,3240.432704399524,0.4269230769230769,1836.6250271032104,4853.467044855404,0.0,medium,,4853.467044855404,4841.914950434352,0.002385852403296708
X-n261-k13,260,cargo,ortools:quantile_p90_scaled_or_tools,quantile_p90_scaled_or_tools,ortools,True,True,True,13,31580.0,4.999620199203491,1.7166414260864258,6.716261625289917,13982.735,0.995,pulp_cbc,mean_domain_loss,4859.514733182818,,180,60,True,14982.669280417082,15021.02935136878,17862.196299766994,17900.458727447764,11232.411216645456,14052.99999428,36439.51473318282,40812.93805121919,44579.14989217111,1660.0778742253578,3248.7498157191394,0.4335,1844.0406764752995,4859.514733182818,0.0,medium,,4859.514733182818,4841.914950434352,0.003634880605841156
X-n261-k13,260,cargo,ortools:proxy_mean_scaled_or_tools,proxy_mean_scaled_or_tools,ortools,True,True,True,13,31364.0,4.997973680496216,1.863375663757324,6.86134934425354,13982.735000000002,0.9950000000000002,pulp_cbc,mean_domain_loss,4864.157803083785,,180,60,True,14982.669280417082,15021.02935136878,17862.196299766994,17900.458727447764,11250.394124171942,14052.99999629,36228.15780308379,40635.43952861511,44373.68264581958,1651.8382661331611,3246.573868592752,0.4275384615384615,1835.801070393103,4864.157803083785,0.0,medium,,4864.157803083785,4841.914950434352,0.00459381316630476
X-n261-k13,260,cold_chain,ortools:proxy_mean_scaled_or_tools,proxy_mean_scaled_or_tools,ortools,True,True,True,13,31364.0,4.997973680496216,1.5198144912719729,6.5177881717681885,13982.735000000002,0.9950000000000002,pulp_cbc,mean_domain_loss,6025.565164466592,,180,60,True,14982.669280417082,15021.02935136878,17862.196299766994,17900.458727447764,13319.109097908844,14052.9999888,40101.29195624335,43626.48649548242,47018.54182638342,1646.9191017350165,3233.256012489825,0.4230384615384615,1830.881898504959,6025.565164466592,2711.726791776756,medium,,6025.565164466592,6025.565164466592,0.0
X-n261-k13,260,cold_chain,ortools:quantile_p75_scaled_seed107_or_tools,quantile_p75_scaled_seed107_or_tools,ortools,True,True,True,13,31470.0,5.001019477844238,1.494706630706787,6.495726108551025,13982.735,0.995,pulp_cbc,mean_domain_loss,6025.822843601305,,180,60,True,14982.669280417082,15021.02935136878,17862.196299766994,17900.458727447764,13238.557414644272,14052.9999897,40126.88544294829,43737.49401404484,47048.69786556006,1650.2518182463075,3247.099239987476,0.4263076923076923,1834.2146159162487,6025.822843601305,2631.0625993469785,medium,,6025.822843601305,6025.565164466592,4.2764309683741886e-05
X-n261-k13,260,cold_chain,ortools:robust_mean_1std_scaled_seed113_or_tools,robust_mean_1std_scaled_seed113_or_tools,ortools,True,True,True,13,32161.0,5.009710311889648,1.4242253303527832,6.433935642242432,13982.735,0.995,pulp_cbc,mean_domain_loss,6030.384028166283,,180,60,True,14982.669280417082,15021.02935136878,17862.196299766994,17900.458727447764,13270.859932135858,14052.9999787,40847.718889608186,44426.11262265232,47782.44165008544,1650.9871274798795,3235.962598851195,0.4264230769230769,1834.9499141498216,6030.384028166283,2656.3348614418983,medium,,6030.384028166283,6025.565164466592,0.0007997363845815532
X-n261-k13,260,cold_chain,ortools:robust_mean_1std_scaled_or_tools,robust_mean_1std_scaled_or_tools,ortools,True,True,True,13,31915.0,4.990690231323242,1.528756856918335,6.519447088241577,13982.735,0.995,pulp_cbc,mean_domain_loss,6032.2671578607615,,180,60,True,14982.669280417082,15021.02935136878,17862.196299766994,17900.458727447764,13353.542150662935,14052.999994999998,40682.52457985511,44272.03021878218,47609.41513340923,1649.0541023539051,3236.207907440471,0.4250384615384615,1833.016905323847,6032.2671578607615,2735.257421994347,medium,,6032.2671578607615,6025.565164466592,0.0011122597152697974
X-n261-k13,260,cold_chain,ortools:quantile_p75_scaled_or_tools,quantile_p75_scaled_or_tools,ortools,True,True,True,13,31282.0,5.002111196517944,1.4422099590301514,6.444321155548096,13982.735,0.995,pulp_cbc,mean_domain_loss,6032.723920473414,,180,60,True,14982.669280417082,15021.02935136878,17862.196299766994,17900.458727447764,13365.286527146012,14052.9999709,40067.16164568751,43629.83605326624,46968.61322356368,1648.5654975502423,3226.370180483355,0.4219230769230769,1832.528276420184,6032.723920473414,2752.437725214092,medium,,6032.723920473414,6025.565164466592,0.0011880638266162796
X-n261-k13,260,cold_chain,ortools:proxy_mean_scaled_seed109_or_tools,proxy_mean_scaled_seed109_or_tools,ortools,True,True,True,13,30438.0,5.0002217292785645,1.3788652420043943,6.379086971282959,13982.735000000002,0.9950000000000002,pulp_cbc,mean_domain_loss,6034.878095436351,,180,60,True,14982.669280417082,15021.02935136878,17862.196299766994,17900.458727447764,13292.523878515263,14052.9999936,39158.927478137375,42675.16186748097,46029.50609670046,1648.9987897899214,3231.293897319718,0.4185,1832.9615913598627,6034.878095436351,2686.0493827010223,medium,,6034.878095436351,6025.565164466592,0.0015455697043454347
X-n261-k13,260,cold_chain,ortools:robust_mean_2std_scaled_or_tools,robust_mean_2std_scaled_or_tools,ortools,True,True,True,13,31963.0,5.000209331512451,1.436290979385376,6.436500310897827,13982.735000000002,0.9950000000000002,pulp_cbc,mean_domain_loss,6053.948625648601,,180,60,True,14982.669280417082,15021.02935136878,17862.196299766994,17900.458727447764,13366.341919126848,14053.0000062,40737.57363259046,44277.05400186637,47683.78462147901,1658.5528064910334,3236.863500075888,0.4297307692307692,1842.515620660976,6053.948625648601,2720.625006941863,medium,,6053.948625648601,6025.565164466592,0.00471050605333899
X-n261-k13,260,grocery,ortools:quantile_p75_scaled_seed107_or_tools,quantile_p75_scaled_seed107_or_tools,ortools,True,True,True,13,31470.0,5.001019477844238,1.4297804832458496,6.430799961090088,13982.735,0.995,pulp_cbc,mean_domain_loss,4147.387421787927,,180,60,True,14982.669280417082,15021.02935136878,17862.196299766994,17900.458727447764,5930.255531943661,14052.999985,35617.38742178793,38463.58170927245,41005.080006082746,1644.9057112373016,3245.1163647757026,0.4300384615384615,1828.868504207244,4147.387421787927,0.0,medium,,4147.387421787927,4147.387421787927,0.0
X-n261-k13,260,grocery,ortools:proxy_mean_scaled_seed109_or_tools,proxy_mean_scaled_seed109_or_tools,ortools,True,True,True,13,30438.0,5.0002217292785645,1.377924919128418,6.378146648406982,13982.735000000002,0.9950000000000002,pulp_cbc,mean_domain_loss,4148.734708802466,,180,60,True,14982.669280417082,15021.02935136878,17862.196299766994,17900.458727447764,5925.51481203128,14052.9999609,34586.73470880247,37379.59633325926,39954.84388321875,1644.7603686171708,3233.786273115582,0.4267692307692308,1828.7231374871128,4148.734708802466,0.0,medium,,4148.734708802466,4147.387421787927,0.0003248519796971287
X-n261-k13,260,grocery,ortools:quantile_p75_scaled_or_tools,quantile_p75_scaled_or_tools,ortools,True,True,True,13,31282.0,5.002111196517944,1.4079608917236328,6.410072088241577,13982.735,0.995,pulp_cbc,mean_domain_loss,4149.221740114921,,180,60,True,14982.669280417082,15021.02935136878,17862.196299766994,17900.458727447764,5927.505497933556,14052.9999838,35431.221740114925,38254.05900245982,40816.82964170847,1645.9395046078953,3231.12639723885,0.4296923076923077,1829.9022963778368,4149.221740114921,0.0,medium,,4149.221740114921,4147.387421787927,0.00044228284952524535
X-n261-k13,260,grocery,ortools:proxy_mean_scaled_or_tools,proxy_mean_scaled_or_tools,ortools,True,True,True,13,31364.0,4.997973680496216,1.389495611190796,6.387469291687012,13982.735000000002,0.9950000000000002,pulp_cbc,mean_domain_loss,4151.117058341741,,180,60,True,14982.669280417082,15021.02935136878,17862.196299766994,17900.458727447764,5926.769334822436,14052.999982,35515.11705834175,38316.44616357457,40900.35223238522,1646.166977066324,3234.603305083908,0.4282692307692308,1830.129767036265,4151.117058341741,0.0,medium,,4151.117058341741,4147.387421787927,0.0008992737293409987
X-n261-k13,260,grocery,ortools:robust_mean_1std_scaled_or_tools,robust_mean_1std_scaled_or_tools,ortools,True,True,True,13,31915.0,4.990690231323242,1.2731130123138428,6.263803243637085,13982.735,0.995,pulp_cbc,mean_domain_loss,4153.876243969726,,180,60,True,14982.669280417082,15021.02935136878,17862.196299766994,17900.458727447764,5931.694411155062,14052.999993999998,36068.87624396973,38874.2534318515,41461.41793390428,1647.998409873283,3227.8417542737807,0.4331153846153846,1831.961211843224,4153.876243969726,0.0,medium,,4153.876243969726,4147.387421787927,0.0015645565561851773
X-n261-k13,260,grocery,ortools:robust_mean_1std_scaled_seed113_or_tools,robust_mean_1std_scaled_seed113_or_tools,ortools,True,True,True,13,32161.0,5.009710311889648,1.4034180641174316,6.41312837600708,13982.735,0.995,pulp_cbc,mean_domain_loss,4154.9292370552685,,180,60,True,14982.669280417082,15021.02935136878,17862.196299766994,17900.458727447764,5934.136066652899,14053.000002700002,36315.92923705527,39129.24462485276,41708.9711545837,1648.3478514510673,3231.571835201371,0.4324615384615384,1832.3106621210093,4154.9292370552685,0.0,medium,,4154.9292370552685,4147.387421787927,0.0018184496648952443
X-n261-k13,260,grocery,ortools:quantile_p90_scaled_or_tools,quantile_p90_scaled_or_tools,ortools,True,True,True,13,31580.0,4.999620199203491,1.3656814098358154,6.365301609039307,13982.735,0.995,pulp_cbc,mean_domain_loss,4161.736746947559,,180,60,True,14982.669280417082,15021.02935136878,17862.196299766994,17900.458727447764,5946.192076772937,14052.999964899998,35741.736746947565,38557.151100049145,41128.67521622557,1652.4419423601869,3237.48799026089,0.4372692307692307,1836.4047152301284,4161.736746947559,0.0,medium,,4161.736746947559,4147.387421787927,0.003459846814466627
X-n261-k13,260,grocery,ortools:robust_mean_2std_scaled_or_tools,robust_mean_2std_scaled_or_tools,ortools,True,True,True,13,31963.0,5.000209331512451,1.3265650272369385,6.32677435874939,13982.735000000002,0.9950000000000002,pulp_cbc,mean_domain_loss,4166.924429747479,,180,60,True,14982.669280417082,15021.02935136878,17862.196299766994,17900.458727447764,5954.084549793804,14053.0000156,36129.924429747465,38891.26239989949,41538.55107886734,1654.2596602553813,3220.088811276311,0.4359230769230769,1838.222483825323,4166.924429747479,0.0,medium,,4166.924429747479,4147.387421787927,0.004710678307243605
X-n275-k28,274,atm,ortools:quantile_p75_scaled_seed107_or_tools,quantile_p75_scaled_seed107_or_tools,ortools,True,True,True,28,22426.0,5.005742311477661,1.4898080825805664,6.495550394058228,278.6,0.995,pulp_cbc,mean_domain_loss,107.69324463157996,,180,60,True,306.89828660604496,307.5660280006758,368.0009655121191,368.3309895522635,251.338360616101,279.9999996,22533.69324463158,22609.317389464133,22709.450121502177,28.00898382796879,49.800963784449536,0.412992700729927,33.826692114309544,107.69324463157996,0.0,medium,,107.69324463157996,107.69324463157996,0.0
X-n275-k28,274,atm,ortools:nominal_seed103_or_tools,nominal_seed103_or_tools,ortools,True,True,True,28,22466.0,4.998498201370239,1.4423997402191162,6.440897941589356,274.0,0.9785714285714284,pulp_cbc,mean_domain_loss,107.8282177663608,,180,60,True,306.89828660604496,307.5660280006758,368.0009655121191,368.3309895522635,251.46253501054252,280.00000038,22573.828217766364,22648.42534980658,22750.79612675337,28.04962946327092,49.87379828678131,0.4148905109489051,33.867338529611665,107.8282177663608,0.0,medium,,107.8282177663608,107.69324463157996,0.0012533110618273295
X-n275-k28,274,cargo,ortools:quantile_p75_scaled_seed107_or_tools,quantile_p75_scaled_seed107_or_tools,ortools,True,True,True,28,22426.0,5.005742311477661,1.6291162967681885,6.63485860824585,278.6,0.995,pulp_cbc,mean_domain_loss,82.19201206690957,,180,60,True,306.89828660604496,307.5660280006758,368.0009655121191,368.3309895522635,228.3779019864615,280.00000012,22508.19201206692,22565.667652790144,22643.57356673279,28.142060679854104,49.84238170519888,0.4143065693430657,33.959769486194865,82.19201206690957,0.0,medium,,82.19201206690957,82.19201206690957,0.0
X-n275-k28,274,cargo,ortools:nominal_seed103_or_tools,nominal_seed103_or_tools,ortools,True,True,True,28,22466.0,4.998498201370239,1.5218956470489502,6.5203938484191895,274.0,0.9785714285714284,pulp_cbc,mean_domain_loss,82.3040723035368,,180,60,True,306.89828660604496,307.5660280006758,368.0009655121191,368.3309895522635,228.62568411724183,280.00000004000003,22548.304072303534,22606.52302030861,22684.656919125544,28.18488037020409,50.08316977918445,0.4152554744525547,34.00258909654485,82.3040723035368,0.0,medium,,82.3040723035368,82.19201206690957,0.0013633957097437303
X-n275-k28,274,cold_chain,ortools:quantile_p75_scaled_seed107_or_tools,quantile_p75_scaled_seed107_or_tools,ortools,True,True,True,28,22426.0,5.005742311477661,1.4380042552947998,6.443746566772461,278.6,0.995,pulp_cbc,mean_domain_loss,100.90695576490477,,180,60,True,306.89828660604496,307.5660280006758,368.0009655121191,368.3309895522635,257.3999091938634,279.99999988,22577.589272891302,22619.91072222222,22688.20887165459,28.03417031762084,49.7342394013871,0.4101094890510949,33.8518788839616,100.90695576490477,50.68231712640012,medium,,100.90695576490477,100.90695576490477,0.0
X-n275-k28,274,cold_chain,ortools:nominal_seed103_or_tools,nominal_seed103_or_tools,ortools,True,True,True,28,22466.0,4.998498201370239,1.3699722290039062,6.3684704303741455,274.0,0.9785714285714284,pulp_cbc,mean_domain_loss,101.01475774960392,,180,60,True,306.89828660604496,307.5660280006758,368.0009655121191,368.3309895522635,257.4721095484881,279.99999986,22617.642823582184,22659.023082326705,22729.297819728377,28.08063043127782,49.923691804457846,0.412956204379562,33.89833897761858,101.01475774960392,50.62806583257807,medium,,101.01475774960392,100.90695576490477,0.0010683305613768622
X-n275-k28,274,grocery,ortools:quantile_p75_scaled_seed107_or_tools,quantile_p75_scaled_seed107_or_tools,ortools,True,True,True,28,22426.0,5.005742311477661,1.3311545848846436,6.336896896362305,278.6,0.995,pulp_cbc,mean_domain_loss,69.93864422349382,,180,60,True,306.89828660604496,307.5660280006758,368.0009655121191,368.3309895522635,118.20398135653058,280.00000019000004,22495.938644223486,22530.95992253091,22582.93207013904,27.984053064833898,49.8872407381093,0.411970802919708,33.80176194117465,69.93864422349382,0.0,medium,,69.93864422349382,69.93864422349382,0.0
X-n275-k28,274,grocery,ortools:nominal_seed103_or_tools,nominal_seed103_or_tools,ortools,True,True,True,28,22466.0,4.998498201370239,1.3315882682800293,6.3300864696502686,274.0,0.9785714285714284,pulp_cbc,mean_domain_loss,70.03153149097535,,180,60,True,306.89828660604496,307.5660280006758,368.0009655121191,368.3309895522635,118.2376916980434,279.9999998,22536.03153149098,22569.86879032808,22623.776943616125,28.0467699822392,49.859856460482064,0.4141970802919708,33.864478468579954,70.03153149097535,0.0,medium,,70.03153149097535,69.93864422349382,0.0013281250803876292
X-n275-k28,274,grocery,ortools:proxy_mean_scaled_seed109_or_tools,proxy_mean_scaled_seed109_or_tools,ortools,True,True,True,28,22488.0,5.008959531784058,1.3424186706542969,6.3513782024383545,278.6,0.995,pulp_cbc,mean_domain_loss,70.28798983510434,,180,60,True,306.89828660604496,307.5660280006758,368.0009655121191,368.3309895522635,118.64433922518836,280.00000018000003,22558.287989835106,22593.50163705744,22646.07963163183,28.1690781868416,50.19809557505614,0.4154014598540146,33.986787053182354,70.28798983510434,0.0,medium,,70.28798983510434,69.93864422349382,0.00499502979345951
X-n280-k17,279,atm,ortools:proxy_mean_scaled_seed109_or_tools,proxy_mean_scaled_seed109_or_tools,ortools,True,True,True,17,38562.0,5.00033164024353,1.7086341381072998,6.70896577835083,3247.6800000000003,0.995,pulp_cbc,mean_domain_loss,1803.1873228108896,,180,60,True,3569.5494701131493,3575.424894705229,4199.901283616081,4206.345190262546,3276.038614855021,3264.0000025900003,40365.187322810896,41446.03735159037,42684.363367607104,448.9032654794672,734.1196348783433,0.4607168458781362,397.0376453810952,1803.1873228108896,0.0,medium,,1803.1873228108896,1803.1873228108896,0.0
X-n280-k17,279,atm,ortools:nominal_seed103_or_tools,nominal_seed103_or_tools,ortools,True,True,True,17,38196.0,4.995669364929199,1.5002140998840332,6.495883464813232,3233.0,0.990502450980392,pulp_cbc,mean_domain_loss,1805.1710303135824,,180,60,True,3569.5494701131493,3575.424894705229,4199.901283616081,4206.345190262546,3281.0397770446693,3264.00000052,40001.171030313584,41069.27029162898,42327.0527250597,449.3272935963178,731.3479663670204,0.462258064516129,397.46167142794593,1805.1710303135824,0.0,medium,,1805.1710303135824,1803.1873228108896,0.0011001117175117063
X-n280-k17,279,atm,ortools:proxy_mean_scaled_or_tools,proxy_mean_scaled_or_tools,ortools,True,True,True,17,39074.0,5.000588417053223,1.6192140579223633,6.619802474975586,3247.6800000000003,0.995,pulp_cbc,mean_domain_loss,1805.786214553996,,180,60,True,3569.5494701131493,3575.424894705229,4199.901283616081,4206.345190262546,3279.8954029221936,3264.00000171,40879.786214554,41977.35385406688,43199.06415135153,449.59265111939095,738.4170906287045,0.4613978494623656,397.72703014101927,1805.786214553996,0.0,medium,,1805.786214553996,1803.1873228108896,0.0014412766273528969
X-n280-k17,279,atm,ortools:nominal_or_tools,nominal_or_tools,ortools,True,True,True,17,38220.0,4.999574422836304,1.4732632637023926,6.472837686538696,3233.0,0.990502450980392,pulp_cbc,mean_domain_loss,1807.9298086326828,,180,60,True,3569.5494701131493,3575.424894705229,4199.901283616081,4206.345190262546,3283.6004573211867,3264.00000287,40027.92980863268,41088.36352211319,42339.20861903413,449.73230277401706,729.6396680996334,0.452831541218638,397.8666829556453,1807.9298086326828,0.0,medium,,1807.9298086326828,1803.1873228108896,0.002630057211360854
X-n280-k17,279,cargo,ortools:proxy_mean_scaled_seed109_or_tools,proxy_mean_scaled_seed109_or_tools,ortools,True,True,True,17,38562.0,5.00033164024353,1.6897363662719729,6.690068006515503,3247.6800000000003,0.995,pulp_cbc,mean_domain_loss,1354.9802332816455,,180,60,True,3569.5494701131493,3575.424894705229,4199.901283616081,4206.345190262546,2901.4776278177205,3263.99999609,39916.98023328164,40750.11904270105,41676.35402520956,452.3323085756306,742.7823284613233,0.46,400.4666819772587,1354.9802332816455,0.0,medium,,1354.9802332816455,1354.9802332816455,0.0
X-n280-k17,279,cargo,ortools:proxy_mean_scaled_or_tools,proxy_mean_scaled_or_tools,ortools,True,True,True,17,39074.0,5.000588417053223,1.7337267398834229,6.7343151569366455,3247.6800000000003,0.995,pulp_cbc,mean_domain_loss,1357.9912779127317,,180,60,True,3569.5494701131493,3575.424894705229,4199.901283616081,4206.345190262546,2908.2929208910546,3263.99999645,40431.99127791273,41270.55972742524,42190.64960066848,451.4956243486384,741.9972080727051,0.4465232974910394,399.62999811026646,1357.9912779127317,0.0,medium,,1357.9912779127317,1354.9802332816455,0.002222205576972653
X-n280-k17,279,cargo,ortools:nominal_seed103_or_tools,nominal_seed103_or_tools,ortools,True,True,True,17,38196.0,4.995669364929199,1.5542476177215576,6.549916982650757,3233.0,0.990502450980392,pulp_cbc,mean_domain_loss,1358.5335904312733,,180,60,True,3569.5494701131493,3575.424894705229,4199.901283616081,4206.345190262546,2910.620945484914,3264.00000484,39554.53359043127,40367.78032436998,41319.18963388453,451.65154788326487,734.9077261180671,0.4538709677419354,399.7859300348931,1358.5335904312733,0.0,medium,,1358.5335904312733,1354.9802332816455,0.0026224420566061503
X-n280-k17,279,cargo,ortools:nominal_or_tools,nominal_or_tools,ortools,True,True,True,17,38220.0,4.999574422836304,1.5119822025299072,6.511556625366211,3233.0,0.990502450980392,pulp_cbc,mean_domain_loss,1360.090824136541,,180,60,True,3569.5494701131493,3575.424894705229,4199.901283616081,4206.345190262546,2911.421639161693,3264.0000001300004,39580.09082413654,40387.984738004525,41333.0069019348,451.5701457112566,732.7247542733594,0.4383870967741936,399.7045231528848,1360.090824136541,0.0,medium,,1360.090824136541,1354.9802332816455,0.00377170878907809
X-n280-k17,279,cold_chain,ortools:proxy_mean_scaled_seed109_or_tools,proxy_mean_scaled_seed109_or_tools,ortools,True,True,True,17,38562.0,5.00033164024353,1.4405572414398191,6.44088888168335,3247.6800000000003,0.995,pulp_cbc,mean_domain_loss,1617.4847616107909,,180,60,True,3569.5494701131493,3575.424894705229,4199.901283616081,4206.345190262546,3369.0592200418823,3263.99999483,40786.01423765626,41427.25546446505,42316.257671549785,448.99851213783256,729.4950774946197,0.4483154121863799,397.1328842794608,1617.4847616107909,606.5294760454642,medium,,1617.4847616107909,1617.4847616107909,0.0
X-n280-k17,279,cold_chain,ortools:nominal_or_tools,nominal_or_tools,ortools,True,True,True,17,38220.0,4.999574422836304,1.8669066429138184,6.866481065750122,3233.0,0.990502450980392,pulp_cbc,mean_domain_loss,1619.5335791703124,,180,60,True,3569.5494701131493,3575.424894705229,4199.901283616081,4206.345190262546,3346.458363906182,3263.99999941,40419.20537340071,41053.64002720387,41942.628981321504,450.142568409568,728.6320262312765,0.4415770609318996,398.276945131196,1619.5335791703124,579.6717942303974,medium,,1619.5335791703124,1617.4847616107909,0.0012666688479223312
X-n280-k17,279,cold_chain,ortools:nominal_seed103_or_tools,nominal_seed103_or_tools,ortools,True,True,True,17,38196.0,4.995669364929199,1.5964746475219729,6.592144012451172,3233.0,0.990502450980392,pulp_cbc,mean_domain_loss,1620.6392921463505,,180,60,True,3569.5494701131493,3575.424894705229,4199.901283616081,4206.345190262546,3380.5718333698537,3264.00000046,40429.85620761103,41063.38378480575,41966.4141787088,449.90338638389903,728.0267879022032,0.4496415770609319,398.03776415552704,1620.6392921463505,613.2169154646823,medium,,1620.6392921463505,1617.4847616107909,0.0019502690908927884
X-n280-k17,279,cold_chain,ortools:proxy_mean_scaled_or_tools,proxy_mean_scaled_or_tools,ortools,True,True,True,17,39074.0,5.000588417053223,1.663236141204834,6.663824558258057,3247.6800000000003,0.995,pulp_cbc,mean_domain_loss,1624.0940179459865,,180,60,True,3569.5494701131493,3575.424894705229,4199.901283616081,4206.345190262546,3443.709034898083,3264.0000003200003,41371.92351451938,42039.46727402439,42901.40763119443,449.59067254794223,736.7501440568813,0.4452329749103942,397.7250501795703,1624.0940179459865,673.8294965733971,medium,,1624.0940179459865,1617.4847616107909,0.004086132056424254
X-n280-k17,279,grocery,ortools:proxy_mean_scaled_seed109_or_tools,proxy_mean_scaled_seed109_or_tools,ortools,True,True,True,17,38562.0,5.00033164024353,1.4995527267456057,6.499884366989136,3247.6800000000003,0.995,pulp_cbc,mean_domain_loss,1121.2629984041755,,180,60,True,3569.5494701131493,3575.424894705229,4199.901283616081,4206.345190262546,1580.5598339363082,3263.99999887,39683.26299840418,40213.12591669041,40863.58393709236,448.5580622891433,734.7530691041985,0.452258064516129,396.6924384707716,1121.2629984041755,0.0,medium,,1121.2629984041755,1121.2629984041755,0.0
X-n280-k17,279,grocery,ortools:proxy_mean_scaled_or_tools,proxy_mean_scaled_or_tools,ortools,True,True,True,17,39074.0,5.000588417053223,1.6249191761016846,6.625507593154907,3247.6800000000003,0.995,pulp_cbc,mean_domain_loss,1122.0501178680888,,180,60,True,3569.5494701131493,3575.424894705229,4199.901283616081,4206.345190262546,1582.260559463142,3264.0000057300003,40196.050117868086,40740.50299530134,41378.08234898148,449.076083658079,740.2617946171356,0.4562724014336917,397.2104666997072,1122.0501178680888,0.0,medium,,1122.0501178680888,1121.2629984041755,0.0007019936134819148
X-n280-k17,279,grocery,ortools:nominal_seed103_or_tools,nominal_seed103_or_tools,ortools,True,True,True,17,38196.0,4.995669364929199,1.4925286769866943,6.4881980419158936,3233.0,0.990502450980392,pulp_cbc,mean_domain_loss,1122.1085913112836,,180,60,True,3569.5494701131493,3575.424894705229,4199.901283616081,4206.345190262546,1582.7599814559646,3263.99999891,39318.10859131128,39842.96303345069,40504.96516444499,449.1303169796831,733.1815433326442,0.4595698924731183,397.2646932013112,1122.1085913112836,0.0,medium,,1122.1085913112836,1121.2629984041755,0.00075414323696721
X-n280-k17,279,grocery,ortools:nominal_or_tools,nominal_or_tools,ortools,True,True,True,17,38220.0,4.999574422836304,1.488424301147461,6.487998723983765,3233.0,0.990502450980392,pulp_cbc,mean_domain_loss,1124.3018561253264,,180,60,True,3569.5494701131493,3575.424894705229,4199.901283616081,4206.345190262546,1584.479534406315,3264.00000342,39344.30185612533,39866.33051755854,40522.10614436767,449.6955761410903,732.4443001586795,0.4502150537634408,397.8299568727184,1124.3018561253264,0.0,medium,,1124.3018561253264,1121.2629984041755,0.002710209581049121
X-n284-k15,283,atm,ortools:robust_mean_2std_scaled_or_tools,robust_mean_2std_scaled_or_tools,ortools,True,True,True,15,23628.0,5.000474452972412,1.7141034603118896,6.714577913284302,1626.8249999999998,0.995,pulp_cbc,mean_domain_loss,632.1886490081176,,180,60,True,1690.7465941899184,1691.7378069241554,2011.601490678983,2013.2207644463767,1190.7032246425324,1634.99999962,24260.18864900812,24785.9737763554,25249.83885870485,159.71400210059974,306.41068166670715,0.3952650176678445,233.0842892273457,632.1886490081176,0.0,medium,,632.1886490081176,632.1886490081176,0.0
X-n284-k15,283,atm,ortools:robust_mean_1std_scaled_or_tools,robust_mean_1std_scaled_or_tools,ortools,True,True,True,15,23151.0,5.000400066375732,1.7353591918945312,6.735759258270264,1626.8249999999998,0.995,pulp_cbc,mean_domain_loss,633.161219104918,,180,60,True,1690.7465941899184,1691.7378069241554,2011.601490678983,2013.2207644463767,1190.76016165266,1634.9999978300002,23784.16121910492,24314.482969107423,24769.35060181714,159.75244525178402,306.55434485975474,0.3927208480565371,233.12273058853,633.161219104918,0.0,medium,,633.161219104918,632.1886490081176,0.0015384175250952564
X-n284-k15,283,atm,ortools:robust_mean_1std_scaled_seed113_or_tools,robust_mean_1std_scaled_seed113_or_tools,ortools,True,True,True,15,23033.0,4.991445779800415,1.698875904083252,6.690321683883667,1626.8249999999998,0.995,pulp_cbc,mean_domain_loss,633.5185706748488,,180,60,True,1690.7465941899184,1691.7378069241554,2011.601490678983,2013.2207644463767,1191.55552561675,1634.99999796,23666.51857067485,24194.06053667911,24650.844641839667,159.90434377741556,307.6369864918093,0.3943109540636042,233.2746292441615,633.5185706748488,0.0,medium,,633.5185706748488,632.1886490081176,0.00210367849662872
X-n284-k15,283,cargo,ortools:robust_mean_2std_scaled_or_tools,robust_mean_2std_scaled_or_tools,ortools,True,True,True,15,23628.0,5.000474452972412,1.881986141204834,6.882460594177246,1626.8249999999998,0.995,pulp_cbc,mean_domain_loss,471.0380043573678,,180,60,True,1690.7465941899184,1691.7378069241554,2011.601490678983,2013.2207644463767,1049.4517162202703,1634.9999999499998,24099.038004357368,24500.24577317995,24850.007407483303,160.344667608306,307.47687164912526,0.3902826855123675,233.714955065052,471.0380043573678,0.0,medium,,471.0380043573678,471.0380043573678,0.0
X-n284-k15,283,cargo,ortools:robust_mean_1std_scaled_or_tools,robust_mean_1std_scaled_or_tools,ortools,True,True,True,15,23151.0,5.000400066375732,1.8334012031555176,6.83380126953125,1626.8249999999998,0.995,pulp_cbc,mean_domain_loss,472.7503851201091,,180,60,True,1690.7465941899184,1691.7378069241554,2011.601490678983,2013.2207644463767,1051.9142743034804,1635.00000055,23623.7503851201,24031.71708103608,24372.461290063045,160.27008775322238,307.16348845712434,0.3880918727915194,233.6403758099684,472.7503851201091,0.0,medium,,472.7503851201091,471.0380043573678,0.003635334616104888
X-n284-k15,283,cargo,ortools:robust_mean_1std_scaled_seed113_or_tools,robust_mean_1std_scaled_seed113_or_tools,ortools,True,True,True,15,23033.0,4.991445779800415,1.8919458389282229,6.883391618728638,1626.8249999999998,0.995,pulp_cbc,mean_domain_loss,472.86682933570825,,180,60,True,1690.7465941899184,1691.7378069241554,2011.601490678983,2013.2207644463767,1052.9138284499506,1635.0000001,23505.866829335708,23912.24239086316,24254.32991064152,160.23581324740127,307.01194331828407,0.390530035335689,233.6061008541473,472.86682933570825,0.0,medium,,472.86682933570825,471.0380043573678,0.0038825423032170874
X-n284-k15,283,cold_chain,ortools:robust_mean_2std_scaled_or_tools,robust_mean_2std_scaled_or_tools,ortools,True,True,True,15,23628.0,5.000474452972412,1.614905595779419,6.615380048751831,1626.8249999999998,0.995,pulp_cbc,mean_domain_loss,627.7363060098996,,180,60,True,1690.7465941899184,1691.7378069241554,2011.601490678983,2013.2207644463767,1352.0506187215994,1634.9999999799998,24566.60920983193,24874.301748434136,25179.087510657504,159.77004157967792,305.3531379736467,0.3837809187279152,233.140329066424,627.7363060098996,310.87290382203844,medium,,627.7363060098996,627.7363060098996,0.0
X-n284-k15,283,cold_chain,ortools:robust_mean_1std_scaled_seed113_or_tools,robust_mean_1std_scaled_seed113_or_tools,ortools,True,True,True,15,23033.0,4.991445779800415,1.7804388999938965,6.771884679794312,1626.8249999999998,0.995,pulp_cbc,mean_domain_loss,627.9052422618407,,180,60,True,1690.7465941899184,1691.7378069241554,2011.601490678983,2013.2207644463767,1354.2797361945873,1634.99999592,23973.354628155925,24276.92685490372,24583.713371505622,159.87081697250338,306.4901456498915,0.3846996466431095,233.24110039924932,627.9052422618407,312.44938589408633,medium,,627.9052422618407,627.7363060098996,0.00026911977262380365
X-n284-k15,283,cold_chain,ortools:robust_mean_1std_scaled_or_tools,robust_mean_1std_scaled_or_tools,ortools,True,True,True,15,23151.0,5.000400066375732,1.7008895874023438,6.701289653778076,1626.8249999999998,0.995,pulp_cbc,mean_domain_loss,627.9291281277341,,180,60,True,1690.7465941899184,1691.7378069241554,2011.601490678983,2013.2207644463767,1349.7304890235685,1634.9999982,24088.154335397863,24396.4614542228,24697.035852923724,159.88688126531878,306.0612251003451,0.3807067137809187,233.2571669720648,627.9291281277341,309.22520727012835,medium,,627.9291281277341,627.7363060098996,0.00030717056825993434
X-n284-k15,283,cold_chain,ortools:quantile_p75_scaled_seed107_or_tools,quantile_p75_scaled_seed107_or_tools,ortools,True,True,True,15,22386.0,4.9993736743927,1.6049423217773438,6.604315996170044,1626.8250000000005,0.9950000000000002,pulp_cbc,mean_domain_loss,629.9884836974784,,180,60,True,1690.7465941899184,1691.7378069241554,2011.601490678983,2013.2207644463767,1348.059887029666,1634.99999846,23322.75933983652,23622.897233799897,23931.129498917464,160.34431362268035,306.0168473144813,0.3828621908127208,233.7145995894263,629.9884836974784,306.7708561390368,medium,,629.9884836974784,627.7363060098996,0.00358777669224573
X-n284-k15,283,cold_chain,ortools:quantile_p90_scaled_or_tools,quantile_p90_scaled_or_tools,ortools,True,True,True,15,22676.0,5.000643253326416,1.670640230178833,6.671283483505249,1626.8250000000005,0.9950000000000002,pulp_cbc,mean_domain_loss,630.1018662556423,,180,60,True,1690.7465941899184,1691.7378069241554,2011.601490678983,2013.2207644463767,1346.8453888067645,1634.99999968,23609.417689845926,23914.36046517012,24219.83559585453,160.70291499142243,306.4333445775052,0.3865724381625441,234.07320217816843,630.1018662556423,303.315823590282,medium,,630.1018662556423,627.7363060098996,0.0037683980089967804
X-n284-k15,283,cold_chain,ortools:quantile_p75_scaled_or_tools,quantile_p75_scaled_or_tools,ortools,True,True,True,15,23026.0,5.00551176071167,1.5164761543273926,6.521987915039063,1626.8250000000005,0.9950000000000002,pulp_cbc,mean_domain_loss,630.5409969823564,,180,60,True,1690.7465941899184,1691.7378069241554,2011.601490678983,2013.2207644463767,1347.8024814810938,1634.99999438,23960.26838406824,24265.67864377533,24569.661360991428,160.68625959916392,304.4717087564336,0.3842049469964664,234.05654148590995,630.5409969823564,303.72738708588395,medium,,630.5409969823564,627.7363060098996,0.004467944494535203
X-n284-k15,283,cold_chain,ortools:proxy_mean_scaled_or_tools,proxy_mean_scaled_or_tools,ortools,True,True,True,15,22663.0,4.996649980545044,1.6186683177947998,6.615318298339844,1626.825,0.995,pulp_cbc,mean_domain_loss,630.5438176877735,,180,60,True,1690.7465941899184,1691.7378069241554,2011.601490678983,2013.2207644463767,1345.0766192420772,1634.99999987,23594.67389815191,23894.765750641684,24204.547469902263,160.81173789087765,309.0011920809297,0.3866077738515901,234.1820252676236,630.5438176877735,301.13008046413614,medium,,630.5438176877735,627.7363060098996,0.004472437950449873
X-n284-k15,283,grocery,ortools:robust_mean_2std_scaled_or_tools,robust_mean_2std_scaled_or_tools,ortools,True,True,True,15,23628.0,5.000474452972412,1.4787893295288086,6.479263782501221,1626.8249999999998,0.995,pulp_cbc,mean_domain_loss,423.755407431865,,180,60,True,1690.7465941899184,1691.7378069241554,2011.601490678983,2013.2207644463767,591.0313266219346,1635.00000142,24051.755407431872,24297.30083614186,24537.176923600346,159.46755725611897,305.8250882063436,0.3946996466431095,232.8378461828649,423.755407431865,0.0,medium,,423.755407431865,423.755407431865,0.0
X-n284-k15,283,grocery,ortools:robust_mean_1std_scaled_seed113_or_tools,robust_mean_1std_scaled_seed113_or_tools,ortools,True,True,True,15,23033.0,4.991445779800415,1.481114387512207,6.472560167312622,1626.8249999999998,0.995,pulp_cbc,mean_domain_loss,423.7985468562469,,180,60,True,1690.7465941899184,1691.7378069241554,2011.601490678983,2013.2207644463767,591.0390049113267,1634.99999973,23456.798546856247,23706.91768681208,23938.35005011944,159.56186651832562,306.4173234706874,0.393321554770318,232.9321537550716,423.7985468562469,0.0,medium,,423.7985468562469,423.755407431865,0.00010180265225008027
X-n284-k15,283,grocery,ortools:robust_mean_1std_scaled_or_tools,robust_mean_1std_scaled_or_tools,ortools,True,True,True,15,23151.0,5.000400066375732,1.435157299041748,6.4355573654174805,1626.8249999999998,0.995,pulp_cbc,mean_domain_loss,424.2744675668801,,180,60,True,1690.7465941899184,1691.7378069241554,2011.601490678983,2013.2207644463767,590.7150329898989,1635.00000051,23575.274467566884,23826.289104853902,24057.59852689061,159.67063999778728,307.64886124447,0.3910600706713781,233.0409280145333,424.2744675668801,0.0,medium,,424.2744675668801,423.755407431865,0.001224905041709799
X-n284-k15,283,grocery,ortools:quantile_p75_scaled_seed107_or_tools,quantile_p75_scaled_seed107_or_tools,ortools,True,True,True,15,22386.0,4.9993736743927,1.537486553192139,6.536860227584839,1626.8250000000005,0.9950000000000002,pulp_cbc,mean_domain_loss,424.8059404215092,,180,60,True,1690.7465941899184,1691.7378069241554,2011.601490678983,2013.2207644463767,590.9130313557082,1634.99999761,22810.80594042151,23056.33658653703,23293.196887101723,159.9092551767356,306.7927494961888,0.3911660777385159,233.27954029348163,424.8059404215092,0.0,medium,,424.8059404215092,423.755407431865,0.0024791022632863883
X-n284-k15,283,grocery,ortools:proxy_mean_scaled_or_tools,proxy_mean_scaled_or_tools,ortools,True,True,True,15,22663.0,4.996649980545044,1.5619943141937256,6.5586442947387695,1626.825,0.995,pulp_cbc,mean_domain_loss,425.6482095502735,,180,60,True,1690.7465941899184,1691.7378069241554,2011.601490678983,2013.2207644463767,592.6883827424934,1634.999996,23088.64820955028,23335.766094548897,23572.965157191145,160.34298848318988,308.4423161927345,0.392791519434629,233.7132719899359,425.6482095502735,0.0,medium,,425.6482095502735,423.755407431865,0.004466732660427083
