Instance,Customers,Domain,Candidate,Route Plan,Routing Provider,Route Feasible,LP Feasible,Candidate Feasible,Route Count,Route Cost,Route Runtime Sec,LP Runtime Sec,Total Runtime Sec,Planned Route Load Total,Planned Route Load Ratio,LP Backend,Score Metric,Score Value,Reason,lp_planning_scenarios_original,lp_planning_scenarios_used,lp_scenario_reduced,lp_original_total_demand_mean,lp_reduced_total_demand_mean,lp_original_total_demand_p90,lp_reduced_total_demand_p90,Objective Value Train,Optimized Load Total,mean_total_cost,p90_total_cost,cvar90_total_cost,mean_shortfall,p90_shortfall,stockout_rate,mean_surplus,mean_domain_loss,mean_load_penalty_loss
X-n101-k25,100,atm,ortools:nominal_or_tools,nominal_or_tools,ortools,False,False,False,0,,5.002547025680542,,5.002547025680542,5147.0,0.9994174757281553,pulp_cbc,mean_total_cost,,ortools_no_solution,180,60,True,5769.50626812439,5776.840928742447,6914.366579624066,6922.268107077579,,,,,,,,,,,
X-n101-k25,100,grocery,ortools:nominal_or_tools,nominal_or_tools,ortools,False,False,False,0,,5.002547025680542,,5.002547025680542,5147.0,0.9994174757281553,pulp_cbc,mean_total_cost,,ortools_no_solution,180,60,True,5769.50626812439,5776.840928742447,6914.366579624066,6922.268107077579,,,,,,,,,,,
X-n101-k25,100,cargo,ortools:nominal_or_tools,nominal_or_tools,ortools,False,False,False,0,,5.002547025680542,,5.002547025680542,5147.0,0.9994174757281553,pulp_cbc,mean_total_cost,,ortools_no_solution,180,60,True,5769.50626812439,5776.840928742447,6914.366579624066,6922.268107077579,,,,,,,,,,,
X-n101-k25,100,cold_chain,ortools:nominal_or_tools,nominal_or_tools,ortools,False,False,False,0,,5.002547025680542,,5.002547025680542,5147.0,0.9994174757281553,pulp_cbc,mean_total_cost,,ortools_no_solution,180,60,True,5769.50626812439,5776.840928742447,6914.366579624066,6922.268107077579,,,,,,,,,,,
X-n101-k25,100,atm,ortools:proxy_mean_or_tools,proxy_mean_or_tools,ortools,False,False,False,0,,0.0,,0.0,5769.506268124389,1.1202924792474542,pulp_cbc,mean_total_cost,,total_load_exceeds_fleet_capacity,180,60,True,5769.50626812439,5776.840928742447,6914.366579624066,6922.268107077579,,,,,,,,,,,
X-n101-k25,100,grocery,ortools:proxy_mean_or_tools,proxy_mean_or_tools,ortools,False,False,False,0,,0.0,,0.0,5769.506268124389,1.1202924792474542,pulp_cbc,mean_total_cost,,total_load_exceeds_fleet_capacity,180,60,True,5769.50626812439,5776.840928742447,6914.366579624066,6922.268107077579,,,,,,,,,,,
X-n101-k25,100,cargo,ortools:proxy_mean_or_tools,proxy_mean_or_tools,ortools,False,False,False,0,,0.0,,0.0,5769.506268124389,1.1202924792474542,pulp_cbc,mean_total_cost,,total_load_exceeds_fleet_capacity,180,60,True,5769.50626812439,5776.840928742447,6914.366579624066,6922.268107077579,,,,,,,,,,,
X-n101-k25,100,cold_chain,ortools:proxy_mean_or_tools,proxy_mean_or_tools,ortools,False,False,False,0,,0.0,,0.0,5769.506268124389,1.1202924792474542,pulp_cbc,mean_total_cost,,total_load_exceeds_fleet_capacity,180,60,True,5769.50626812439,5776.840928742447,6914.366579624066,6922.268107077579,,,,,,,,,,,
X-n101-k25,100,atm,ortools:quantile_p75_or_tools,quantile_p75_or_tools,ortools,False,False,False,0,,0.0,,0.0,6750.385968524617,1.3107545569950714,pulp_cbc,mean_total_cost,,total_load_exceeds_fleet_capacity,180,60,True,5769.50626812439,5776.840928742447,6914.366579624066,6922.268107077579,,,,,,,,,,,
X-n101-k25,100,grocery,ortools:quantile_p75_or_tools,quantile_p75_or_tools,ortools,False,False,False,0,,0.0,,0.0,6750.385968524617,1.3107545569950714,pulp_cbc,mean_total_cost,,total_load_exceeds_fleet_capacity,180,60,True,5769.50626812439,5776.840928742447,6914.366579624066,6922.268107077579,,,,,,,,,,,
X-n101-k25,100,cargo,ortools:quantile_p75_or_tools,quantile_p75_or_tools,ortools,False,False,False,0,,0.0,,0.0,6750.385968524617,1.3107545569950714,pulp_cbc,mean_total_cost,,total_load_exceeds_fleet_capacity,180,60,True,5769.50626812439,5776.840928742447,6914.366579624066,6922.268107077579,,,,,,,,,,,
X-n101-k25,100,cold_chain,ortools:quantile_p75_or_tools,quantile_p75_or_tools,ortools,False,False,False,0,,0.0,,0.0,6750.385968524617,1.3107545569950714,pulp_cbc,mean_total_cost,,total_load_exceeds_fleet_capacity,180,60,True,5769.50626812439,5776.840928742447,6914.366579624066,6922.268107077579,,,,,,,,,,,
X-n101-k25,100,atm,ortools:quantile_p90_or_tools,quantile_p90_or_tools,ortools,False,False,False,0,,0.0,,0.0,8112.254144135277,1.575194979443743,pulp_cbc,mean_total_cost,,total_load_exceeds_fleet_capacity,180,60,True,5769.50626812439,5776.840928742447,6914.366579624066,6922.268107077579,,,,,,,,,,,
X-n101-k25,100,grocery,ortools:quantile_p90_or_tools,quantile_p90_or_tools,ortools,False,False,False,0,,0.0,,0.0,8112.254144135277,1.575194979443743,pulp_cbc,mean_total_cost,,total_load_exceeds_fleet_capacity,180,60,True,5769.50626812439,5776.840928742447,6914.366579624066,6922.268107077579,,,,,,,,,,,
X-n101-k25,100,cargo,ortools:quantile_p90_or_tools,quantile_p90_or_tools,ortools,False,False,False,0,,0.0,,0.0,8112.254144135277,1.575194979443743,pulp_cbc,mean_total_cost,,total_load_exceeds_fleet_capacity,180,60,True,5769.50626812439,5776.840928742447,6914.366579624066,6922.268107077579,,,,,,,,,,,
X-n101-k25,100,cold_chain,ortools:quantile_p90_or_tools,quantile_p90_or_tools,ortools,False,False,False,0,,0.0,,0.0,8112.254144135277,1.575194979443743,pulp_cbc,mean_total_cost,,total_load_exceeds_fleet_capacity,180,60,True,5769.50626812439,5776.840928742447,6914.366579624066,6922.268107077579,,,,,,,,,,,
X-n101-k25,100,atm,ortools:robust_mean_1std_or_tools,robust_mean_1std_or_tools,ortools,False,False,False,0,,0.0,,0.0,7577.994553022216,1.4714552530140226,pulp_cbc,mean_total_cost,,total_load_exceeds_fleet_capacity,180,60,True,5769.50626812439,5776.840928742447,6914.366579624066,6922.268107077579,,,,,,,,,,,
X-n101-k25,100,grocery,ortools:robust_mean_1std_or_tools,robust_mean_1std_or_tools,ortools,False,False,False,0,,0.0,,0.0,7577.994553022216,1.4714552530140226,pulp_cbc,mean_total_cost,,total_load_exceeds_fleet_capacity,180,60,True,5769.50626812439,5776.840928742447,6914.366579624066,6922.268107077579,,,,,,,,,,,
X-n101-k25,100,cargo,ortools:robust_mean_1std_or_tools,robust_mean_1std_or_tools,ortools,False,False,False,0,,0.0,,0.0,7577.994553022216,1.4714552530140226,pulp_cbc,mean_total_cost,,total_load_exceeds_fleet_capacity,180,60,True,5769.50626812439,5776.840928742447,6914.366579624066,6922.268107077579,,,,,,,,,,,
X-n101-k25,100,cold_chain,ortools:robust_mean_1std_or_tools,robust_mean_1std_or_tools,ortools,False,False,False,0,,0.0,,0.0,7577.994553022216,1.4714552530140226,pulp_cbc,mean_total_cost,,total_load_exceeds_fleet_capacity,180,60,True,5769.50626812439,5776.840928742447,6914.366579624066,6922.268107077579,,,,,,,,,,,
X-n101-k25,100,atm,ortools:robust_mean_2std_or_tools,robust_mean_2std_or_tools,ortools,False,False,False,0,,0.0,,0.0,9386.482837920043,1.8226180267805907,pulp_cbc,mean_total_cost,,single_node_exceeds_capacity,180,60,True,5769.50626812439,5776.840928742447,6914.366579624066,6922.268107077579,,,,,,,,,,,
X-n101-k25,100,grocery,ortools:robust_mean_2std_or_tools,robust_mean_2std_or_tools,ortools,False,False,False,0,,0.0,,0.0,9386.482837920043,1.8226180267805907,pulp_cbc,mean_total_cost,,single_node_exceeds_capacity,180,60,True,5769.50626812439,5776.840928742447,6914.366579624066,6922.268107077579,,,,,,,,,,,
X-n101-k25,100,cargo,ortools:robust_mean_2std_or_tools,robust_mean_2std_or_tools,ortools,False,False,False,0,,0.0,,0.0,9386.482837920043,1.8226180267805907,pulp_cbc,mean_total_cost,,single_node_exceeds_capacity,180,60,True,5769.50626812439,5776.840928742447,6914.366579624066,6922.268107077579,,,,,,,,,,,
X-n101-k25,100,cold_chain,ortools:robust_mean_2std_or_tools,robust_mean_2std_or_tools,ortools,False,False,False,0,,0.0,,0.0,9386.482837920043,1.8226180267805907,pulp_cbc,mean_total_cost,,single_node_exceeds_capacity,180,60,True,5769.50626812439,5776.840928742447,6914.366579624066,6922.268107077579,,,,,,,,,,,
X-n101-k25,100,atm,ortools:proxy_mean_scaled_or_tools,proxy_mean_scaled_or_tools,ortools,False,False,False,0,,5.000036239624023,,5.000036239624023,5124.250000000001,0.9950000000000002,pulp_cbc,mean_total_cost,,ortools_no_solution,180,60,True,5769.50626812439,5776.840928742447,6914.366579624066,6922.268107077579,,,,,,,,,,,
X-n101-k25,100,grocery,ortools:proxy_mean_scaled_or_tools,proxy_mean_scaled_or_tools,ortools,False,False,False,0,,5.000036239624023,,5.000036239624023,5124.250000000001,0.9950000000000002,pulp_cbc,mean_total_cost,,ortools_no_solution,180,60,True,5769.50626812439,5776.840928742447,6914.366579624066,6922.268107077579,,,,,,,,,,,
X-n101-k25,100,cargo,ortools:proxy_mean_scaled_or_tools,proxy_mean_scaled_or_tools,ortools,False,False,False,0,,5.000036239624023,,5.000036239624023,5124.250000000001,0.9950000000000002,pulp_cbc,mean_total_cost,,ortools_no_solution,180,60,True,5769.50626812439,5776.840928742447,6914.366579624066,6922.268107077579,,,,,,,,,,,
X-n101-k25,100,cold_chain,ortools:proxy_mean_scaled_or_tools,proxy_mean_scaled_or_tools,ortools,False,False,False,0,,5.000036239624023,,5.000036239624023,5124.250000000001,0.9950000000000002,pulp_cbc,mean_total_cost,,ortools_no_solution,180,60,True,5769.50626812439,5776.840928742447,6914.366579624066,6922.268107077579,,,,,,,,,,,
X-n101-k25,100,atm,ortools:quantile_p75_scaled_or_tools,quantile_p75_scaled_or_tools,ortools,False,False,False,0,,5.004894018173218,,5.004894018173218,5124.25,0.995,pulp_cbc,mean_total_cost,,ortools_no_solution,180,60,True,5769.50626812439,5776.840928742447,6914.366579624066,6922.268107077579,,,,,,,,,,,
X-n101-k25,100,grocery,ortools:quantile_p75_scaled_or_tools,quantile_p75_scaled_or_tools,ortools,False,False,False,0,,5.004894018173218,,5.004894018173218,5124.25,0.995,pulp_cbc,mean_total_cost,,ortools_no_solution,180,60,True,5769.50626812439,5776.840928742447,6914.366579624066,6922.268107077579,,,,,,,,,,,
X-n101-k25,100,cargo,ortools:quantile_p75_scaled_or_tools,quantile_p75_scaled_or_tools,ortools,False,False,False,0,,5.004894018173218,,5.004894018173218,5124.25,0.995,pulp_cbc,mean_total_cost,,ortools_no_solution,180,60,True,5769.50626812439,5776.840928742447,6914.366579624066,6922.268107077579,,,,,,,,,,,
X-n101-k25,100,cold_chain,ortools:quantile_p75_scaled_or_tools,quantile_p75_scaled_or_tools,ortools,False,False,False,0,,5.004894018173218,,5.004894018173218,5124.25,0.995,pulp_cbc,mean_total_cost,,ortools_no_solution,180,60,True,5769.50626812439,5776.840928742447,6914.366579624066,6922.268107077579,,,,,,,,,,,
X-n101-k25,100,atm,ortools:quantile_p90_scaled_or_tools,quantile_p90_scaled_or_tools,ortools,False,False,False,0,,5.00441575050354,,5.00441575050354,5124.25,0.995,pulp_cbc,mean_total_cost,,ortools_no_solution,180,60,True,5769.50626812439,5776.840928742447,6914.366579624066,6922.268107077579,,,,,,,,,,,
X-n101-k25,100,grocery,ortools:quantile_p90_scaled_or_tools,quantile_p90_scaled_or_tools,ortools,False,False,False,0,,5.00441575050354,,5.00441575050354,5124.25,0.995,pulp_cbc,mean_total_cost,,ortools_no_solution,180,60,True,5769.50626812439,5776.840928742447,6914.366579624066,6922.268107077579,,,,,,,,,,,
X-n101-k25,100,cargo,ortools:quantile_p90_scaled_or_tools,quantile_p90_scaled_or_tools,ortools,False,False,False,0,,5.00441575050354,,5.00441575050354,5124.25,0.995,pulp_cbc,mean_total_cost,,ortools_no_solution,180,60,True,5769.50626812439,5776.840928742447,6914.366579624066,6922.268107077579,,,,,,,,,,,
X-n101-k25,100,cold_chain,ortools:quantile_p90_scaled_or_tools,quantile_p90_scaled_or_tools,ortools,False,False,False,0,,5.00441575050354,,5.00441575050354,5124.25,0.995,pulp_cbc,mean_total_cost,,ortools_no_solution,180,60,True,5769.50626812439,5776.840928742447,6914.366579624066,6922.268107077579,,,,,,,,,,,
X-n101-k25,100,atm,ortools:robust_mean_1std_scaled_or_tools,robust_mean_1std_scaled_or_tools,ortools,False,False,False,0,,5.005612373352051,,5.005612373352051,5124.250000000001,0.9950000000000002,pulp_cbc,mean_total_cost,,ortools_no_solution,180,60,True,5769.50626812439,5776.840928742447,6914.366579624066,6922.268107077579,,,,,,,,,,,
X-n101-k25,100,grocery,ortools:robust_mean_1std_scaled_or_tools,robust_mean_1std_scaled_or_tools,ortools,False,False,False,0,,5.005612373352051,,5.005612373352051,5124.250000000001,0.9950000000000002,pulp_cbc,mean_total_cost,,ortools_no_solution,180,60,True,5769.50626812439,5776.840928742447,6914.366579624066,6922.268107077579,,,,,,,,,,,
X-n101-k25,100,cargo,ortools:robust_mean_1std_scaled_or_tools,robust_mean_1std_scaled_or_tools,ortools,False,False,False,0,,5.005612373352051,,5.005612373352051,5124.250000000001,0.9950000000000002,pulp_cbc,mean_total_cost,,ortools_no_solution,180,60,True,5769.50626812439,5776.840928742447,6914.366579624066,6922.268107077579,,,,,,,,,,,
X-n101-k25,100,cold_chain,ortools:robust_mean_1std_scaled_or_tools,robust_mean_1std_scaled_or_tools,ortools,False,False,False,0,,5.005612373352051,,5.005612373352051,5124.250000000001,0.9950000000000002,pulp_cbc,mean_total_cost,,ortools_no_solution,180,60,True,5769.50626812439,5776.840928742447,6914.366579624066,6922.268107077579,,,,,,,,,,,
X-n101-k25,100,atm,ortools:robust_mean_2std_scaled_or_tools,robust_mean_2std_scaled_or_tools,ortools,False,False,False,0,,4.999401807785034,,4.999401807785034,5124.25,0.995,pulp_cbc,mean_total_cost,,ortools_no_solution,180,60,True,5769.50626812439,5776.840928742447,6914.366579624066,6922.268107077579,,,,,,,,,,,
X-n101-k25,100,grocery,ortools:robust_mean_2std_scaled_or_tools,robust_mean_2std_scaled_or_tools,ortools,False,False,False,0,,4.999401807785034,,4.999401807785034,5124.25,0.995,pulp_cbc,mean_total_cost,,ortools_no_solution,180,60,True,5769.50626812439,5776.840928742447,6914.366579624066,6922.268107077579,,,,,,,,,,,
X-n101-k25,100,cargo,ortools:robust_mean_2std_scaled_or_tools,robust_mean_2std_scaled_or_tools,ortools,False,False,False,0,,4.999401807785034,,4.999401807785034,5124.25,0.995,pulp_cbc,mean_total_cost,,ortools_no_solution,180,60,True,5769.50626812439,5776.840928742447,6914.366579624066,6922.268107077579,,,,,,,,,,,
X-n101-k25,100,cold_chain,ortools:robust_mean_2std_scaled_or_tools,robust_mean_2std_scaled_or_tools,ortools,False,False,False,0,,4.999401807785034,,4.999401807785034,5124.25,0.995,pulp_cbc,mean_total_cost,,ortools_no_solution,180,60,True,5769.50626812439,5776.840928742447,6914.366579624066,6922.268107077579,,,,,,,,,,,
X-n106-k14,105,atm,ortools:nominal_or_tools,nominal_or_tools,ortools,True,True,True,14,27182.0,4.9991137981414795,0.5392637252807617,5.538377523422241,7864.0,0.9361904761904762,pulp_cbc,mean_total_cost,30121.63981659178,,180,60,True,8678.48886970813,8708.388879095239,10372.84775102459,10379.445766360304,6667.126459423274,8400.000007999999,30121.63981659178,32011.109425330007,33087.8291147906,746.0519876687177,1289.048485150237,0.4023809523809524,1234.4007181841894,2939.639816591785,0.0
X-n106-k14,105,grocery,ortools:nominal_or_tools,nominal_or_tools,ortools,True,True,True,14,27182.0,4.9991137981414795,0.48952770233154297,5.4886415004730225,7864.0,0.9361904761904762,pulp_cbc,mean_total_cost,29145.229311287658,,180,60,True,8678.48886970813,8708.388879095239,10372.84775102459,10379.445766360304,3219.316195358524,8282.21132,29145.229311287658,30015.70406876767,30574.761565707577,747.3939800727794,1293.4353895696945,0.40476190476190477,1117.954022588251,1963.2293112876619,0.0
X-n106-k14,105,cargo,ortools:nominal_or_tools,nominal_or_tools,ortools,True,True,True,14,27182.0,4.9991137981414795,0.4968898296356201,5.4960036277771,7864.0,0.9361904761904762,pulp_cbc,mean_total_cost,29399.197196480152,,180,60,True,8678.48886970813,8708.388879095239,10372.84775102459,10379.445766360304,6053.018468007391,8399.999992000001,29399.197196480152,30846.534779509475,31676.722647685452,748.7036037235138,1270.7937553769439,0.4034285714285714,1237.0523182389857,2217.1971964801564,0.0
X-n106-k14,105,cold_chain,ortools:nominal_or_tools,nominal_or_tools,ortools,True,True,True,14,27182.0,4.9991137981414795,0.5193181037902832,5.518431901931763,7864.0,0.9361904761904762,pulp_cbc,mean_total_cost,31507.22406377675,,180,60,True,8678.48886970813,8708.388879095239,10372.84775102459,10379.445766360304,7181.491686119698,8255.29003,31507.22406377675,32625.822849894208,33280.96812507401,750.2019494492474,1286.3673605254962,0.40476190476190477,1093.840701964719,2876.708010789284,1448.516052987469
X-n106-k14,105,atm,ortools:proxy_mean_or_tools,proxy_mean_or_tools,ortools,False,False,False,0,,0.0,,0.0,8678.488869708131,1.0331534368700157,pulp_cbc,mean_total_cost,,total_load_exceeds_fleet_capacity,180,60,True,8678.48886970813,8708.388879095239,10372.84775102459,10379.445766360304,,,,,,,,,,,
X-n106-k14,105,grocery,ortools:proxy_mean_or_tools,proxy_mean_or_tools,ortools,False,False,False,0,,0.0,,0.0,8678.488869708131,1.0331534368700157,pulp_cbc,mean_total_cost,,total_load_exceeds_fleet_capacity,180,60,True,8678.48886970813,8708.388879095239,10372.84775102459,10379.445766360304,,,,,,,,,,,
X-n106-k14,105,cargo,ortools:proxy_mean_or_tools,proxy_mean_or_tools,ortools,False,False,False,0,,0.0,,0.0,8678.488869708131,1.0331534368700157,pulp_cbc,mean_total_cost,,total_load_exceeds_fleet_capacity,180,60,True,8678.48886970813,8708.388879095239,10372.84775102459,10379.445766360304,,,,,,,,,,,
X-n106-k14,105,cold_chain,ortools:proxy_mean_or_tools,proxy_mean_or_tools,ortools,False,False,False,0,,0.0,,0.0,8678.488869708131,1.0331534368700157,pulp_cbc,mean_total_cost,,total_load_exceeds_fleet_capacity,180,60,True,8678.48886970813,8708.388879095239,10372.84775102459,10379.445766360304,,,,,,,,,,,
X-n106-k14,105,atm,ortools:quantile_p75_or_tools,quantile_p75_or_tools,ortools,False,False,False,0,,0.0,,0.0,10098.044716629973,1.2021481805511873,pulp_cbc,mean_total_cost,,total_load_exceeds_fleet_capacity,180,60,True,8678.48886970813,8708.388879095239,10372.84775102459,10379.445766360304,,,,,,,,,,,
X-n106-k14,105,grocery,ortools:quantile_p75_or_tools,quantile_p75_or_tools,ortools,False,False,False,0,,0.0,,0.0,10098.044716629973,1.2021481805511873,pulp_cbc,mean_total_cost,,total_load_exceeds_fleet_capacity,180,60,True,8678.48886970813,8708.388879095239,10372.84775102459,10379.445766360304,,,,,,,,,,,
X-n106-k14,105,cargo,ortools:quantile_p75_or_tools,quantile_p75_or_tools,ortools,False,False,False,0,,0.0,,0.0,10098.044716629973,1.2021481805511873,pulp_cbc,mean_total_cost,,total_load_exceeds_fleet_capacity,180,60,True,8678.48886970813,8708.388879095239,10372.84775102459,10379.445766360304,,,,,,,,,,,
X-n106-k14,105,cold_chain,ortools:quantile_p75_or_tools,quantile_p75_or_tools,ortools,False,False,False,0,,0.0,,0.0,10098.044716629973,1.2021481805511873,pulp_cbc,mean_total_cost,,total_load_exceeds_fleet_capacity,180,60,True,8678.48886970813,8708.388879095239,10372.84775102459,10379.445766360304,,,,,,,,,,,
X-n106-k14,105,atm,ortools:quantile_p90_or_tools,quantile_p90_or_tools,ortools,False,False,False,0,,0.0,,0.0,11983.8632171687,1.4266503829962738,pulp_cbc,mean_total_cost,,total_load_exceeds_fleet_capacity,180,60,True,8678.48886970813,8708.388879095239,10372.84775102459,10379.445766360304,,,,,,,,,,,
X-n106-k14,105,grocery,ortools:quantile_p90_or_tools,quantile_p90_or_tools,ortools,False,False,False,0,,0.0,,0.0,11983.8632171687,1.4266503829962738,pulp_cbc,mean_total_cost,,total_load_exceeds_fleet_capacity,180,60,True,8678.48886970813,8708.388879095239,10372.84775102459,10379.445766360304,,,,,,,,,,,
X-n106-k14,105,cargo,ortools:quantile_p90_or_tools,quantile_p90_or_tools,ortools,False,False,False,0,,0.0,,0.0,11983.8632171687,1.4266503829962738,pulp_cbc,mean_total_cost,,total_load_exceeds_fleet_capacity,180,60,True,8678.48886970813,8708.388879095239,10372.84775102459,10379.445766360304,,,,,,,,,,,
X-n106-k14,105,cold_chain,ortools:quantile_p90_or_tools,quantile_p90_or_tools,ortools,False,False,False,0,,0.0,,0.0,11983.8632171687,1.4266503829962738,pulp_cbc,mean_total_cost,,total_load_exceeds_fleet_capacity,180,60,True,8678.48886970813,8708.388879095239,10372.84775102459,10379.445766360304,,,,,,,,,,,
X-n106-k14,105,atm,ortools:robust_mean_1std_or_tools,robust_mean_1std_or_tools,ortools,False,False,False,0,,0.0,,0.0,11270.947971477992,1.3417795204140466,pulp_cbc,mean_total_cost,,total_load_exceeds_fleet_capacity,180,60,True,8678.48886970813,8708.388879095239,10372.84775102459,10379.445766360304,,,,,,,,,,,
X-n106-k14,105,grocery,ortools:robust_mean_1std_or_tools,robust_mean_1std_or_tools,ortools,False,False,False,0,,0.0,,0.0,11270.947971477992,1.3417795204140466,pulp_cbc,mean_total_cost,,total_load_exceeds_fleet_capacity,180,60,True,8678.48886970813,8708.388879095239,10372.84775102459,10379.445766360304,,,,,,,,,,,
X-n106-k14,105,cargo,ortools:robust_mean_1std_or_tools,robust_mean_1std_or_tools,ortools,False,False,False,0,,0.0,,0.0,11270.947971477992,1.3417795204140466,pulp_cbc,mean_total_cost,,total_load_exceeds_fleet_capacity,180,60,True,8678.48886970813,8708.388879095239,10372.84775102459,10379.445766360304,,,,,,,,,,,
X-n106-k14,105,cold_chain,ortools:robust_mean_1std_or_tools,robust_mean_1std_or_tools,ortools,False,False,False,0,,0.0,,0.0,11270.947971477992,1.3417795204140466,pulp_cbc,mean_total_cost,,total_load_exceeds_fleet_capacity,180,60,True,8678.48886970813,8708.388879095239,10372.84775102459,10379.445766360304,,,,,,,,,,,
X-n106-k14,105,atm,ortools:robust_mean_2std_or_tools,robust_mean_2std_or_tools,ortools,False,False,False,0,,0.0,,0.0,13863.407073247854,1.650405603958078,pulp_cbc,mean_total_cost,,total_load_exceeds_fleet_capacity,180,60,True,8678.48886970813,8708.388879095239,10372.84775102459,10379.445766360304,,,,,,,,,,,
X-n106-k14,105,grocery,ortools:robust_mean_2std_or_tools,robust_mean_2std_or_tools,ortools,False,False,False,0,,0.0,,0.0,13863.407073247854,1.650405603958078,pulp_cbc,mean_total_cost,,total_load_exceeds_fleet_capacity,180,60,True,8678.48886970813,8708.388879095239,10372.84775102459,10379.445766360304,,,,,,,,,,,
X-n106-k14,105,cargo,ortools:robust_mean_2std_or_tools,robust_mean_2std_or_tools,ortools,False,False,False,0,,0.0,,0.0,13863.407073247854,1.650405603958078,pulp_cbc,mean_total_cost,,total_load_exceeds_fleet_capacity,180,60,True,8678.48886970813,8708.388879095239,10372.84775102459,10379.445766360304,,,,,,,,,,,
X-n106-k14,105,cold_chain,ortools:robust_mean_2std_or_tools,robust_mean_2std_or_tools,ortools,False,False,False,0,,0.0,,0.0,13863.407073247854,1.650405603958078,pulp_cbc,mean_total_cost,,total_load_exceeds_fleet_capacity,180,60,True,8678.48886970813,8708.388879095239,10372.84775102459,10379.445766360304,,,,,,,,,,,
X-n106-k14,105,atm,ortools:proxy_mean_scaled_or_tools,proxy_mean_scaled_or_tools,ortools,False,False,False,0,,4.999352931976318,,4.999352931976318,8358.0,0.995,pulp_cbc,mean_total_cost,,ortools_no_solution,180,60,True,8678.48886970813,8708.388879095239,10372.84775102459,10379.445766360304,,,,,,,,,,,
X-n106-k14,105,grocery,ortools:proxy_mean_scaled_or_tools,proxy_mean_scaled_or_tools,ortools,False,False,False,0,,4.999352931976318,,4.999352931976318,8358.0,0.995,pulp_cbc,mean_total_cost,,ortools_no_solution,180,60,True,8678.48886970813,8708.388879095239,10372.84775102459,10379.445766360304,,,,,,,,,,,
X-n106-k14,105,cargo,ortools:proxy_mean_scaled_or_tools,proxy_mean_scaled_or_tools,ortools,False,False,False,0,,4.999352931976318,,4.999352931976318,8358.0,0.995,pulp_cbc,mean_total_cost,,ortools_no_solution,180,60,True,8678.48886970813,8708.388879095239,10372.84775102459,10379.445766360304,,,,,,,,,,,
X-n106-k14,105,cold_chain,ortools:proxy_mean_scaled_or_tools,proxy_mean_scaled_or_tools,ortools,False,False,False,0,,4.999352931976318,,4.999352931976318,8358.0,0.995,pulp_cbc,mean_total_cost,,ortools_no_solution,180,60,True,8678.48886970813,8708.388879095239,10372.84775102459,10379.445766360304,,,,,,,,,,,
X-n106-k14,105,atm,ortools:quantile_p75_scaled_or_tools,quantile_p75_scaled_or_tools,ortools,False,False,False,0,,4.999094009399414,,4.999094009399414,8358.0,0.995,pulp_cbc,mean_total_cost,,ortools_no_solution,180,60,True,8678.48886970813,8708.388879095239,10372.84775102459,10379.445766360304,,,,,,,,,,,
X-n106-k14,105,grocery,ortools:quantile_p75_scaled_or_tools,quantile_p75_scaled_or_tools,ortools,False,False,False,0,,4.999094009399414,,4.999094009399414,8358.0,0.995,pulp_cbc,mean_total_cost,,ortools_no_solution,180,60,True,8678.48886970813,8708.388879095239,10372.84775102459,10379.445766360304,,,,,,,,,,,
X-n106-k14,105,cargo,ortools:quantile_p75_scaled_or_tools,quantile_p75_scaled_or_tools,ortools,False,False,False,0,,4.999094009399414,,4.999094009399414,8358.0,0.995,pulp_cbc,mean_total_cost,,ortools_no_solution,180,60,True,8678.48886970813,8708.388879095239,10372.84775102459,10379.445766360304,,,,,,,,,,,
X-n106-k14,105,cold_chain,ortools:quantile_p75_scaled_or_tools,quantile_p75_scaled_or_tools,ortools,False,False,False,0,,4.999094009399414,,4.999094009399414,8358.0,0.995,pulp_cbc,mean_total_cost,,ortools_no_solution,180,60,True,8678.48886970813,8708.388879095239,10372.84775102459,10379.445766360304,,,,,,,,,,,
X-n106-k14,105,atm,ortools:quantile_p90_scaled_or_tools,quantile_p90_scaled_or_tools,ortools,False,False,False,0,,5.000193357467651,,5.000193357467651,8357.999999999998,0.9949999999999998,pulp_cbc,mean_total_cost,,ortools_no_solution,180,60,True,8678.48886970813,8708.388879095239,10372.84775102459,10379.445766360304,,,,,,,,,,,
X-n106-k14,105,grocery,ortools:quantile_p90_scaled_or_tools,quantile_p90_scaled_or_tools,ortools,False,False,False,0,,5.000193357467651,,5.000193357467651,8357.999999999998,0.9949999999999998,pulp_cbc,mean_total_cost,,ortools_no_solution,180,60,True,8678.48886970813,8708.388879095239,10372.84775102459,10379.445766360304,,,,,,,,,,,
X-n106-k14,105,cargo,ortools:quantile_p90_scaled_or_tools,quantile_p90_scaled_or_tools,ortools,False,False,False,0,,5.000193357467651,,5.000193357467651,8357.999999999998,0.9949999999999998,pulp_cbc,mean_total_cost,,ortools_no_solution,180,60,True,8678.48886970813,8708.388879095239,10372.84775102459,10379.445766360304,,,,,,,,,,,
X-n106-k14,105,cold_chain,ortools:quantile_p90_scaled_or_tools,quantile_p90_scaled_or_tools,ortools,False,False,False,0,,5.000193357467651,,5.000193357467651,8357.999999999998,0.9949999999999998,pulp_cbc,mean_total_cost,,ortools_no_solution,180,60,True,8678.48886970813,8708.388879095239,10372.84775102459,10379.445766360304,,,,,,,,,,,
X-n106-k14,105,atm,ortools:robust_mean_1std_scaled_or_tools,robust_mean_1std_scaled_or_tools,ortools,False,False,False,0,,5.004096031188965,,5.004096031188965,8358.0,0.995,pulp_cbc,mean_total_cost,,ortools_no_solution,180,60,True,8678.48886970813,8708.388879095239,10372.84775102459,10379.445766360304,,,,,,,,,,,
X-n106-k14,105,grocery,ortools:robust_mean_1std_scaled_or_tools,robust_mean_1std_scaled_or_tools,ortools,False,False,False,0,,5.004096031188965,,5.004096031188965,8358.0,0.995,pulp_cbc,mean_total_cost,,ortools_no_solution,180,60,True,8678.48886970813,8708.388879095239,10372.84775102459,10379.445766360304,,,,,,,,,,,
X-n106-k14,105,cargo,ortools:robust_mean_1std_scaled_or_tools,robust_mean_1std_scaled_or_tools,ortools,False,False,False,0,,5.004096031188965,,5.004096031188965,8358.0,0.995,pulp_cbc,mean_total_cost,,ortools_no_solution,180,60,True,8678.48886970813,8708.388879095239,10372.84775102459,10379.445766360304,,,,,,,,,,,
X-n106-k14,105,cold_chain,ortools:robust_mean_1std_scaled_or_tools,robust_mean_1std_scaled_or_tools,ortools,False,False,False,0,,5.004096031188965,,5.004096031188965,8358.0,0.995,pulp_cbc,mean_total_cost,,ortools_no_solution,180,60,True,8678.48886970813,8708.388879095239,10372.84775102459,10379.445766360304,,,,,,,,,,,
X-n106-k14,105,atm,ortools:robust_mean_2std_scaled_or_tools,robust_mean_2std_scaled_or_tools,ortools,False,False,False,0,,5.004198312759399,,5.004198312759399,8357.999999999998,0.9949999999999998,pulp_cbc,mean_total_cost,,ortools_no_solution,180,60,True,8678.48886970813,8708.388879095239,10372.84775102459,10379.445766360304,,,,,,,,,,,
X-n106-k14,105,grocery,ortools:robust_mean_2std_scaled_or_tools,robust_mean_2std_scaled_or_tools,ortools,False,False,False,0,,5.004198312759399,,5.004198312759399,8357.999999999998,0.9949999999999998,pulp_cbc,mean_total_cost,,ortools_no_solution,180,60,True,8678.48886970813,8708.388879095239,10372.84775102459,10379.445766360304,,,,,,,,,,,
X-n106-k14,105,cargo,ortools:robust_mean_2std_scaled_or_tools,robust_mean_2std_scaled_or_tools,ortools,False,False,False,0,,5.004198312759399,,5.004198312759399,8357.999999999998,0.9949999999999998,pulp_cbc,mean_total_cost,,ortools_no_solution,180,60,True,8678.48886970813,8708.388879095239,10372.84775102459,10379.445766360304,,,,,,,,,,,
X-n106-k14,105,cold_chain,ortools:robust_mean_2std_scaled_or_tools,robust_mean_2std_scaled_or_tools,ortools,False,False,False,0,,5.004198312759399,,5.004198312759399,8357.999999999998,0.9949999999999998,pulp_cbc,mean_total_cost,,ortools_no_solution,180,60,True,8678.48886970813,8708.388879095239,10372.84775102459,10379.445766360304,,,,,,,,,,,
X-n110-k13,109,atm,ortools:nominal_or_tools,nominal_or_tools,ortools,True,True,True,13,15387.0,4.9983298778533936,0.5045957565307617,5.502925634384155,816.0,0.951048951048951,pulp_cbc,mean_total_cost,15771.017049835767,,180,60,True,922.107056749831,926.0446089731707,1096.1448904465033,1097.6485758926672,784.1691188185447,858.0,15771.017049835767,16133.345260065851,16508.303565190985,99.04286376943988,203.91716422881473,0.43311926605504586,112.57085551928638,384.0170498357717,0.0
X-n110-k13,109,grocery,ortools:nominal_or_tools,nominal_or_tools,ortools,True,True,True,13,15387.0,4.9983298778533936,0.4962594509124756,5.494589328765869,816.0,0.951048951048951,pulp_cbc,mean_total_cost,15632.006722226439,,180,60,True,922.107056749831,926.0446089731707,1096.1448904465033,1097.6485758926672,372.945215678737,852.0403297,15632.006722226439,15804.376134204698,16006.038629710576,99.41213678591396,205.83336426653995,0.43302752293577984,106.98045823576044,245.0067222264385,0.0
X-n110-k13,109,cargo,ortools:nominal_or_tools,nominal_or_tools,ortools,True,True,True,13,15387.0,4.9983298778533936,0.5144665241241455,5.512796401977539,816.0,0.951048951048951,pulp_cbc,mean_total_cost,15675.694391370784,,180,60,True,922.107056749831,926.0446089731707,1096.1448904465033,1097.6485758926672,707.8825661664977,858.0000013,15675.694391370784,15954.47608693251,16236.435540208044,99.70885234610645,204.0941139726614,0.43944954128440367,113.23684539595298,288.69439137078496,0.0
X-n110-k13,109,cold_chain,ortools:nominal_or_tools,nominal_or_tools,ortools,True,True,True,13,15387.0,4.9983298778533936,0.5383744239807129,5.5367043018341064,816.0,0.951048951048951,pulp_cbc,mean_total_cost,15893.237235238383,,180,60,True,922.107056749831,926.0446089731707,1096.1448904465033,1097.6485758926672,811.2708670469736,851.1476835,15893.237235238383,16107.00212189642,16375.001687934486,99.73086221219144,206.87891332145736,0.4328440366972477,106.40653746203796,352.5618171978078,153.67541804057473
X-n110-k13,109,atm,ortools:proxy_mean_or_tools,proxy_mean_or_tools,ortools,False,False,False,0,,0.0,,0.0,922.1070567498308,1.074716849358777,pulp_cbc,mean_total_cost,,total_load_exceeds_fleet_capacity,180,60,True,922.107056749831,926.0446089731707,1096.1448904465033,1097.6485758926672,,,,,,,,,,,
X-n110-k13,109,grocery,ortools:proxy_mean_or_tools,proxy_mean_or_tools,ortools,False,False,False,0,,0.0,,0.0,922.1070567498308,1.074716849358777,pulp_cbc,mean_total_cost,,total_load_exceeds_fleet_capacity,180,60,True,922.107056749831,926.0446089731707,1096.1448904465033,1097.6485758926672,,,,,,,,,,,
X-n110-k13,109,cargo,ortools:proxy_mean_or_tools,proxy_mean_or_tools,ortools,False,False,False,0,,0.0,,0.0,922.1070567498308,1.074716849358777,pulp_cbc,mean_total_cost,,total_load_exceeds_fleet_capacity,180,60,True,922.107056749831,926.0446089731707,1096.1448904465033,1097.6485758926672,,,,,,,,,,,
X-n110-k13,109,cold_chain,ortools:proxy_mean_or_tools,proxy_mean_or_tools,ortools,False,False,False,0,,0.0,,0.0,922.1070567498308,1.074716849358777,pulp_cbc,mean_total_cost,,total_load_exceeds_fleet_capacity,180,60,True,922.107056749831,926.0446089731707,1096.1448904465033,1097.6485758926672,,,,,,,,,,,
X-n110-k13,109,atm,ortools:quantile_p75_or_tools,quantile_p75_or_tools,ortools,False,False,False,0,,0.0,,0.0,1068.6948730955414,1.2455651201579736,pulp_cbc,mean_total_cost,,total_load_exceeds_fleet_capacity,180,60,True,922.107056749831,926.0446089731707,1096.1448904465033,1097.6485758926672,,,,,,,,,,,
X-n110-k13,109,grocery,ortools:quantile_p75_or_tools,quantile_p75_or_tools,ortools,False,False,False,0,,0.0,,0.0,1068.6948730955414,1.2455651201579736,pulp_cbc,mean_total_cost,,total_load_exceeds_fleet_capacity,180,60,True,922.107056749831,926.0446089731707,1096.1448904465033,1097.6485758926672,,,,,,,,,,,
X-n110-k13,109,cargo,ortools:quantile_p75_or_tools,quantile_p75_or_tools,ortools,False,False,False,0,,0.0,,0.0,1068.6948730955414,1.2455651201579736,pulp_cbc,mean_total_cost,,total_load_exceeds_fleet_capacity,180,60,True,922.107056749831,926.0446089731707,1096.1448904465033,1097.6485758926672,,,,,,,,,,,
X-n110-k13,109,cold_chain,ortools:quantile_p75_or_tools,quantile_p75_or_tools,ortools,False,False,False,0,,0.0,,0.0,1068.6948730955414,1.2455651201579736,pulp_cbc,mean_total_cost,,total_load_exceeds_fleet_capacity,180,60,True,922.107056749831,926.0446089731707,1096.1448904465033,1097.6485758926672,,,,,,,,,,,
X-n110-k13,109,atm,ortools:quantile_p90_or_tools,quantile_p90_or_tools,ortools,False,False,False,0,,0.0,,0.0,1281.640142405187,1.493753079726325,pulp_cbc,mean_total_cost,,total_load_exceeds_fleet_capacity,180,60,True,922.107056749831,926.0446089731707,1096.1448904465033,1097.6485758926672,,,,,,,,,,,
X-n110-k13,109,grocery,ortools:quantile_p90_or_tools,quantile_p90_or_tools,ortools,False,False,False,0,,0.0,,0.0,1281.640142405187,1.493753079726325,pulp_cbc,mean_total_cost,,total_load_exceeds_fleet_capacity,180,60,True,922.107056749831,926.0446089731707,1096.1448904465033,1097.6485758926672,,,,,,,,,,,
X-n110-k13,109,cargo,ortools:quantile_p90_or_tools,quantile_p90_or_tools,ortools,False,False,False,0,,0.0,,0.0,1281.640142405187,1.493753079726325,pulp_cbc,mean_total_cost,,total_load_exceeds_fleet_capacity,180,60,True,922.107056749831,926.0446089731707,1096.1448904465033,1097.6485758926672,,,,,,,,,,,
X-n110-k13,109,cold_chain,ortools:quantile_p90_or_tools,quantile_p90_or_tools,ortools,False,False,False,0,,0.0,,0.0,1281.640142405187,1.493753079726325,pulp_cbc,mean_total_cost,,total_load_exceeds_fleet_capacity,180,60,True,922.107056749831,926.0446089731707,1096.1448904465033,1097.6485758926672,,,,,,,,,,,
X-n110-k13,109,atm,ortools:robust_mean_1std_or_tools,robust_mean_1std_or_tools,ortools,False,False,False,0,,0.0,,0.0,1199.8745334350876,1.3984551671737617,pulp_cbc,mean_total_cost,,total_load_exceeds_fleet_capacity,180,60,True,922.107056749831,926.0446089731707,1096.1448904465033,1097.6485758926672,,,,,,,,,,,
X-n110-k13,109,grocery,ortools:robust_mean_1std_or_tools,robust_mean_1std_or_tools,ortools,False,False,False,0,,0.0,,0.0,1199.8745334350876,1.3984551671737617,pulp_cbc,mean_total_cost,,total_load_exceeds_fleet_capacity,180,60,True,922.107056749831,926.0446089731707,1096.1448904465033,1097.6485758926672,,,,,,,,,,,
X-n110-k13,109,cargo,ortools:robust_mean_1std_or_tools,robust_mean_1std_or_tools,ortools,False,False,False,0,,0.0,,0.0,1199.8745334350876,1.3984551671737617,pulp_cbc,mean_total_cost,,total_load_exceeds_fleet_capacity,180,60,True,922.107056749831,926.0446089731707,1096.1448904465033,1097.6485758926672,,,,,,,,,,,
X-n110-k13,109,cold_chain,ortools:robust_mean_1std_or_tools,robust_mean_1std_or_tools,ortools,False,False,False,0,,0.0,,0.0,1199.8745334350876,1.3984551671737617,pulp_cbc,mean_total_cost,,total_load_exceeds_fleet_capacity,180,60,True,922.107056749831,926.0446089731707,1096.1448904465033,1097.6485758926672,,,,,,,,,,,
X-n110-k13,109,atm,ortools:robust_mean_2std_or_tools,robust_mean_2std_or_tools,ortools,False,False,False,0,,0.0,,0.0,1477.6420101203455,1.7221934849887477,pulp_cbc,mean_total_cost,,total_load_exceeds_fleet_capacity,180,60,True,922.107056749831,926.0446089731707,1096.1448904465033,1097.6485758926672,,,,,,,,,,,
X-n110-k13,109,grocery,ortools:robust_mean_2std_or_tools,robust_mean_2std_or_tools,ortools,False,False,False,0,,0.0,,0.0,1477.6420101203455,1.7221934849887477,pulp_cbc,mean_total_cost,,total_load_exceeds_fleet_capacity,180,60,True,922.107056749831,926.0446089731707,1096.1448904465033,1097.6485758926672,,,,,,,,,,,
X-n110-k13,109,cargo,ortools:robust_mean_2std_or_tools,robust_mean_2std_or_tools,ortools,False,False,False,0,,0.0,,0.0,1477.6420101203455,1.7221934849887477,pulp_cbc,mean_total_cost,,total_load_exceeds_fleet_capacity,180,60,True,922.107056749831,926.0446089731707,1096.1448904465033,1097.6485758926672,,,,,,,,,,,
X-n110-k13,109,cold_chain,ortools:robust_mean_2std_or_tools,robust_mean_2std_or_tools,ortools,False,False,False,0,,0.0,,0.0,1477.6420101203455,1.7221934849887477,pulp_cbc,mean_total_cost,,total_load_exceeds_fleet_capacity,180,60,True,922.107056749831,926.0446089731707,1096.1448904465033,1097.6485758926672,,,,,,,,,,,
X-n110-k13,109,atm,ortools:proxy_mean_scaled_or_tools,proxy_mean_scaled_or_tools,ortools,True,True,True,13,16426.0,4.999256134033203,0.5194869041442871,5.51874303817749,853.7099999999999,0.9949999999999999,pulp_cbc,mean_total_cost,16790.17200769339,,180,60,True,922.107056749831,926.0446089731707,1096.1448904465033,1097.6485758926672,757.6800715739269,858.0000006,16790.17200769339,17166.61853704198,17518.77151562033,94.04826789792234,202.87969554081903,0.41944954128440365,107.5762602477688,364.17200769338757,0.0
X-n110-k13,109,grocery,ortools:proxy_mean_scaled_or_tools,proxy_mean_scaled_or_tools,ortools,True,True,True,13,16426.0,4.999256134033203,0.4544527530670166,5.45370888710022,853.7099999999999,0.9949999999999999,pulp_cbc,mean_total_cost,16660.941123649256,,180,60,True,922.107056749831,926.0446089731707,1096.1448904465033,1097.6485758926672,358.79452328607624,858.0000008999999,16660.941123649256,16836.923785188425,17026.80103473115,94.02890383317944,202.24215934081897,0.41651376146788993,107.55689648302598,234.94112364925488,0.0
X-n110-k13,109,cargo,ortools:proxy_mean_scaled_or_tools,proxy_mean_scaled_or_tools,ortools,True,True,True,13,16426.0,4.999256134033203,0.5272674560546875,5.526523590087891,853.7099999999999,0.9949999999999999,pulp_cbc,mean_total_cost,16700.398453726288,,180,60,True,922.107056749831,926.0446089731707,1096.1448904465033,1097.6485758926672,684.8149694455948,857.9999995999999,16700.398453726288,16981.57347062301,17253.9968521034,94.54787139788678,203.43673039925747,0.4241284403669725,108.07586274773327,274.39845372628685,0.0
X-n110-k13,109,cold_chain,ortools:proxy_mean_scaled_or_tools,proxy_mean_scaled_or_tools,ortools,True,True,True,13,16426.0,4.999256134033203,0.6018352508544922,5.601091384887695,853.7099999999999,0.9949999999999999,pulp_cbc,mean_total_cost,16928.66133330754,,180,60,True,922.107056749831,926.0446089731707,1096.1448904465033,1097.6485758926672,797.8184172822768,858.0000010999998,16928.66133330754,17146.217222097173,17396.412901846914,94.46853012462795,202.77321739201363,0.41743119266055045,107.99652297447444,341.1735459316658,161.48778737587574
X-n110-k13,109,atm,ortools:quantile_p75_scaled_or_tools,quantile_p75_scaled_or_tools,ortools,False,False,False,0,,5.005394220352173,,5.005394220352173,853.7099999999998,0.9949999999999998,pulp_cbc,mean_total_cost,,ortools_no_solution,180,60,True,922.107056749831,926.0446089731707,1096.1448904465033,1097.6485758926672,,,,,,,,,,,
X-n110-k13,109,grocery,ortools:quantile_p75_scaled_or_tools,quantile_p75_scaled_or_tools,ortools,False,False,False,0,,5.005394220352173,,5.005394220352173,853.7099999999998,0.9949999999999998,pulp_cbc,mean_total_cost,,ortools_no_solution,180,60,True,922.107056749831,926.0446089731707,1096.1448904465033,1097.6485758926672,,,,,,,,,,,
X-n110-k13,109,cargo,ortools:quantile_p75_scaled_or_tools,quantile_p75_scaled_or_tools,ortools,False,False,False,0,,5.005394220352173,,5.005394220352173,853.7099999999998,0.9949999999999998,pulp_cbc,mean_total_cost,,ortools_no_solution,180,60,True,922.107056749831,926.0446089731707,1096.1448904465033,1097.6485758926672,,,,,,,,,,,
X-n110-k13,109,cold_chain,ortools:quantile_p75_scaled_or_tools,quantile_p75_scaled_or_tools,ortools,False,False,False,0,,5.005394220352173,,5.005394220352173,853.7099999999998,0.9949999999999998,pulp_cbc,mean_total_cost,,ortools_no_solution,180,60,True,922.107056749831,926.0446089731707,1096.1448904465033,1097.6485758926672,,,,,,,,,,,
X-n110-k13,109,atm,ortools:quantile_p90_scaled_or_tools,quantile_p90_scaled_or_tools,ortools,False,False,False,0,,0.0,,0.0,853.7100000000003,0.9950000000000003,pulp_cbc,mean_total_cost,,total_load_exceeds_fleet_capacity,180,60,True,922.107056749831,926.0446089731707,1096.1448904465033,1097.6485758926672,,,,,,,,,,,
X-n110-k13,109,grocery,ortools:quantile_p90_scaled_or_tools,quantile_p90_scaled_or_tools,ortools,False,False,False,0,,0.0,,0.0,853.7100000000003,0.9950000000000003,pulp_cbc,mean_total_cost,,total_load_exceeds_fleet_capacity,180,60,True,922.107056749831,926.0446089731707,1096.1448904465033,1097.6485758926672,,,,,,,,,,,
X-n110-k13,109,cargo,ortools:quantile_p90_scaled_or_tools,quantile_p90_scaled_or_tools,ortools,False,False,False,0,,0.0,,0.0,853.7100000000003,0.9950000000000003,pulp_cbc,mean_total_cost,,total_load_exceeds_fleet_capacity,180,60,True,922.107056749831,926.0446089731707,1096.1448904465033,1097.6485758926672,,,,,,,,,,,
X-n110-k13,109,cold_chain,ortools:quantile_p90_scaled_or_tools,quantile_p90_scaled_or_tools,ortools,False,False,False,0,,0.0,,0.0,853.7100000000003,0.9950000000000003,pulp_cbc,mean_total_cost,,total_load_exceeds_fleet_capacity,180,60,True,922.107056749831,926.0446089731707,1096.1448904465033,1097.6485758926672,,,,,,,,,,,
X-n110-k13,109,atm,ortools:robust_mean_1std_scaled_or_tools,robust_mean_1std_scaled_or_tools,ortools,False,False,False,0,,5.0049591064453125,,5.0049591064453125,853.7100000000003,0.9950000000000003,pulp_cbc,mean_total_cost,,ortools_no_solution,180,60,True,922.107056749831,926.0446089731707,1096.1448904465033,1097.6485758926672,,,,,,,,,,,
X-n110-k13,109,grocery,ortools:robust_mean_1std_scaled_or_tools,robust_mean_1std_scaled_or_tools,ortools,False,False,False,0,,5.0049591064453125,,5.0049591064453125,853.7100000000003,0.9950000000000003,pulp_cbc,mean_total_cost,,ortools_no_solution,180,60,True,922.107056749831,926.0446089731707,1096.1448904465033,1097.6485758926672,,,,,,,,,,,
X-n110-k13,109,cargo,ortools:robust_mean_1std_scaled_or_tools,robust_mean_1std_scaled_or_tools,ortools,False,False,False,0,,5.0049591064453125,,5.0049591064453125,853.7100000000003,0.9950000000000003,pulp_cbc,mean_total_cost,,ortools_no_solution,180,60,True,922.107056749831,926.0446089731707,1096.1448904465033,1097.6485758926672,,,,,,,,,,,
X-n110-k13,109,cold_chain,ortools:robust_mean_1std_scaled_or_tools,robust_mean_1std_scaled_or_tools,ortools,False,False,False,0,,5.0049591064453125,,5.0049591064453125,853.7100000000003,0.9950000000000003,pulp_cbc,mean_total_cost,,ortools_no_solution,180,60,True,922.107056749831,926.0446089731707,1096.1448904465033,1097.6485758926672,,,,,,,,,,,
X-n110-k13,109,atm,ortools:robust_mean_2std_scaled_or_tools,robust_mean_2std_scaled_or_tools,ortools,False,False,False,0,,0.0,,0.0,853.71,0.995,pulp_cbc,mean_total_cost,,total_load_exceeds_fleet_capacity,180,60,True,922.107056749831,926.0446089731707,1096.1448904465033,1097.6485758926672,,,,,,,,,,,
X-n110-k13,109,grocery,ortools:robust_mean_2std_scaled_or_tools,robust_mean_2std_scaled_or_tools,ortools,False,False,False,0,,0.0,,0.0,853.71,0.995,pulp_cbc,mean_total_cost,,total_load_exceeds_fleet_capacity,180,60,True,922.107056749831,926.0446089731707,1096.1448904465033,1097.6485758926672,,,,,,,,,,,
X-n110-k13,109,cargo,ortools:robust_mean_2std_scaled_or_tools,robust_mean_2std_scaled_or_tools,ortools,False,False,False,0,,0.0,,0.0,853.71,0.995,pulp_cbc,mean_total_cost,,total_load_exceeds_fleet_capacity,180,60,True,922.107056749831,926.0446089731707,1096.1448904465033,1097.6485758926672,,,,,,,,,,,
X-n110-k13,109,cold_chain,ortools:robust_mean_2std_scaled_or_tools,robust_mean_2std_scaled_or_tools,ortools,False,False,False,0,,0.0,,0.0,853.71,0.995,pulp_cbc,mean_total_cost,,total_load_exceeds_fleet_capacity,180,60,True,922.107056749831,926.0446089731707,1096.1448904465033,1097.6485758926672,,,,,,,,,,,
X-n115-k10,114,atm,ortools:nominal_or_tools,nominal_or_tools,ortools,True,True,True,10,13099.0,5.003995418548584,0.5837461948394775,5.5877416133880615,1535.0,0.908284023668639,pulp_cbc,mean_total_cost,13888.043235337062,,180,60,True,1696.498515200886,1698.9645533588098,2024.6258510269993,2026.4340508376151,1387.9930201967934,1690.00001105,13888.043235337062,14612.578257305331,15196.23403509162,191.12834329492475,384.43172304472273,0.3907894736842105,283.93251268223,789.0432353370614,0.0
X-n115-k10,114,grocery,ortools:nominal_or_tools,nominal_or_tools,ortools,True,True,True,10,13099.0,5.003995418548584,0.5860910415649414,5.590086460113525,1535.0,0.908284023668639,pulp_cbc,mean_total_cost,13626.674675992115,,180,60,True,1696.498515200886,1698.9645533588098,2024.6258510269993,2026.4340508376151,692.3372890060228,1690.0000119000001,13626.674675992115,13980.923156975514,14275.745079012073,191.13393711233815,385.8153074665875,0.38587719298245615,283.9381073496435,527.6746759921159,0.0
X-n115-k10,114,cargo,ortools:nominal_or_tools,nominal_or_tools,ortools,True,True,True,10,13099.0,5.003995418548584,0.6016607284545898,5.605656147003174,1535.0,0.908284023668639,pulp_cbc,mean_total_cost,13691.230347302235,,180,60,True,1696.498515200886,1698.9645533588098,2024.6258510269993,2026.4340508376151,1251.9073817414142,1690.00001484,13691.230347302235,14227.539913940605,14687.332806740416,192.51108688542715,381.9357180356367,0.4004385964912281,285.31526006273253,592.2303473022367,0.0
X-n115-k10,114,cold_chain,ortools:nominal_or_tools,nominal_or_tools,ortools,True,True,True,10,13099.0,5.003995418548584,0.5978717803955078,5.601867198944092,1535.0,0.908284023668639,pulp_cbc,mean_total_cost,14177.35576551884,,180,60,True,1696.498515200886,1698.9645533588098,2024.6258510269993,2026.4340508376151,1553.3065079586236,1684.3766313,14177.35576551884,14620.545006881839,15009.641678687014,192.273673417893,387.2365265266701,0.3831578947368421,279.4544630551983,786.6566120546804,291.6991534641582
X-n115-k10,114,atm,ortools:proxy_mean_or_tools,proxy_mean_or_tools,ortools,False,False,False,0,,0.0,,0.0,1696.4985152008858,1.0038452752667963,pulp_cbc,mean_total_cost,,total_load_exceeds_fleet_capacity,180,60,True,1696.498515200886,1698.9645533588098,2024.6258510269993,2026.4340508376151,,,,,,,,,,,
X-n115-k10,114,grocery,ortools:proxy_mean_or_tools,proxy_mean_or_tools,ortools,False,False,False,0,,0.0,,0.0,1696.4985152008858,1.0038452752667963,pulp_cbc,mean_total_cost,,total_load_exceeds_fleet_capacity,180,60,True,1696.498515200886,1698.9645533588098,2024.6258510269993,2026.4340508376151,,,,,,,,,,,
X-n115-k10,114,cargo,ortools:proxy_mean_or_tools,proxy_mean_or_tools,ortools,False,False,False,0,,0.0,,0.0,1696.4985152008858,1.0038452752667963,pulp_cbc,mean_total_cost,,total_load_exceeds_fleet_capacity,180,60,True,1696.498515200886,1698.9645533588098,2024.6258510269993,2026.4340508376151,,,,,,,,,,,
X-n115-k10,114,cold_chain,ortools:proxy_mean_or_tools,proxy_mean_or_tools,ortools,False,False,False,0,,0.0,,0.0,1696.4985152008858,1.0038452752667963,pulp_cbc,mean_total_cost,,total_load_exceeds_fleet_capacity,180,60,True,1696.498515200886,1698.9645533588098,2024.6258510269993,2026.4340508376151,,,,,,,,,,,
X-n115-k10,114,atm,ortools:quantile_p75_or_tools,quantile_p75_or_tools,ortools,False,False,False,0,,0.0,,0.0,2006.1238479980052,1.1870555313597664,pulp_cbc,mean_total_cost,,total_load_exceeds_fleet_capacity,180,60,True,1696.498515200886,1698.9645533588098,2024.6258510269993,2026.4340508376151,,,,,,,,,,,
X-n115-k10,114,grocery,ortools:quantile_p75_or_tools,quantile_p75_or_tools,ortools,False,False,False,0,,0.0,,0.0,2006.1238479980052,1.1870555313597664,pulp_cbc,mean_total_cost,,total_load_exceeds_fleet_capacity,180,60,True,1696.498515200886,1698.9645533588098,2024.6258510269993,2026.4340508376151,,,,,,,,,,,
X-n115-k10,114,cargo,ortools:quantile_p75_or_tools,quantile_p75_or_tools,ortools,False,False,False,0,,0.0,,0.0,2006.1238479980052,1.1870555313597664,pulp_cbc,mean_total_cost,,total_load_exceeds_fleet_capacity,180,60,True,1696.498515200886,1698.9645533588098,2024.6258510269993,2026.4340508376151,,,,,,,,,,,
X-n115-k10,114,cold_chain,ortools:quantile_p75_or_tools,quantile_p75_or_tools,ortools,False,False,False,0,,0.0,,0.0,2006.1238479980052,1.1870555313597664,pulp_cbc,mean_total_cost,,total_load_exceeds_fleet_capacity,180,60,True,1696.498515200886,1698.9645533588098,2024.6258510269993,2026.4340508376151,,,,,,,,,,,
X-n115-k10,114,atm,ortools:quantile_p90_or_tools,quantile_p90_or_tools,ortools,False,False,False,0,,0.0,,0.0,2435.0126827119116,1.440835906930125,pulp_cbc,mean_total_cost,,total_load_exceeds_fleet_capacity,180,60,True,1696.498515200886,1698.9645533588098,2024.6258510269993,2026.4340508376151,,,,,,,,,,,
X-n115-k10,114,grocery,ortools:quantile_p90_or_tools,quantile_p90_or_tools,ortools,False,False,False,0,,0.0,,0.0,2435.0126827119116,1.440835906930125,pulp_cbc,mean_total_cost,,total_load_exceeds_fleet_capacity,180,60,True,1696.498515200886,1698.9645533588098,2024.6258510269993,2026.4340508376151,,,,,,,,,,,
X-n115-k10,114,cargo,ortools:quantile_p90_or_tools,quantile_p90_or_tools,ortools,False,False,False,0,,0.0,,0.0,2435.0126827119116,1.440835906930125,pulp_cbc,mean_total_cost,,total_load_exceeds_fleet_capacity,180,60,True,1696.498515200886,1698.9645533588098,2024.6258510269993,2026.4340508376151,,,,,,,,,,,
X-n115-k10,114,cold_chain,ortools:quantile_p90_or_tools,quantile_p90_or_tools,ortools,False,False,False,0,,0.0,,0.0,2435.0126827119116,1.440835906930125,pulp_cbc,mean_total_cost,,total_load_exceeds_fleet_capacity,180,60,True,1696.498515200886,1698.9645533588098,2024.6258510269993,2026.4340508376151,,,,,,,,,,,
X-n115-k10,114,atm,ortools:robust_mean_1std_or_tools,robust_mean_1std_or_tools,ortools,False,False,False,0,,0.0,,0.0,2288.7472271128768,1.354288300066791,pulp_cbc,mean_total_cost,,total_load_exceeds_fleet_capacity,180,60,True,1696.498515200886,1698.9645533588098,2024.6258510269993,2026.4340508376151,,,,,,,,,,,
X-n115-k10,114,grocery,ortools:robust_mean_1std_or_tools,robust_mean_1std_or_tools,ortools,False,False,False,0,,0.0,,0.0,2288.7472271128768,1.354288300066791,pulp_cbc,mean_total_cost,,total_load_exceeds_fleet_capacity,180,60,True,1696.498515200886,1698.9645533588098,2024.6258510269993,2026.4340508376151,,,,,,,,,,,
X-n115-k10,114,cargo,ortools:robust_mean_1std_or_tools,robust_mean_1std_or_tools,ortools,False,False,False,0,,0.0,,0.0,2288.7472271128768,1.354288300066791,pulp_cbc,mean_total_cost,,total_load_exceeds_fleet_capacity,180,60,True,1696.498515200886,1698.9645533588098,2024.6258510269993,2026.4340508376151,,,,,,,,,,,
X-n115-k10,114,cold_chain,ortools:robust_mean_1std_or_tools,robust_mean_1std_or_tools,ortools,False,False,False,0,,0.0,,0.0,2288.7472271128768,1.354288300066791,pulp_cbc,mean_total_cost,,total_load_exceeds_fleet_capacity,180,60,True,1696.498515200886,1698.9645533588098,2024.6258510269993,2026.4340508376151,,,,,,,,,,,
X-n115-k10,114,atm,ortools:robust_mean_2std_or_tools,robust_mean_2std_or_tools,ortools,False,False,False,0,,0.0,,0.0,2880.9959390248678,1.7047313248667857,pulp_cbc,mean_total_cost,,single_node_exceeds_capacity,180,60,True,1696.498515200886,1698.9645533588098,2024.6258510269993,2026.4340508376151,,,,,,,,,,,
X-n115-k10,114,grocery,ortools:robust_mean_2std_or_tools,robust_mean_2std_or_tools,ortools,False,False,False,0,,0.0,,0.0,2880.9959390248678,1.7047313248667857,pulp_cbc,mean_total_cost,,single_node_exceeds_capacity,180,60,True,1696.498515200886,1698.9645533588098,2024.6258510269993,2026.4340508376151,,,,,,,,,,,
X-n115-k10,114,cargo,ortools:robust_mean_2std_or_tools,robust_mean_2std_or_tools,ortools,False,False,False,0,,0.0,,0.0,2880.9959390248678,1.7047313248667857,pulp_cbc,mean_total_cost,,single_node_exceeds_capacity,180,60,True,1696.498515200886,1698.9645533588098,2024.6258510269993,2026.4340508376151,,,,,,,,,,,
X-n115-k10,114,cold_chain,ortools:robust_mean_2std_or_tools,robust_mean_2std_or_tools,ortools,False,False,False,0,,0.0,,0.0,2880.9959390248678,1.7047313248667857,pulp_cbc,mean_total_cost,,single_node_exceeds_capacity,180,60,True,1696.498515200886,1698.9645533588098,2024.6258510269993,2026.4340508376151,,,,,,,,,,,
X-n115-k10,114,atm,ortools:proxy_mean_scaled_or_tools,proxy_mean_scaled_or_tools,ortools,False,False,False,0,,5.004286289215088,,5.004286289215088,1681.5499999999997,0.9949999999999999,pulp_cbc,mean_total_cost,,ortools_no_solution,180,60,True,1696.498515200886,1698.9645533588098,2024.6258510269993,2026.4340508376151,,,,,,,,,,,
X-n115-k10,114,grocery,ortools:proxy_mean_scaled_or_tools,proxy_mean_scaled_or_tools,ortools,False,False,False,0,,5.004286289215088,,5.004286289215088,1681.5499999999997,0.9949999999999999,pulp_cbc,mean_total_cost,,ortools_no_solution,180,60,True,1696.498515200886,1698.9645533588098,2024.6258510269993,2026.4340508376151,,,,,,,,,,,
X-n115-k10,114,cargo,ortools:proxy_mean_scaled_or_tools,proxy_mean_scaled_or_tools,ortools,False,False,False,0,,5.004286289215088,,5.004286289215088,1681.5499999999997,0.9949999999999999,pulp_cbc,mean_total_cost,,ortools_no_solution,180,60,True,1696.498515200886,1698.9645533588098,2024.6258510269993,2026.4340508376151,,,,,,,,,,,
X-n115-k10,114,cold_chain,ortools:proxy_mean_scaled_or_tools,proxy_mean_scaled_or_tools,ortools,False,False,False,0,,5.004286289215088,,5.004286289215088,1681.5499999999997,0.9949999999999999,pulp_cbc,mean_total_cost,,ortools_no_solution,180,60,True,1696.498515200886,1698.9645533588098,2024.6258510269993,2026.4340508376151,,,,,,,,,,,
X-n115-k10,114,atm,ortools:quantile_p75_scaled_or_tools,quantile_p75_scaled_or_tools,ortools,False,False,False,0,,4.996763467788696,,4.996763467788696,1681.5499999999997,0.9949999999999999,pulp_cbc,mean_total_cost,,ortools_no_solution,180,60,True,1696.498515200886,1698.9645533588098,2024.6258510269993,2026.4340508376151,,,,,,,,,,,
X-n115-k10,114,grocery,ortools:quantile_p75_scaled_or_tools,quantile_p75_scaled_or_tools,ortools,False,False,False,0,,4.996763467788696,,4.996763467788696,1681.5499999999997,0.9949999999999999,pulp_cbc,mean_total_cost,,ortools_no_solution,180,60,True,1696.498515200886,1698.9645533588098,2024.6258510269993,2026.4340508376151,,,,,,,,,,,
X-n115-k10,114,cargo,ortools:quantile_p75_scaled_or_tools,quantile_p75_scaled_or_tools,ortools,False,False,False,0,,4.996763467788696,,4.996763467788696,1681.5499999999997,0.9949999999999999,pulp_cbc,mean_total_cost,,ortools_no_solution,180,60,True,1696.498515200886,1698.9645533588098,2024.6258510269993,2026.4340508376151,,,,,,,,,,,
X-n115-k10,114,cold_chain,ortools:quantile_p75_scaled_or_tools,quantile_p75_scaled_or_tools,ortools,False,False,False,0,,4.996763467788696,,4.996763467788696,1681.5499999999997,0.9949999999999999,pulp_cbc,mean_total_cost,,ortools_no_solution,180,60,True,1696.498515200886,1698.9645533588098,2024.6258510269993,2026.4340508376151,,,,,,,,,,,
X-n115-k10,114,atm,ortools:quantile_p90_scaled_or_tools,quantile_p90_scaled_or_tools,ortools,False,False,False,0,,5.000839471817017,,5.000839471817017,1681.5499999999997,0.9949999999999999,pulp_cbc,mean_total_cost,,ortools_no_solution,180,60,True,1696.498515200886,1698.9645533588098,2024.6258510269993,2026.4340508376151,,,,,,,,,,,
X-n115-k10,114,grocery,ortools:quantile_p90_scaled_or_tools,quantile_p90_scaled_or_tools,ortools,False,False,False,0,,5.000839471817017,,5.000839471817017,1681.5499999999997,0.9949999999999999,pulp_cbc,mean_total_cost,,ortools_no_solution,180,60,True,1696.498515200886,1698.9645533588098,2024.6258510269993,2026.4340508376151,,,,,,,,,,,
X-n115-k10,114,cargo,ortools:quantile_p90_scaled_or_tools,quantile_p90_scaled_or_tools,ortools,False,False,False,0,,5.000839471817017,,5.000839471817017,1681.5499999999997,0.9949999999999999,pulp_cbc,mean_total_cost,,ortools_no_solution,180,60,True,1696.498515200886,1698.9645533588098,2024.6258510269993,2026.4340508376151,,,,,,,,,,,
X-n115-k10,114,cold_chain,ortools:quantile_p90_scaled_or_tools,quantile_p90_scaled_or_tools,ortools,False,False,False,0,,5.000839471817017,,5.000839471817017,1681.5499999999997,0.9949999999999999,pulp_cbc,mean_total_cost,,ortools_no_solution,180,60,True,1696.498515200886,1698.9645533588098,2024.6258510269993,2026.4340508376151,,,,,,,,,,,
X-n115-k10,114,atm,ortools:robust_mean_1std_scaled_or_tools,robust_mean_1std_scaled_or_tools,ortools,False,False,False,0,,4.998320817947388,,4.998320817947388,1681.5500000000002,0.9950000000000001,pulp_cbc,mean_total_cost,,ortools_no_solution,180,60,True,1696.498515200886,1698.9645533588098,2024.6258510269993,2026.4340508376151,,,,,,,,,,,
X-n115-k10,114,grocery,ortools:robust_mean_1std_scaled_or_tools,robust_mean_1std_scaled_or_tools,ortools,False,False,False,0,,4.998320817947388,,4.998320817947388,1681.5500000000002,0.9950000000000001,pulp_cbc,mean_total_cost,,ortools_no_solution,180,60,True,1696.498515200886,1698.9645533588098,2024.6258510269993,2026.4340508376151,,,,,,,,,,,
X-n115-k10,114,cargo,ortools:robust_mean_1std_scaled_or_tools,robust_mean_1std_scaled_or_tools,ortools,False,False,False,0,,4.998320817947388,,4.998320817947388,1681.5500000000002,0.9950000000000001,pulp_cbc,mean_total_cost,,ortools_no_solution,180,60,True,1696.498515200886,1698.9645533588098,2024.6258510269993,2026.4340508376151,,,,,,,,,,,
X-n115-k10,114,cold_chain,ortools:robust_mean_1std_scaled_or_tools,robust_mean_1std_scaled_or_tools,ortools,False,False,False,0,,4.998320817947388,,4.998320817947388,1681.5500000000002,0.9950000000000001,pulp_cbc,mean_total_cost,,ortools_no_solution,180,60,True,1696.498515200886,1698.9645533588098,2024.6258510269993,2026.4340508376151,,,,,,,,,,,
X-n115-k10,114,atm,ortools:robust_mean_2std_scaled_or_tools,robust_mean_2std_scaled_or_tools,ortools,False,False,False,0,,5.000044584274292,,5.000044584274292,1681.55,0.995,pulp_cbc,mean_total_cost,,ortools_no_solution,180,60,True,1696.498515200886,1698.9645533588098,2024.6258510269993,2026.4340508376151,,,,,,,,,,,
X-n115-k10,114,grocery,ortools:robust_mean_2std_scaled_or_tools,robust_mean_2std_scaled_or_tools,ortools,False,False,False,0,,5.000044584274292,,5.000044584274292,1681.55,0.995,pulp_cbc,mean_total_cost,,ortools_no_solution,180,60,True,1696.498515200886,1698.9645533588098,2024.6258510269993,2026.4340508376151,,,,,,,,,,,
X-n115-k10,114,cargo,ortools:robust_mean_2std_scaled_or_tools,robust_mean_2std_scaled_or_tools,ortools,False,False,False,0,,5.000044584274292,,5.000044584274292,1681.55,0.995,pulp_cbc,mean_total_cost,,ortools_no_solution,180,60,True,1696.498515200886,1698.9645533588098,2024.6258510269993,2026.4340508376151,,,,,,,,,,,
X-n115-k10,114,cold_chain,ortools:robust_mean_2std_scaled_or_tools,robust_mean_2std_scaled_or_tools,ortools,False,False,False,0,,5.000044584274292,,5.000044584274292,1681.55,0.995,pulp_cbc,mean_total_cost,,ortools_no_solution,180,60,True,1696.498515200886,1698.9645533588098,2024.6258510269993,2026.4340508376151,,,,,,,,,,,
X-n120-k6,119,atm,ortools:nominal_or_tools,nominal_or_tools,ortools,True,True,True,6,14034.0,5.004239797592163,0.7788379192352295,5.783077716827393,119.0,0.9444444444444444,pulp_cbc,mean_total_cost,14084.440466728185,,180,60,True,133.52122460451002,133.78447753711538,155.4085028189589,155.70208638891222,105.60603825179771,126.00000003,14084.440466728185,14125.044277061064,14151.147792106878,13.071793328241199,24.73672109046113,0.42899159663865544,17.31646533202953,50.44046672818464,0.0
X-n120-k6,119,grocery,ortools:nominal_or_tools,nominal_or_tools,ortools,True,True,True,6,14034.0,5.004239797592163,0.7355120182037354,5.739751815795898,119.0,0.9444444444444444,pulp_cbc,mean_total_cost,14066.623888720329,,180,60,True,133.52122460451002,133.78447753711538,155.4085028189589,155.70208638891222,50.86626245262825,124.38679032999998,14066.623888720329,14085.98968493446,14099.851150561848,13.137526911158519,24.72279216029031,0.43201680672268905,15.768989214946853,32.623888720329404,0.0
X-n120-k6,119,cargo,ortools:nominal_or_tools,nominal_or_tools,ortools,True,True,True,6,14034.0,5.004239797592163,0.813718318939209,5.817958116531372,119.0,0.9444444444444444,pulp_cbc,mean_total_cost,14072.622741154588,,180,60,True,133.52122460451002,133.78447753711538,155.4085028189589,155.70208638891222,96.16922462156704,125.99999957000001,14072.622741154588,14103.771102313593,14124.155158921038,13.190203505420222,24.78263066159108,0.4292436974789916,17.43487504920856,38.62274115458888,0.0
X-n120-k6,119,cold_chain,ortools:nominal_or_tools,nominal_or_tools,ortools,True,True,True,6,14034.0,5.004239797592163,0.8517904281616211,5.856030225753784,119.0,0.9444444444444444,pulp_cbc,mean_total_cost,14103.014175370912,,180,60,True,133.52122460451002,133.78447753711538,155.4085028189589,155.70208638891222,110.92391703632164,123.97941259000001,14103.014175370912,14127.391084172361,14145.334494239909,13.249015981685567,24.79878139942487,0.43201680672268905,15.473100545473901,47.0182204331258,21.995954937787594
X-n120-k6,119,atm,ortools:proxy_mean_or_tools,proxy_mean_or_tools,ortools,True,True,True,6,14034.0,4.99750018119812,0.7504925727844238,5.747992753982544,133.52122460451005,1.0596922587659527,pulp_cbc,mean_total_cost,14084.440466728185,,180,60,True,133.52122460451002,133.78447753711538,155.4085028189589,155.70208638891222,105.60603825179771,126.00000003,14084.440466728185,14125.044277061064,14151.147792106878,13.071793328241199,24.73672109046113,0.42899159663865544,17.31646533202953,50.44046672818464,0.0
X-n120-k6,119,grocery,ortools:proxy_mean_or_tools,proxy_mean_or_tools,ortools,True,True,True,6,14034.0,4.99750018119812,0.8132297992706299,5.81072998046875,133.52122460451005,1.0596922587659527,pulp_cbc,mean_total_cost,14066.623888720329,,180,60,True,133.52122460451002,133.78447753711538,155.4085028189589,155.70208638891222,50.86626245262825,124.38679032999998,14066.623888720329,14085.98968493446,14099.851150561848,13.137526911158519,24.72279216029031,0.43201680672268905,15.768989214946853,32.623888720329404,0.0
X-n120-k6,119,cargo,ortools:proxy_mean_or_tools,proxy_mean_or_tools,ortools,True,True,True,6,14034.0,4.99750018119812,0.8054819107055664,5.8029820919036865,133.52122460451005,1.0596922587659527,pulp_cbc,mean_total_cost,14072.622741154588,,180,60,True,133.52122460451002,133.78447753711538,155.4085028189589,155.70208638891222,96.16922462156704,125.99999957000001,14072.622741154588,14103.771102313593,14124.155158921038,13.190203505420222,24.78263066159108,0.4292436974789916,17.43487504920856,38.62274115458888,0.0
X-n120-k6,119,cold_chain,ortools:proxy_mean_or_tools,proxy_mean_or_tools,ortools,True,True,True,6,14034.0,4.99750018119812,0.8216111660003662,5.819111347198486,133.52122460451005,1.0596922587659527,pulp_cbc,mean_total_cost,14103.014175370912,,180,60,True,133.52122460451002,133.78447753711538,155.4085028189589,155.70208638891222,110.92391703632164,123.97941259000001,14103.014175370912,14127.391084172361,14145.334494239909,13.249015981685567,24.79878139942487,0.43201680672268905,15.473100545473901,47.0182204331258,21.995954937787594
X-n120-k6,119,atm,ortools:quantile_p75_or_tools,quantile_p75_or_tools,ortools,True,True,True,6,14034.0,4.998662710189819,0.6745548248291016,5.673217535018921,154.0527270492996,1.222640690867457,pulp_cbc,mean_total_cost,14084.440466728185,,180,60,True,133.52122460451002,133.78447753711538,155.4085028189589,155.70208638891222,105.60603825179771,126.00000003,14084.440466728185,14125.044277061064,14151.147792106878,13.071793328241199,24.73672109046113,0.42899159663865544,17.31646533202953,50.44046672818464,0.0
X-n120-k6,119,grocery,ortools:quantile_p75_or_tools,quantile_p75_or_tools,ortools,True,True,True,6,14034.0,4.998662710189819,0.7167949676513672,5.7154576778411865,154.0527270492996,1.222640690867457,pulp_cbc,mean_total_cost,14066.623888720329,,180,60,True,133.52122460451002,133.78447753711538,155.4085028189589,155.70208638891222,50.86626245262825,124.38679032999998,14066.623888720329,14085.98968493446,14099.851150561848,13.137526911158519,24.72279216029031,0.43201680672268905,15.768989214946853,32.623888720329404,0.0
X-n120-k6,119,cargo,ortools:quantile_p75_or_tools,quantile_p75_or_tools,ortools,True,True,True,6,14034.0,4.998662710189819,0.7428443431854248,5.741507053375244,154.0527270492996,1.222640690867457,pulp_cbc,mean_total_cost,14072.622741154588,,180,60,True,133.52122460451002,133.78447753711538,155.4085028189589,155.70208638891222,96.16922462156704,125.99999957000001,14072.622741154588,14103.771102313593,14124.155158921038,13.190203505420222,24.78263066159108,0.4292436974789916,17.43487504920856,38.62274115458888,0.0
X-n120-k6,119,cold_chain,ortools:quantile_p75_or_tools,quantile_p75_or_tools,ortools,True,True,True,6,14034.0,4.998662710189819,0.7819225788116455,5.780585289001465,154.0527270492996,1.222640690867457,pulp_cbc,mean_total_cost,14103.014175370912,,180,60,True,133.52122460451002,133.78447753711538,155.4085028189589,155.70208638891222,110.92391703632164,123.97941259000001,14103.014175370912,14127.391084172361,14145.334494239909,13.249015981685567,24.79878139942487,0.43201680672268905,15.473100545473901,47.0182204331258,21.995954937787594
X-n120-k6,119,atm,ortools:quantile_p90_or_tools,quantile_p90_or_tools,ortools,False,False,False,0,,0.0,,0.0,182.66235606543265,1.449701238614545,pulp_cbc,mean_total_cost,,total_load_exceeds_fleet_capacity,180,60,True,133.52122460451002,133.78447753711538,155.4085028189589,155.70208638891222,,,,,,,,,,,
X-n120-k6,119,grocery,ortools:quantile_p90_or_tools,quantile_p90_or_tools,ortools,False,False,False,0,,0.0,,0.0,182.66235606543265,1.449701238614545,pulp_cbc,mean_total_cost,,total_load_exceeds_fleet_capacity,180,60,True,133.52122460451002,133.78447753711538,155.4085028189589,155.70208638891222,,,,,,,,,,,
X-n120-k6,119,cargo,ortools:quantile_p90_or_tools,quantile_p90_or_tools,ortools,False,False,False,0,,0.0,,0.0,182.66235606543265,1.449701238614545,pulp_cbc,mean_total_cost,,total_load_exceeds_fleet_capacity,180,60,True,133.52122460451002,133.78447753711538,155.4085028189589,155.70208638891222,,,,,,,,,,,
X-n120-k6,119,cold_chain,ortools:quantile_p90_or_tools,quantile_p90_or_tools,ortools,False,False,False,0,,0.0,,0.0,182.66235606543265,1.449701238614545,pulp_cbc,mean_total_cost,,total_load_exceeds_fleet_capacity,180,60,True,133.52122460451002,133.78447753711538,155.4085028189589,155.70208638891222,,,,,,,,,,,
X-n120-k6,119,atm,ortools:robust_mean_1std_or_tools,robust_mean_1std_or_tools,ortools,False,False,False,0,,0.0,,0.0,171.55623043630987,1.3615573844151578,pulp_cbc,mean_total_cost,,total_load_exceeds_fleet_capacity,180,60,True,133.52122460451002,133.78447753711538,155.4085028189589,155.70208638891222,,,,,,,,,,,
X-n120-k6,119,grocery,ortools:robust_mean_1std_or_tools,robust_mean_1std_or_tools,ortools,False,False,False,0,,0.0,,0.0,171.55623043630987,1.3615573844151578,pulp_cbc,mean_total_cost,,total_load_exceeds_fleet_capacity,180,60,True,133.52122460451002,133.78447753711538,155.4085028189589,155.70208638891222,,,,,,,,,,,
X-n120-k6,119,cargo,ortools:robust_mean_1std_or_tools,robust_mean_1std_or_tools,ortools,False,False,False,0,,0.0,,0.0,171.55623043630987,1.3615573844151578,pulp_cbc,mean_total_cost,,total_load_exceeds_fleet_capacity,180,60,True,133.52122460451002,133.78447753711538,155.4085028189589,155.70208638891222,,,,,,,,,,,
X-n120-k6,119,cold_chain,ortools:robust_mean_1std_or_tools,robust_mean_1std_or_tools,ortools,False,False,False,0,,0.0,,0.0,171.55623043630987,1.3615573844151578,pulp_cbc,mean_total_cost,,total_load_exceeds_fleet_capacity,180,60,True,133.52122460451002,133.78447753711538,155.4085028189589,155.70208638891222,,,,,,,,,,,
X-n120-k6,119,atm,ortools:robust_mean_2std_or_tools,robust_mean_2std_or_tools,ortools,False,False,False,0,,0.0,,0.0,209.5912362681097,1.6634225100643627,pulp_cbc,mean_total_cost,,total_load_exceeds_fleet_capacity,180,60,True,133.52122460451002,133.78447753711538,155.4085028189589,155.70208638891222,,,,,,,,,,,
X-n120-k6,119,grocery,ortools:robust_mean_2std_or_tools,robust_mean_2std_or_tools,ortools,False,False,False,0,,0.0,,0.0,209.5912362681097,1.6634225100643627,pulp_cbc,mean_total_cost,,total_load_exceeds_fleet_capacity,180,60,True,133.52122460451002,133.78447753711538,155.4085028189589,155.70208638891222,,,,,,,,,,,
X-n120-k6,119,cargo,ortools:robust_mean_2std_or_tools,robust_mean_2std_or_tools,ortools,False,False,False,0,,0.0,,0.0,209.5912362681097,1.6634225100643627,pulp_cbc,mean_total_cost,,total_load_exceeds_fleet_capacity,180,60,True,133.52122460451002,133.78447753711538,155.4085028189589,155.70208638891222,,,,,,,,,,,
X-n120-k6,119,cold_chain,ortools:robust_mean_2std_or_tools,robust_mean_2std_or_tools,ortools,False,False,False,0,,0.0,,0.0,209.5912362681097,1.6634225100643627,pulp_cbc,mean_total_cost,,total_load_exceeds_fleet_capacity,180,60,True,133.52122460451002,133.78447753711538,155.4085028189589,155.70208638891222,,,,,,,,,,,
X-n120-k6,119,atm,ortools:proxy_mean_scaled_or_tools,proxy_mean_scaled_or_tools,ortools,True,True,True,6,14034.0,4.998661041259766,0.676353931427002,5.675014972686768,125.37000000000002,0.9950000000000001,pulp_cbc,mean_total_cost,14084.440466728185,,180,60,True,133.52122460451002,133.78447753711538,155.4085028189589,155.70208638891222,105.60603825179771,126.00000003,14084.440466728185,14125.044277061064,14151.147792106878,13.071793328241199,24.73672109046113,0.42899159663865544,17.31646533202953,50.44046672818464,0.0
X-n120-k6,119,grocery,ortools:proxy_mean_scaled_or_tools,proxy_mean_scaled_or_tools,ortools,True,True,True,6,14034.0,4.998661041259766,0.7538750171661377,5.752536058425903,125.37000000000002,0.9950000000000001,pulp_cbc,mean_total_cost,14066.623888720329,,180,60,True,133.52122460451002,133.78447753711538,155.4085028189589,155.70208638891222,50.86626245262825,124.38679032999998,14066.623888720329,14085.98968493446,14099.851150561848,13.137526911158519,24.72279216029031,0.43201680672268905,15.768989214946853,32.623888720329404,0.0
X-n120-k6,119,cargo,ortools:proxy_mean_scaled_or_tools,proxy_mean_scaled_or_tools,ortools,True,True,True,6,14034.0,4.998661041259766,0.7849140167236328,5.783575057983398,125.37000000000002,0.9950000000000001,pulp_cbc,mean_total_cost,14072.622741154588,,180,60,True,133.52122460451002,133.78447753711538,155.4085028189589,155.70208638891222,96.16922462156704,125.99999957000001,14072.622741154588,14103.771102313593,14124.155158921038,13.190203505420222,24.78263066159108,0.4292436974789916,17.43487504920856,38.62274115458888,0.0
X-n120-k6,119,cold_chain,ortools:proxy_mean_scaled_or_tools,proxy_mean_scaled_or_tools,ortools,True,True,True,6,14034.0,4.998661041259766,0.789898157119751,5.788559198379517,125.37000000000002,0.9950000000000001,pulp_cbc,mean_total_cost,14103.014175370912,,180,60,True,133.52122460451002,133.78447753711538,155.4085028189589,155.70208638891222,110.92391703632164,123.97941259000001,14103.014175370912,14127.391084172361,14145.334494239909,13.249015981685567,24.79878139942487,0.43201680672268905,15.473100545473901,47.0182204331258,21.995954937787594
X-n120-k6,119,atm,ortools:quantile_p75_scaled_or_tools,quantile_p75_scaled_or_tools,ortools,True,True,True,6,14034.0,5.0046374797821045,0.7153244018554688,5.719961881637573,125.36999999999998,0.9949999999999998,pulp_cbc,mean_total_cost,14084.440466728185,,180,60,True,133.52122460451002,133.78447753711538,155.4085028189589,155.70208638891222,105.60603825179771,126.00000003,14084.440466728185,14125.044277061064,14151.147792106878,13.071793328241199,24.73672109046113,0.42899159663865544,17.31646533202953,50.44046672818464,0.0
X-n120-k6,119,grocery,ortools:quantile_p75_scaled_or_tools,quantile_p75_scaled_or_tools,ortools,True,True,True,6,14034.0,5.0046374797821045,0.7531166076660156,5.75775408744812,125.36999999999998,0.9949999999999998,pulp_cbc,mean_total_cost,14066.623888720329,,180,60,True,133.52122460451002,133.78447753711538,155.4085028189589,155.70208638891222,50.86626245262825,124.38679032999998,14066.623888720329,14085.98968493446,14099.851150561848,13.137526911158519,24.72279216029031,0.43201680672268905,15.768989214946853,32.623888720329404,0.0
X-n120-k6,119,cargo,ortools:quantile_p75_scaled_or_tools,quantile_p75_scaled_or_tools,ortools,True,True,True,6,14034.0,5.0046374797821045,0.7570047378540039,5.761642217636108,125.36999999999998,0.9949999999999998,pulp_cbc,mean_total_cost,14072.622741154588,,180,60,True,133.52122460451002,133.78447753711538,155.4085028189589,155.70208638891222,96.16922462156704,125.99999957000001,14072.622741154588,14103.771102313593,14124.155158921038,13.190203505420222,24.78263066159108,0.4292436974789916,17.43487504920856,38.62274115458888,0.0
X-n120-k6,119,cold_chain,ortools:quantile_p75_scaled_or_tools,quantile_p75_scaled_or_tools,ortools,True,True,True,6,14034.0,5.0046374797821045,0.771251916885376,5.7758893966674805,125.36999999999998,0.9949999999999998,pulp_cbc,mean_total_cost,14103.014175370912,,180,60,True,133.52122460451002,133.78447753711538,155.4085028189589,155.70208638891222,110.92391703632164,123.97941259000001,14103.014175370912,14127.391084172361,14145.334494239909,13.249015981685567,24.79878139942487,0.43201680672268905,15.473100545473901,47.0182204331258,21.995954937787594
X-n120-k6,119,atm,ortools:quantile_p90_scaled_or_tools,quantile_p90_scaled_or_tools,ortools,True,True,True,6,14034.0,5.0036585330963135,0.7135274410247803,5.717185974121094,125.37,0.995,pulp_cbc,mean_total_cost,14084.440466728185,,180,60,True,133.52122460451002,133.78447753711538,155.4085028189589,155.70208638891222,105.60603825179771,126.00000003,14084.440466728185,14125.044277061064,14151.147792106878,13.071793328241199,24.73672109046113,0.42899159663865544,17.31646533202953,50.44046672818464,0.0
X-n120-k6,119,grocery,ortools:quantile_p90_scaled_or_tools,quantile_p90_scaled_or_tools,ortools,True,True,True,6,14034.0,5.0036585330963135,0.7218868732452393,5.725545406341553,125.37,0.995,pulp_cbc,mean_total_cost,14066.623888720329,,180,60,True,133.52122460451002,133.78447753711538,155.4085028189589,155.70208638891222,50.86626245262825,124.38679032999998,14066.623888720329,14085.98968493446,14099.851150561848,13.137526911158519,24.72279216029031,0.43201680672268905,15.768989214946853,32.623888720329404,0.0
X-n120-k6,119,cargo,ortools:quantile_p90_scaled_or_tools,quantile_p90_scaled_or_tools,ortools,True,True,True,6,14034.0,5.0036585330963135,0.7644102573394775,5.768068790435791,125.37,0.995,pulp_cbc,mean_total_cost,14072.622741154588,,180,60,True,133.52122460451002,133.78447753711538,155.4085028189589,155.70208638891222,96.16922462156704,125.99999957000001,14072.622741154588,14103.771102313593,14124.155158921038,13.190203505420222,24.78263066159108,0.4292436974789916,17.43487504920856,38.62274115458888,0.0
X-n120-k6,119,cold_chain,ortools:quantile_p90_scaled_or_tools,quantile_p90_scaled_or_tools,ortools,True,True,True,6,14034.0,5.0036585330963135,0.7809300422668457,5.784588575363159,125.37,0.995,pulp_cbc,mean_total_cost,14103.014175370912,,180,60,True,133.52122460451002,133.78447753711538,155.4085028189589,155.70208638891222,110.92391703632164,123.97941259000001,14103.014175370912,14127.391084172361,14145.334494239909,13.249015981685567,24.79878139942487,0.43201680672268905,15.473100545473901,47.0182204331258,21.995954937787594
X-n120-k6,119,atm,ortools:robust_mean_1std_scaled_or_tools,robust_mean_1std_scaled_or_tools,ortools,True,True,True,6,14034.0,4.998867988586426,0.7085485458374023,5.707416534423828,125.37000000000002,0.9950000000000001,pulp_cbc,mean_total_cost,14084.440466728185,,180,60,True,133.52122460451002,133.78447753711538,155.4085028189589,155.70208638891222,105.60603825179771,126.00000003,14084.440466728185,14125.044277061064,14151.147792106878,13.071793328241199,24.73672109046113,0.42899159663865544,17.31646533202953,50.44046672818464,0.0
X-n120-k6,119,grocery,ortools:robust_mean_1std_scaled_or_tools,robust_mean_1std_scaled_or_tools,ortools,True,True,True,6,14034.0,4.998867988586426,0.744067907333374,5.7429358959198,125.37000000000002,0.9950000000000001,pulp_cbc,mean_total_cost,14066.623888720329,,180,60,True,133.52122460451002,133.78447753711538,155.4085028189589,155.70208638891222,50.86626245262825,124.38679032999998,14066.623888720329,14085.98968493446,14099.851150561848,13.137526911158519,24.72279216029031,0.43201680672268905,15.768989214946853,32.623888720329404,0.0
X-n120-k6,119,cargo,ortools:robust_mean_1std_scaled_or_tools,robust_mean_1std_scaled_or_tools,ortools,True,True,True,6,14034.0,4.998867988586426,0.7160928249359131,5.714960813522339,125.37000000000002,0.9950000000000001,pulp_cbc,mean_total_cost,14072.622741154588,,180,60,True,133.52122460451002,133.78447753711538,155.4085028189589,155.70208638891222,96.16922462156704,125.99999957000001,14072.622741154588,14103.771102313593,14124.155158921038,13.190203505420222,24.78263066159108,0.4292436974789916,17.43487504920856,38.62274115458888,0.0
X-n120-k6,119,cold_chain,ortools:robust_mean_1std_scaled_or_tools,robust_mean_1std_scaled_or_tools,ortools,True,True,True,6,14034.0,4.998867988586426,0.7917585372924805,5.790626525878906,125.37000000000002,0.9950000000000001,pulp_cbc,mean_total_cost,14103.014175370912,,180,60,True,133.52122460451002,133.78447753711538,155.4085028189589,155.70208638891222,110.92391703632164,123.97941259000001,14103.014175370912,14127.391084172361,14145.334494239909,13.249015981685567,24.79878139942487,0.43201680672268905,15.473100545473901,47.0182204331258,21.995954937787594
X-n120-k6,119,atm,ortools:robust_mean_2std_scaled_or_tools,robust_mean_2std_scaled_or_tools,ortools,True,True,True,6,14034.0,5.006385326385498,0.7024064064025879,5.708791732788086,125.36999999999998,0.9949999999999998,pulp_cbc,mean_total_cost,14084.440466728185,,180,60,True,133.52122460451002,133.78447753711538,155.4085028189589,155.70208638891222,105.60603825179771,126.00000003,14084.440466728185,14125.044277061064,14151.147792106878,13.071793328241199,24.73672109046113,0.42899159663865544,17.31646533202953,50.44046672818464,0.0
X-n120-k6,119,grocery,ortools:robust_mean_2std_scaled_or_tools,robust_mean_2std_scaled_or_tools,ortools,True,True,True,6,14034.0,5.006385326385498,0.7148029804229736,5.721188306808472,125.36999999999998,0.9949999999999998,pulp_cbc,mean_total_cost,14066.623888720329,,180,60,True,133.52122460451002,133.78447753711538,155.4085028189589,155.70208638891222,50.86626245262825,124.38679032999998,14066.623888720329,14085.98968493446,14099.851150561848,13.137526911158519,24.72279216029031,0.43201680672268905,15.768989214946853,32.623888720329404,0.0
X-n120-k6,119,cargo,ortools:robust_mean_2std_scaled_or_tools,robust_mean_2std_scaled_or_tools,ortools,True,True,True,6,14034.0,5.006385326385498,0.7295498847961426,5.735935211181641,125.36999999999998,0.9949999999999998,pulp_cbc,mean_total_cost,14072.622741154588,,180,60,True,133.52122460451002,133.78447753711538,155.4085028189589,155.70208638891222,96.16922462156704,125.99999957000001,14072.622741154588,14103.771102313593,14124.155158921038,13.190203505420222,24.78263066159108,0.4292436974789916,17.43487504920856,38.62274115458888,0.0
X-n120-k6,119,cold_chain,ortools:robust_mean_2std_scaled_or_tools,robust_mean_2std_scaled_or_tools,ortools,True,True,True,6,14034.0,5.006385326385498,0.7631902694702148,5.769575595855713,125.36999999999998,0.9949999999999998,pulp_cbc,mean_total_cost,14103.014175370912,,180,60,True,133.52122460451002,133.78447753711538,155.4085028189589,155.70208638891222,110.92391703632164,123.97941259000001,14103.014175370912,14127.391084172361,14145.334494239909,13.249015981685567,24.79878139942487,0.43201680672268905,15.473100545473901,47.0182204331258,21.995954937787594
X-n125-k30,124,atm,ortools:nominal_or_tools,nominal_or_tools,ortools,False,False,False,0,,4.999237537384033,,4.999237537384033,5536.0,0.9815602836879432,pulp_cbc,mean_total_cost,,ortools_no_solution,180,60,True,6182.103060403259,6203.205802760405,7268.164911231489,7281.546769180081,,,,,,,,,,,
X-n125-k30,124,grocery,ortools:nominal_or_tools,nominal_or_tools,ortools,False,False,False,0,,4.999237537384033,,4.999237537384033,5536.0,0.9815602836879432,pulp_cbc,mean_total_cost,,ortools_no_solution,180,60,True,6182.103060403259,6203.205802760405,7268.164911231489,7281.546769180081,,,,,,,,,,,
X-n125-k30,124,cargo,ortools:nominal_or_tools,nominal_or_tools,ortools,False,False,False,0,,4.999237537384033,,4.999237537384033,5536.0,0.9815602836879432,pulp_cbc,mean_total_cost,,ortools_no_solution,180,60,True,6182.103060403259,6203.205802760405,7268.164911231489,7281.546769180081,,,,,,,,,,,
X-n125-k30,124,cold_chain,ortools:nominal_or_tools,nominal_or_tools,ortools,False,False,False,0,,4.999237537384033,,4.999237537384033,5536.0,0.9815602836879432,pulp_cbc,mean_total_cost,,ortools_no_solution,180,60,True,6182.103060403259,6203.205802760405,7268.164911231489,7281.546769180081,,,,,,,,,,,
X-n125-k30,124,atm,ortools:proxy_mean_or_tools,proxy_mean_or_tools,ortools,False,False,False,0,,0.0,,0.0,6182.10306040326,1.0961175639012872,pulp_cbc,mean_total_cost,,total_load_exceeds_fleet_capacity,180,60,True,6182.103060403259,6203.205802760405,7268.164911231489,7281.546769180081,,,,,,,,,,,
X-n125-k30,124,grocery,ortools:proxy_mean_or_tools,proxy_mean_or_tools,ortools,False,False,False,0,,0.0,,0.0,6182.10306040326,1.0961175639012872,pulp_cbc,mean_total_cost,,total_load_exceeds_fleet_capacity,180,60,True,6182.103060403259,6203.205802760405,7268.164911231489,7281.546769180081,,,,,,,,,,,
X-n125-k30,124,cargo,ortools:proxy_mean_or_tools,proxy_mean_or_tools,ortools,False,False,False,0,,0.0,,0.0,6182.10306040326,1.0961175639012872,pulp_cbc,mean_total_cost,,total_load_exceeds_fleet_capacity,180,60,True,6182.103060403259,6203.205802760405,7268.164911231489,7281.546769180081,,,,,,,,,,,
X-n125-k30,124,cold_chain,ortools:proxy_mean_or_tools,proxy_mean_or_tools,ortools,False,False,False,0,,0.0,,0.0,6182.10306040326,1.0961175639012872,pulp_cbc,mean_total_cost,,total_load_exceeds_fleet_capacity,180,60,True,6182.103060403259,6203.205802760405,7268.164911231489,7281.546769180081,,,,,,,,,,,
X-n125-k30,124,atm,ortools:quantile_p75_or_tools,quantile_p75_or_tools,ortools,False,False,False,0,,0.0,,0.0,7230.234136441316,1.2819564071704461,pulp_cbc,mean_total_cost,,total_load_exceeds_fleet_capacity,180,60,True,6182.103060403259,6203.205802760405,7268.164911231489,7281.546769180081,,,,,,,,,,,
X-n125-k30,124,grocery,ortools:quantile_p75_or_tools,quantile_p75_or_tools,ortools,False,False,False,0,,0.0,,0.0,7230.234136441316,1.2819564071704461,pulp_cbc,mean_total_cost,,total_load_exceeds_fleet_capacity,180,60,True,6182.103060403259,6203.205802760405,7268.164911231489,7281.546769180081,,,,,,,,,,,
X-n125-k30,124,cargo,ortools:quantile_p75_or_tools,quantile_p75_or_tools,ortools,False,False,False,0,,0.0,,0.0,7230.234136441316,1.2819564071704461,pulp_cbc,mean_total_cost,,total_load_exceeds_fleet_capacity,180,60,True,6182.103060403259,6203.205802760405,7268.164911231489,7281.546769180081,,,,,,,,,,,
X-n125-k30,124,cold_chain,ortools:quantile_p75_or_tools,quantile_p75_or_tools,ortools,False,False,False,0,,0.0,,0.0,7230.234136441316,1.2819564071704461,pulp_cbc,mean_total_cost,,total_load_exceeds_fleet_capacity,180,60,True,6182.103060403259,6203.205802760405,7268.164911231489,7281.546769180081,,,,,,,,,,,
X-n125-k30,124,atm,ortools:quantile_p90_or_tools,quantile_p90_or_tools,ortools,False,False,False,0,,0.0,,0.0,8745.99767809251,1.5507088081724307,pulp_cbc,mean_total_cost,,total_load_exceeds_fleet_capacity,180,60,True,6182.103060403259,6203.205802760405,7268.164911231489,7281.546769180081,,,,,,,,,,,
X-n125-k30,124,grocery,ortools:quantile_p90_or_tools,quantile_p90_or_tools,ortools,False,False,False,0,,0.0,,0.0,8745.99767809251,1.5507088081724307,pulp_cbc,mean_total_cost,,total_load_exceeds_fleet_capacity,180,60,True,6182.103060403259,6203.205802760405,7268.164911231489,7281.546769180081,,,,,,,,,,,
X-n125-k30,124,cargo,ortools:quantile_p90_or_tools,quantile_p90_or_tools,ortools,False,False,False,0,,0.0,,0.0,8745.99767809251,1.5507088081724307,pulp_cbc,mean_total_cost,,total_load_exceeds_fleet_capacity,180,60,True,6182.103060403259,6203.205802760405,7268.164911231489,7281.546769180081,,,,,,,,,,,
X-n125-k30,124,cold_chain,ortools:quantile_p90_or_tools,quantile_p90_or_tools,ortools,False,False,False,0,,0.0,,0.0,8745.99767809251,1.5507088081724307,pulp_cbc,mean_total_cost,,total_load_exceeds_fleet_capacity,180,60,True,6182.103060403259,6203.205802760405,7268.164911231489,7281.546769180081,,,,,,,,,,,
X-n125-k30,124,atm,ortools:robust_mean_1std_or_tools,robust_mean_1std_or_tools,ortools,False,False,False,0,,0.0,,0.0,8218.104349738027,1.4571107003081607,pulp_cbc,mean_total_cost,,total_load_exceeds_fleet_capacity,180,60,True,6182.103060403259,6203.205802760405,7268.164911231489,7281.546769180081,,,,,,,,,,,
X-n125-k30,124,grocery,ortools:robust_mean_1std_or_tools,robust_mean_1std_or_tools,ortools,False,False,False,0,,0.0,,0.0,8218.104349738027,1.4571107003081607,pulp_cbc,mean_total_cost,,total_load_exceeds_fleet_capacity,180,60,True,6182.103060403259,6203.205802760405,7268.164911231489,7281.546769180081,,,,,,,,,,,
X-n125-k30,124,cargo,ortools:robust_mean_1std_or_tools,robust_mean_1std_or_tools,ortools,False,False,False,0,,0.0,,0.0,8218.104349738027,1.4571107003081607,pulp_cbc,mean_total_cost,,total_load_exceeds_fleet_capacity,180,60,True,6182.103060403259,6203.205802760405,7268.164911231489,7281.546769180081,,,,,,,,,,,
X-n125-k30,124,cold_chain,ortools:robust_mean_1std_or_tools,robust_mean_1std_or_tools,ortools,False,False,False,0,,0.0,,0.0,8218.104349738027,1.4571107003081607,pulp_cbc,mean_total_cost,,total_load_exceeds_fleet_capacity,180,60,True,6182.103060403259,6203.205802760405,7268.164911231489,7281.546769180081,,,,,,,,,,,
X-n125-k30,124,atm,ortools:robust_mean_2std_or_tools,robust_mean_2std_or_tools,ortools,False,False,False,0,,0.0,,0.0,10254.105639072797,1.818103836715035,pulp_cbc,mean_total_cost,,single_node_exceeds_capacity,180,60,True,6182.103060403259,6203.205802760405,7268.164911231489,7281.546769180081,,,,,,,,,,,
X-n125-k30,124,grocery,ortools:robust_mean_2std_or_tools,robust_mean_2std_or_tools,ortools,False,False,False,0,,0.0,,0.0,10254.105639072797,1.818103836715035,pulp_cbc,mean_total_cost,,single_node_exceeds_capacity,180,60,True,6182.103060403259,6203.205802760405,7268.164911231489,7281.546769180081,,,,,,,,,,,
X-n125-k30,124,cargo,ortools:robust_mean_2std_or_tools,robust_mean_2std_or_tools,ortools,False,False,False,0,,0.0,,0.0,10254.105639072797,1.818103836715035,pulp_cbc,mean_total_cost,,single_node_exceeds_capacity,180,60,True,6182.103060403259,6203.205802760405,7268.164911231489,7281.546769180081,,,,,,,,,,,
X-n125-k30,124,cold_chain,ortools:robust_mean_2std_or_tools,robust_mean_2std_or_tools,ortools,False,False,False,0,,0.0,,0.0,10254.105639072797,1.818103836715035,pulp_cbc,mean_total_cost,,single_node_exceeds_capacity,180,60,True,6182.103060403259,6203.205802760405,7268.164911231489,7281.546769180081,,,,,,,,,,,
X-n125-k30,124,atm,ortools:proxy_mean_scaled_or_tools,proxy_mean_scaled_or_tools,ortools,False,False,False,0,,4.999435663223267,,4.999435663223267,5611.8,0.995,pulp_cbc,mean_total_cost,,ortools_no_solution,180,60,True,6182.103060403259,6203.205802760405,7268.164911231489,7281.546769180081,,,,,,,,,,,
X-n125-k30,124,grocery,ortools:proxy_mean_scaled_or_tools,proxy_mean_scaled_or_tools,ortools,False,False,False,0,,4.999435663223267,,4.999435663223267,5611.8,0.995,pulp_cbc,mean_total_cost,,ortools_no_solution,180,60,True,6182.103060403259,6203.205802760405,7268.164911231489,7281.546769180081,,,,,,,,,,,
X-n125-k30,124,cargo,ortools:proxy_mean_scaled_or_tools,proxy_mean_scaled_or_tools,ortools,False,False,False,0,,4.999435663223267,,4.999435663223267,5611.8,0.995,pulp_cbc,mean_total_cost,,ortools_no_solution,180,60,True,6182.103060403259,6203.205802760405,7268.164911231489,7281.546769180081,,,,,,,,,,,
X-n125-k30,124,cold_chain,ortools:proxy_mean_scaled_or_tools,proxy_mean_scaled_or_tools,ortools,False,False,False,0,,4.999435663223267,,4.999435663223267,5611.8,0.995,pulp_cbc,mean_total_cost,,ortools_no_solution,180,60,True,6182.103060403259,6203.205802760405,7268.164911231489,7281.546769180081,,,,,,,,,,,
X-n125-k30,124,atm,ortools:quantile_p75_scaled_or_tools,quantile_p75_scaled_or_tools,ortools,False,False,False,0,,4.998488426208496,,4.998488426208496,5611.8,0.995,pulp_cbc,mean_total_cost,,ortools_no_solution,180,60,True,6182.103060403259,6203.205802760405,7268.164911231489,7281.546769180081,,,,,,,,,,,
X-n125-k30,124,grocery,ortools:quantile_p75_scaled_or_tools,quantile_p75_scaled_or_tools,ortools,False,False,False,0,,4.998488426208496,,4.998488426208496,5611.8,0.995,pulp_cbc,mean_total_cost,,ortools_no_solution,180,60,True,6182.103060403259,6203.205802760405,7268.164911231489,7281.546769180081,,,,,,,,,,,
X-n125-k30,124,cargo,ortools:quantile_p75_scaled_or_tools,quantile_p75_scaled_or_tools,ortools,False,False,False,0,,4.998488426208496,,4.998488426208496,5611.8,0.995,pulp_cbc,mean_total_cost,,ortools_no_solution,180,60,True,6182.103060403259,6203.205802760405,7268.164911231489,7281.546769180081,,,,,,,,,,,
X-n125-k30,124,cold_chain,ortools:quantile_p75_scaled_or_tools,quantile_p75_scaled_or_tools,ortools,False,False,False,0,,4.998488426208496,,4.998488426208496,5611.8,0.995,pulp_cbc,mean_total_cost,,ortools_no_solution,180,60,True,6182.103060403259,6203.205802760405,7268.164911231489,7281.546769180081,,,,,,,,,,,
X-n125-k30,124,atm,ortools:quantile_p90_scaled_or_tools,quantile_p90_scaled_or_tools,ortools,False,False,False,0,,4.9997828006744385,,4.9997828006744385,5611.8,0.995,pulp_cbc,mean_total_cost,,ortools_no_solution,180,60,True,6182.103060403259,6203.205802760405,7268.164911231489,7281.546769180081,,,,,,,,,,,
X-n125-k30,124,grocery,ortools:quantile_p90_scaled_or_tools,quantile_p90_scaled_or_tools,ortools,False,False,False,0,,4.9997828006744385,,4.9997828006744385,5611.8,0.995,pulp_cbc,mean_total_cost,,ortools_no_solution,180,60,True,6182.103060403259,6203.205802760405,7268.164911231489,7281.546769180081,,,,,,,,,,,
X-n125-k30,124,cargo,ortools:quantile_p90_scaled_or_tools,quantile_p90_scaled_or_tools,ortools,False,False,False,0,,4.9997828006744385,,4.9997828006744385,5611.8,0.995,pulp_cbc,mean_total_cost,,ortools_no_solution,180,60,True,6182.103060403259,6203.205802760405,7268.164911231489,7281.546769180081,,,,,,,,,,,
X-n125-k30,124,cold_chain,ortools:quantile_p90_scaled_or_tools,quantile_p90_scaled_or_tools,ortools,False,False,False,0,,4.9997828006744385,,4.9997828006744385,5611.8,0.995,pulp_cbc,mean_total_cost,,ortools_no_solution,180,60,True,6182.103060403259,6203.205802760405,7268.164911231489,7281.546769180081,,,,,,,,,,,
X-n125-k30,124,atm,ortools:robust_mean_1std_scaled_or_tools,robust_mean_1std_scaled_or_tools,ortools,False,False,False,0,,5.006196975708008,,5.006196975708008,5611.8,0.995,pulp_cbc,mean_total_cost,,ortools_no_solution,180,60,True,6182.103060403259,6203.205802760405,7268.164911231489,7281.546769180081,,,,,,,,,,,
X-n125-k30,124,grocery,ortools:robust_mean_1std_scaled_or_tools,robust_mean_1std_scaled_or_tools,ortools,False,False,False,0,,5.006196975708008,,5.006196975708008,5611.8,0.995,pulp_cbc,mean_total_cost,,ortools_no_solution,180,60,True,6182.103060403259,6203.205802760405,7268.164911231489,7281.546769180081,,,,,,,,,,,
X-n125-k30,124,cargo,ortools:robust_mean_1std_scaled_or_tools,robust_mean_1std_scaled_or_tools,ortools,False,False,False,0,,5.006196975708008,,5.006196975708008,5611.8,0.995,pulp_cbc,mean_total_cost,,ortools_no_solution,180,60,True,6182.103060403259,6203.205802760405,7268.164911231489,7281.546769180081,,,,,,,,,,,
X-n125-k30,124,cold_chain,ortools:robust_mean_1std_scaled_or_tools,robust_mean_1std_scaled_or_tools,ortools,False,False,False,0,,5.006196975708008,,5.006196975708008,5611.8,0.995,pulp_cbc,mean_total_cost,,ortools_no_solution,180,60,True,6182.103060403259,6203.205802760405,7268.164911231489,7281.546769180081,,,,,,,,,,,
X-n125-k30,124,atm,ortools:robust_mean_2std_scaled_or_tools,robust_mean_2std_scaled_or_tools,ortools,False,False,False,0,,5.000783205032349,,5.000783205032349,5611.8,0.995,pulp_cbc,mean_total_cost,,ortools_no_solution,180,60,True,6182.103060403259,6203.205802760405,7268.164911231489,7281.546769180081,,,,,,,,,,,
X-n125-k30,124,grocery,ortools:robust_mean_2std_scaled_or_tools,robust_mean_2std_scaled_or_tools,ortools,False,False,False,0,,5.000783205032349,,5.000783205032349,5611.8,0.995,pulp_cbc,mean_total_cost,,ortools_no_solution,180,60,True,6182.103060403259,6203.205802760405,7268.164911231489,7281.546769180081,,,,,,,,,,,
X-n125-k30,124,cargo,ortools:robust_mean_2std_scaled_or_tools,robust_mean_2std_scaled_or_tools,ortools,False,False,False,0,,5.000783205032349,,5.000783205032349,5611.8,0.995,pulp_cbc,mean_total_cost,,ortools_no_solution,180,60,True,6182.103060403259,6203.205802760405,7268.164911231489,7281.546769180081,,,,,,,,,,,
X-n125-k30,124,cold_chain,ortools:robust_mean_2std_scaled_or_tools,robust_mean_2std_scaled_or_tools,ortools,False,False,False,0,,5.000783205032349,,5.000783205032349,5611.8,0.995,pulp_cbc,mean_total_cost,,ortools_no_solution,180,60,True,6182.103060403259,6203.205802760405,7268.164911231489,7281.546769180081,,,,,,,,,,,
X-n129-k18,128,atm,ortools:nominal_or_tools,nominal_or_tools,ortools,True,True,True,18,30677.0,5.004807949066162,0.6737518310546875,5.67855978012085,665.0,0.9472934472934473,pulp_cbc,mean_total_cost,31021.864449391047,,180,60,True,727.1353695075978,729.545141336595,853.7757199603714,854.5229848707611,645.4216436112231,679.05212775,31021.864449391047,31270.87204174966,31551.510620355722,88.59451706416023,156.65702160571976,0.471171875,80.73357568596097,344.86444939105365,0.0
X-n129-k18,128,grocery,ortools:nominal_or_tools,nominal_or_tools,ortools,True,True,True,18,30677.0,5.004807949066162,0.5776932239532471,5.582501173019409,665.0,0.9472934472934473,pulp_cbc,mean_total_cost,30890.037831338188,,180,60,True,727.1353695075978,729.545141336595,853.7757199603714,854.5229848707611,301.7522404583505,674.7279610799999,30890.037831338188,31009.36987225105,31160.369106956758,88.59307097339908,157.0510840690904,0.469921875,76.4079629251998,213.03783133818703,0.0
X-n129-k18,128,cargo,ortools:nominal_or_tools,nominal_or_tools,ortools,True,True,True,18,30677.0,5.004807949066162,0.6992523670196533,5.704060316085815,665.0,0.9472934472934473,pulp_cbc,mean_total_cost,30936.32764338438,,180,60,True,727.1353695075978,729.545141336595,853.7757199603714,854.5229848707611,583.0106142822812,684.6135868199999,30936.32764338438,31125.865117232428,31337.113664973287,88.97416145011725,156.29027560003348,0.4696875,86.674679141918,259.32764338438125,0.0
X-n129-k18,128,cold_chain,ortools:nominal_or_tools,nominal_or_tools,ortools,True,True,True,18,30677.0,5.004807949066162,0.6485977172851562,5.653405666351318,665.0,0.9472934472934473,pulp_cbc,mean_total_cost,31106.321672381295,,180,60,True,727.1353695075978,729.545141336595,853.7757199603714,854.5229848707611,669.4927528839708,674.2713961300001,31106.321672381295,31259.180597263217,31455.172525547572,88.84787400943905,157.40315892932122,0.462578125,76.20620101123977,305.6054501960039,123.71622218529033
X-n129-k18,128,atm,ortools:proxy_mean_or_tools,proxy_mean_or_tools,ortools,False,False,False,0,,0.0,,0.0,727.1353695075978,1.0358053696689429,pulp_cbc,mean_total_cost,,total_load_exceeds_fleet_capacity,180,60,True,727.1353695075978,729.545141336595,853.7757199603714,854.5229848707611,,,,,,,,,,,
X-n129-k18,128,grocery,ortools:proxy_mean_or_tools,proxy_mean_or_tools,ortools,False,False,False,0,,0.0,,0.0,727.1353695075978,1.0358053696689429,pulp_cbc,mean_total_cost,,total_load_exceeds_fleet_capacity,180,60,True,727.1353695075978,729.545141336595,853.7757199603714,854.5229848707611,,,,,,,,,,,
X-n129-k18,128,cargo,ortools:proxy_mean_or_tools,proxy_mean_or_tools,ortools,False,False,False,0,,0.0,,0.0,727.1353695075978,1.0358053696689429,pulp_cbc,mean_total_cost,,total_load_exceeds_fleet_capacity,180,60,True,727.1353695075978,729.545141336595,853.7757199603714,854.5229848707611,,,,,,,,,,,
X-n129-k18,128,cold_chain,ortools:proxy_mean_or_tools,proxy_mean_or_tools,ortools,False,False,False,0,,0.0,,0.0,727.1353695075978,1.0358053696689429,pulp_cbc,mean_total_cost,,total_load_exceeds_fleet_capacity,180,60,True,727.1353695075978,729.545141336595,853.7757199603714,854.5229848707611,,,,,,,,,,,
X-n129-k18,128,atm,ortools:quantile_p75_or_tools,quantile_p75_or_tools,ortools,False,False,False,0,,0.0,,0.0,847.2628504505681,1.2069271373939716,pulp_cbc,mean_total_cost,,total_load_exceeds_fleet_capacity,180,60,True,727.1353695075978,729.545141336595,853.7757199603714,854.5229848707611,,,,,,,,,,,
X-n129-k18,128,grocery,ortools:quantile_p75_or_tools,quantile_p75_or_tools,ortools,False,False,False,0,,0.0,,0.0,847.2628504505681,1.2069271373939716,pulp_cbc,mean_total_cost,,total_load_exceeds_fleet_capacity,180,60,True,727.1353695075978,729.545141336595,853.7757199603714,854.5229848707611,,,,,,,,,,,
X-n129-k18,128,cargo,ortools:quantile_p75_or_tools,quantile_p75_or_tools,ortools,False,False,False,0,,0.0,,0.0,847.2628504505681,1.2069271373939716,pulp_cbc,mean_total_cost,,total_load_exceeds_fleet_capacity,180,60,True,727.1353695075978,729.545141336595,853.7757199603714,854.5229848707611,,,,,,,,,,,
X-n129-k18,128,cold_chain,ortools:quantile_p75_or_tools,quantile_p75_or_tools,ortools,False,False,False,0,,0.0,,0.0,847.2628504505681,1.2069271373939716,pulp_cbc,mean_total_cost,,total_load_exceeds_fleet_capacity,180,60,True,727.1353695075978,729.545141336595,853.7757199603714,854.5229848707611,,,,,,,,,,,
X-n129-k18,128,atm,ortools:quantile_p90_or_tools,quantile_p90_or_tools,ortools,False,False,False,0,,0.0,,0.0,1027.552162617866,1.4637495193986696,pulp_cbc,mean_total_cost,,total_load_exceeds_fleet_capacity,180,60,True,727.1353695075978,729.545141336595,853.7757199603714,854.5229848707611,,,,,,,,,,,
X-n129-k18,128,grocery,ortools:quantile_p90_or_tools,quantile_p90_or_tools,ortools,False,False,False,0,,0.0,,0.0,1027.552162617866,1.4637495193986696,pulp_cbc,mean_total_cost,,total_load_exceeds_fleet_capacity,180,60,True,727.1353695075978,729.545141336595,853.7757199603714,854.5229848707611,,,,,,,,,,,
X-n129-k18,128,cargo,ortools:quantile_p90_or_tools,quantile_p90_or_tools,ortools,False,False,False,0,,0.0,,0.0,1027.552162617866,1.4637495193986696,pulp_cbc,mean_total_cost,,total_load_exceeds_fleet_capacity,180,60,True,727.1353695075978,729.545141336595,853.7757199603714,854.5229848707611,,,,,,,,,,,
X-n129-k18,128,cold_chain,ortools:quantile_p90_or_tools,quantile_p90_or_tools,ortools,False,False,False,0,,0.0,,0.0,1027.552162617866,1.4637495193986696,pulp_cbc,mean_total_cost,,total_load_exceeds_fleet_capacity,180,60,True,727.1353695075978,729.545141336595,853.7757199603714,854.5229848707611,,,,,,,,,,,
X-n129-k18,128,atm,ortools:robust_mean_1std_or_tools,robust_mean_1std_or_tools,ortools,False,False,False,0,,0.0,,0.0,961.2137208592039,1.3692503146142505,pulp_cbc,mean_total_cost,,total_load_exceeds_fleet_capacity,180,60,True,727.1353695075978,729.545141336595,853.7757199603714,854.5229848707611,,,,,,,,,,,
X-n129-k18,128,grocery,ortools:robust_mean_1std_or_tools,robust_mean_1std_or_tools,ortools,False,False,False,0,,0.0,,0.0,961.2137208592039,1.3692503146142505,pulp_cbc,mean_total_cost,,total_load_exceeds_fleet_capacity,180,60,True,727.1353695075978,729.545141336595,853.7757199603714,854.5229848707611,,,,,,,,,,,
X-n129-k18,128,cargo,ortools:robust_mean_1std_or_tools,robust_mean_1std_or_tools,ortools,False,False,False,0,,0.0,,0.0,961.2137208592039,1.3692503146142505,pulp_cbc,mean_total_cost,,total_load_exceeds_fleet_capacity,180,60,True,727.1353695075978,729.545141336595,853.7757199603714,854.5229848707611,,,,,,,,,,,
X-n129-k18,128,cold_chain,ortools:robust_mean_1std_or_tools,robust_mean_1std_or_tools,ortools,False,False,False,0,,0.0,,0.0,961.2137208592039,1.3692503146142505,pulp_cbc,mean_total_cost,,total_load_exceeds_fleet_capacity,180,60,True,727.1353695075978,729.545141336595,853.7757199603714,854.5229848707611,,,,,,,,,,,
X-n129-k18,128,atm,ortools:robust_mean_2std_or_tools,robust_mean_2std_or_tools,ortools,False,False,False,0,,0.0,,0.0,1195.29207221081,1.7026952595595584,pulp_cbc,mean_total_cost,,total_load_exceeds_fleet_capacity,180,60,True,727.1353695075978,729.545141336595,853.7757199603714,854.5229848707611,,,,,,,,,,,
X-n129-k18,128,grocery,ortools:robust_mean_2std_or_tools,robust_mean_2std_or_tools,ortools,False,False,False,0,,0.0,,0.0,1195.29207221081,1.7026952595595584,pulp_cbc,mean_total_cost,,total_load_exceeds_fleet_capacity,180,60,True,727.1353695075978,729.545141336595,853.7757199603714,854.5229848707611,,,,,,,,,,,
X-n129-k18,128,cargo,ortools:robust_mean_2std_or_tools,robust_mean_2std_or_tools,ortools,False,False,False,0,,0.0,,0.0,1195.29207221081,1.7026952595595584,pulp_cbc,mean_total_cost,,total_load_exceeds_fleet_capacity,180,60,True,727.1353695075978,729.545141336595,853.7757199603714,854.5229848707611,,,,,,,,,,,
X-n129-k18,128,cold_chain,ortools:robust_mean_2std_or_tools,robust_mean_2std_or_tools,ortools,False,False,False,0,,0.0,,0.0,1195.29207221081,1.7026952595595584,pulp_cbc,mean_total_cost,,total_load_exceeds_fleet_capacity,180,60,True,727.1353695075978,729.545141336595,853.7757199603714,854.5229848707611,,,,,,,,,,,
X-n129-k18,128,atm,ortools:proxy_mean_scaled_or_tools,proxy_mean_scaled_or_tools,ortools,True,True,True,18,31770.0,5.004741191864014,0.6408724784851074,5.645613670349121,698.49,0.995,pulp_cbc,mean_total_cost,32081.36698047298,,180,60,True,727.1353695075978,729.545141336595,853.7757199603714,854.5229848707611,593.54601921959,701.9999998400001,32081.36698047298,32308.202274344436,32581.814615596813,79.102203824049,141.48084720743623,0.42609375,94.18913453584972,311.3669804729741,0.0
X-n129-k18,128,grocery,ortools:proxy_mean_scaled_or_tools,proxy_mean_scaled_or_tools,ortools,True,True,True,18,31770.0,5.004741191864014,0.6831367015838623,5.687877893447876,698.49,0.995,pulp_cbc,mean_total_cost,31970.652227582174,,180,60,True,727.1353695075978,729.545141336595,853.7757199603714,854.5229848707611,282.5462478662524,701.99999855,31970.652227582174,32074.983687984317,32221.383953180524,79.02603716460148,141.36029281416188,0.42640625,94.1129665864022,200.65222758217712,0.0
X-n129-k18,128,cargo,ortools:proxy_mean_scaled_or_tools,proxy_mean_scaled_or_tools,ortools,True,True,True,18,31770.0,5.004741191864014,0.7630267143249512,5.767767906188965,698.49,0.995,pulp_cbc,mean_total_cost,32004.004541872804,,180,60,True,727.1353695075978,729.545141336595,853.7757199603714,854.5229848707611,539.2429965436665,701.99999807,32004.004541872804,32179.38254751109,32383.678570666212,79.4471788345399,141.67966499928446,0.419296875,94.53410777634062,234.00454187280513,0.0
X-n129-k18,128,cold_chain,ortools:proxy_mean_scaled_or_tools,proxy_mean_scaled_or_tools,ortools,True,True,True,18,31770.0,5.004741191864014,0.6404168605804443,5.645158052444458,698.49,0.995,pulp_cbc,mean_total_cost,32193.037547014483,,180,60,True,727.1353695075978,729.545141336595,853.7757199603714,854.5229848707611,646.357395380794,701.10842067,32193.037547014483,32320.308577999356,32514.370748366055,79.36840222926101,141.68697095839033,0.41734375,93.56375377106173,293.7288360499345,129.30871096454354
X-n129-k18,128,atm,ortools:quantile_p75_scaled_or_tools,quantile_p75_scaled_or_tools,ortools,True,True,True,18,31451.0,4.998423099517822,0.7005598545074463,5.6989829540252686,698.49,0.995,pulp_cbc,mean_total_cost,31756.31175293718,,180,60,True,727.1353695075978,729.545141336595,853.7757199603714,854.5229848707611,586.0652584360392,702.00000065,31756.31175293718,31972.376446574577,32256.95974851316,77.62412126461571,137.27131097442305,0.41609375,92.71105278641645,305.31175293717877,0.0
X-n129-k18,128,grocery,ortools:quantile_p75_scaled_or_tools,quantile_p75_scaled_or_tools,ortools,True,True,True,18,31451.0,4.998423099517822,0.5524065494537354,5.550829648971558,698.49,0.995,pulp_cbc,mean_total_cost,31648.46402425078,,180,60,True,727.1353695075978,729.545141336595,853.7757199603714,854.5229848707611,278.72961603012214,702.00000032,31648.46402425078,31749.887582305997,31899.23334461955,77.58351106929699,136.98325676525815,0.416328125,92.67044226109772,197.46402425078645,0.0
X-n129-k18,128,cargo,ortools:quantile_p75_scaled_or_tools,quantile_p75_scaled_or_tools,ortools,True,True,True,18,31451.0,4.998423099517822,0.6938540935516357,5.692277193069458,698.49,0.995,pulp_cbc,mean_total_cost,31679.288236659006,,180,60,True,727.1353695075978,729.545141336595,853.7757199603714,854.5229848707611,531.3337436142677,701.99999797,31679.288236659006,31845.852230639426,32058.412194992823,77.85670837368673,137.2519547761988,0.410703125,92.94363721548746,228.28823665900782,0.0
X-n129-k18,128,cold_chain,ortools:quantile_p75_scaled_or_tools,quantile_p75_scaled_or_tools,ortools,True,True,True,18,31451.0,4.998423099517822,0.7079203128814697,5.706343412399292,698.49,0.995,pulp_cbc,mean_total_cost,31871.153720409173,,180,60,True,727.1353695075978,729.545141336595,853.7757199603714,854.5229848707611,641.6166340179011,702.00000011,31871.153720409173,31998.818851257078,32191.73406151878,77.89414563121554,136.34118029052956,0.4065625,92.98107661301628,289.5100141952425,130.64370621393164
X-n129-k18,128,atm,ortools:quantile_p90_scaled_or_tools,quantile_p90_scaled_or_tools,ortools,True,True,True,18,33039.0,4.997389316558838,0.5854933261871338,5.582882642745972,698.49,0.995,pulp_cbc,mean_total_cost,33339.950825917294,,180,60,True,727.1353695075978,729.545141336595,853.7757199603714,854.5229848707611,581.1237946319575,702.00000122,33339.950825917294,33558.638912190705,33835.53291273677,76.71088272975126,136.99989619031916,0.41859375,91.797814821552,300.95082591729425,0.0
X-n129-k18,128,grocery,ortools:quantile_p90_scaled_or_tools,quantile_p90_scaled_or_tools,ortools,True,True,True,18,33039.0,4.997389316558838,0.6145493984222412,5.611938714981079,698.49,0.995,pulp_cbc,mean_total_cost,33234.41473325468,,180,60,True,727.1353695075978,729.545141336595,853.7757199603714,854.5229848707611,276.15273730752523,702.00000189,33234.41473325468,33346.10391069986,33481.76396399256,76.69361304967691,137.19617377624704,0.416953125,91.78054581147767,195.4147332546764,0.0
X-n129-k18,128,cargo,ortools:quantile_p90_scaled_or_tools,quantile_p90_scaled_or_tools,ortools,True,True,True,18,33039.0,4.997389316558838,0.7208764553070068,5.718265771865845,698.49,0.995,pulp_cbc,mean_total_cost,33262.48416944449,,180,60,True,727.1353695075978,729.545141336595,853.7757199603714,854.5229848707611,524.4533381366634,702.0000007,33262.48416944449,33430.330181940706,33635.61255920569,77.01660542014778,137.26206345552632,0.4059375,92.10353699194849,223.48416944449392,0.0
X-n129-k18,128,cold_chain,ortools:quantile_p90_scaled_or_tools,quantile_p90_scaled_or_tools,ortools,True,True,True,18,33039.0,4.997389316558838,0.8116281032562256,5.8090174198150635,698.49,0.995,pulp_cbc,mean_total_cost,33462.025401774605,,180,60,True,727.1353695075978,729.545141336595,853.7757199603714,854.5229848707611,644.5805301959722,701.99999912,33462.025401774605,33607.431064414224,33777.90455304869,76.78154579702402,137.34176794649088,0.409140625,91.86847578882474,286.09945368028303,136.92594809431446
X-n129-k18,128,atm,ortools:robust_mean_1std_scaled_or_tools,robust_mean_1std_scaled_or_tools,ortools,True,True,True,18,32958.0,4.997937202453613,0.6251254081726074,5.623062610626221,698.4899999999999,0.9949999999999999,pulp_cbc,mean_total_cost,33258.5547439465,,180,60,True,727.1353695075978,729.545141336595,853.7757199603714,854.5229848707611,581.2252682651683,702.0000019500001,33258.5547439465,33482.14925035779,33753.119132039326,76.6455173993965,138.1507886505883,0.421015625,91.73245022119721,300.5547439465024,0.0
X-n129-k18,128,grocery,ortools:robust_mean_1std_scaled_or_tools,robust_mean_1std_scaled_or_tools,ortools,True,True,True,18,32958.0,4.997937202453613,0.5777280330657959,5.575665235519409,698.4899999999999,0.9949999999999999,pulp_cbc,mean_total_cost,33152.972242108444,,180,60,True,727.1353695075978,729.545141336595,853.7757199603714,854.5229848707611,276.08463837553353,702.0000019700001,33152.972242108444,33266.773337313156,33400.19921178743,76.60353165889556,138.1696617127478,0.4209375,91.69046450069631,194.97224210844854,0.0
X-n129-k18,128,cargo,ortools:robust_mean_1std_scaled_or_tools,robust_mean_1std_scaled_or_tools,ortools,True,True,True,18,32958.0,4.997937202453613,0.7781686782836914,5.776105880737305,698.4899999999999,0.9949999999999999,pulp_cbc,mean_total_cost,33181.739217017996,,180,60,True,727.1353695075978,729.545141336595,853.7757199603714,854.5229848707611,525.3126239252831,702.00000069,33181.739217017996,33354.057943276806,33554.32229760657,77.00757963184215,138.89100995593805,0.40953125,92.09451119364289,223.73921701799478,0.0
X-n129-k18,128,cold_chain,ortools:robust_mean_1std_scaled_or_tools,robust_mean_1std_scaled_or_tools,ortools,True,True,True,18,32958.0,4.997937202453613,0.7558708190917969,5.75380802154541,698.4899999999999,0.9949999999999999,pulp_cbc,mean_total_cost,33376.6748161842,,180,60,True,727.1353695075978,729.545141336595,853.7757199603714,854.5229848707611,640.6620412276413,702.00000257,33376.6748161842,33528.636798183994,33692.03591428131,76.81800182784076,137.3108722484563,0.413671875,91.90493526964148,285.65297904007764,133.02183714411206
X-n129-k18,128,atm,ortools:robust_mean_2std_scaled_or_tools,robust_mean_2std_scaled_or_tools,ortools,True,True,True,18,33757.0,4.997440338134766,0.6312220096588135,5.628662347793579,698.4900000000001,0.9950000000000002,pulp_cbc,mean_total_cost,34057.34145103101,,180,60,True,727.1353695075978,729.545141336595,853.7757199603714,854.5229848707611,581.5905891576475,702.0000017899999,34057.34145103101,34280.29955539244,34552.55049725283,76.61181085885876,137.96332178663133,0.42203125,91.69874352065948,300.3414510310033,0.0
X-n129-k18,128,grocery,ortools:robust_mean_2std_scaled_or_tools,robust_mean_2std_scaled_or_tools,ortools,True,True,True,18,33757.0,4.997440338134766,0.5916116237640381,5.589051961898804,698.4900000000001,0.9950000000000002,pulp_cbc,mean_total_cost,33951.79288578024,,180,60,True,727.1353695075978,729.545141336595,853.7757199603714,854.5229848707611,276.31810479981743,702.0000008899999,33951.79288578024,34066.92069960439,34199.109770626994,76.47823651291567,138.35126913418802,0.42,91.5651682747164,194.79288578024887,0.0
X-n129-k18,128,cargo,ortools:robust_mean_2std_scaled_or_tools,robust_mean_2std_scaled_or_tools,ortools,True,True,True,18,33757.0,4.997440338134766,0.6740412712097168,5.671481609344482,698.4900000000001,0.9950000000000002,pulp_cbc,mean_total_cost,33979.98350203426,,180,60,True,727.1353695075978,729.545141336595,853.7757199603714,854.5229848707611,524.8954195619019,702.0000006600001,33979.98350203426,34149.544794864174,34352.65168309516,76.89964500257497,137.85645780121087,0.40765625,91.98657653437571,222.98350203425395,0.0
X-n129-k18,128,cold_chain,ortools:robust_mean_2std_scaled_or_tools,robust_mean_2std_scaled_or_tools,ortools,True,True,True,18,33757.0,4.997440338134766,0.6424746513366699,5.6399149894714355,698.4900000000001,0.9950000000000002,pulp_cbc,mean_total_cost,34178.899058608404,,180,60,True,727.1353695075978,729.545141336595,853.7757199603714,854.5229848707611,644.6507216973544,701.99999996,34178.899058608404,34328.89732608928,34495.031256511065,76.69843133317022,137.96412383165193,0.414453125,91.78536216497098,285.44482128270255,136.4542373257081
X-n134-k13,133,atm,ortools:nominal_or_tools,nominal_or_tools,ortools,True,True,True,13,13345.0,5.001290559768677,0.5896894931793213,5.590980052947998,8220.0,0.9833712166527097,pulp_cbc,mean_total_cost,17142.03329203635,,180,60,True,9183.395205809104,9198.564456324053,11030.147738079117,11050.704860248838,8182.758718488845,8359.000004099998,17142.03329203635,19554.89584994804,23189.386030558326,994.3474221389251,1687.684711698791,0.4618796992481203,932.4230451074056,3797.033292036345,0.0
X-n134-k13,133,grocery,ortools:nominal_or_tools,nominal_or_tools,ortools,True,True,True,13,13345.0,5.001290559768677,0.5700087547302246,5.571299314498901,8220.0,0.9833712166527097,pulp_cbc,mean_total_cost,15713.694692679994,,180,60,True,9183.395205809104,9198.564456324053,11030.147738079117,11050.704860248838,3794.671416565535,8358.9999971,15713.694692679994,16871.261124253295,18768.380921751148,993.9633297499514,1691.3499844395621,0.4583458646616541,932.0389457184315,2368.694692679994,0.0
X-n134-k13,133,cargo,ortools:nominal_or_tools,nominal_or_tools,ortools,True,True,True,13,13345.0,5.001290559768677,0.5704238414764404,5.571714401245117,8220.0,0.9833712166527097,pulp_cbc,mean_total_cost,16133.880645325391,,180,60,True,9183.395205809104,9198.564456324053,11030.147738079117,11050.704860248838,7248.887995650904,8358.9999894,16133.880645325391,17953.906594645265,20628.714215272303,995.2737669849158,1684.4013702805944,0.45526315789473687,933.3493752533963,2788.8806453253906,0.0
X-n134-k13,133,cold_chain,ortools:nominal_or_tools,nominal_or_tools,ortools,True,True,True,13,13345.0,5.001290559768677,0.5933163166046143,5.594606876373291,8220.0,0.9833712166527097,pulp_cbc,mean_total_cost,18203.338145199945,,180,60,True,9183.395205809104,9198.564456324053,11030.147738079117,11050.704860248838,8254.31167412079,8358.9999962,18203.338145199945,19711.02829239527,22119.48431690842,992.5806311838808,1702.6900460518189,0.45706766917293234,930.6562462523611,3406.0823207562166,1452.2558244437244
X-n134-k13,133,atm,ortools:proxy_mean_or_tools,proxy_mean_or_tools,ortools,False,False,False,0,,0.0,,0.0,9183.395205809102,1.0986236638125495,pulp_cbc,mean_total_cost,,total_load_exceeds_fleet_capacity,180,60,True,9183.395205809104,9198.564456324053,11030.147738079117,11050.704860248838,,,,,,,,,,,
X-n134-k13,133,grocery,ortools:proxy_mean_or_tools,proxy_mean_or_tools,ortools,False,False,False,0,,0.0,,0.0,9183.395205809102,1.0986236638125495,pulp_cbc,mean_total_cost,,total_load_exceeds_fleet_capacity,180,60,True,9183.395205809104,9198.564456324053,11030.147738079117,11050.704860248838,,,,,,,,,,,
X-n134-k13,133,cargo,ortools:proxy_mean_or_tools,proxy_mean_or_tools,ortools,False,False,False,0,,0.0,,0.0,9183.395205809102,1.0986236638125495,pulp_cbc,mean_total_cost,,total_load_exceeds_fleet_capacity,180,60,True,9183.395205809104,9198.564456324053,11030.147738079117,11050.704860248838,,,,,,,,,,,
X-n134-k13,133,cold_chain,ortools:proxy_mean_or_tools,proxy_mean_or_tools,ortools,False,False,False,0,,0.0,,0.0,9183.395205809102,1.0986236638125495,pulp_cbc,mean_total_cost,,total_load_exceeds_fleet_capacity,180,60,True,9183.395205809104,9198.564456324053,11030.147738079117,11050.704860248838,,,,,,,,,,,
X-n134-k13,133,atm,ortools:quantile_p75_or_tools,quantile_p75_or_tools,ortools,False,False,False,0,,0.0,,0.0,10692.803823490274,1.2791965334956663,pulp_cbc,mean_total_cost,,total_load_exceeds_fleet_capacity,180,60,True,9183.395205809104,9198.564456324053,11030.147738079117,11050.704860248838,,,,,,,,,,,
X-n134-k13,133,grocery,ortools:quantile_p75_or_tools,quantile_p75_or_tools,ortools,False,False,False,0,,0.0,,0.0,10692.803823490274,1.2791965334956663,pulp_cbc,mean_total_cost,,total_load_exceeds_fleet_capacity,180,60,True,9183.395205809104,9198.564456324053,11030.147738079117,11050.704860248838,,,,,,,,,,,
X-n134-k13,133,cargo,ortools:quantile_p75_or_tools,quantile_p75_or_tools,ortools,False,False,False,0,,0.0,,0.0,10692.803823490274,1.2791965334956663,pulp_cbc,mean_total_cost,,total_load_exceeds_fleet_capacity,180,60,True,9183.395205809104,9198.564456324053,11030.147738079117,11050.704860248838,,,,,,,,,,,
X-n134-k13,133,cold_chain,ortools:quantile_p75_or_tools,quantile_p75_or_tools,ortools,False,False,False,0,,0.0,,0.0,10692.803823490274,1.2791965334956663,pulp_cbc,mean_total_cost,,total_load_exceeds_fleet_capacity,180,60,True,9183.395205809104,9198.564456324053,11030.147738079117,11050.704860248838,,,,,,,,,,,
X-n134-k13,133,atm,ortools:quantile_p90_or_tools,quantile_p90_or_tools,ortools,False,False,False,0,,0.0,,0.0,12818.158650380858,1.5334559935854597,pulp_cbc,mean_total_cost,,total_load_exceeds_fleet_capacity,180,60,True,9183.395205809104,9198.564456324053,11030.147738079117,11050.704860248838,,,,,,,,,,,
X-n134-k13,133,grocery,ortools:quantile_p90_or_tools,quantile_p90_or_tools,ortools,False,False,False,0,,0.0,,0.0,12818.158650380858,1.5334559935854597,pulp_cbc,mean_total_cost,,total_load_exceeds_fleet_capacity,180,60,True,9183.395205809104,9198.564456324053,11030.147738079117,11050.704860248838,,,,,,,,,,,
X-n134-k13,133,cargo,ortools:quantile_p90_or_tools,quantile_p90_or_tools,ortools,False,False,False,0,,0.0,,0.0,12818.158650380858,1.5334559935854597,pulp_cbc,mean_total_cost,,total_load_exceeds_fleet_capacity,180,60,True,9183.395205809104,9198.564456324053,11030.147738079117,11050.704860248838,,,,,,,,,,,
X-n134-k13,133,cold_chain,ortools:quantile_p90_or_tools,quantile_p90_or_tools,ortools,False,False,False,0,,0.0,,0.0,12818.158650380858,1.5334559935854597,pulp_cbc,mean_total_cost,,total_load_exceeds_fleet_capacity,180,60,True,9183.395205809104,9198.564456324053,11030.147738079117,11050.704860248838,,,,,,,,,,,
X-n134-k13,133,atm,ortools:robust_mean_1std_or_tools,robust_mean_1std_or_tools,ortools,False,False,False,0,,0.0,,0.0,12024.031652292218,1.4384533619203514,pulp_cbc,mean_total_cost,,total_load_exceeds_fleet_capacity,180,60,True,9183.395205809104,9198.564456324053,11030.147738079117,11050.704860248838,,,,,,,,,,,
X-n134-k13,133,grocery,ortools:robust_mean_1std_or_tools,robust_mean_1std_or_tools,ortools,False,False,False,0,,0.0,,0.0,12024.031652292218,1.4384533619203514,pulp_cbc,mean_total_cost,,total_load_exceeds_fleet_capacity,180,60,True,9183.395205809104,9198.564456324053,11030.147738079117,11050.704860248838,,,,,,,,,,,
X-n134-k13,133,cargo,ortools:robust_mean_1std_or_tools,robust_mean_1std_or_tools,ortools,False,False,False,0,,0.0,,0.0,12024.031652292218,1.4384533619203514,pulp_cbc,mean_total_cost,,total_load_exceeds_fleet_capacity,180,60,True,9183.395205809104,9198.564456324053,11030.147738079117,11050.704860248838,,,,,,,,,,,
X-n134-k13,133,cold_chain,ortools:robust_mean_1std_or_tools,robust_mean_1std_or_tools,ortools,False,False,False,0,,0.0,,0.0,12024.031652292218,1.4384533619203514,pulp_cbc,mean_total_cost,,total_load_exceeds_fleet_capacity,180,60,True,9183.395205809104,9198.564456324053,11030.147738079117,11050.704860248838,,,,,,,,,,,
X-n134-k13,133,atm,ortools:robust_mean_2std_or_tools,robust_mean_2std_or_tools,ortools,False,False,False,0,,0.0,,0.0,14864.668098775339,1.778283060028154,pulp_cbc,mean_total_cost,,total_load_exceeds_fleet_capacity,180,60,True,9183.395205809104,9198.564456324053,11030.147738079117,11050.704860248838,,,,,,,,,,,
X-n134-k13,133,grocery,ortools:robust_mean_2std_or_tools,robust_mean_2std_or_tools,ortools,False,False,False,0,,0.0,,0.0,14864.668098775339,1.778283060028154,pulp_cbc,mean_total_cost,,total_load_exceeds_fleet_capacity,180,60,True,9183.395205809104,9198.564456324053,11030.147738079117,11050.704860248838,,,,,,,,,,,
X-n134-k13,133,cargo,ortools:robust_mean_2std_or_tools,robust_mean_2std_or_tools,ortools,False,False,False,0,,0.0,,0.0,14864.668098775339,1.778283060028154,pulp_cbc,mean_total_cost,,total_load_exceeds_fleet_capacity,180,60,True,9183.395205809104,9198.564456324053,11030.147738079117,11050.704860248838,,,,,,,,,,,
X-n134-k13,133,cold_chain,ortools:robust_mean_2std_or_tools,robust_mean_2std_or_tools,ortools,False,False,False,0,,0.0,,0.0,14864.668098775339,1.778283060028154,pulp_cbc,mean_total_cost,,total_load_exceeds_fleet_capacity,180,60,True,9183.395205809104,9198.564456324053,11030.147738079117,11050.704860248838,,,,,,,,,,,
X-n134-k13,133,atm,ortools:proxy_mean_scaled_or_tools,proxy_mean_scaled_or_tools,ortools,False,False,False,0,,4.999884605407715,,4.999884605407715,8317.205,0.995,pulp_cbc,mean_total_cost,,ortools_no_solution,180,60,True,9183.395205809104,9198.564456324053,11030.147738079117,11050.704860248838,,,,,,,,,,,
X-n134-k13,133,grocery,ortools:proxy_mean_scaled_or_tools,proxy_mean_scaled_or_tools,ortools,False,False,False,0,,4.999884605407715,,4.999884605407715,8317.205,0.995,pulp_cbc,mean_total_cost,,ortools_no_solution,180,60,True,9183.395205809104,9198.564456324053,11030.147738079117,11050.704860248838,,,,,,,,,,,
X-n134-k13,133,cargo,ortools:proxy_mean_scaled_or_tools,proxy_mean_scaled_or_tools,ortools,False,False,False,0,,4.999884605407715,,4.999884605407715,8317.205,0.995,pulp_cbc,mean_total_cost,,ortools_no_solution,180,60,True,9183.395205809104,9198.564456324053,11030.147738079117,11050.704860248838,,,,,,,,,,,
X-n134-k13,133,cold_chain,ortools:proxy_mean_scaled_or_tools,proxy_mean_scaled_or_tools,ortools,False,False,False,0,,4.999884605407715,,4.999884605407715,8317.205,0.995,pulp_cbc,mean_total_cost,,ortools_no_solution,180,60,True,9183.395205809104,9198.564456324053,11030.147738079117,11050.704860248838,,,,,,,,,,,
X-n134-k13,133,atm,ortools:quantile_p75_scaled_or_tools,quantile_p75_scaled_or_tools,ortools,True,True,True,13,14712.0,5.000061511993408,0.5567419528961182,5.556803464889526,8317.205,0.995,pulp_cbc,mean_total_cost,18505.665122454157,,180,60,True,9183.395205809104,9198.564456324053,11030.147738079117,11050.704860248838,8177.728090979433,8358.999999,18505.665122454157,20951.220045592272,24540.70108426772,994.7356972916299,1697.4112059048407,0.4604511278195489,932.81131516011,3793.665122454151,0.0
X-n134-k13,133,grocery,ortools:quantile_p75_scaled_or_tools,quantile_p75_scaled_or_tools,ortools,True,True,True,13,14712.0,5.000061511993408,0.5933105945587158,5.593372106552124,8317.205,0.995,pulp_cbc,mean_total_cost,17081.69931037669,,180,60,True,9183.395205809104,9198.564456324053,11030.147738079117,11050.704860248838,3794.3620260557386,8358.9999989,17081.69931037669,18263.866147111665,20127.351918500444,994.4115037533832,1699.8944772193322,0.46112781954887216,932.4871215218636,2369.699310376694,0.0
X-n134-k13,133,cargo,ortools:quantile_p75_scaled_or_tools,quantile_p75_scaled_or_tools,ortools,True,True,True,13,14712.0,5.000061511993408,0.5633425712585449,5.563404083251953,8317.205,0.995,pulp_cbc,mean_total_cost,17495.39892507341,,180,60,True,9183.395205809104,9198.564456324053,11030.147738079117,11050.704860248838,7209.857136983138,8358.9999824,17495.39892507341,19305.65043540815,21958.70511732084,1004.0330591601768,1697.78731242286,0.4484962406015038,942.1086604286573,2783.398925073407,0.0
X-n134-k13,133,cold_chain,ortools:quantile_p75_scaled_or_tools,quantile_p75_scaled_or_tools,ortools,True,True,True,13,14712.0,5.000061511993408,0.5752134323120117,5.57527494430542,8317.205,0.995,pulp_cbc,mean_total_cost,19605.10594783722,,180,60,True,9183.395205809104,9198.564456324053,11030.147738079117,11050.704860248838,8278.369856817091,8359.0000057,19605.10594783722,21052.908612960247,23514.16938372134,995.3957709244563,1687.0446049488535,0.4543609022556391,933.4713954929367,3414.5400289340123,1478.5659189032046
X-n134-k13,133,atm,ortools:quantile_p90_scaled_or_tools,quantile_p90_scaled_or_tools,ortools,True,True,True,13,14999.0,5.000625848770142,0.5683562755584717,5.568982124328613,8317.205000000002,0.9950000000000002,pulp_cbc,mean_total_cost,18808.605260182383,,180,60,True,9183.395205809104,9198.564456324053,11030.147738079117,11050.704860248838,8183.963191600631,8359.0000042,18808.605260182383,21253.383570808855,24852.46555695686,1000.3267359762086,1703.6887117884305,0.46360902255639097,938.4023590446891,3809.6052601823803,0.0
X-n134-k13,133,grocery,ortools:quantile_p90_scaled_or_tools,quantile_p90_scaled_or_tools,ortools,True,True,True,13,14999.0,5.000625848770142,0.5602109432220459,5.5608367919921875,8317.205000000002,0.9950000000000002,pulp_cbc,mean_total_cost,17378.492851987623,,180,60,True,9183.395205809104,9198.564456324053,11030.147738079117,11050.704860248838,3799.619627263597,8359.0000022,17378.492851987623,18537.6020071844,20432.78039509336,999.3754172501056,1703.3905617884304,0.4633082706766917,937.4510383185859,2379.4928519876225,0.0
X-n134-k13,133,cargo,ortools:quantile_p90_scaled_or_tools,quantile_p90_scaled_or_tools,ortools,True,True,True,13,14999.0,5.000625848770142,0.5862293243408203,5.586855173110962,8317.205000000002,0.9950000000000002,pulp_cbc,mean_total_cost,17794.345251643143,,180,60,True,9183.395205809104,9198.564456324053,11030.147738079117,11050.704860248838,7217.845316210575,8358.999996899998,17794.345251643143,19624.817286612386,22262.046748051733,1006.5126650874222,1696.3801070117454,0.45105263157894737,944.5882808559027,2795.3452516431425,0.0
X-n134-k13,133,cold_chain,ortools:quantile_p90_scaled_or_tools,quantile_p90_scaled_or_tools,ortools,True,True,True,13,14999.0,5.000625848770142,0.5829956531524658,5.583621501922607,8317.205000000002,0.9950000000000002,pulp_cbc,mean_total_cost,19869.082405845493,,180,60,True,9183.395205809104,9198.564456324053,11030.147738079117,11050.704860248838,8259.569149353621,8358.999995000002,19869.082405845493,21310.46177022495,23781.464286716837,997.5839676100444,1704.9110620022925,0.458796992481203,935.6595814785246,3418.5438021748178,1451.5386036706773
X-n134-k13,133,atm,ortools:robust_mean_1std_scaled_or_tools,robust_mean_1std_scaled_or_tools,ortools,True,True,True,13,13638.0,5.001005411148071,0.561255693435669,5.56226110458374,8317.205000000002,0.9950000000000002,pulp_cbc,mean_total_cost,17438.5149807626,,180,60,True,9183.395205809104,9198.564456324053,11030.147738079117,11050.704860248838,8178.750309599805,8359.000000200002,17438.5149807626,19849.21633384792,23487.28208713266,996.9671952470496,1691.3148462097943,0.4618045112781955,935.0428143155299,3800.5149807626008,0.0
X-n134-k13,133,grocery,ortools:robust_mean_1std_scaled_or_tools,robust_mean_1std_scaled_or_tools,ortools,True,True,True,13,13638.0,5.001005411148071,0.5694718360900879,5.570477247238159,8317.205000000002,0.9950000000000002,pulp_cbc,mean_total_cost,16008.5791067894,,180,60,True,9183.395205809104,9198.564456324053,11030.147738079117,11050.704860248838,3794.781003035125,8359.000000400001,16008.5791067894,17172.888886805053,19065.0898459123,995.1577051166819,1692.7544592581748,0.46157894736842103,933.2333243851625,2370.5791067894006,0.0
X-n134-k13,133,cargo,ortools:robust_mean_1std_scaled_or_tools,robust_mean_1std_scaled_or_tools,ortools,True,True,True,13,13638.0,5.001005411148071,0.5760297775268555,5.577035188674927,8317.205000000002,0.9950000000000002,pulp_cbc,mean_total_cost,16423.65412149719,,180,60,True,9183.395205809104,9198.564456324053,11030.147738079117,11050.704860248838,7211.893997417928,8359.000001299999,16423.65412149719,18220.052324356573,20890.931259907047,1004.7596897290973,1684.7464303363013,0.45097744360902253,942.8353098975776,2785.6541214971903,0.0
X-n134-k13,133,cold_chain,ortools:robust_mean_1std_scaled_or_tools,robust_mean_1std_scaled_or_tools,ortools,True,True,True,13,13638.0,5.001005411148071,0.5513701438903809,5.552375555038452,8317.205000000002,0.9950000000000002,pulp_cbc,mean_total_cost,18484.16246607907,,180,60,True,9183.395205809104,9198.564456324053,11030.147738079117,11050.704860248838,8229.995069892617,8358.999995499998,18484.16246607907,19900.980582217067,22401.174021147195,997.634434805129,1689.1974300918966,0.46037593984962405,935.7100491736093,3415.6518697294487,1430.5105963496214
X-n134-k13,133,atm,ortools:robust_mean_2std_scaled_or_tools,robust_mean_2std_scaled_or_tools,ortools,False,False,False,0,,5.0005621910095215,,5.0005621910095215,8317.205000000002,0.9950000000000002,pulp_cbc,mean_total_cost,,ortools_no_solution,180,60,True,9183.395205809104,9198.564456324053,11030.147738079117,11050.704860248838,,,,,,,,,,,
X-n134-k13,133,grocery,ortools:robust_mean_2std_scaled_or_tools,robust_mean_2std_scaled_or_tools,ortools,False,False,False,0,,5.0005621910095215,,5.0005621910095215,8317.205000000002,0.9950000000000002,pulp_cbc,mean_total_cost,,ortools_no_solution,180,60,True,9183.395205809104,9198.564456324053,11030.147738079117,11050.704860248838,,,,,,,,,,,
X-n134-k13,133,cargo,ortools:robust_mean_2std_scaled_or_tools,robust_mean_2std_scaled_or_tools,ortools,False,False,False,0,,5.0005621910095215,,5.0005621910095215,8317.205000000002,0.9950000000000002,pulp_cbc,mean_total_cost,,ortools_no_solution,180,60,True,9183.395205809104,9198.564456324053,11030.147738079117,11050.704860248838,,,,,,,,,,,
X-n134-k13,133,cold_chain,ortools:robust_mean_2std_scaled_or_tools,robust_mean_2std_scaled_or_tools,ortools,False,False,False,0,,5.0005621910095215,,5.0005621910095215,8317.205000000002,0.9950000000000002,pulp_cbc,mean_total_cost,,ortools_no_solution,180,60,True,9183.395205809104,9198.564456324053,11030.147738079117,11050.704860248838,,,,,,,,,,,
X-n139-k10,138,atm,ortools:nominal_or_tools,nominal_or_tools,ortools,True,True,True,10,14826.0,5.0046446323394775,0.7796299457550049,5.784274578094482,1039.0,0.980188679245283,pulp_cbc,mean_total_cost,15254.712424182664,,180,60,True,1146.307606641427,1148.216888591183,1334.618975008724,1335.9433230902957,891.7120052975389,1059.9999998,15254.712424182664,15546.773980893136,15906.127550444664,110.99154556308928,192.30319894942173,0.41891304347826086,129.60175923298505,428.7124241826681,0.0
X-n139-k10,138,grocery,ortools:nominal_or_tools,nominal_or_tools,ortools,True,True,True,10,14826.0,5.0046446323394775,0.7540743350982666,5.758718967437744,1039.0,0.980188679245283,pulp_cbc,mean_total_cost,15103.498338373483,,180,60,True,1146.307606641427,1148.216888591183,1334.618975008724,1335.9433230902957,429.19946449789137,1060.0000001,15103.498338373483,15239.11667859741,15425.283295175284,111.13279572437615,192.60854910479824,0.41847826086956524,129.74300969427196,277.49833837348194,0.0
X-n139-k10,138,cargo,ortools:nominal_or_tools,nominal_or_tools,ortools,True,True,True,10,14826.0,5.0046446323394775,0.9582056999206543,5.962850332260132,1039.0,0.980188679245283,pulp_cbc,mean_total_cost,15148.825760118523,,180,60,True,1146.307606641427,1148.216888591183,1334.618975008724,1335.9433230902957,794.6136094851357,1059.9999983000002,15148.825760118523,15373.116953939872,15647.350030235324,112.14847661418291,193.29840657668265,0.421231884057971,130.75868878407874,322.8257601185224,0.0
X-n139-k10,138,cold_chain,ortools:nominal_or_tools,nominal_or_tools,ortools,True,True,True,10,14826.0,5.0046446323394775,0.8400595188140869,5.8447041511535645,1039.0,0.980188679245283,pulp_cbc,mean_total_cost,15424.59716988034,,180,60,True,1146.307606641427,1148.216888591183,1334.618975008724,1335.9433230902957,940.7764380044322,1060.0000006,15424.59716988034,15586.794522692342,15833.456312921893,111.27430625092067,192.08438468720763,0.4131159420289855,129.88452072081645,401.8915189025117,196.705650977827
X-n139-k10,138,atm,ortools:proxy_mean_or_tools,proxy_mean_or_tools,ortools,False,False,False,0,,0.0,,0.0,1146.307606641427,1.0814222704164405,pulp_cbc,mean_total_cost,,total_load_exceeds_fleet_capacity,180,60,True,1146.307606641427,1148.216888591183,1334.618975008724,1335.9433230902957,,,,,,,,,,,
X-n139-k10,138,grocery,ortools:proxy_mean_or_tools,proxy_mean_or_tools,ortools,False,False,False,0,,0.0,,0.0,1146.307606641427,1.0814222704164405,pulp_cbc,mean_total_cost,,total_load_exceeds_fleet_capacity,180,60,True,1146.307606641427,1148.216888591183,1334.618975008724,1335.9433230902957,,,,,,,,,,,
X-n139-k10,138,cargo,ortools:proxy_mean_or_tools,proxy_mean_or_tools,ortools,False,False,False,0,,0.0,,0.0,1146.307606641427,1.0814222704164405,pulp_cbc,mean_total_cost,,total_load_exceeds_fleet_capacity,180,60,True,1146.307606641427,1148.216888591183,1334.618975008724,1335.9433230902957,,,,,,,,,,,
X-n139-k10,138,cold_chain,ortools:proxy_mean_or_tools,proxy_mean_or_tools,ortools,False,False,False,0,,0.0,,0.0,1146.307606641427,1.0814222704164405,pulp_cbc,mean_total_cost,,total_load_exceeds_fleet_capacity,180,60,True,1146.307606641427,1148.216888591183,1334.618975008724,1335.9433230902957,,,,,,,,,,,
X-n139-k10,138,atm,ortools:quantile_p75_or_tools,quantile_p75_or_tools,ortools,False,False,False,0,,0.0,,0.0,1329.4869493703554,1.254232971104109,pulp_cbc,mean_total_cost,,total_load_exceeds_fleet_capacity,180,60,True,1146.307606641427,1148.216888591183,1334.618975008724,1335.9433230902957,,,,,,,,,,,
X-n139-k10,138,grocery,ortools:quantile_p75_or_tools,quantile_p75_or_tools,ortools,False,False,False,0,,0.0,,0.0,1329.4869493703554,1.254232971104109,pulp_cbc,mean_total_cost,,total_load_exceeds_fleet_capacity,180,60,True,1146.307606641427,1148.216888591183,1334.618975008724,1335.9433230902957,,,,,,,,,,,
X-n139-k10,138,cargo,ortools:quantile_p75_or_tools,quantile_p75_or_tools,ortools,False,False,False,0,,0.0,,0.0,1329.4869493703554,1.254232971104109,pulp_cbc,mean_total_cost,,total_load_exceeds_fleet_capacity,180,60,True,1146.307606641427,1148.216888591183,1334.618975008724,1335.9433230902957,,,,,,,,,,,
X-n139-k10,138,cold_chain,ortools:quantile_p75_or_tools,quantile_p75_or_tools,ortools,False,False,False,0,,0.0,,0.0,1329.4869493703554,1.254232971104109,pulp_cbc,mean_total_cost,,total_load_exceeds_fleet_capacity,180,60,True,1146.307606641427,1148.216888591183,1334.618975008724,1335.9433230902957,,,,,,,,,,,
X-n139-k10,138,atm,ortools:quantile_p90_or_tools,quantile_p90_or_tools,ortools,False,False,False,0,,0.0,,0.0,1576.788758173226,1.487536564314364,pulp_cbc,mean_total_cost,,total_load_exceeds_fleet_capacity,180,60,True,1146.307606641427,1148.216888591183,1334.618975008724,1335.9433230902957,,,,,,,,,,,
X-n139-k10,138,grocery,ortools:quantile_p90_or_tools,quantile_p90_or_tools,ortools,False,False,False,0,,0.0,,0.0,1576.788758173226,1.487536564314364,pulp_cbc,mean_total_cost,,total_load_exceeds_fleet_capacity,180,60,True,1146.307606641427,1148.216888591183,1334.618975008724,1335.9433230902957,,,,,,,,,,,
X-n139-k10,138,cargo,ortools:quantile_p90_or_tools,quantile_p90_or_tools,ortools,False,False,False,0,,0.0,,0.0,1576.788758173226,1.487536564314364,pulp_cbc,mean_total_cost,,total_load_exceeds_fleet_capacity,180,60,True,1146.307606641427,1148.216888591183,1334.618975008724,1335.9433230902957,,,,,,,,,,,
X-n139-k10,138,cold_chain,ortools:quantile_p90_or_tools,quantile_p90_or_tools,ortools,False,False,False,0,,0.0,,0.0,1576.788758173226,1.487536564314364,pulp_cbc,mean_total_cost,,total_load_exceeds_fleet_capacity,180,60,True,1146.307606641427,1148.216888591183,1334.618975008724,1335.9433230902957,,,,,,,,,,,
X-n139-k10,138,atm,ortools:robust_mean_1std_or_tools,robust_mean_1std_or_tools,ortools,False,False,False,0,,0.0,,0.0,1480.6295593962218,1.3968203390530394,pulp_cbc,mean_total_cost,,total_load_exceeds_fleet_capacity,180,60,True,1146.307606641427,1148.216888591183,1334.618975008724,1335.9433230902957,,,,,,,,,,,
X-n139-k10,138,grocery,ortools:robust_mean_1std_or_tools,robust_mean_1std_or_tools,ortools,False,False,False,0,,0.0,,0.0,1480.6295593962218,1.3968203390530394,pulp_cbc,mean_total_cost,,total_load_exceeds_fleet_capacity,180,60,True,1146.307606641427,1148.216888591183,1334.618975008724,1335.9433230902957,,,,,,,,,,,
X-n139-k10,138,cargo,ortools:robust_mean_1std_or_tools,robust_mean_1std_or_tools,ortools,False,False,False,0,,0.0,,0.0,1480.6295593962218,1.3968203390530394,pulp_cbc,mean_total_cost,,total_load_exceeds_fleet_capacity,180,60,True,1146.307606641427,1148.216888591183,1334.618975008724,1335.9433230902957,,,,,,,,,,,
X-n139-k10,138,cold_chain,ortools:robust_mean_1std_or_tools,robust_mean_1std_or_tools,ortools,False,False,False,0,,0.0,,0.0,1480.6295593962218,1.3968203390530394,pulp_cbc,mean_total_cost,,total_load_exceeds_fleet_capacity,180,60,True,1146.307606641427,1148.216888591183,1334.618975008724,1335.9433230902957,,,,,,,,,,,
X-n139-k10,138,atm,ortools:robust_mean_2std_or_tools,robust_mean_2std_or_tools,ortools,False,False,False,0,,0.0,,0.0,1814.9515121510162,1.7122184076896378,pulp_cbc,mean_total_cost,,total_load_exceeds_fleet_capacity,180,60,True,1146.307606641427,1148.216888591183,1334.618975008724,1335.9433230902957,,,,,,,,,,,
X-n139-k10,138,grocery,ortools:robust_mean_2std_or_tools,robust_mean_2std_or_tools,ortools,False,False,False,0,,0.0,,0.0,1814.9515121510162,1.7122184076896378,pulp_cbc,mean_total_cost,,total_load_exceeds_fleet_capacity,180,60,True,1146.307606641427,1148.216888591183,1334.618975008724,1335.9433230902957,,,,,,,,,,,
X-n139-k10,138,cargo,ortools:robust_mean_2std_or_tools,robust_mean_2std_or_tools,ortools,False,False,False,0,,0.0,,0.0,1814.9515121510162,1.7122184076896378,pulp_cbc,mean_total_cost,,total_load_exceeds_fleet_capacity,180,60,True,1146.307606641427,1148.216888591183,1334.618975008724,1335.9433230902957,,,,,,,,,,,
X-n139-k10,138,cold_chain,ortools:robust_mean_2std_or_tools,robust_mean_2std_or_tools,ortools,False,False,False,0,,0.0,,0.0,1814.9515121510162,1.7122184076896378,pulp_cbc,mean_total_cost,,total_load_exceeds_fleet_capacity,180,60,True,1146.307606641427,1148.216888591183,1334.618975008724,1335.9433230902957,,,,,,,,,,,
X-n139-k10,138,atm,ortools:proxy_mean_scaled_or_tools,proxy_mean_scaled_or_tools,ortools,False,False,False,0,,5.004703760147095,,5.004703760147095,1054.7000000000003,0.9950000000000002,pulp_cbc,mean_total_cost,,ortools_no_solution,180,60,True,1146.307606641427,1148.216888591183,1334.618975008724,1335.9433230902957,,,,,,,,,,,
X-n139-k10,138,grocery,ortools:proxy_mean_scaled_or_tools,proxy_mean_scaled_or_tools,ortools,False,False,False,0,,5.004703760147095,,5.004703760147095,1054.7000000000003,0.9950000000000002,pulp_cbc,mean_total_cost,,ortools_no_solution,180,60,True,1146.307606641427,1148.216888591183,1334.618975008724,1335.9433230902957,,,,,,,,,,,
X-n139-k10,138,cargo,ortools:proxy_mean_scaled_or_tools,proxy_mean_scaled_or_tools,ortools,False,False,False,0,,5.004703760147095,,5.004703760147095,1054.7000000000003,0.9950000000000002,pulp_cbc,mean_total_cost,,ortools_no_solution,180,60,True,1146.307606641427,1148.216888591183,1334.618975008724,1335.9433230902957,,,,,,,,,,,
X-n139-k10,138,cold_chain,ortools:proxy_mean_scaled_or_tools,proxy_mean_scaled_or_tools,ortools,False,False,False,0,,5.004703760147095,,5.004703760147095,1054.7000000000003,0.9950000000000002,pulp_cbc,mean_total_cost,,ortools_no_solution,180,60,True,1146.307606641427,1148.216888591183,1334.618975008724,1335.9433230902957,,,,,,,,,,,
X-n139-k10,138,atm,ortools:quantile_p75_scaled_or_tools,quantile_p75_scaled_or_tools,ortools,False,False,False,0,,4.998431205749512,,4.998431205749512,1054.6999999999998,0.9949999999999998,pulp_cbc,mean_total_cost,,ortools_no_solution,180,60,True,1146.307606641427,1148.216888591183,1334.618975008724,1335.9433230902957,,,,,,,,,,,
X-n139-k10,138,grocery,ortools:quantile_p75_scaled_or_tools,quantile_p75_scaled_or_tools,ortools,False,False,False,0,,4.998431205749512,,4.998431205749512,1054.6999999999998,0.9949999999999998,pulp_cbc,mean_total_cost,,ortools_no_solution,180,60,True,1146.307606641427,1148.216888591183,1334.618975008724,1335.9433230902957,,,,,,,,,,,
X-n139-k10,138,cargo,ortools:quantile_p75_scaled_or_tools,quantile_p75_scaled_or_tools,ortools,False,False,False,0,,4.998431205749512,,4.998431205749512,1054.6999999999998,0.9949999999999998,pulp_cbc,mean_total_cost,,ortools_no_solution,180,60,True,1146.307606641427,1148.216888591183,1334.618975008724,1335.9433230902957,,,,,,,,,,,
X-n139-k10,138,cold_chain,ortools:quantile_p75_scaled_or_tools,quantile_p75_scaled_or_tools,ortools,False,False,False,0,,4.998431205749512,,4.998431205749512,1054.6999999999998,0.9949999999999998,pulp_cbc,mean_total_cost,,ortools_no_solution,180,60,True,1146.307606641427,1148.216888591183,1334.618975008724,1335.9433230902957,,,,,,,,,,,
X-n139-k10,138,atm,ortools:quantile_p90_scaled_or_tools,quantile_p90_scaled_or_tools,ortools,False,False,False,0,,4.9992756843566895,,4.9992756843566895,1054.7000000000003,0.9950000000000002,pulp_cbc,mean_total_cost,,ortools_no_solution,180,60,True,1146.307606641427,1148.216888591183,1334.618975008724,1335.9433230902957,,,,,,,,,,,
X-n139-k10,138,grocery,ortools:quantile_p90_scaled_or_tools,quantile_p90_scaled_or_tools,ortools,False,False,False,0,,4.9992756843566895,,4.9992756843566895,1054.7000000000003,0.9950000000000002,pulp_cbc,mean_total_cost,,ortools_no_solution,180,60,True,1146.307606641427,1148.216888591183,1334.618975008724,1335.9433230902957,,,,,,,,,,,
X-n139-k10,138,cargo,ortools:quantile_p90_scaled_or_tools,quantile_p90_scaled_or_tools,ortools,False,False,False,0,,4.9992756843566895,,4.9992756843566895,1054.7000000000003,0.9950000000000002,pulp_cbc,mean_total_cost,,ortools_no_solution,180,60,True,1146.307606641427,1148.216888591183,1334.618975008724,1335.9433230902957,,,,,,,,,,,
X-n139-k10,138,cold_chain,ortools:quantile_p90_scaled_or_tools,quantile_p90_scaled_or_tools,ortools,False,False,False,0,,4.9992756843566895,,4.9992756843566895,1054.7000000000003,0.9950000000000002,pulp_cbc,mean_total_cost,,ortools_no_solution,180,60,True,1146.307606641427,1148.216888591183,1334.618975008724,1335.9433230902957,,,,,,,,,,,
X-n139-k10,138,atm,ortools:robust_mean_1std_scaled_or_tools,robust_mean_1std_scaled_or_tools,ortools,False,False,False,0,,0.0,,0.0,1054.7,0.995,pulp_cbc,mean_total_cost,,total_load_exceeds_fleet_capacity,180,60,True,1146.307606641427,1148.216888591183,1334.618975008724,1335.9433230902957,,,,,,,,,,,
X-n139-k10,138,grocery,ortools:robust_mean_1std_scaled_or_tools,robust_mean_1std_scaled_or_tools,ortools,False,False,False,0,,0.0,,0.0,1054.7,0.995,pulp_cbc,mean_total_cost,,total_load_exceeds_fleet_capacity,180,60,True,1146.307606641427,1148.216888591183,1334.618975008724,1335.9433230902957,,,,,,,,,,,
X-n139-k10,138,cargo,ortools:robust_mean_1std_scaled_or_tools,robust_mean_1std_scaled_or_tools,ortools,False,False,False,0,,0.0,,0.0,1054.7,0.995,pulp_cbc,mean_total_cost,,total_load_exceeds_fleet_capacity,180,60,True,1146.307606641427,1148.216888591183,1334.618975008724,1335.9433230902957,,,,,,,,,,,
X-n139-k10,138,cold_chain,ortools:robust_mean_1std_scaled_or_tools,robust_mean_1std_scaled_or_tools,ortools,False,False,False,0,,0.0,,0.0,1054.7,0.995,pulp_cbc,mean_total_cost,,total_load_exceeds_fleet_capacity,180,60,True,1146.307606641427,1148.216888591183,1334.618975008724,1335.9433230902957,,,,,,,,,,,
X-n139-k10,138,atm,ortools:robust_mean_2std_scaled_or_tools,robust_mean_2std_scaled_or_tools,ortools,False,False,False,0,,0.0,,0.0,1054.7,0.995,pulp_cbc,mean_total_cost,,total_load_exceeds_fleet_capacity,180,60,True,1146.307606641427,1148.216888591183,1334.618975008724,1335.9433230902957,,,,,,,,,,,
X-n139-k10,138,grocery,ortools:robust_mean_2std_scaled_or_tools,robust_mean_2std_scaled_or_tools,ortools,False,False,False,0,,0.0,,0.0,1054.7,0.995,pulp_cbc,mean_total_cost,,total_load_exceeds_fleet_capacity,180,60,True,1146.307606641427,1148.216888591183,1334.618975008724,1335.9433230902957,,,,,,,,,,,
X-n139-k10,138,cargo,ortools:robust_mean_2std_scaled_or_tools,robust_mean_2std_scaled_or_tools,ortools,False,False,False,0,,0.0,,0.0,1054.7,0.995,pulp_cbc,mean_total_cost,,total_load_exceeds_fleet_capacity,180,60,True,1146.307606641427,1148.216888591183,1334.618975008724,1335.9433230902957,,,,,,,,,,,
X-n139-k10,138,cold_chain,ortools:robust_mean_2std_scaled_or_tools,robust_mean_2std_scaled_or_tools,ortools,False,False,False,0,,0.0,,0.0,1054.7,0.995,pulp_cbc,mean_total_cost,,total_load_exceeds_fleet_capacity,180,60,True,1146.307606641427,1148.216888591183,1334.618975008724,1335.9433230902957,,,,,,,,,,,
X-n143-k7,142,atm,ortools:nominal_or_tools,nominal_or_tools,ortools,True,True,True,7,16647.0,4.997495174407959,0.7632842063903809,5.76077938079834,7475.0,0.897358943577431,pulp_cbc,mean_total_cost,19948.30384636408,,180,60,True,8295.848620495428,8316.617424477572,9916.867451961063,9925.630118934274,6830.15758836943,7970.1642286,19948.30384636408,22331.5984104919,25391.355129194108,828.984086857628,1486.3732397893032,0.41380281690140847,1252.4808097582568,3301.3038463640837,0.0
X-n143-k7,142,grocery,ortools:nominal_or_tools,nominal_or_tools,ortools,True,True,True,7,16647.0,4.997495174407959,0.6792843341827393,5.676779508590698,7475.0,0.897358943577431,pulp_cbc,mean_total_cost,18806.722639895477,,180,60,True,8295.848620495428,8316.617424477572,9916.867451961063,9925.630118934274,3326.395551936623,7801.3521553,18806.722639895477,19921.8493886045,21574.84869546841,834.0369295559663,1493.3080409473455,0.4135211267605634,1088.721579156595,2159.722639895477,0.0
X-n143-k7,142,cargo,ortools:nominal_or_tools,nominal_or_tools,ortools,True,True,True,7,16647.0,4.997495174407959,0.8243343830108643,5.821829557418823,7475.0,0.897358943577431,pulp_cbc,mean_total_cost,19135.092229436596,,180,60,True,8295.848620495428,8316.617424477572,9916.867451961063,9925.630118934274,6116.907421292005,8036.4702633,19135.092229436596,20979.610286231018,23270.309814947963,838.8736295151617,1498.099185891386,0.42161971830985917,1328.6763871157905,2488.092229436594,0.0
X-n143-k7,142,cold_chain,ortools:nominal_or_tools,nominal_or_tools,ortools,True,True,True,7,16647.0,4.997495174407959,0.750403881072998,5.747899055480957,7475.0,0.897358943577431,pulp_cbc,mean_total_cost,21304.58940528911,,180,60,True,8295.848620495428,8316.617424477572,9916.867451961063,9925.630118934274,7358.4686646729815,7770.392864299999,21304.58940528911,22709.18708927367,24853.170287366134,839.9678908319127,1516.422083173886,0.4073943661971831,1063.6932494325417,3164.8115283780894,1492.777876911022
X-n143-k7,142,atm,ortools:proxy_mean_or_tools,proxy_mean_or_tools,ortools,True,True,True,7,19116.0,5.000728368759155,0.6938064098358154,5.694534778594971,8295.848620495428,0.9959001945372663,pulp_cbc,mean_total_cost,21627.503303046535,,180,60,True,8295.848620495428,8316.617424477572,9916.867451961063,9925.630118934274,5518.433377982808,8329.9999913,21627.503303046535,23576.111415974894,26465.16316112149,612.5951656097127,1158.8493336286067,0.3092957746478873,1395.9276512103418,2511.5033030465343,0.0
X-n143-k7,142,grocery,ortools:proxy_mean_or_tools,proxy_mean_or_tools,ortools,True,True,True,7,19116.0,5.000728368759155,0.6948738098144531,5.695602178573608,8295.848620495428,0.9959001945372663,pulp_cbc,mean_total_cost,20964.28372084032,,180,60,True,8295.848620495428,8316.617424477572,9916.867451961063,9925.630118934274,2775.968747133349,8329.9999935,20964.28372084032,21845.257416310775,23268.41683404092,612.1776904530635,1160.5363053023414,0.3065492957746479,1395.5101782536926,1848.2837208403223,0.0
X-n143-k7,142,cargo,ortools:proxy_mean_or_tools,proxy_mean_or_tools,ortools,True,True,True,7,19116.0,5.000728368759155,0.8104486465454102,5.811177015304565,8295.848620495428,0.9959001945372663,pulp_cbc,mean_total_cost,20980.461003832275,,180,60,True,8295.848620495428,8316.617424477572,9916.867451961063,9925.630118934274,4960.616973357373,8329.9999948,20980.461003832275,22504.649781059165,24658.028071327342,619.3058155922528,1169.9296441759116,0.30922535211267604,1402.6383046928815,1864.4610038322808,0.0
X-n143-k7,142,cold_chain,ortools:proxy_mean_or_tools,proxy_mean_or_tools,ortools,True,True,True,7,19116.0,5.000728368759155,0.7572739124298096,5.758002281188965,8295.848620495428,0.9959001945372663,pulp_cbc,mean_total_cost,23496.253552709575,,180,60,True,8295.848620495428,8316.617424477572,9916.867451961063,9925.630118934274,6566.0601358979875,8329.9999917,23496.253552709575,24582.746077359265,26363.064802122943,614.6815562549884,1166.2752278470225,0.3009154929577465,1398.0140422556171,2823.607401014029,1556.646151695548
X-n143-k7,142,atm,ortools:quantile_p75_or_tools,quantile_p75_or_tools,ortools,False,False,False,0,,0.0,,0.0,9668.619867790552,1.1606986636003065,pulp_cbc,mean_total_cost,,total_load_exceeds_fleet_capacity,180,60,True,8295.848620495428,8316.617424477572,9916.867451961063,9925.630118934274,,,,,,,,,,,
X-n143-k7,142,grocery,ortools:quantile_p75_or_tools,quantile_p75_or_tools,ortools,False,False,False,0,,0.0,,0.0,9668.619867790552,1.1606986636003065,pulp_cbc,mean_total_cost,,total_load_exceeds_fleet_capacity,180,60,True,8295.848620495428,8316.617424477572,9916.867451961063,9925.630118934274,,,,,,,,,,,
X-n143-k7,142,cargo,ortools:quantile_p75_or_tools,quantile_p75_or_tools,ortools,False,False,False,0,,0.0,,0.0,9668.619867790552,1.1606986636003065,pulp_cbc,mean_total_cost,,total_load_exceeds_fleet_capacity,180,60,True,8295.848620495428,8316.617424477572,9916.867451961063,9925.630118934274,,,,,,,,,,,
X-n143-k7,142,cold_chain,ortools:quantile_p75_or_tools,quantile_p75_or_tools,ortools,False,False,False,0,,0.0,,0.0,9668.619867790552,1.1606986636003065,pulp_cbc,mean_total_cost,,total_load_exceeds_fleet_capacity,180,60,True,8295.848620495428,8316.617424477572,9916.867451961063,9925.630118934274,,,,,,,,,,,
X-n143-k7,142,atm,ortools:quantile_p90_or_tools,quantile_p90_or_tools,ortools,False,False,False,0,,0.0,,0.0,11664.053787123157,1.4002465530760093,pulp_cbc,mean_total_cost,,total_load_exceeds_fleet_capacity,180,60,True,8295.848620495428,8316.617424477572,9916.867451961063,9925.630118934274,,,,,,,,,,,
X-n143-k7,142,grocery,ortools:quantile_p90_or_tools,quantile_p90_or_tools,ortools,False,False,False,0,,0.0,,0.0,11664.053787123157,1.4002465530760093,pulp_cbc,mean_total_cost,,total_load_exceeds_fleet_capacity,180,60,True,8295.848620495428,8316.617424477572,9916.867451961063,9925.630118934274,,,,,,,,,,,
X-n143-k7,142,cargo,ortools:quantile_p90_or_tools,quantile_p90_or_tools,ortools,False,False,False,0,,0.0,,0.0,11664.053787123157,1.4002465530760093,pulp_cbc,mean_total_cost,,total_load_exceeds_fleet_capacity,180,60,True,8295.848620495428,8316.617424477572,9916.867451961063,9925.630118934274,,,,,,,,,,,
X-n143-k7,142,cold_chain,ortools:quantile_p90_or_tools,quantile_p90_or_tools,ortools,False,False,False,0,,0.0,,0.0,11664.053787123157,1.4002465530760093,pulp_cbc,mean_total_cost,,total_load_exceeds_fleet_capacity,180,60,True,8295.848620495428,8316.617424477572,9916.867451961063,9925.630118934274,,,,,,,,,,,
X-n143-k7,142,atm,ortools:robust_mean_1std_or_tools,robust_mean_1std_or_tools,ortools,False,False,False,0,,0.0,,0.0,10881.042610378192,1.306247612290299,pulp_cbc,mean_total_cost,,total_load_exceeds_fleet_capacity,180,60,True,8295.848620495428,8316.617424477572,9916.867451961063,9925.630118934274,,,,,,,,,,,
X-n143-k7,142,grocery,ortools:robust_mean_1std_or_tools,robust_mean_1std_or_tools,ortools,False,False,False,0,,0.0,,0.0,10881.042610378192,1.306247612290299,pulp_cbc,mean_total_cost,,total_load_exceeds_fleet_capacity,180,60,True,8295.848620495428,8316.617424477572,9916.867451961063,9925.630118934274,,,,,,,,,,,
X-n143-k7,142,cargo,ortools:robust_mean_1std_or_tools,robust_mean_1std_or_tools,ortools,False,False,False,0,,0.0,,0.0,10881.042610378192,1.306247612290299,pulp_cbc,mean_total_cost,,total_load_exceeds_fleet_capacity,180,60,True,8295.848620495428,8316.617424477572,9916.867451961063,9925.630118934274,,,,,,,,,,,
X-n143-k7,142,cold_chain,ortools:robust_mean_1std_or_tools,robust_mean_1std_or_tools,ortools,False,False,False,0,,0.0,,0.0,10881.042610378192,1.306247612290299,pulp_cbc,mean_total_cost,,total_load_exceeds_fleet_capacity,180,60,True,8295.848620495428,8316.617424477572,9916.867451961063,9925.630118934274,,,,,,,,,,,
X-n143-k7,142,atm,ortools:robust_mean_2std_or_tools,robust_mean_2std_or_tools,ortools,False,False,False,0,,0.0,,0.0,13466.23660026096,1.6165950300433325,pulp_cbc,mean_total_cost,,total_load_exceeds_fleet_capacity,180,60,True,8295.848620495428,8316.617424477572,9916.867451961063,9925.630118934274,,,,,,,,,,,
X-n143-k7,142,grocery,ortools:robust_mean_2std_or_tools,robust_mean_2std_or_tools,ortools,False,False,False,0,,0.0,,0.0,13466.23660026096,1.6165950300433325,pulp_cbc,mean_total_cost,,total_load_exceeds_fleet_capacity,180,60,True,8295.848620495428,8316.617424477572,9916.867451961063,9925.630118934274,,,,,,,,,,,
X-n143-k7,142,cargo,ortools:robust_mean_2std_or_tools,robust_mean_2std_or_tools,ortools,False,False,False,0,,0.0,,0.0,13466.23660026096,1.6165950300433325,pulp_cbc,mean_total_cost,,total_load_exceeds_fleet_capacity,180,60,True,8295.848620495428,8316.617424477572,9916.867451961063,9925.630118934274,,,,,,,,,,,
X-n143-k7,142,cold_chain,ortools:robust_mean_2std_or_tools,robust_mean_2std_or_tools,ortools,False,False,False,0,,0.0,,0.0,13466.23660026096,1.6165950300433325,pulp_cbc,mean_total_cost,,total_load_exceeds_fleet_capacity,180,60,True,8295.848620495428,8316.617424477572,9916.867451961063,9925.630118934274,,,,,,,,,,,
X-n143-k7,142,atm,ortools:proxy_mean_scaled_or_tools,proxy_mean_scaled_or_tools,ortools,True,True,True,7,18707.0,4.997139930725098,0.6657130718231201,5.662853002548218,8288.349999999999,0.9949999999999998,pulp_cbc,mean_total_cost,21222.180017597573,,180,60,True,8295.848620495428,8316.617424477572,9916.867451961063,9925.630118934274,5520.353909585015,8329.9999861,21222.180017597573,23198.291210639472,26052.479873719312,613.3826782949043,1152.8282635715084,0.3102112676056338,1396.715158695533,2515.1800175975677,0.0
X-n143-k7,142,grocery,ortools:proxy_mean_scaled_or_tools,proxy_mean_scaled_or_tools,ortools,True,True,True,7,18707.0,4.997139930725098,0.7156352996826172,5.712775230407715,8288.349999999999,0.9949999999999998,pulp_cbc,mean_total_cost,20554.826152650417,,180,60,True,8295.848620495428,8316.617424477572,9916.867451961063,9925.630118934274,2776.0234061244355,8330.0000104,20554.826152650417,21436.323727823306,22860.271035669135,612.1917284324031,1155.2974502891066,0.308943661971831,1395.5242331330314,1847.8261526504132,0.0
X-n143-k7,142,cargo,ortools:proxy_mean_scaled_or_tools,proxy_mean_scaled_or_tools,ortools,True,True,True,7,18707.0,4.997139930725098,0.7899661064147949,5.787106037139893,8288.349999999999,0.9949999999999998,pulp_cbc,mean_total_cost,20575.60750517133,,180,60,True,8295.848620495428,8316.617424477572,9916.867451961063,9925.630118934274,4971.143153901269,8330.000021000002,20575.60750517133,22105.707483736027,24247.49864708182,618.1470526315593,1157.2466697413008,0.31028169014084506,1401.4795679321883,1868.6075051713296,0.0
X-n143-k7,142,cold_chain,ortools:proxy_mean_scaled_or_tools,proxy_mean_scaled_or_tools,ortools,True,True,True,7,18707.0,4.997139930725098,0.7405455112457275,5.737685441970825,8288.349999999999,0.9949999999999998,pulp_cbc,mean_total_cost,23104.90744288997,,180,60,True,8295.848620495428,8316.617424477572,9916.867451961063,9925.630118934274,6581.826524363458,8330.0,23104.90744288997,24141.093894077356,25962.398966472967,614.712352555673,1158.0398719077211,0.3009859154929577,1398.0448468563018,2828.103835693323,1569.8036071966449
X-n143-k7,142,atm,ortools:quantile_p75_scaled_or_tools,quantile_p75_scaled_or_tools,ortools,True,True,True,7,17963.0,4.999507665634155,0.7184243202209473,5.7179319858551025,8288.35,0.995,pulp_cbc,mean_total_cost,20475.59799679861,,180,60,True,8295.848620495428,8316.617424477572,9916.867451961063,9925.630118934274,5519.496354845388,8330.000013,20475.59799679861,22430.07958965537,25323.92862759616,613.7014750184231,1155.745773810973,0.31190140845070424,1397.0339823190523,2512.597996798611,0.0
X-n143-k7,142,grocery,ortools:quantile_p75_scaled_or_tools,quantile_p75_scaled_or_tools,ortools,True,True,True,7,17963.0,4.999507665634155,0.7295224666595459,5.729030132293701,8288.35,0.995,pulp_cbc,mean_total_cost,19810.751381212012,,180,60,True,8295.848620495428,8316.617424477572,9916.867451961063,9925.630118934274,2777.9183067369777,8330.0000249,19810.751381212012,20682.855646659733,22125.365682379208,612.1468185763147,1155.624758342911,0.3097887323943662,1395.4793377769433,1847.7513812120126,0.0
X-n143-k7,142,cargo,ortools:quantile_p75_scaled_or_tools,quantile_p75_scaled_or_tools,ortools,True,True,True,7,17963.0,4.999507665634155,0.7422466278076172,5.7417542934417725,8288.35,0.995,pulp_cbc,mean_total_cost,19830.948985617993,,180,60,True,8295.848620495428,8316.617424477572,9916.867451961063,9925.630118934274,4963.582235913646,8330.000005100002,19830.948985617993,21370.832547751208,23509.727504014238,618.9182684329423,1168.3870688005218,0.3097887323943662,1402.2507678335712,1867.9489856179941,0.0
X-n143-k7,142,cold_chain,ortools:quantile_p75_scaled_or_tools,quantile_p75_scaled_or_tools,ortools,True,True,True,7,17963.0,4.999507665634155,0.8047137260437012,5.8042213916778564,8288.35,0.995,pulp_cbc,mean_total_cost,22347.91709788152,,180,60,True,8295.848620495428,8316.617424477572,9916.867451961063,9925.630118934274,6578.026808160942,8330.000022100001,22347.91709788152,23409.756552988478,25240.87032354243,614.8536870366519,1155.6380672312744,0.30338028169014086,1398.1862034372805,2825.1502828296752,1559.7668150518418
X-n143-k7,142,atm,ortools:quantile_p90_scaled_or_tools,quantile_p90_scaled_or_tools,ortools,True,True,True,7,18531.0,4.998933553695679,0.6910908222198486,5.690024375915527,8288.35,0.995,pulp_cbc,mean_total_cost,21042.429529458357,,180,60,True,8295.848620495428,8316.617424477572,9916.867451961063,9925.630118934274,5519.808218076611,8329.9999993,21042.429529458357,22996.93472520195,25891.434794139474,614.8202436507081,1156.9878053660889,0.31408450704225355,1398.1527372513372,2511.429529458361,0.0
X-n143-k7,142,grocery,ortools:quantile_p90_scaled_or_tools,quantile_p90_scaled_or_tools,ortools,True,True,True,7,18531.0,4.998933553695679,0.6643433570861816,5.66327691078186,8288.35,0.995,pulp_cbc,mean_total_cost,20383.74196817186,,180,60,True,8295.848620495428,8316.617424477572,9916.867451961063,9925.630118934274,2782.2273601559928,8329.999994,20383.74196817186,21258.944929462246,22693.88455809271,614.0087606404546,1162.0157849432042,0.31316901408450704,1397.3412489410837,1852.7419681718636,0.0
X-n143-k7,142,cargo,ortools:quantile_p90_scaled_or_tools,quantile_p90_scaled_or_tools,ortools,True,True,True,7,18531.0,4.998933553695679,0.804455041885376,5.803388595581055,8288.35,0.995,pulp_cbc,mean_total_cost,20394.47723166736,,180,60,True,8295.848620495428,8316.617424477572,9916.867451961063,9925.630118934274,4945.253310179838,8330.0000072,20394.47723166736,21925.702217927163,24054.041328400406,621.5307161626498,1167.530173012411,0.30809859154929575,1404.8632176632789,1863.4772316673584,0.0
X-n143-k7,142,cold_chain,ortools:quantile_p90_scaled_or_tools,quantile_p90_scaled_or_tools,ortools,True,True,True,7,18531.0,4.998933553695679,0.7491707801818848,5.7481043338775635,8288.35,0.995,pulp_cbc,mean_total_cost,23006.52442957394,,180,60,True,8295.848620495428,8316.617424477572,9916.867451961063,9925.630118934274,6660.278732126504,8329.9999849,23006.52442957394,24073.929045519573,25870.592300155848,617.2441961496642,1166.001881360268,0.3045774647887324,1400.576675350293,2839.6818618815123,1635.842567692428
X-n143-k7,142,atm,ortools:robust_mean_1std_scaled_or_tools,robust_mean_1std_scaled_or_tools,ortools,True,True,True,7,18293.0,5.007555961608887,0.7298128604888916,5.737368822097778,8288.350000000002,0.9950000000000002,pulp_cbc,mean_total_cost,20806.2517948639,,180,60,True,8295.848620495428,8316.617424477572,9916.867451961063,9925.630118934274,5514.234397567755,8330.0000162,20806.2517948639,22746.59548726849,25641.721343168254,614.7757060409134,1160.6488657295506,0.31133802816901407,1398.1082165415419,2513.2517948639015,0.0
X-n143-k7,142,grocery,ortools:robust_mean_1std_scaled_or_tools,robust_mean_1std_scaled_or_tools,ortools,True,True,True,7,18293.0,5.007555961608887,0.6952054500579834,5.70276141166687,8288.350000000002,0.9950000000000002,pulp_cbc,mean_total_cost,20145.170412397532,,180,60,True,8295.848620495428,8316.617424477572,9916.867451961063,9925.630118934274,2778.098165143927,8330.0000127,20145.170412397532,21008.10656113531,22450.20048509801,613.625028600021,1155.989701972658,0.31014084507042256,1396.9575356006496,1852.1704123975333,0.0
X-n143-k7,142,cargo,ortools:robust_mean_1std_scaled_or_tools,robust_mean_1std_scaled_or_tools,ortools,True,True,True,7,18293.0,5.007555961608887,0.7783083915710449,5.785864353179932,8288.350000000002,0.9950000000000002,pulp_cbc,mean_total_cost,20153.815765635318,,180,60,True,8295.848620495428,8316.617424477572,9916.867451961063,9925.630118934274,4947.414838176967,8329.9999832,20153.815765635318,21676.407132127857,23817.48486971463,619.1785527963343,1166.4191991702282,0.3084507042253521,1402.5110302969633,1860.8157656353173,0.0
X-n143-k7,142,cold_chain,ortools:robust_mean_1std_scaled_or_tools,robust_mean_1std_scaled_or_tools,ortools,True,True,True,7,18293.0,5.007555961608887,0.7693877220153809,5.776943683624268,8288.350000000002,0.9950000000000002,pulp_cbc,mean_total_cost,22671.376287240466,,180,60,True,8295.848620495428,8316.617424477572,9916.867451961063,9925.630118934274,6563.051531648761,8329.9999995,22671.376287240466,23690.172440718634,25543.837004614546,615.0463517469942,1160.5748708231708,0.3043661971830986,1398.3788455476233,2826.3311919031216,1552.045095337343
X-n143-k7,142,atm,ortools:robust_mean_2std_scaled_or_tools,robust_mean_2std_scaled_or_tools,ortools,True,True,True,7,18682.0,4.999079704284668,0.6928107738494873,5.691890478134155,8288.35,0.995,pulp_cbc,mean_total_cost,21204.713431361237,,180,60,True,8295.848620495428,8316.617424477572,9916.867451961063,9925.630118934274,5530.018706791269,8329.9999881,21204.713431361237,23196.272467740982,26077.131344847043,618.9649758869436,1179.6659255073505,0.3149295774647887,1402.2974582875725,2522.713431361241,0.0
X-n143-k7,142,grocery,ortools:robust_mean_2std_scaled_or_tools,robust_mean_2std_scaled_or_tools,ortools,True,True,True,7,18682.0,4.999079704284668,0.7205519676208496,5.719631671905518,8288.35,0.995,pulp_cbc,mean_total_cost,20544.67999477907,,180,60,True,8295.848620495428,8316.617424477572,9916.867451961063,9925.630118934274,2792.473286721526,8329.9999868,20544.67999477907,21402.640155761077,22873.021550317884,617.9513106104952,1182.5643357760653,0.31302816901408453,1401.283791711124,1862.6799947790714,0.0
X-n143-k7,142,cargo,ortools:robust_mean_2std_scaled_or_tools,robust_mean_2std_scaled_or_tools,ortools,True,True,True,7,18682.0,4.999079704284668,0.7187962532043457,5.717875957489014,8288.35,0.995,pulp_cbc,mean_total_cost,20543.12951822497,,180,60,True,8295.848620495428,8316.617424477572,9916.867451961063,9925.630118934274,4936.962531361224,8329.999997899999,20543.12951822497,22083.41795421194,24202.746135978537,624.2874830097338,1181.230493881006,0.31302816901408453,1407.6199752103628,1861.1295182249703,0.0
X-n143-k7,142,cold_chain,ortools:robust_mean_2std_scaled_or_tools,robust_mean_2std_scaled_or_tools,ortools,True,True,True,7,18682.0,4.999079704284668,0.7383289337158203,5.737408638000488,8288.35,0.995,pulp_cbc,mean_total_cost,23141.23256454661,,180,60,True,8295.848620495428,8316.617424477572,9916.867451961063,9925.630118934274,6646.441805843111,8330.000002199999,23141.23256454661,24180.367662437806,26034.7727119371,621.4992717412342,1181.8675411162399,0.30690140845070424,1404.8317682418635,2849.8499874258014,1609.3825771208094
X-n148-k46,147,atm,ortools:nominal_or_tools,nominal_or_tools,ortools,False,False,False,0,,5.00550103187561,,5.00550103187561,817.0,0.9867149758454107,pulp_cbc,mean_total_cost,,ortools_no_solution,180,60,True,916.5654169475524,917.3025146472107,1115.084444950434,1120.0128820915663,,,,,,,,,,,
X-n148-k46,147,grocery,ortools:nominal_or_tools,nominal_or_tools,ortools,False,False,False,0,,5.00550103187561,,5.00550103187561,817.0,0.9867149758454107,pulp_cbc,mean_total_cost,,ortools_no_solution,180,60,True,916.5654169475524,917.3025146472107,1115.084444950434,1120.0128820915663,,,,,,,,,,,
X-n148-k46,147,cargo,ortools:nominal_or_tools,nominal_or_tools,ortools,False,False,False,0,,5.00550103187561,,5.00550103187561,817.0,0.9867149758454107,pulp_cbc,mean_total_cost,,ortools_no_solution,180,60,True,916.5654169475524,917.3025146472107,1115.084444950434,1120.0128820915663,,,,,,,,,,,
X-n148-k46,147,cold_chain,ortools:nominal_or_tools,nominal_or_tools,ortools,False,False,False,0,,5.00550103187561,,5.00550103187561,817.0,0.9867149758454107,pulp_cbc,mean_total_cost,,ortools_no_solution,180,60,True,916.5654169475524,917.3025146472107,1115.084444950434,1120.0128820915663,,,,,,,,,,,
X-n148-k46,147,atm,ortools:proxy_mean_or_tools,proxy_mean_or_tools,ortools,False,False,False,0,,0.0,,0.0,916.5654169475521,1.106963063946319,pulp_cbc,mean_total_cost,,total_load_exceeds_fleet_capacity,180,60,True,916.5654169475524,917.3025146472107,1115.084444950434,1120.0128820915663,,,,,,,,,,,
X-n148-k46,147,grocery,ortools:proxy_mean_or_tools,proxy_mean_or_tools,ortools,False,False,False,0,,0.0,,0.0,916.5654169475521,1.106963063946319,pulp_cbc,mean_total_cost,,total_load_exceeds_fleet_capacity,180,60,True,916.5654169475524,917.3025146472107,1115.084444950434,1120.0128820915663,,,,,,,,,,,
X-n148-k46,147,cargo,ortools:proxy_mean_or_tools,proxy_mean_or_tools,ortools,False,False,False,0,,0.0,,0.0,916.5654169475521,1.106963063946319,pulp_cbc,mean_total_cost,,total_load_exceeds_fleet_capacity,180,60,True,916.5654169475524,917.3025146472107,1115.084444950434,1120.0128820915663,,,,,,,,,,,
X-n148-k46,147,cold_chain,ortools:proxy_mean_or_tools,proxy_mean_or_tools,ortools,False,False,False,0,,0.0,,0.0,916.5654169475521,1.106963063946319,pulp_cbc,mean_total_cost,,total_load_exceeds_fleet_capacity,180,60,True,916.5654169475524,917.3025146472107,1115.084444950434,1120.0128820915663,,,,,,,,,,,
X-n148-k46,147,atm,ortools:quantile_p75_or_tools,quantile_p75_or_tools,ortools,False,False,False,0,,0.0,,0.0,1069.546951688235,1.2917233716041485,pulp_cbc,mean_total_cost,,total_load_exceeds_fleet_capacity,180,60,True,916.5654169475524,917.3025146472107,1115.084444950434,1120.0128820915663,,,,,,,,,,,
X-n148-k46,147,grocery,ortools:quantile_p75_or_tools,quantile_p75_or_tools,ortools,False,False,False,0,,0.0,,0.0,1069.546951688235,1.2917233716041485,pulp_cbc,mean_total_cost,,total_load_exceeds_fleet_capacity,180,60,True,916.5654169475524,917.3025146472107,1115.084444950434,1120.0128820915663,,,,,,,,,,,
X-n148-k46,147,cargo,ortools:quantile_p75_or_tools,quantile_p75_or_tools,ortools,False,False,False,0,,0.0,,0.0,1069.546951688235,1.2917233716041485,pulp_cbc,mean_total_cost,,total_load_exceeds_fleet_capacity,180,60,True,916.5654169475524,917.3025146472107,1115.084444950434,1120.0128820915663,,,,,,,,,,,
X-n148-k46,147,cold_chain,ortools:quantile_p75_or_tools,quantile_p75_or_tools,ortools,False,False,False,0,,0.0,,0.0,1069.546951688235,1.2917233716041485,pulp_cbc,mean_total_cost,,total_load_exceeds_fleet_capacity,180,60,True,916.5654169475524,917.3025146472107,1115.084444950434,1120.0128820915663,,,,,,,,,,,
X-n148-k46,147,atm,ortools:quantile_p90_or_tools,quantile_p90_or_tools,ortools,False,False,False,0,,0.0,,0.0,1293.9845310736196,1.5627832500889125,pulp_cbc,mean_total_cost,,total_load_exceeds_fleet_capacity,180,60,True,916.5654169475524,917.3025146472107,1115.084444950434,1120.0128820915663,,,,,,,,,,,
X-n148-k46,147,grocery,ortools:quantile_p90_or_tools,quantile_p90_or_tools,ortools,False,False,False,0,,0.0,,0.0,1293.9845310736196,1.5627832500889125,pulp_cbc,mean_total_cost,,total_load_exceeds_fleet_capacity,180,60,True,916.5654169475524,917.3025146472107,1115.084444950434,1120.0128820915663,,,,,,,,,,,
X-n148-k46,147,cargo,ortools:quantile_p90_or_tools,quantile_p90_or_tools,ortools,False,False,False,0,,0.0,,0.0,1293.9845310736196,1.5627832500889125,pulp_cbc,mean_total_cost,,total_load_exceeds_fleet_capacity,180,60,True,916.5654169475524,917.3025146472107,1115.084444950434,1120.0128820915663,,,,,,,,,,,
X-n148-k46,147,cold_chain,ortools:quantile_p90_or_tools,quantile_p90_or_tools,ortools,False,False,False,0,,0.0,,0.0,1293.9845310736196,1.5627832500889125,pulp_cbc,mean_total_cost,,total_load_exceeds_fleet_capacity,180,60,True,916.5654169475524,917.3025146472107,1115.084444950434,1120.0128820915663,,,,,,,,,,,
X-n148-k46,147,atm,ortools:robust_mean_1std_or_tools,robust_mean_1std_or_tools,ortools,False,False,False,0,,0.0,,0.0,1205.071451066352,1.4554003032202318,pulp_cbc,mean_total_cost,,total_load_exceeds_fleet_capacity,180,60,True,916.5654169475524,917.3025146472107,1115.084444950434,1120.0128820915663,,,,,,,,,,,
X-n148-k46,147,grocery,ortools:robust_mean_1std_or_tools,robust_mean_1std_or_tools,ortools,False,False,False,0,,0.0,,0.0,1205.071451066352,1.4554003032202318,pulp_cbc,mean_total_cost,,total_load_exceeds_fleet_capacity,180,60,True,916.5654169475524,917.3025146472107,1115.084444950434,1120.0128820915663,,,,,,,,,,,
X-n148-k46,147,cargo,ortools:robust_mean_1std_or_tools,robust_mean_1std_or_tools,ortools,False,False,False,0,,0.0,,0.0,1205.071451066352,1.4554003032202318,pulp_cbc,mean_total_cost,,total_load_exceeds_fleet_capacity,180,60,True,916.5654169475524,917.3025146472107,1115.084444950434,1120.0128820915663,,,,,,,,,,,
X-n148-k46,147,cold_chain,ortools:robust_mean_1std_or_tools,robust_mean_1std_or_tools,ortools,False,False,False,0,,0.0,,0.0,1205.071451066352,1.4554003032202318,pulp_cbc,mean_total_cost,,total_load_exceeds_fleet_capacity,180,60,True,916.5654169475524,917.3025146472107,1115.084444950434,1120.0128820915663,,,,,,,,,,,
X-n148-k46,147,atm,ortools:robust_mean_2std_or_tools,robust_mean_2std_or_tools,ortools,False,False,False,0,,0.0,,0.0,1493.5774851851522,1.8038375424941453,pulp_cbc,mean_total_cost,,single_node_exceeds_capacity,180,60,True,916.5654169475524,917.3025146472107,1115.084444950434,1120.0128820915663,,,,,,,,,,,
X-n148-k46,147,grocery,ortools:robust_mean_2std_or_tools,robust_mean_2std_or_tools,ortools,False,False,False,0,,0.0,,0.0,1493.5774851851522,1.8038375424941453,pulp_cbc,mean_total_cost,,single_node_exceeds_capacity,180,60,True,916.5654169475524,917.3025146472107,1115.084444950434,1120.0128820915663,,,,,,,,,,,
X-n148-k46,147,cargo,ortools:robust_mean_2std_or_tools,robust_mean_2std_or_tools,ortools,False,False,False,0,,0.0,,0.0,1493.5774851851522,1.8038375424941453,pulp_cbc,mean_total_cost,,single_node_exceeds_capacity,180,60,True,916.5654169475524,917.3025146472107,1115.084444950434,1120.0128820915663,,,,,,,,,,,
X-n148-k46,147,cold_chain,ortools:robust_mean_2std_or_tools,robust_mean_2std_or_tools,ortools,False,False,False,0,,0.0,,0.0,1493.5774851851522,1.8038375424941453,pulp_cbc,mean_total_cost,,single_node_exceeds_capacity,180,60,True,916.5654169475524,917.3025146472107,1115.084444950434,1120.0128820915663,,,,,,,,,,,
X-n148-k46,147,atm,ortools:proxy_mean_scaled_or_tools,proxy_mean_scaled_or_tools,ortools,False,False,False,0,,5.005188465118408,,5.005188465118408,823.8600000000001,0.9950000000000001,pulp_cbc,mean_total_cost,,ortools_no_solution,180,60,True,916.5654169475524,917.3025146472107,1115.084444950434,1120.0128820915663,,,,,,,,,,,
X-n148-k46,147,grocery,ortools:proxy_mean_scaled_or_tools,proxy_mean_scaled_or_tools,ortools,False,False,False,0,,5.005188465118408,,5.005188465118408,823.8600000000001,0.9950000000000001,pulp_cbc,mean_total_cost,,ortools_no_solution,180,60,True,916.5654169475524,917.3025146472107,1115.084444950434,1120.0128820915663,,,,,,,,,,,
X-n148-k46,147,cargo,ortools:proxy_mean_scaled_or_tools,proxy_mean_scaled_or_tools,ortools,False,False,False,0,,5.005188465118408,,5.005188465118408,823.8600000000001,0.9950000000000001,pulp_cbc,mean_total_cost,,ortools_no_solution,180,60,True,916.5654169475524,917.3025146472107,1115.084444950434,1120.0128820915663,,,,,,,,,,,
X-n148-k46,147,cold_chain,ortools:proxy_mean_scaled_or_tools,proxy_mean_scaled_or_tools,ortools,False,False,False,0,,5.005188465118408,,5.005188465118408,823.8600000000001,0.9950000000000001,pulp_cbc,mean_total_cost,,ortools_no_solution,180,60,True,916.5654169475524,917.3025146472107,1115.084444950434,1120.0128820915663,,,,,,,,,,,
X-n148-k46,147,atm,ortools:quantile_p75_scaled_or_tools,quantile_p75_scaled_or_tools,ortools,False,False,False,0,,5.00260329246521,,5.00260329246521,823.86,0.995,pulp_cbc,mean_total_cost,,ortools_no_solution,180,60,True,916.5654169475524,917.3025146472107,1115.084444950434,1120.0128820915663,,,,,,,,,,,
X-n148-k46,147,grocery,ortools:quantile_p75_scaled_or_tools,quantile_p75_scaled_or_tools,ortools,False,False,False,0,,5.00260329246521,,5.00260329246521,823.86,0.995,pulp_cbc,mean_total_cost,,ortools_no_solution,180,60,True,916.5654169475524,917.3025146472107,1115.084444950434,1120.0128820915663,,,,,,,,,,,
X-n148-k46,147,cargo,ortools:quantile_p75_scaled_or_tools,quantile_p75_scaled_or_tools,ortools,False,False,False,0,,5.00260329246521,,5.00260329246521,823.86,0.995,pulp_cbc,mean_total_cost,,ortools_no_solution,180,60,True,916.5654169475524,917.3025146472107,1115.084444950434,1120.0128820915663,,,,,,,,,,,
X-n148-k46,147,cold_chain,ortools:quantile_p75_scaled_or_tools,quantile_p75_scaled_or_tools,ortools,False,False,False,0,,5.00260329246521,,5.00260329246521,823.86,0.995,pulp_cbc,mean_total_cost,,ortools_no_solution,180,60,True,916.5654169475524,917.3025146472107,1115.084444950434,1120.0128820915663,,,,,,,,,,,
X-n148-k46,147,atm,ortools:quantile_p90_scaled_or_tools,quantile_p90_scaled_or_tools,ortools,False,False,False,0,,0.0,,0.0,823.8600000000002,0.9950000000000003,pulp_cbc,mean_total_cost,,total_load_exceeds_fleet_capacity,180,60,True,916.5654169475524,917.3025146472107,1115.084444950434,1120.0128820915663,,,,,,,,,,,
X-n148-k46,147,grocery,ortools:quantile_p90_scaled_or_tools,quantile_p90_scaled_or_tools,ortools,False,False,False,0,,0.0,,0.0,823.8600000000002,0.9950000000000003,pulp_cbc,mean_total_cost,,total_load_exceeds_fleet_capacity,180,60,True,916.5654169475524,917.3025146472107,1115.084444950434,1120.0128820915663,,,,,,,,,,,
X-n148-k46,147,cargo,ortools:quantile_p90_scaled_or_tools,quantile_p90_scaled_or_tools,ortools,False,False,False,0,,0.0,,0.0,823.8600000000002,0.9950000000000003,pulp_cbc,mean_total_cost,,total_load_exceeds_fleet_capacity,180,60,True,916.5654169475524,917.3025146472107,1115.084444950434,1120.0128820915663,,,,,,,,,,,
X-n148-k46,147,cold_chain,ortools:quantile_p90_scaled_or_tools,quantile_p90_scaled_or_tools,ortools,False,False,False,0,,0.0,,0.0,823.8600000000002,0.9950000000000003,pulp_cbc,mean_total_cost,,total_load_exceeds_fleet_capacity,180,60,True,916.5654169475524,917.3025146472107,1115.084444950434,1120.0128820915663,,,,,,,,,,,
X-n148-k46,147,atm,ortools:robust_mean_1std_scaled_or_tools,robust_mean_1std_scaled_or_tools,ortools,False,False,False,0,,0.0,,0.0,823.8600000000001,0.9950000000000001,pulp_cbc,mean_total_cost,,total_load_exceeds_fleet_capacity,180,60,True,916.5654169475524,917.3025146472107,1115.084444950434,1120.0128820915663,,,,,,,,,,,
X-n148-k46,147,grocery,ortools:robust_mean_1std_scaled_or_tools,robust_mean_1std_scaled_or_tools,ortools,False,False,False,0,,0.0,,0.0,823.8600000000001,0.9950000000000001,pulp_cbc,mean_total_cost,,total_load_exceeds_fleet_capacity,180,60,True,916.5654169475524,917.3025146472107,1115.084444950434,1120.0128820915663,,,,,,,,,,,
X-n148-k46,147,cargo,ortools:robust_mean_1std_scaled_or_tools,robust_mean_1std_scaled_or_tools,ortools,False,False,False,0,,0.0,,0.0,823.8600000000001,0.9950000000000001,pulp_cbc,mean_total_cost,,total_load_exceeds_fleet_capacity,180,60,True,916.5654169475524,917.3025146472107,1115.084444950434,1120.0128820915663,,,,,,,,,,,
X-n148-k46,147,cold_chain,ortools:robust_mean_1std_scaled_or_tools,robust_mean_1std_scaled_or_tools,ortools,False,False,False,0,,0.0,,0.0,823.8600000000001,0.9950000000000001,pulp_cbc,mean_total_cost,,total_load_exceeds_fleet_capacity,180,60,True,916.5654169475524,917.3025146472107,1115.084444950434,1120.0128820915663,,,,,,,,,,,
X-n148-k46,147,atm,ortools:robust_mean_2std_scaled_or_tools,robust_mean_2std_scaled_or_tools,ortools,False,False,False,0,,0.0,,0.0,823.86,0.995,pulp_cbc,mean_total_cost,,total_load_exceeds_fleet_capacity,180,60,True,916.5654169475524,917.3025146472107,1115.084444950434,1120.0128820915663,,,,,,,,,,,
X-n148-k46,147,grocery,ortools:robust_mean_2std_scaled_or_tools,robust_mean_2std_scaled_or_tools,ortools,False,False,False,0,,0.0,,0.0,823.86,0.995,pulp_cbc,mean_total_cost,,total_load_exceeds_fleet_capacity,180,60,True,916.5654169475524,917.3025146472107,1115.084444950434,1120.0128820915663,,,,,,,,,,,
X-n148-k46,147,cargo,ortools:robust_mean_2std_scaled_or_tools,robust_mean_2std_scaled_or_tools,ortools,False,False,False,0,,0.0,,0.0,823.86,0.995,pulp_cbc,mean_total_cost,,total_load_exceeds_fleet_capacity,180,60,True,916.5654169475524,917.3025146472107,1115.084444950434,1120.0128820915663,,,,,,,,,,,
X-n148-k46,147,cold_chain,ortools:robust_mean_2std_scaled_or_tools,robust_mean_2std_scaled_or_tools,ortools,False,False,False,0,,0.0,,0.0,823.86,0.995,pulp_cbc,mean_total_cost,,total_load_exceeds_fleet_capacity,180,60,True,916.5654169475524,917.3025146472107,1115.084444950434,1120.0128820915663,,,,,,,,,,,
X-n153-k22,152,atm,ortools:nominal_or_tools,nominal_or_tools,ortools,False,False,False,0,,4.998308181762695,,4.998308181762695,3068.0,0.9684343434343434,pulp_cbc,mean_total_cost,,ortools_no_solution,180,60,True,3432.728094979355,3434.658018280813,4042.2670573473,4044.685088686257,,,,,,,,,,,
X-n153-k22,152,grocery,ortools:nominal_or_tools,nominal_or_tools,ortools,False,False,False,0,,4.998308181762695,,4.998308181762695,3068.0,0.9684343434343434,pulp_cbc,mean_total_cost,,ortools_no_solution,180,60,True,3432.728094979355,3434.658018280813,4042.2670573473,4044.685088686257,,,,,,,,,,,
X-n153-k22,152,cargo,ortools:nominal_or_tools,nominal_or_tools,ortools,False,False,False,0,,4.998308181762695,,4.998308181762695,3068.0,0.9684343434343434,pulp_cbc,mean_total_cost,,ortools_no_solution,180,60,True,3432.728094979355,3434.658018280813,4042.2670573473,4044.685088686257,,,,,,,,,,,
X-n153-k22,152,cold_chain,ortools:nominal_or_tools,nominal_or_tools,ortools,False,False,False,0,,4.998308181762695,,4.998308181762695,3068.0,0.9684343434343434,pulp_cbc,mean_total_cost,,ortools_no_solution,180,60,True,3432.728094979355,3434.658018280813,4042.2670573473,4044.685088686257,,,,,,,,,,,
X-n153-k22,152,atm,ortools:proxy_mean_or_tools,proxy_mean_or_tools,ortools,False,False,False,0,,0.0,,0.0,3432.728094979355,1.0835631612939882,pulp_cbc,mean_total_cost,,total_load_exceeds_fleet_capacity,180,60,True,3432.728094979355,3434.658018280813,4042.2670573473,4044.685088686257,,,,,,,,,,,
X-n153-k22,152,grocery,ortools:proxy_mean_or_tools,proxy_mean_or_tools,ortools,False,False,False,0,,0.0,,0.0,3432.728094979355,1.0835631612939882,pulp_cbc,mean_total_cost,,total_load_exceeds_fleet_capacity,180,60,True,3432.728094979355,3434.658018280813,4042.2670573473,4044.685088686257,,,,,,,,,,,
X-n153-k22,152,cargo,ortools:proxy_mean_or_tools,proxy_mean_or_tools,ortools,False,False,False,0,,0.0,,0.0,3432.728094979355,1.0835631612939882,pulp_cbc,mean_total_cost,,total_load_exceeds_fleet_capacity,180,60,True,3432.728094979355,3434.658018280813,4042.2670573473,4044.685088686257,,,,,,,,,,,
X-n153-k22,152,cold_chain,ortools:proxy_mean_or_tools,proxy_mean_or_tools,ortools,False,False,False,0,,0.0,,0.0,3432.728094979355,1.0835631612939882,pulp_cbc,mean_total_cost,,total_load_exceeds_fleet_capacity,180,60,True,3432.728094979355,3434.658018280813,4042.2670573473,4044.685088686257,,,,,,,,,,,
X-n153-k22,152,atm,ortools:quantile_p75_or_tools,quantile_p75_or_tools,ortools,False,False,False,0,,0.0,,0.0,4041.441502944223,1.2757075451212825,pulp_cbc,mean_total_cost,,total_load_exceeds_fleet_capacity,180,60,True,3432.728094979355,3434.658018280813,4042.2670573473,4044.685088686257,,,,,,,,,,,
X-n153-k22,152,grocery,ortools:quantile_p75_or_tools,quantile_p75_or_tools,ortools,False,False,False,0,,0.0,,0.0,4041.441502944223,1.2757075451212825,pulp_cbc,mean_total_cost,,total_load_exceeds_fleet_capacity,180,60,True,3432.728094979355,3434.658018280813,4042.2670573473,4044.685088686257,,,,,,,,,,,
X-n153-k22,152,cargo,ortools:quantile_p75_or_tools,quantile_p75_or_tools,ortools,False,False,False,0,,0.0,,0.0,4041.441502944223,1.2757075451212825,pulp_cbc,mean_total_cost,,total_load_exceeds_fleet_capacity,180,60,True,3432.728094979355,3434.658018280813,4042.2670573473,4044.685088686257,,,,,,,,,,,
X-n153-k22,152,cold_chain,ortools:quantile_p75_or_tools,quantile_p75_or_tools,ortools,False,False,False,0,,0.0,,0.0,4041.441502944223,1.2757075451212825,pulp_cbc,mean_total_cost,,total_load_exceeds_fleet_capacity,180,60,True,3432.728094979355,3434.658018280813,4042.2670573473,4044.685088686257,,,,,,,,,,,
X-n153-k22,152,atm,ortools:quantile_p90_or_tools,quantile_p90_or_tools,ortools,False,False,False,0,,0.0,,0.0,4943.014014882998,1.560294827930239,pulp_cbc,mean_total_cost,,single_node_exceeds_capacity,180,60,True,3432.728094979355,3434.658018280813,4042.2670573473,4044.685088686257,,,,,,,,,,,
X-n153-k22,152,grocery,ortools:quantile_p90_or_tools,quantile_p90_or_tools,ortools,False,False,False,0,,0.0,,0.0,4943.014014882998,1.560294827930239,pulp_cbc,mean_total_cost,,single_node_exceeds_capacity,180,60,True,3432.728094979355,3434.658018280813,4042.2670573473,4044.685088686257,,,,,,,,,,,
X-n153-k22,152,cargo,ortools:quantile_p90_or_tools,quantile_p90_or_tools,ortools,False,False,False,0,,0.0,,0.0,4943.014014882998,1.560294827930239,pulp_cbc,mean_total_cost,,single_node_exceeds_capacity,180,60,True,3432.728094979355,3434.658018280813,4042.2670573473,4044.685088686257,,,,,,,,,,,
X-n153-k22,152,cold_chain,ortools:quantile_p90_or_tools,quantile_p90_or_tools,ortools,False,False,False,0,,0.0,,0.0,4943.014014882998,1.560294827930239,pulp_cbc,mean_total_cost,,single_node_exceeds_capacity,180,60,True,3432.728094979355,3434.658018280813,4042.2670573473,4044.685088686257,,,,,,,,,,,
X-n153-k22,152,atm,ortools:robust_mean_1std_or_tools,robust_mean_1std_or_tools,ortools,False,False,False,0,,0.0,,0.0,4583.650918944637,1.4468595072426254,pulp_cbc,mean_total_cost,,single_node_exceeds_capacity,180,60,True,3432.728094979355,3434.658018280813,4042.2670573473,4044.685088686257,,,,,,,,,,,
X-n153-k22,152,grocery,ortools:robust_mean_1std_or_tools,robust_mean_1std_or_tools,ortools,False,False,False,0,,0.0,,0.0,4583.650918944637,1.4468595072426254,pulp_cbc,mean_total_cost,,single_node_exceeds_capacity,180,60,True,3432.728094979355,3434.658018280813,4042.2670573473,4044.685088686257,,,,,,,,,,,
X-n153-k22,152,cargo,ortools:robust_mean_1std_or_tools,robust_mean_1std_or_tools,ortools,False,False,False,0,,0.0,,0.0,4583.650918944637,1.4468595072426254,pulp_cbc,mean_total_cost,,single_node_exceeds_capacity,180,60,True,3432.728094979355,3434.658018280813,4042.2670573473,4044.685088686257,,,,,,,,,,,
X-n153-k22,152,cold_chain,ortools:robust_mean_1std_or_tools,robust_mean_1std_or_tools,ortools,False,False,False,0,,0.0,,0.0,4583.650918944637,1.4468595072426254,pulp_cbc,mean_total_cost,,single_node_exceeds_capacity,180,60,True,3432.728094979355,3434.658018280813,4042.2670573473,4044.685088686257,,,,,,,,,,,
X-n153-k22,152,atm,ortools:robust_mean_2std_or_tools,robust_mean_2std_or_tools,ortools,False,False,False,0,,0.0,,0.0,5734.573742909919,1.8101558531912623,pulp_cbc,mean_total_cost,,single_node_exceeds_capacity,180,60,True,3432.728094979355,3434.658018280813,4042.2670573473,4044.685088686257,,,,,,,,,,,
X-n153-k22,152,grocery,ortools:robust_mean_2std_or_tools,robust_mean_2std_or_tools,ortools,False,False,False,0,,0.0,,0.0,5734.573742909919,1.8101558531912623,pulp_cbc,mean_total_cost,,single_node_exceeds_capacity,180,60,True,3432.728094979355,3434.658018280813,4042.2670573473,4044.685088686257,,,,,,,,,,,
X-n153-k22,152,cargo,ortools:robust_mean_2std_or_tools,robust_mean_2std_or_tools,ortools,False,False,False,0,,0.0,,0.0,5734.573742909919,1.8101558531912623,pulp_cbc,mean_total_cost,,single_node_exceeds_capacity,180,60,True,3432.728094979355,3434.658018280813,4042.2670573473,4044.685088686257,,,,,,,,,,,
X-n153-k22,152,cold_chain,ortools:robust_mean_2std_or_tools,robust_mean_2std_or_tools,ortools,False,False,False,0,,0.0,,0.0,5734.573742909919,1.8101558531912623,pulp_cbc,mean_total_cost,,single_node_exceeds_capacity,180,60,True,3432.728094979355,3434.658018280813,4042.2670573473,4044.685088686257,,,,,,,,,,,
X-n153-k22,152,atm,ortools:proxy_mean_scaled_or_tools,proxy_mean_scaled_or_tools,ortools,False,False,False,0,,4.997669458389282,,4.997669458389282,3152.1600000000003,0.9950000000000001,pulp_cbc,mean_total_cost,,ortools_no_solution,180,60,True,3432.728094979355,3434.658018280813,4042.2670573473,4044.685088686257,,,,,,,,,,,
X-n153-k22,152,grocery,ortools:proxy_mean_scaled_or_tools,proxy_mean_scaled_or_tools,ortools,False,False,False,0,,4.997669458389282,,4.997669458389282,3152.1600000000003,0.9950000000000001,pulp_cbc,mean_total_cost,,ortools_no_solution,180,60,True,3432.728094979355,3434.658018280813,4042.2670573473,4044.685088686257,,,,,,,,,,,
X-n153-k22,152,cargo,ortools:proxy_mean_scaled_or_tools,proxy_mean_scaled_or_tools,ortools,False,False,False,0,,4.997669458389282,,4.997669458389282,3152.1600000000003,0.9950000000000001,pulp_cbc,mean_total_cost,,ortools_no_solution,180,60,True,3432.728094979355,3434.658018280813,4042.2670573473,4044.685088686257,,,,,,,,,,,
X-n153-k22,152,cold_chain,ortools:proxy_mean_scaled_or_tools,proxy_mean_scaled_or_tools,ortools,False,False,False,0,,4.997669458389282,,4.997669458389282,3152.1600000000003,0.9950000000000001,pulp_cbc,mean_total_cost,,ortools_no_solution,180,60,True,3432.728094979355,3434.658018280813,4042.2670573473,4044.685088686257,,,,,,,,,,,
X-n153-k22,152,atm,ortools:quantile_p75_scaled_or_tools,quantile_p75_scaled_or_tools,ortools,False,False,False,0,,4.998599052429199,,4.998599052429199,3152.1600000000003,0.9950000000000001,pulp_cbc,mean_total_cost,,ortools_no_solution,180,60,True,3432.728094979355,3434.658018280813,4042.2670573473,4044.685088686257,,,,,,,,,,,
X-n153-k22,152,grocery,ortools:quantile_p75_scaled_or_tools,quantile_p75_scaled_or_tools,ortools,False,False,False,0,,4.998599052429199,,4.998599052429199,3152.1600000000003,0.9950000000000001,pulp_cbc,mean_total_cost,,ortools_no_solution,180,60,True,3432.728094979355,3434.658018280813,4042.2670573473,4044.685088686257,,,,,,,,,,,
X-n153-k22,152,cargo,ortools:quantile_p75_scaled_or_tools,quantile_p75_scaled_or_tools,ortools,False,False,False,0,,4.998599052429199,,4.998599052429199,3152.1600000000003,0.9950000000000001,pulp_cbc,mean_total_cost,,ortools_no_solution,180,60,True,3432.728094979355,3434.658018280813,4042.2670573473,4044.685088686257,,,,,,,,,,,
X-n153-k22,152,cold_chain,ortools:quantile_p75_scaled_or_tools,quantile_p75_scaled_or_tools,ortools,False,False,False,0,,4.998599052429199,,4.998599052429199,3152.1600000000003,0.9950000000000001,pulp_cbc,mean_total_cost,,ortools_no_solution,180,60,True,3432.728094979355,3434.658018280813,4042.2670573473,4044.685088686257,,,,,,,,,,,
X-n153-k22,152,atm,ortools:quantile_p90_scaled_or_tools,quantile_p90_scaled_or_tools,ortools,False,False,False,0,,4.998457431793213,,4.998457431793213,3152.16,0.995,pulp_cbc,mean_total_cost,,ortools_no_solution,180,60,True,3432.728094979355,3434.658018280813,4042.2670573473,4044.685088686257,,,,,,,,,,,
X-n153-k22,152,grocery,ortools:quantile_p90_scaled_or_tools,quantile_p90_scaled_or_tools,ortools,False,False,False,0,,4.998457431793213,,4.998457431793213,3152.16,0.995,pulp_cbc,mean_total_cost,,ortools_no_solution,180,60,True,3432.728094979355,3434.658018280813,4042.2670573473,4044.685088686257,,,,,,,,,,,
X-n153-k22,152,cargo,ortools:quantile_p90_scaled_or_tools,quantile_p90_scaled_or_tools,ortools,False,False,False,0,,4.998457431793213,,4.998457431793213,3152.16,0.995,pulp_cbc,mean_total_cost,,ortools_no_solution,180,60,True,3432.728094979355,3434.658018280813,4042.2670573473,4044.685088686257,,,,,,,,,,,
X-n153-k22,152,cold_chain,ortools:quantile_p90_scaled_or_tools,quantile_p90_scaled_or_tools,ortools,False,False,False,0,,4.998457431793213,,4.998457431793213,3152.16,0.995,pulp_cbc,mean_total_cost,,ortools_no_solution,180,60,True,3432.728094979355,3434.658018280813,4042.2670573473,4044.685088686257,,,,,,,,,,,
X-n153-k22,152,atm,ortools:robust_mean_1std_scaled_or_tools,robust_mean_1std_scaled_or_tools,ortools,False,False,False,0,,4.999676942825317,,4.999676942825317,3152.1599999999994,0.9949999999999998,pulp_cbc,mean_total_cost,,ortools_no_solution,180,60,True,3432.728094979355,3434.658018280813,4042.2670573473,4044.685088686257,,,,,,,,,,,
X-n153-k22,152,grocery,ortools:robust_mean_1std_scaled_or_tools,robust_mean_1std_scaled_or_tools,ortools,False,False,False,0,,4.999676942825317,,4.999676942825317,3152.1599999999994,0.9949999999999998,pulp_cbc,mean_total_cost,,ortools_no_solution,180,60,True,3432.728094979355,3434.658018280813,4042.2670573473,4044.685088686257,,,,,,,,,,,
X-n153-k22,152,cargo,ortools:robust_mean_1std_scaled_or_tools,robust_mean_1std_scaled_or_tools,ortools,False,False,False,0,,4.999676942825317,,4.999676942825317,3152.1599999999994,0.9949999999999998,pulp_cbc,mean_total_cost,,ortools_no_solution,180,60,True,3432.728094979355,3434.658018280813,4042.2670573473,4044.685088686257,,,,,,,,,,,
X-n153-k22,152,cold_chain,ortools:robust_mean_1std_scaled_or_tools,robust_mean_1std_scaled_or_tools,ortools,False,False,False,0,,4.999676942825317,,4.999676942825317,3152.1599999999994,0.9949999999999998,pulp_cbc,mean_total_cost,,ortools_no_solution,180,60,True,3432.728094979355,3434.658018280813,4042.2670573473,4044.685088686257,,,,,,,,,,,
X-n153-k22,152,atm,ortools:robust_mean_2std_scaled_or_tools,robust_mean_2std_scaled_or_tools,ortools,False,False,False,0,,5.00410795211792,,5.00410795211792,3152.16,0.995,pulp_cbc,mean_total_cost,,ortools_no_solution,180,60,True,3432.728094979355,3434.658018280813,4042.2670573473,4044.685088686257,,,,,,,,,,,
X-n153-k22,152,grocery,ortools:robust_mean_2std_scaled_or_tools,robust_mean_2std_scaled_or_tools,ortools,False,False,False,0,,5.00410795211792,,5.00410795211792,3152.16,0.995,pulp_cbc,mean_total_cost,,ortools_no_solution,180,60,True,3432.728094979355,3434.658018280813,4042.2670573473,4044.685088686257,,,,,,,,,,,
X-n153-k22,152,cargo,ortools:robust_mean_2std_scaled_or_tools,robust_mean_2std_scaled_or_tools,ortools,False,False,False,0,,5.00410795211792,,5.00410795211792,3152.16,0.995,pulp_cbc,mean_total_cost,,ortools_no_solution,180,60,True,3432.728094979355,3434.658018280813,4042.2670573473,4044.685088686257,,,,,,,,,,,
X-n153-k22,152,cold_chain,ortools:robust_mean_2std_scaled_or_tools,robust_mean_2std_scaled_or_tools,ortools,False,False,False,0,,5.00410795211792,,5.00410795211792,3152.16,0.995,pulp_cbc,mean_total_cost,,ortools_no_solution,180,60,True,3432.728094979355,3434.658018280813,4042.2670573473,4044.685088686257,,,,,,,,,,,
X-n157-k13,156,atm,ortools:nominal_or_tools,nominal_or_tools,ortools,True,True,True,13,17404.0,5.004091501235962,0.8313808441162109,5.835472345352173,156.0,1.0,pulp_cbc,mean_total_cost,17479.25300431866,,180,60,True,171.99406906934314,172.27034686930705,198.09955188531734,198.5245135344457,139.72863067738018,155.99999984,17479.25300431866,17541.77704308251,17598.73491550069,20.050074510554477,38.085086839205516,0.48583333333333334,15.130730786104719,75.25300431865746,0.0
X-n157-k13,156,grocery,ortools:nominal_or_tools,nominal_or_tools,ortools,True,True,True,13,17404.0,5.004091501235962,0.7795500755310059,5.783641576766968,156.0,1.0,pulp_cbc,mean_total_cost,17450.07574570221,,180,60,True,171.99406906934314,172.27034686930705,198.09955188531734,198.5245135344457,65.9157640201691,155.99999963,17450.07574570221,17480.704969352133,17510.81615112449,20.037047298008556,38.110260588633054,0.48493589743589743,15.117703363558789,46.07574570220766,0.0
X-n157-k13,156,cargo,ortools:nominal_or_tools,nominal_or_tools,ortools,True,True,True,13,17404.0,5.004091501235962,0.953848123550415,5.957939624786377,156.0,1.0,pulp_cbc,mean_total_cost,17461.156715696787,,180,60,True,171.99406906934314,172.27034686930705,198.09955188531734,198.5245135344457,125.73913654964397,156.00000009,17461.156715696787,17508.679122258494,17552.556374565043,20.09683141085263,37.89464751415766,0.4880128205128205,15.177487936402862,57.15671569678628,0.0
X-n157-k13,156,cold_chain,ortools:nominal_or_tools,nominal_or_tools,ortools,True,True,True,13,17404.0,5.004091501235962,0.850672721862793,5.854764223098755,156.0,1.0,pulp_cbc,mean_total_cost,17497.676471241637,,180,60,True,171.99406906934314,172.27034686930705,198.09955188531734,198.5245135344457,143.382706703696,156.00000021,17497.676471241637,17535.647462839293,17576.108420739114,20.037835915317597,37.87202241648558,0.48467948717948717,15.118492560867836,64.90946400086516,28.76700724077333
X-n157-k13,156,atm,ortools:proxy_mean_or_tools,proxy_mean_or_tools,ortools,True,True,True,13,17404.0,4.998384475708008,0.9725053310394287,5.9708898067474365,171.99406906934314,1.1025260837778406,pulp_cbc,mean_total_cost,17479.25300431866,,180,60,True,171.99406906934314,172.27034686930705,198.09955188531734,198.5245135344457,139.72863067738018,155.99999984,17479.25300431866,17541.77704308251,17598.73491550069,20.050074510554477,38.085086839205516,0.48583333333333334,15.130730786104719,75.25300431865746,0.0
X-n157-k13,156,grocery,ortools:proxy_mean_or_tools,proxy_mean_or_tools,ortools,True,True,True,13,17404.0,4.998384475708008,0.8429832458496094,5.841367721557617,171.99406906934314,1.1025260837778406,pulp_cbc,mean_total_cost,17450.07574570221,,180,60,True,171.99406906934314,172.27034686930705,198.09955188531734,198.5245135344457,65.9157640201691,155.99999963,17450.07574570221,17480.704969352133,17510.81615112449,20.037047298008556,38.110260588633054,0.48493589743589743,15.117703363558789,46.07574570220766,0.0
X-n157-k13,156,cargo,ortools:proxy_mean_or_tools,proxy_mean_or_tools,ortools,True,True,True,13,17404.0,4.998384475708008,0.9577782154083252,5.956162691116333,171.99406906934314,1.1025260837778406,pulp_cbc,mean_total_cost,17461.156715696787,,180,60,True,171.99406906934314,172.27034686930705,198.09955188531734,198.5245135344457,125.73913654964397,156.00000009,17461.156715696787,17508.679122258494,17552.556374565043,20.09683141085263,37.89464751415766,0.4880128205128205,15.177487936402862,57.15671569678628,0.0
X-n157-k13,156,cold_chain,ortools:proxy_mean_or_tools,proxy_mean_or_tools,ortools,True,True,True,13,17404.0,4.998384475708008,0.8012533187866211,5.799637794494629,171.99406906934314,1.1025260837778406,pulp_cbc,mean_total_cost,17497.676471241637,,180,60,True,171.99406906934314,172.27034686930705,198.09955188531734,198.5245135344457,143.382706703696,156.00000021,17497.676471241637,17535.647462839293,17576.108420739114,20.037835915317597,37.87202241648558,0.48467948717948717,15.118492560867836,64.90946400086516,28.76700724077333
X-n157-k13,156,atm,ortools:quantile_p75_or_tools,quantile_p75_or_tools,ortools,True,True,True,13,17404.0,5.00580906867981,0.7789175510406494,5.784726619720459,198.73241893059878,1.2739257623756333,pulp_cbc,mean_total_cost,17479.25300431866,,180,60,True,171.99406906934314,172.27034686930705,198.09955188531734,198.5245135344457,139.72863067738018,155.99999984,17479.25300431866,17541.77704308251,17598.73491550069,20.050074510554477,38.085086839205516,0.48583333333333334,15.130730786104719,75.25300431865746,0.0
X-n157-k13,156,grocery,ortools:quantile_p75_or_tools,quantile_p75_or_tools,ortools,True,True,True,13,17404.0,5.00580906867981,0.771721601486206,5.777530670166016,198.73241893059878,1.2739257623756333,pulp_cbc,mean_total_cost,17450.07574570221,,180,60,True,171.99406906934314,172.27034686930705,198.09955188531734,198.5245135344457,65.9157640201691,155.99999963,17450.07574570221,17480.704969352133,17510.81615112449,20.037047298008556,38.110260588633054,0.48493589743589743,15.117703363558789,46.07574570220766,0.0
X-n157-k13,156,cargo,ortools:quantile_p75_or_tools,quantile_p75_or_tools,ortools,True,True,True,13,17404.0,5.00580906867981,0.9487044811248779,5.9545135498046875,198.73241893059878,1.2739257623756333,pulp_cbc,mean_total_cost,17461.156715696787,,180,60,True,171.99406906934314,172.27034686930705,198.09955188531734,198.5245135344457,125.73913654964397,156.00000009,17461.156715696787,17508.679122258494,17552.556374565043,20.09683141085263,37.89464751415766,0.4880128205128205,15.177487936402862,57.15671569678628,0.0
X-n157-k13,156,cold_chain,ortools:quantile_p75_or_tools,quantile_p75_or_tools,ortools,True,True,True,13,17404.0,5.00580906867981,0.7812306880950928,5.787039756774902,198.73241893059878,1.2739257623756333,pulp_cbc,mean_total_cost,17497.676471241637,,180,60,True,171.99406906934314,172.27034686930705,198.09955188531734,198.5245135344457,143.382706703696,156.00000021,17497.676471241637,17535.647462839293,17576.108420739114,20.037835915317597,37.87202241648558,0.48467948717948717,15.118492560867836,64.90946400086516,28.76700724077333
X-n157-k13,156,atm,ortools:quantile_p90_or_tools,quantile_p90_or_tools,ortools,False,False,False,0,,0.0,,0.0,235.21910337265388,1.5078147652093197,pulp_cbc,mean_total_cost,,total_load_exceeds_fleet_capacity,180,60,True,171.99406906934314,172.27034686930705,198.09955188531734,198.5245135344457,,,,,,,,,,,
X-n157-k13,156,grocery,ortools:quantile_p90_or_tools,quantile_p90_or_tools,ortools,False,False,False,0,,0.0,,0.0,235.21910337265388,1.5078147652093197,pulp_cbc,mean_total_cost,,total_load_exceeds_fleet_capacity,180,60,True,171.99406906934314,172.27034686930705,198.09955188531734,198.5245135344457,,,,,,,,,,,
X-n157-k13,156,cargo,ortools:quantile_p90_or_tools,quantile_p90_or_tools,ortools,False,False,False,0,,0.0,,0.0,235.21910337265388,1.5078147652093197,pulp_cbc,mean_total_cost,,total_load_exceeds_fleet_capacity,180,60,True,171.99406906934314,172.27034686930705,198.09955188531734,198.5245135344457,,,,,,,,,,,
X-n157-k13,156,cold_chain,ortools:quantile_p90_or_tools,quantile_p90_or_tools,ortools,False,False,False,0,,0.0,,0.0,235.21910337265388,1.5078147652093197,pulp_cbc,mean_total_cost,,total_load_exceeds_fleet_capacity,180,60,True,171.99406906934314,172.27034686930705,198.09955188531734,198.5245135344457,,,,,,,,,,,
X-n157-k13,156,atm,ortools:robust_mean_1std_or_tools,robust_mean_1std_or_tools,ortools,False,False,False,0,,0.0,,0.0,220.81396957678305,1.4154741639537376,pulp_cbc,mean_total_cost,,total_load_exceeds_fleet_capacity,180,60,True,171.99406906934314,172.27034686930705,198.09955188531734,198.5245135344457,,,,,,,,,,,
X-n157-k13,156,grocery,ortools:robust_mean_1std_or_tools,robust_mean_1std_or_tools,ortools,False,False,False,0,,0.0,,0.0,220.81396957678305,1.4154741639537376,pulp_cbc,mean_total_cost,,total_load_exceeds_fleet_capacity,180,60,True,171.99406906934314,172.27034686930705,198.09955188531734,198.5245135344457,,,,,,,,,,,
X-n157-k13,156,cargo,ortools:robust_mean_1std_or_tools,robust_mean_1std_or_tools,ortools,False,False,False,0,,0.0,,0.0,220.81396957678305,1.4154741639537376,pulp_cbc,mean_total_cost,,total_load_exceeds_fleet_capacity,180,60,True,171.99406906934314,172.27034686930705,198.09955188531734,198.5245135344457,,,,,,,,,,,
X-n157-k13,156,cold_chain,ortools:robust_mean_1std_or_tools,robust_mean_1std_or_tools,ortools,False,False,False,0,,0.0,,0.0,220.81396957678305,1.4154741639537376,pulp_cbc,mean_total_cost,,total_load_exceeds_fleet_capacity,180,60,True,171.99406906934314,172.27034686930705,198.09955188531734,198.5245135344457,,,,,,,,,,,
X-n157-k13,156,atm,ortools:robust_mean_2std_or_tools,robust_mean_2std_or_tools,ortools,False,False,False,0,,0.0,,0.0,269.63387008422296,1.7284222441296344,pulp_cbc,mean_total_cost,,total_load_exceeds_fleet_capacity,180,60,True,171.99406906934314,172.27034686930705,198.09955188531734,198.5245135344457,,,,,,,,,,,
X-n157-k13,156,grocery,ortools:robust_mean_2std_or_tools,robust_mean_2std_or_tools,ortools,False,False,False,0,,0.0,,0.0,269.63387008422296,1.7284222441296344,pulp_cbc,mean_total_cost,,total_load_exceeds_fleet_capacity,180,60,True,171.99406906934314,172.27034686930705,198.09955188531734,198.5245135344457,,,,,,,,,,,
X-n157-k13,156,cargo,ortools:robust_mean_2std_or_tools,robust_mean_2std_or_tools,ortools,False,False,False,0,,0.0,,0.0,269.63387008422296,1.7284222441296344,pulp_cbc,mean_total_cost,,total_load_exceeds_fleet_capacity,180,60,True,171.99406906934314,172.27034686930705,198.09955188531734,198.5245135344457,,,,,,,,,,,
X-n157-k13,156,cold_chain,ortools:robust_mean_2std_or_tools,robust_mean_2std_or_tools,ortools,False,False,False,0,,0.0,,0.0,269.63387008422296,1.7284222441296344,pulp_cbc,mean_total_cost,,total_load_exceeds_fleet_capacity,180,60,True,171.99406906934314,172.27034686930705,198.09955188531734,198.5245135344457,,,,,,,,,,,
X-n157-k13,156,atm,ortools:proxy_mean_scaled_or_tools,proxy_mean_scaled_or_tools,ortools,True,True,True,13,17404.0,4.995877027511597,0.8339426517486572,5.829819679260254,155.22,0.995,pulp_cbc,mean_total_cost,17479.25300431866,,180,60,True,171.99406906934314,172.27034686930705,198.09955188531734,198.5245135344457,139.72863067738018,155.99999984,17479.25300431866,17541.77704308251,17598.73491550069,20.050074510554477,38.085086839205516,0.48583333333333334,15.130730786104719,75.25300431865746,0.0
X-n157-k13,156,grocery,ortools:proxy_mean_scaled_or_tools,proxy_mean_scaled_or_tools,ortools,True,True,True,13,17404.0,4.995877027511597,0.8293390274047852,5.825216054916382,155.22,0.995,pulp_cbc,mean_total_cost,17450.07574570221,,180,60,True,171.99406906934314,172.27034686930705,198.09955188531734,198.5245135344457,65.9157640201691,155.99999963,17450.07574570221,17480.704969352133,17510.81615112449,20.037047298008556,38.110260588633054,0.48493589743589743,15.117703363558789,46.07574570220766,0.0
X-n157-k13,156,cargo,ortools:proxy_mean_scaled_or_tools,proxy_mean_scaled_or_tools,ortools,True,True,True,13,17404.0,4.995877027511597,0.9389915466308594,5.934868574142456,155.22,0.995,pulp_cbc,mean_total_cost,17461.156715696787,,180,60,True,171.99406906934314,172.27034686930705,198.09955188531734,198.5245135344457,125.73913654964397,156.00000009,17461.156715696787,17508.679122258494,17552.556374565043,20.09683141085263,37.89464751415766,0.4880128205128205,15.177487936402862,57.15671569678628,0.0
X-n157-k13,156,cold_chain,ortools:proxy_mean_scaled_or_tools,proxy_mean_scaled_or_tools,ortools,True,True,True,13,17404.0,4.995877027511597,0.7703843116760254,5.766261339187622,155.22,0.995,pulp_cbc,mean_total_cost,17497.676471241637,,180,60,True,171.99406906934314,172.27034686930705,198.09955188531734,198.5245135344457,143.382706703696,156.00000021,17497.676471241637,17535.647462839293,17576.108420739114,20.037835915317597,37.87202241648558,0.48467948717948717,15.118492560867836,64.90946400086516,28.76700724077333
X-n157-k13,156,atm,ortools:quantile_p75_scaled_or_tools,quantile_p75_scaled_or_tools,ortools,True,True,True,13,17404.0,5.000540733337402,0.8330893516540527,5.833630084991455,155.22000000000003,0.9950000000000002,pulp_cbc,mean_total_cost,17479.25300431866,,180,60,True,171.99406906934314,172.27034686930705,198.09955188531734,198.5245135344457,139.72863067738018,155.99999984,17479.25300431866,17541.77704308251,17598.73491550069,20.050074510554477,38.085086839205516,0.48583333333333334,15.130730786104719,75.25300431865746,0.0
X-n157-k13,156,grocery,ortools:quantile_p75_scaled_or_tools,quantile_p75_scaled_or_tools,ortools,True,True,True,13,17404.0,5.000540733337402,0.7763140201568604,5.776854753494263,155.22000000000003,0.9950000000000002,pulp_cbc,mean_total_cost,17450.07574570221,,180,60,True,171.99406906934314,172.27034686930705,198.09955188531734,198.5245135344457,65.9157640201691,155.99999963,17450.07574570221,17480.704969352133,17510.81615112449,20.037047298008556,38.110260588633054,0.48493589743589743,15.117703363558789,46.07574570220766,0.0
X-n157-k13,156,cargo,ortools:quantile_p75_scaled_or_tools,quantile_p75_scaled_or_tools,ortools,True,True,True,13,17404.0,5.000540733337402,0.9868624210357666,5.987403154373169,155.22000000000003,0.9950000000000002,pulp_cbc,mean_total_cost,17461.156715696787,,180,60,True,171.99406906934314,172.27034686930705,198.09955188531734,198.5245135344457,125.73913654964397,156.00000009,17461.156715696787,17508.679122258494,17552.556374565043,20.09683141085263,37.89464751415766,0.4880128205128205,15.177487936402862,57.15671569678628,0.0
X-n157-k13,156,cold_chain,ortools:quantile_p75_scaled_or_tools,quantile_p75_scaled_or_tools,ortools,True,True,True,13,17404.0,5.000540733337402,0.8022539615631104,5.802794694900513,155.22000000000003,0.9950000000000002,pulp_cbc,mean_total_cost,17497.676471241637,,180,60,True,171.99406906934314,172.27034686930705,198.09955188531734,198.5245135344457,143.382706703696,156.00000021,17497.676471241637,17535.647462839293,17576.108420739114,20.037835915317597,37.87202241648558,0.48467948717948717,15.118492560867836,64.90946400086516,28.76700724077333
X-n157-k13,156,atm,ortools:quantile_p90_scaled_or_tools,quantile_p90_scaled_or_tools,ortools,True,True,True,13,17404.0,5.000851392745972,0.7847769260406494,5.785628318786621,155.22000000000003,0.9950000000000002,pulp_cbc,mean_total_cost,17479.25300431866,,180,60,True,171.99406906934314,172.27034686930705,198.09955188531734,198.5245135344457,139.72863067738018,155.99999984,17479.25300431866,17541.77704308251,17598.73491550069,20.050074510554477,38.085086839205516,0.48583333333333334,15.130730786104719,75.25300431865746,0.0
X-n157-k13,156,grocery,ortools:quantile_p90_scaled_or_tools,quantile_p90_scaled_or_tools,ortools,True,True,True,13,17404.0,5.000851392745972,0.7754085063934326,5.776259899139404,155.22000000000003,0.9950000000000002,pulp_cbc,mean_total_cost,17450.07574570221,,180,60,True,171.99406906934314,172.27034686930705,198.09955188531734,198.5245135344457,65.9157640201691,155.99999963,17450.07574570221,17480.704969352133,17510.81615112449,20.037047298008556,38.110260588633054,0.48493589743589743,15.117703363558789,46.07574570220766,0.0
X-n157-k13,156,cargo,ortools:quantile_p90_scaled_or_tools,quantile_p90_scaled_or_tools,ortools,True,True,True,13,17404.0,5.000851392745972,0.9245288372039795,5.925380229949951,155.22000000000003,0.9950000000000002,pulp_cbc,mean_total_cost,17461.156715696787,,180,60,True,171.99406906934314,172.27034686930705,198.09955188531734,198.5245135344457,125.73913654964397,156.00000009,17461.156715696787,17508.679122258494,17552.556374565043,20.09683141085263,37.89464751415766,0.4880128205128205,15.177487936402862,57.15671569678628,0.0
X-n157-k13,156,cold_chain,ortools:quantile_p90_scaled_or_tools,quantile_p90_scaled_or_tools,ortools,True,True,True,13,17404.0,5.000851392745972,0.9418537616729736,5.942705154418945,155.22000000000003,0.9950000000000002,pulp_cbc,mean_total_cost,17497.676471241637,,180,60,True,171.99406906934314,172.27034686930705,198.09955188531734,198.5245135344457,143.382706703696,156.00000021,17497.676471241637,17535.647462839293,17576.108420739114,20.037835915317597,37.87202241648558,0.48467948717948717,15.118492560867836,64.90946400086516,28.76700724077333
X-n157-k13,156,atm,ortools:robust_mean_1std_scaled_or_tools,robust_mean_1std_scaled_or_tools,ortools,True,True,True,13,17404.0,5.004571199417114,0.9510359764099121,5.955607175827026,155.22,0.995,pulp_cbc,mean_total_cost,17479.25300431866,,180,60,True,171.99406906934314,172.27034686930705,198.09955188531734,198.5245135344457,139.72863067738018,155.99999984,17479.25300431866,17541.77704308251,17598.73491550069,20.050074510554477,38.085086839205516,0.48583333333333334,15.130730786104719,75.25300431865746,0.0
X-n157-k13,156,grocery,ortools:robust_mean_1std_scaled_or_tools,robust_mean_1std_scaled_or_tools,ortools,True,True,True,13,17404.0,5.004571199417114,0.8482265472412109,5.852797746658325,155.22,0.995,pulp_cbc,mean_total_cost,17450.07574570221,,180,60,True,171.99406906934314,172.27034686930705,198.09955188531734,198.5245135344457,65.9157640201691,155.99999963,17450.07574570221,17480.704969352133,17510.81615112449,20.037047298008556,38.110260588633054,0.48493589743589743,15.117703363558789,46.07574570220766,0.0
X-n157-k13,156,cargo,ortools:robust_mean_1std_scaled_or_tools,robust_mean_1std_scaled_or_tools,ortools,True,True,True,13,17404.0,5.004571199417114,0.9312865734100342,5.935857772827148,155.22,0.995,pulp_cbc,mean_total_cost,17461.156715696787,,180,60,True,171.99406906934314,172.27034686930705,198.09955188531734,198.5245135344457,125.73913654964397,156.00000009,17461.156715696787,17508.679122258494,17552.556374565043,20.09683141085263,37.89464751415766,0.4880128205128205,15.177487936402862,57.15671569678628,0.0
X-n157-k13,156,cold_chain,ortools:robust_mean_1std_scaled_or_tools,robust_mean_1std_scaled_or_tools,ortools,True,True,True,13,17404.0,5.004571199417114,0.7976980209350586,5.802269220352173,155.22,0.995,pulp_cbc,mean_total_cost,17497.676471241637,,180,60,True,171.99406906934314,172.27034686930705,198.09955188531734,198.5245135344457,143.382706703696,156.00000021,17497.676471241637,17535.647462839293,17576.108420739114,20.037835915317597,37.87202241648558,0.48467948717948717,15.118492560867836,64.90946400086516,28.76700724077333
X-n157-k13,156,atm,ortools:robust_mean_2std_scaled_or_tools,robust_mean_2std_scaled_or_tools,ortools,True,True,True,13,17404.0,5.003650426864624,0.8921756744384766,5.895826101303101,155.21999999999997,0.9949999999999998,pulp_cbc,mean_total_cost,17479.25300431866,,180,60,True,171.99406906934314,172.27034686930705,198.09955188531734,198.5245135344457,139.72863067738018,155.99999984,17479.25300431866,17541.77704308251,17598.73491550069,20.050074510554477,38.085086839205516,0.48583333333333334,15.130730786104719,75.25300431865746,0.0
X-n157-k13,156,grocery,ortools:robust_mean_2std_scaled_or_tools,robust_mean_2std_scaled_or_tools,ortools,True,True,True,13,17404.0,5.003650426864624,0.8198573589324951,5.823507785797119,155.21999999999997,0.9949999999999998,pulp_cbc,mean_total_cost,17450.07574570221,,180,60,True,171.99406906934314,172.27034686930705,198.09955188531734,198.5245135344457,65.9157640201691,155.99999963,17450.07574570221,17480.704969352133,17510.81615112449,20.037047298008556,38.110260588633054,0.48493589743589743,15.117703363558789,46.07574570220766,0.0
X-n157-k13,156,cargo,ortools:robust_mean_2std_scaled_or_tools,robust_mean_2std_scaled_or_tools,ortools,True,True,True,13,17404.0,5.003650426864624,0.9309453964233398,5.934595823287964,155.21999999999997,0.9949999999999998,pulp_cbc,mean_total_cost,17461.156715696787,,180,60,True,171.99406906934314,172.27034686930705,198.09955188531734,198.5245135344457,125.73913654964397,156.00000009,17461.156715696787,17508.679122258494,17552.556374565043,20.09683141085263,37.89464751415766,0.4880128205128205,15.177487936402862,57.15671569678628,0.0
X-n157-k13,156,cold_chain,ortools:robust_mean_2std_scaled_or_tools,robust_mean_2std_scaled_or_tools,ortools,True,True,True,13,17404.0,5.003650426864624,0.8196187019348145,5.8232691287994385,155.21999999999997,0.9949999999999998,pulp_cbc,mean_total_cost,17497.676471241637,,180,60,True,171.99406906934314,172.27034686930705,198.09955188531734,198.5245135344457,143.382706703696,156.00000021,17497.676471241637,17535.647462839293,17576.108420739114,20.037835915317597,37.87202241648558,0.48467948717948717,15.118492560867836,64.90946400086516,28.76700724077333
X-n162-k11,161,atm,ortools:nominal_or_tools,nominal_or_tools,ortools,True,True,True,11,14676.0,5.001288414001465,0.7587738037109375,5.760062217712402,12194.0,0.9442465541273037,pulp_cbc,mean_total_cost,19460.500355052507,,180,60,True,14041.602423680102,14059.258642798679,17116.69937454782,17172.81426272881,12140.944531197707,12913.999987,19460.500355052507,22717.5423827828,26118.425226426298,1220.4433651916675,2114.744766996563,0.39602484472049687,1726.9244409578607,4784.500355052503,0.0
X-n162-k11,161,grocery,ortools:nominal_or_tools,nominal_or_tools,ortools,True,True,True,11,14676.0,5.001288414001465,0.8082292079925537,5.8095176219940186,12194.0,0.9442465541273037,pulp_cbc,mean_total_cost,17869.441084810645,,180,60,True,14041.602423680102,14059.258642798679,17116.69937454782,17172.81426272881,5694.826362650165,12913.999975,17869.441084810645,19394.39464729739,21119.156923062397,1221.000530527605,2120.9649436904274,0.3943478260869565,1727.4815942937985,3193.4410848106468,0.0
X-n162-k11,161,cargo,ortools:nominal_or_tools,nominal_or_tools,ortools,True,True,True,11,14676.0,5.001288414001465,0.8207454681396484,5.822033882141113,12194.0,0.9442465541273037,pulp_cbc,mean_total_cost,18315.101248608615,,180,60,True,14041.602423680102,14059.258642798679,17116.69937454782,17172.81426272881,11043.309569841622,12913.999995,18315.101248608615,20857.133128244488,23413.65267560705,1245.320340917405,2146.1852207710326,0.4049689440993789,1751.8014246835985,3639.1012486086124,0.0
X-n162-k11,161,cold_chain,ortools:nominal_or_tools,nominal_or_tools,ortools,True,True,True,11,14676.0,5.001288414001465,0.8322689533233643,5.833557367324829,12194.0,0.9442465541273037,pulp_cbc,mean_total_cost,21763.022668379053,,180,60,True,14041.602423680102,14059.258642798679,17116.69937454782,17172.81426272881,12531.850276852678,12913.99998,21763.022668379053,23666.579427217963,25881.389669429816,1227.3385237975133,2138.53994779824,0.3877018633540373,1733.819592563707,4693.071110755261,2393.951557623791
X-n162-k11,161,atm,ortools:proxy_mean_or_tools,proxy_mean_or_tools,ortools,False,False,False,0,,0.0,,0.0,14041.602423680106,1.0873162787424582,pulp_cbc,mean_total_cost,,total_load_exceeds_fleet_capacity,180,60,True,14041.602423680102,14059.258642798679,17116.69937454782,17172.81426272881,,,,,,,,,,,
X-n162-k11,161,grocery,ortools:proxy_mean_or_tools,proxy_mean_or_tools,ortools,False,False,False,0,,0.0,,0.0,14041.602423680106,1.0873162787424582,pulp_cbc,mean_total_cost,,total_load_exceeds_fleet_capacity,180,60,True,14041.602423680102,14059.258642798679,17116.69937454782,17172.81426272881,,,,,,,,,,,
X-n162-k11,161,cargo,ortools:proxy_mean_or_tools,proxy_mean_or_tools,ortools,False,False,False,0,,0.0,,0.0,14041.602423680106,1.0873162787424582,pulp_cbc,mean_total_cost,,total_load_exceeds_fleet_capacity,180,60,True,14041.602423680102,14059.258642798679,17116.69937454782,17172.81426272881,,,,,,,,,,,
X-n162-k11,161,cold_chain,ortools:proxy_mean_or_tools,proxy_mean_or_tools,ortools,False,False,False,0,,0.0,,0.0,14041.602423680106,1.0873162787424582,pulp_cbc,mean_total_cost,,total_load_exceeds_fleet_capacity,180,60,True,14041.602423680102,14059.258642798679,17116.69937454782,17172.81426272881,,,,,,,,,,,
X-n162-k11,161,atm,ortools:quantile_p75_or_tools,quantile_p75_or_tools,ortools,False,False,False,0,,0.0,,0.0,16324.755246187586,1.2641129972268534,pulp_cbc,mean_total_cost,,total_load_exceeds_fleet_capacity,180,60,True,14041.602423680102,14059.258642798679,17116.69937454782,17172.81426272881,,,,,,,,,,,
X-n162-k11,161,grocery,ortools:quantile_p75_or_tools,quantile_p75_or_tools,ortools,False,False,False,0,,0.0,,0.0,16324.755246187586,1.2641129972268534,pulp_cbc,mean_total_cost,,total_load_exceeds_fleet_capacity,180,60,True,14041.602423680102,14059.258642798679,17116.69937454782,17172.81426272881,,,,,,,,,,,
X-n162-k11,161,cargo,ortools:quantile_p75_or_tools,quantile_p75_or_tools,ortools,False,False,False,0,,0.0,,0.0,16324.755246187586,1.2641129972268534,pulp_cbc,mean_total_cost,,total_load_exceeds_fleet_capacity,180,60,True,14041.602423680102,14059.258642798679,17116.69937454782,17172.81426272881,,,,,,,,,,,
X-n162-k11,161,cold_chain,ortools:quantile_p75_or_tools,quantile_p75_or_tools,ortools,False,False,False,0,,0.0,,0.0,16324.755246187586,1.2641129972268534,pulp_cbc,mean_total_cost,,total_load_exceeds_fleet_capacity,180,60,True,14041.602423680102,14059.258642798679,17116.69937454782,17172.81426272881,,,,,,,,,,,
X-n162-k11,161,atm,ortools:quantile_p90_or_tools,quantile_p90_or_tools,ortools,False,False,False,0,,0.0,,0.0,19634.0039462035,1.5203658003874476,pulp_cbc,mean_total_cost,,total_load_exceeds_fleet_capacity,180,60,True,14041.602423680102,14059.258642798679,17116.69937454782,17172.81426272881,,,,,,,,,,,
X-n162-k11,161,grocery,ortools:quantile_p90_or_tools,quantile_p90_or_tools,ortools,False,False,False,0,,0.0,,0.0,19634.0039462035,1.5203658003874476,pulp_cbc,mean_total_cost,,total_load_exceeds_fleet_capacity,180,60,True,14041.602423680102,14059.258642798679,17116.69937454782,17172.81426272881,,,,,,,,,,,
X-n162-k11,161,cargo,ortools:quantile_p90_or_tools,quantile_p90_or_tools,ortools,False,False,False,0,,0.0,,0.0,19634.0039462035,1.5203658003874476,pulp_cbc,mean_total_cost,,total_load_exceeds_fleet_capacity,180,60,True,14041.602423680102,14059.258642798679,17116.69937454782,17172.81426272881,,,,,,,,,,,
X-n162-k11,161,cold_chain,ortools:quantile_p90_or_tools,quantile_p90_or_tools,ortools,False,False,False,0,,0.0,,0.0,19634.0039462035,1.5203658003874476,pulp_cbc,mean_total_cost,,total_load_exceeds_fleet_capacity,180,60,True,14041.602423680102,14059.258642798679,17116.69937454782,17172.81426272881,,,,,,,,,,,
X-n162-k11,161,atm,ortools:robust_mean_1std_or_tools,robust_mean_1std_or_tools,ortools,False,False,False,0,,0.0,,0.0,18328.159785567048,1.4192473118760298,pulp_cbc,mean_total_cost,,total_load_exceeds_fleet_capacity,180,60,True,14041.602423680102,14059.258642798679,17116.69937454782,17172.81426272881,,,,,,,,,,,
X-n162-k11,161,grocery,ortools:robust_mean_1std_or_tools,robust_mean_1std_or_tools,ortools,False,False,False,0,,0.0,,0.0,18328.159785567048,1.4192473118760298,pulp_cbc,mean_total_cost,,total_load_exceeds_fleet_capacity,180,60,True,14041.602423680102,14059.258642798679,17116.69937454782,17172.81426272881,,,,,,,,,,,
X-n162-k11,161,cargo,ortools:robust_mean_1std_or_tools,robust_mean_1std_or_tools,ortools,False,False,False,0,,0.0,,0.0,18328.159785567048,1.4192473118760298,pulp_cbc,mean_total_cost,,total_load_exceeds_fleet_capacity,180,60,True,14041.602423680102,14059.258642798679,17116.69937454782,17172.81426272881,,,,,,,,,,,
X-n162-k11,161,cold_chain,ortools:robust_mean_1std_or_tools,robust_mean_1std_or_tools,ortools,False,False,False,0,,0.0,,0.0,18328.159785567048,1.4192473118760298,pulp_cbc,mean_total_cost,,total_load_exceeds_fleet_capacity,180,60,True,14041.602423680102,14059.258642798679,17116.69937454782,17172.81426272881,,,,,,,,,,,
X-n162-k11,161,atm,ortools:robust_mean_2std_or_tools,robust_mean_2std_or_tools,ortools,False,False,False,0,,0.0,,0.0,22614.717147453986,1.751178345009601,pulp_cbc,mean_total_cost,,total_load_exceeds_fleet_capacity,180,60,True,14041.602423680102,14059.258642798679,17116.69937454782,17172.81426272881,,,,,,,,,,,
X-n162-k11,161,grocery,ortools:robust_mean_2std_or_tools,robust_mean_2std_or_tools,ortools,False,False,False,0,,0.0,,0.0,22614.717147453986,1.751178345009601,pulp_cbc,mean_total_cost,,total_load_exceeds_fleet_capacity,180,60,True,14041.602423680102,14059.258642798679,17116.69937454782,17172.81426272881,,,,,,,,,,,
X-n162-k11,161,cargo,ortools:robust_mean_2std_or_tools,robust_mean_2std_or_tools,ortools,False,False,False,0,,0.0,,0.0,22614.717147453986,1.751178345009601,pulp_cbc,mean_total_cost,,total_load_exceeds_fleet_capacity,180,60,True,14041.602423680102,14059.258642798679,17116.69937454782,17172.81426272881,,,,,,,,,,,
X-n162-k11,161,cold_chain,ortools:robust_mean_2std_or_tools,robust_mean_2std_or_tools,ortools,False,False,False,0,,0.0,,0.0,22614.717147453986,1.751178345009601,pulp_cbc,mean_total_cost,,total_load_exceeds_fleet_capacity,180,60,True,14041.602423680102,14059.258642798679,17116.69937454782,17172.81426272881,,,,,,,,,,,
X-n162-k11,161,atm,ortools:proxy_mean_scaled_or_tools,proxy_mean_scaled_or_tools,ortools,False,False,False,0,,4.9986348152160645,,4.9986348152160645,12849.43,0.995,pulp_cbc,mean_total_cost,,ortools_no_solution,180,60,True,14041.602423680102,14059.258642798679,17116.69937454782,17172.81426272881,,,,,,,,,,,
X-n162-k11,161,grocery,ortools:proxy_mean_scaled_or_tools,proxy_mean_scaled_or_tools,ortools,False,False,False,0,,4.9986348152160645,,4.9986348152160645,12849.43,0.995,pulp_cbc,mean_total_cost,,ortools_no_solution,180,60,True,14041.602423680102,14059.258642798679,17116.69937454782,17172.81426272881,,,,,,,,,,,
X-n162-k11,161,cargo,ortools:proxy_mean_scaled_or_tools,proxy_mean_scaled_or_tools,ortools,False,False,False,0,,4.9986348152160645,,4.9986348152160645,12849.43,0.995,pulp_cbc,mean_total_cost,,ortools_no_solution,180,60,True,14041.602423680102,14059.258642798679,17116.69937454782,17172.81426272881,,,,,,,,,,,
X-n162-k11,161,cold_chain,ortools:proxy_mean_scaled_or_tools,proxy_mean_scaled_or_tools,ortools,False,False,False,0,,4.9986348152160645,,4.9986348152160645,12849.43,0.995,pulp_cbc,mean_total_cost,,ortools_no_solution,180,60,True,14041.602423680102,14059.258642798679,17116.69937454782,17172.81426272881,,,,,,,,,,,
X-n162-k11,161,atm,ortools:quantile_p75_scaled_or_tools,quantile_p75_scaled_or_tools,ortools,False,False,False,0,,5.005229949951172,,5.005229949951172,12849.43,0.995,pulp_cbc,mean_total_cost,,ortools_no_solution,180,60,True,14041.602423680102,14059.258642798679,17116.69937454782,17172.81426272881,,,,,,,,,,,
X-n162-k11,161,grocery,ortools:quantile_p75_scaled_or_tools,quantile_p75_scaled_or_tools,ortools,False,False,False,0,,5.005229949951172,,5.005229949951172,12849.43,0.995,pulp_cbc,mean_total_cost,,ortools_no_solution,180,60,True,14041.602423680102,14059.258642798679,17116.69937454782,17172.81426272881,,,,,,,,,,,
X-n162-k11,161,cargo,ortools:quantile_p75_scaled_or_tools,quantile_p75_scaled_or_tools,ortools,False,False,False,0,,5.005229949951172,,5.005229949951172,12849.43,0.995,pulp_cbc,mean_total_cost,,ortools_no_solution,180,60,True,14041.602423680102,14059.258642798679,17116.69937454782,17172.81426272881,,,,,,,,,,,
X-n162-k11,161,cold_chain,ortools:quantile_p75_scaled_or_tools,quantile_p75_scaled_or_tools,ortools,False,False,False,0,,5.005229949951172,,5.005229949951172,12849.43,0.995,pulp_cbc,mean_total_cost,,ortools_no_solution,180,60,True,14041.602423680102,14059.258642798679,17116.69937454782,17172.81426272881,,,,,,,,,,,
X-n162-k11,161,atm,ortools:quantile_p90_scaled_or_tools,quantile_p90_scaled_or_tools,ortools,False,False,False,0,,5.002226829528809,,5.002226829528809,12849.43,0.995,pulp_cbc,mean_total_cost,,ortools_no_solution,180,60,True,14041.602423680102,14059.258642798679,17116.69937454782,17172.81426272881,,,,,,,,,,,
X-n162-k11,161,grocery,ortools:quantile_p90_scaled_or_tools,quantile_p90_scaled_or_tools,ortools,False,False,False,0,,5.002226829528809,,5.002226829528809,12849.43,0.995,pulp_cbc,mean_total_cost,,ortools_no_solution,180,60,True,14041.602423680102,14059.258642798679,17116.69937454782,17172.81426272881,,,,,,,,,,,
X-n162-k11,161,cargo,ortools:quantile_p90_scaled_or_tools,quantile_p90_scaled_or_tools,ortools,False,False,False,0,,5.002226829528809,,5.002226829528809,12849.43,0.995,pulp_cbc,mean_total_cost,,ortools_no_solution,180,60,True,14041.602423680102,14059.258642798679,17116.69937454782,17172.81426272881,,,,,,,,,,,
X-n162-k11,161,cold_chain,ortools:quantile_p90_scaled_or_tools,quantile_p90_scaled_or_tools,ortools,False,False,False,0,,5.002226829528809,,5.002226829528809,12849.43,0.995,pulp_cbc,mean_total_cost,,ortools_no_solution,180,60,True,14041.602423680102,14059.258642798679,17116.69937454782,17172.81426272881,,,,,,,,,,,
X-n162-k11,161,atm,ortools:robust_mean_1std_scaled_or_tools,robust_mean_1std_scaled_or_tools,ortools,False,False,False,0,,4.997881889343262,,4.997881889343262,12849.43,0.995,pulp_cbc,mean_total_cost,,ortools_no_solution,180,60,True,14041.602423680102,14059.258642798679,17116.69937454782,17172.81426272881,,,,,,,,,,,
X-n162-k11,161,grocery,ortools:robust_mean_1std_scaled_or_tools,robust_mean_1std_scaled_or_tools,ortools,False,False,False,0,,4.997881889343262,,4.997881889343262,12849.43,0.995,pulp_cbc,mean_total_cost,,ortools_no_solution,180,60,True,14041.602423680102,14059.258642798679,17116.69937454782,17172.81426272881,,,,,,,,,,,
X-n162-k11,161,cargo,ortools:robust_mean_1std_scaled_or_tools,robust_mean_1std_scaled_or_tools,ortools,False,False,False,0,,4.997881889343262,,4.997881889343262,12849.43,0.995,pulp_cbc,mean_total_cost,,ortools_no_solution,180,60,True,14041.602423680102,14059.258642798679,17116.69937454782,17172.81426272881,,,,,,,,,,,
X-n162-k11,161,cold_chain,ortools:robust_mean_1std_scaled_or_tools,robust_mean_1std_scaled_or_tools,ortools,False,False,False,0,,4.997881889343262,,4.997881889343262,12849.43,0.995,pulp_cbc,mean_total_cost,,ortools_no_solution,180,60,True,14041.602423680102,14059.258642798679,17116.69937454782,17172.81426272881,,,,,,,,,,,
X-n162-k11,161,atm,ortools:robust_mean_2std_scaled_or_tools,robust_mean_2std_scaled_or_tools,ortools,False,False,False,0,,4.997720956802368,,4.997720956802368,12849.43,0.995,pulp_cbc,mean_total_cost,,ortools_no_solution,180,60,True,14041.602423680102,14059.258642798679,17116.69937454782,17172.81426272881,,,,,,,,,,,
X-n162-k11,161,grocery,ortools:robust_mean_2std_scaled_or_tools,robust_mean_2std_scaled_or_tools,ortools,False,False,False,0,,4.997720956802368,,4.997720956802368,12849.43,0.995,pulp_cbc,mean_total_cost,,ortools_no_solution,180,60,True,14041.602423680102,14059.258642798679,17116.69937454782,17172.81426272881,,,,,,,,,,,
X-n162-k11,161,cargo,ortools:robust_mean_2std_scaled_or_tools,robust_mean_2std_scaled_or_tools,ortools,False,False,False,0,,4.997720956802368,,4.997720956802368,12849.43,0.995,pulp_cbc,mean_total_cost,,ortools_no_solution,180,60,True,14041.602423680102,14059.258642798679,17116.69937454782,17172.81426272881,,,,,,,,,,,
X-n162-k11,161,cold_chain,ortools:robust_mean_2std_scaled_or_tools,robust_mean_2std_scaled_or_tools,ortools,False,False,False,0,,4.997720956802368,,4.997720956802368,12849.43,0.995,pulp_cbc,mean_total_cost,,ortools_no_solution,180,60,True,14041.602423680102,14059.258642798679,17116.69937454782,17172.81426272881,,,,,,,,,,,
X-n167-k10,166,atm,ortools:nominal_or_tools,nominal_or_tools,ortools,True,True,True,10,22643.0,5.0046186447143555,0.7983934879302979,5.803012132644653,1236.0,0.9293233082706767,pulp_cbc,mean_total_cost,23163.242941335095,,180,60,True,1338.4496844448638,1339.8281173836035,1575.9630876437734,1578.5498416441526,940.6715663129335,1329.9999995999997,23163.242941335095,23563.157740280738,23770.997929703135,131.9194145496985,242.89400119218038,0.4179518072289157,200.79202178675953,520.2429413351048,0.0
X-n167-k10,166,grocery,ortools:nominal_or_tools,nominal_or_tools,ortools,True,True,True,10,22643.0,5.0046186447143555,0.8559460639953613,5.860564708709717,1236.0,0.9293233082706767,pulp_cbc,mean_total_cost,22983.964583887257,,180,60,True,1338.4496844448638,1339.8281173836035,1575.9630876437734,1578.5498416441526,467.9930757917623,1302.6125662999998,22983.964583887257,23175.22567632324,23283.244092834735,133.22360185497277,244.53301077198392,0.4216265060240964,174.7087757920338,340.9645838872534,0.0
X-n167-k10,166,cargo,ortools:nominal_or_tools,nominal_or_tools,ortools,True,True,True,10,22643.0,5.0046186447143555,0.8332548141479492,5.837873458862305,1236.0,0.9293233082706767,pulp_cbc,mean_total_cost,23039.02601984466,,180,60,True,1338.4496844448638,1339.8281173836035,1575.9630876437734,1578.5498416441526,848.1743185872255,1330.0000014999998,23039.02601984466,23342.279733370393,23508.987710037465,133.0004322797123,243.34616059123692,0.41566265060240964,201.8730414167734,396.02601984465997,0.0
X-n167-k10,166,cold_chain,ortools:nominal_or_tools,nominal_or_tools,ortools,True,True,True,10,22643.0,5.0046186447143555,0.8749227523803711,5.879541397094727,1236.0,0.9293233082706767,pulp_cbc,mean_total_cost,23377.393308375234,,180,60,True,1338.4496844448638,1339.8281173836035,1575.9630876437734,1578.5498416441526,1066.3955532479397,1297.4679677,23377.393308375234,23615.670365371418,23756.647039986146,133.92845737652704,244.77774644226167,0.41789156626506024,170.26903271358802,496.2015334049773,238.19177497025797
X-n167-k10,166,atm,ortools:proxy_mean_or_tools,proxy_mean_or_tools,ortools,False,False,False,0,,0.0,,0.0,1338.449684444864,1.006353146199146,pulp_cbc,mean_total_cost,,total_load_exceeds_fleet_capacity,180,60,True,1338.4496844448638,1339.8281173836035,1575.9630876437734,1578.5498416441526,,,,,,,,,,,
X-n167-k10,166,grocery,ortools:proxy_mean_or_tools,proxy_mean_or_tools,ortools,False,False,False,0,,0.0,,0.0,1338.449684444864,1.006353146199146,pulp_cbc,mean_total_cost,,total_load_exceeds_fleet_capacity,180,60,True,1338.4496844448638,1339.8281173836035,1575.9630876437734,1578.5498416441526,,,,,,,,,,,
X-n167-k10,166,cargo,ortools:proxy_mean_or_tools,proxy_mean_or_tools,ortools,False,False,False,0,,0.0,,0.0,1338.449684444864,1.006353146199146,pulp_cbc,mean_total_cost,,total_load_exceeds_fleet_capacity,180,60,True,1338.4496844448638,1339.8281173836035,1575.9630876437734,1578.5498416441526,,,,,,,,,,,
X-n167-k10,166,cold_chain,ortools:proxy_mean_or_tools,proxy_mean_or_tools,ortools,False,False,False,0,,0.0,,0.0,1338.449684444864,1.006353146199146,pulp_cbc,mean_total_cost,,total_load_exceeds_fleet_capacity,180,60,True,1338.4496844448638,1339.8281173836035,1575.9630876437734,1578.5498416441526,,,,,,,,,,,
X-n167-k10,166,atm,ortools:quantile_p75_or_tools,quantile_p75_or_tools,ortools,False,False,False,0,,0.0,,0.0,1549.6251468442697,1.1651316893565937,pulp_cbc,mean_total_cost,,total_load_exceeds_fleet_capacity,180,60,True,1338.4496844448638,1339.8281173836035,1575.9630876437734,1578.5498416441526,,,,,,,,,,,
X-n167-k10,166,grocery,ortools:quantile_p75_or_tools,quantile_p75_or_tools,ortools,False,False,False,0,,0.0,,0.0,1549.6251468442697,1.1651316893565937,pulp_cbc,mean_total_cost,,total_load_exceeds_fleet_capacity,180,60,True,1338.4496844448638,1339.8281173836035,1575.9630876437734,1578.5498416441526,,,,,,,,,,,
X-n167-k10,166,cargo,ortools:quantile_p75_or_tools,quantile_p75_or_tools,ortools,False,False,False,0,,0.0,,0.0,1549.6251468442697,1.1651316893565937,pulp_cbc,mean_total_cost,,total_load_exceeds_fleet_capacity,180,60,True,1338.4496844448638,1339.8281173836035,1575.9630876437734,1578.5498416441526,,,,,,,,,,,
X-n167-k10,166,cold_chain,ortools:quantile_p75_or_tools,quantile_p75_or_tools,ortools,False,False,False,0,,0.0,,0.0,1549.6251468442697,1.1651316893565937,pulp_cbc,mean_total_cost,,total_load_exceeds_fleet_capacity,180,60,True,1338.4496844448638,1339.8281173836035,1575.9630876437734,1578.5498416441526,,,,,,,,,,,
X-n167-k10,166,atm,ortools:quantile_p90_or_tools,quantile_p90_or_tools,ortools,False,False,False,0,,0.0,,0.0,1848.998172895775,1.3902241901471992,pulp_cbc,mean_total_cost,,total_load_exceeds_fleet_capacity,180,60,True,1338.4496844448638,1339.8281173836035,1575.9630876437734,1578.5498416441526,,,,,,,,,,,
X-n167-k10,166,grocery,ortools:quantile_p90_or_tools,quantile_p90_or_tools,ortools,False,False,False,0,,0.0,,0.0,1848.998172895775,1.3902241901471992,pulp_cbc,mean_total_cost,,total_load_exceeds_fleet_capacity,180,60,True,1338.4496844448638,1339.8281173836035,1575.9630876437734,1578.5498416441526,,,,,,,,,,,
X-n167-k10,166,cargo,ortools:quantile_p90_or_tools,quantile_p90_or_tools,ortools,False,False,False,0,,0.0,,0.0,1848.998172895775,1.3902241901471992,pulp_cbc,mean_total_cost,,total_load_exceeds_fleet_capacity,180,60,True,1338.4496844448638,1339.8281173836035,1575.9630876437734,1578.5498416441526,,,,,,,,,,,
X-n167-k10,166,cold_chain,ortools:quantile_p90_or_tools,quantile_p90_or_tools,ortools,False,False,False,0,,0.0,,0.0,1848.998172895775,1.3902241901471992,pulp_cbc,mean_total_cost,,total_load_exceeds_fleet_capacity,180,60,True,1338.4496844448638,1339.8281173836035,1575.9630876437734,1578.5498416441526,,,,,,,,,,,
X-n167-k10,166,atm,ortools:robust_mean_1std_or_tools,robust_mean_1std_or_tools,ortools,False,False,False,0,,0.0,,0.0,1730.5489801212257,1.3011646467076885,pulp_cbc,mean_total_cost,,total_load_exceeds_fleet_capacity,180,60,True,1338.4496844448638,1339.8281173836035,1575.9630876437734,1578.5498416441526,,,,,,,,,,,
X-n167-k10,166,grocery,ortools:robust_mean_1std_or_tools,robust_mean_1std_or_tools,ortools,False,False,False,0,,0.0,,0.0,1730.5489801212257,1.3011646467076885,pulp_cbc,mean_total_cost,,total_load_exceeds_fleet_capacity,180,60,True,1338.4496844448638,1339.8281173836035,1575.9630876437734,1578.5498416441526,,,,,,,,,,,
X-n167-k10,166,cargo,ortools:robust_mean_1std_or_tools,robust_mean_1std_or_tools,ortools,False,False,False,0,,0.0,,0.0,1730.5489801212257,1.3011646467076885,pulp_cbc,mean_total_cost,,total_load_exceeds_fleet_capacity,180,60,True,1338.4496844448638,1339.8281173836035,1575.9630876437734,1578.5498416441526,,,,,,,,,,,
X-n167-k10,166,cold_chain,ortools:robust_mean_1std_or_tools,robust_mean_1std_or_tools,ortools,False,False,False,0,,0.0,,0.0,1730.5489801212257,1.3011646467076885,pulp_cbc,mean_total_cost,,total_load_exceeds_fleet_capacity,180,60,True,1338.4496844448638,1339.8281173836035,1575.9630876437734,1578.5498416441526,,,,,,,,,,,
X-n167-k10,166,atm,ortools:robust_mean_2std_or_tools,robust_mean_2std_or_tools,ortools,False,False,False,0,,0.0,,0.0,2122.6482757975878,1.5959761472162315,pulp_cbc,mean_total_cost,,total_load_exceeds_fleet_capacity,180,60,True,1338.4496844448638,1339.8281173836035,1575.9630876437734,1578.5498416441526,,,,,,,,,,,
X-n167-k10,166,grocery,ortools:robust_mean_2std_or_tools,robust_mean_2std_or_tools,ortools,False,False,False,0,,0.0,,0.0,2122.6482757975878,1.5959761472162315,pulp_cbc,mean_total_cost,,total_load_exceeds_fleet_capacity,180,60,True,1338.4496844448638,1339.8281173836035,1575.9630876437734,1578.5498416441526,,,,,,,,,,,
X-n167-k10,166,cargo,ortools:robust_mean_2std_or_tools,robust_mean_2std_or_tools,ortools,False,False,False,0,,0.0,,0.0,2122.6482757975878,1.5959761472162315,pulp_cbc,mean_total_cost,,total_load_exceeds_fleet_capacity,180,60,True,1338.4496844448638,1339.8281173836035,1575.9630876437734,1578.5498416441526,,,,,,,,,,,
X-n167-k10,166,cold_chain,ortools:robust_mean_2std_or_tools,robust_mean_2std_or_tools,ortools,False,False,False,0,,0.0,,0.0,2122.6482757975878,1.5959761472162315,pulp_cbc,mean_total_cost,,total_load_exceeds_fleet_capacity,180,60,True,1338.4496844448638,1339.8281173836035,1575.9630876437734,1578.5498416441526,,,,,,,,,,,
X-n167-k10,166,atm,ortools:proxy_mean_scaled_or_tools,proxy_mean_scaled_or_tools,ortools,False,False,False,0,,5.0067291259765625,,5.0067291259765625,1323.3500000000001,0.9950000000000001,pulp_cbc,mean_total_cost,,ortools_no_solution,180,60,True,1338.4496844448638,1339.8281173836035,1575.9630876437734,1578.5498416441526,,,,,,,,,,,
X-n167-k10,166,grocery,ortools:proxy_mean_scaled_or_tools,proxy_mean_scaled_or_tools,ortools,False,False,False,0,,5.0067291259765625,,5.0067291259765625,1323.3500000000001,0.9950000000000001,pulp_cbc,mean_total_cost,,ortools_no_solution,180,60,True,1338.4496844448638,1339.8281173836035,1575.9630876437734,1578.5498416441526,,,,,,,,,,,
X-n167-k10,166,cargo,ortools:proxy_mean_scaled_or_tools,proxy_mean_scaled_or_tools,ortools,False,False,False,0,,5.0067291259765625,,5.0067291259765625,1323.3500000000001,0.9950000000000001,pulp_cbc,mean_total_cost,,ortools_no_solution,180,60,True,1338.4496844448638,1339.8281173836035,1575.9630876437734,1578.5498416441526,,,,,,,,,,,
X-n167-k10,166,cold_chain,ortools:proxy_mean_scaled_or_tools,proxy_mean_scaled_or_tools,ortools,False,False,False,0,,5.0067291259765625,,5.0067291259765625,1323.3500000000001,0.9950000000000001,pulp_cbc,mean_total_cost,,ortools_no_solution,180,60,True,1338.4496844448638,1339.8281173836035,1575.9630876437734,1578.5498416441526,,,,,,,,,,,
X-n167-k10,166,atm,ortools:quantile_p75_scaled_or_tools,quantile_p75_scaled_or_tools,ortools,False,False,False,0,,5.005203485488892,,5.005203485488892,1323.3500000000004,0.9950000000000003,pulp_cbc,mean_total_cost,,ortools_no_solution,180,60,True,1338.4496844448638,1339.8281173836035,1575.9630876437734,1578.5498416441526,,,,,,,,,,,
X-n167-k10,166,grocery,ortools:quantile_p75_scaled_or_tools,quantile_p75_scaled_or_tools,ortools,False,False,False,0,,5.005203485488892,,5.005203485488892,1323.3500000000004,0.9950000000000003,pulp_cbc,mean_total_cost,,ortools_no_solution,180,60,True,1338.4496844448638,1339.8281173836035,1575.9630876437734,1578.5498416441526,,,,,,,,,,,
X-n167-k10,166,cargo,ortools:quantile_p75_scaled_or_tools,quantile_p75_scaled_or_tools,ortools,False,False,False,0,,5.005203485488892,,5.005203485488892,1323.3500000000004,0.9950000000000003,pulp_cbc,mean_total_cost,,ortools_no_solution,180,60,True,1338.4496844448638,1339.8281173836035,1575.9630876437734,1578.5498416441526,,,,,,,,,,,
X-n167-k10,166,cold_chain,ortools:quantile_p75_scaled_or_tools,quantile_p75_scaled_or_tools,ortools,False,False,False,0,,5.005203485488892,,5.005203485488892,1323.3500000000004,0.9950000000000003,pulp_cbc,mean_total_cost,,ortools_no_solution,180,60,True,1338.4496844448638,1339.8281173836035,1575.9630876437734,1578.5498416441526,,,,,,,,,,,
X-n167-k10,166,atm,ortools:quantile_p90_scaled_or_tools,quantile_p90_scaled_or_tools,ortools,False,False,False,0,,5.004440069198608,,5.004440069198608,1323.3499999999997,0.9949999999999998,pulp_cbc,mean_total_cost,,ortools_no_solution,180,60,True,1338.4496844448638,1339.8281173836035,1575.9630876437734,1578.5498416441526,,,,,,,,,,,
X-n167-k10,166,grocery,ortools:quantile_p90_scaled_or_tools,quantile_p90_scaled_or_tools,ortools,False,False,False,0,,5.004440069198608,,5.004440069198608,1323.3499999999997,0.9949999999999998,pulp_cbc,mean_total_cost,,ortools_no_solution,180,60,True,1338.4496844448638,1339.8281173836035,1575.9630876437734,1578.5498416441526,,,,,,,,,,,
X-n167-k10,166,cargo,ortools:quantile_p90_scaled_or_tools,quantile_p90_scaled_or_tools,ortools,False,False,False,0,,5.004440069198608,,5.004440069198608,1323.3499999999997,0.9949999999999998,pulp_cbc,mean_total_cost,,ortools_no_solution,180,60,True,1338.4496844448638,1339.8281173836035,1575.9630876437734,1578.5498416441526,,,,,,,,,,,
X-n167-k10,166,cold_chain,ortools:quantile_p90_scaled_or_tools,quantile_p90_scaled_or_tools,ortools,False,False,False,0,,5.004440069198608,,5.004440069198608,1323.3499999999997,0.9949999999999998,pulp_cbc,mean_total_cost,,ortools_no_solution,180,60,True,1338.4496844448638,1339.8281173836035,1575.9630876437734,1578.5498416441526,,,,,,,,,,,
X-n167-k10,166,atm,ortools:robust_mean_1std_scaled_or_tools,robust_mean_1std_scaled_or_tools,ortools,False,False,False,0,,4.99861478805542,,4.99861478805542,1323.35,0.9949999999999999,pulp_cbc,mean_total_cost,,ortools_no_solution,180,60,True,1338.4496844448638,1339.8281173836035,1575.9630876437734,1578.5498416441526,,,,,,,,,,,
X-n167-k10,166,grocery,ortools:robust_mean_1std_scaled_or_tools,robust_mean_1std_scaled_or_tools,ortools,False,False,False,0,,4.99861478805542,,4.99861478805542,1323.35,0.9949999999999999,pulp_cbc,mean_total_cost,,ortools_no_solution,180,60,True,1338.4496844448638,1339.8281173836035,1575.9630876437734,1578.5498416441526,,,,,,,,,,,
X-n167-k10,166,cargo,ortools:robust_mean_1std_scaled_or_tools,robust_mean_1std_scaled_or_tools,ortools,False,False,False,0,,4.99861478805542,,4.99861478805542,1323.35,0.9949999999999999,pulp_cbc,mean_total_cost,,ortools_no_solution,180,60,True,1338.4496844448638,1339.8281173836035,1575.9630876437734,1578.5498416441526,,,,,,,,,,,
X-n167-k10,166,cold_chain,ortools:robust_mean_1std_scaled_or_tools,robust_mean_1std_scaled_or_tools,ortools,False,False,False,0,,4.99861478805542,,4.99861478805542,1323.35,0.9949999999999999,pulp_cbc,mean_total_cost,,ortools_no_solution,180,60,True,1338.4496844448638,1339.8281173836035,1575.9630876437734,1578.5498416441526,,,,,,,,,,,
X-n167-k10,166,atm,ortools:robust_mean_2std_scaled_or_tools,robust_mean_2std_scaled_or_tools,ortools,False,False,False,0,,5.0006773471832275,,5.0006773471832275,1323.35,0.9949999999999999,pulp_cbc,mean_total_cost,,ortools_no_solution,180,60,True,1338.4496844448638,1339.8281173836035,1575.9630876437734,1578.5498416441526,,,,,,,,,,,
X-n167-k10,166,grocery,ortools:robust_mean_2std_scaled_or_tools,robust_mean_2std_scaled_or_tools,ortools,False,False,False,0,,5.0006773471832275,,5.0006773471832275,1323.35,0.9949999999999999,pulp_cbc,mean_total_cost,,ortools_no_solution,180,60,True,1338.4496844448638,1339.8281173836035,1575.9630876437734,1578.5498416441526,,,,,,,,,,,
X-n167-k10,166,cargo,ortools:robust_mean_2std_scaled_or_tools,robust_mean_2std_scaled_or_tools,ortools,False,False,False,0,,5.0006773471832275,,5.0006773471832275,1323.35,0.9949999999999999,pulp_cbc,mean_total_cost,,ortools_no_solution,180,60,True,1338.4496844448638,1339.8281173836035,1575.9630876437734,1578.5498416441526,,,,,,,,,,,
X-n167-k10,166,cold_chain,ortools:robust_mean_2std_scaled_or_tools,robust_mean_2std_scaled_or_tools,ortools,False,False,False,0,,5.0006773471832275,,5.0006773471832275,1323.35,0.9949999999999999,pulp_cbc,mean_total_cost,,ortools_no_solution,180,60,True,1338.4496844448638,1339.8281173836035,1575.9630876437734,1578.5498416441526,,,,,,,,,,,
X-n172-k51,171,atm,ortools:nominal_or_tools,nominal_or_tools,ortools,False,False,False,0,,5.003178119659424,,5.003178119659424,8092.0,0.9855072463768116,pulp_cbc,mean_total_cost,,ortools_no_solution,180,60,True,8940.753355705163,8973.51189389768,10555.133107634168,10558.231958496386,,,,,,,,,,,
X-n172-k51,171,grocery,ortools:nominal_or_tools,nominal_or_tools,ortools,False,False,False,0,,5.003178119659424,,5.003178119659424,8092.0,0.9855072463768116,pulp_cbc,mean_total_cost,,ortools_no_solution,180,60,True,8940.753355705163,8973.51189389768,10555.133107634168,10558.231958496386,,,,,,,,,,,
X-n172-k51,171,cargo,ortools:nominal_or_tools,nominal_or_tools,ortools,False,False,False,0,,5.003178119659424,,5.003178119659424,8092.0,0.9855072463768116,pulp_cbc,mean_total_cost,,ortools_no_solution,180,60,True,8940.753355705163,8973.51189389768,10555.133107634168,10558.231958496386,,,,,,,,,,,
X-n172-k51,171,cold_chain,ortools:nominal_or_tools,nominal_or_tools,ortools,False,False,False,0,,5.003178119659424,,5.003178119659424,8092.0,0.9855072463768116,pulp_cbc,mean_total_cost,,ortools_no_solution,180,60,True,8940.753355705163,8973.51189389768,10555.133107634168,10558.231958496386,,,,,,,,,,,
X-n172-k51,171,atm,ortools:proxy_mean_or_tools,proxy_mean_or_tools,ortools,False,False,False,0,,0.0,,0.0,8940.753355705163,1.0888750889910075,pulp_cbc,mean_total_cost,,total_load_exceeds_fleet_capacity,180,60,True,8940.753355705163,8973.51189389768,10555.133107634168,10558.231958496386,,,,,,,,,,,
X-n172-k51,171,grocery,ortools:proxy_mean_or_tools,proxy_mean_or_tools,ortools,False,False,False,0,,0.0,,0.0,8940.753355705163,1.0888750889910075,pulp_cbc,mean_total_cost,,total_load_exceeds_fleet_capacity,180,60,True,8940.753355705163,8973.51189389768,10555.133107634168,10558.231958496386,,,,,,,,,,,
X-n172-k51,171,cargo,ortools:proxy_mean_or_tools,proxy_mean_or_tools,ortools,False,False,False,0,,0.0,,0.0,8940.753355705163,1.0888750889910075,pulp_cbc,mean_total_cost,,total_load_exceeds_fleet_capacity,180,60,True,8940.753355705163,8973.51189389768,10555.133107634168,10558.231958496386,,,,,,,,,,,
X-n172-k51,171,cold_chain,ortools:proxy_mean_or_tools,proxy_mean_or_tools,ortools,False,False,False,0,,0.0,,0.0,8940.753355705163,1.0888750889910075,pulp_cbc,mean_total_cost,,total_load_exceeds_fleet_capacity,180,60,True,8940.753355705163,8973.51189389768,10555.133107634168,10558.231958496386,,,,,,,,,,,
X-n172-k51,171,atm,ortools:quantile_p75_or_tools,quantile_p75_or_tools,ortools,False,False,False,0,,0.0,,0.0,10437.65599531064,1.2711796365011132,pulp_cbc,mean_total_cost,,total_load_exceeds_fleet_capacity,180,60,True,8940.753355705163,8973.51189389768,10555.133107634168,10558.231958496386,,,,,,,,,,,
X-n172-k51,171,grocery,ortools:quantile_p75_or_tools,quantile_p75_or_tools,ortools,False,False,False,0,,0.0,,0.0,10437.65599531064,1.2711796365011132,pulp_cbc,mean_total_cost,,total_load_exceeds_fleet_capacity,180,60,True,8940.753355705163,8973.51189389768,10555.133107634168,10558.231958496386,,,,,,,,,,,
X-n172-k51,171,cargo,ortools:quantile_p75_or_tools,quantile_p75_or_tools,ortools,False,False,False,0,,0.0,,0.0,10437.65599531064,1.2711796365011132,pulp_cbc,mean_total_cost,,total_load_exceeds_fleet_capacity,180,60,True,8940.753355705163,8973.51189389768,10555.133107634168,10558.231958496386,,,,,,,,,,,
X-n172-k51,171,cold_chain,ortools:quantile_p75_or_tools,quantile_p75_or_tools,ortools,False,False,False,0,,0.0,,0.0,10437.65599531064,1.2711796365011132,pulp_cbc,mean_total_cost,,total_load_exceeds_fleet_capacity,180,60,True,8940.753355705163,8973.51189389768,10555.133107634168,10558.231958496386,,,,,,,,,,,
X-n172-k51,171,atm,ortools:quantile_p90_or_tools,quantile_p90_or_tools,ortools,False,False,False,0,,0.0,,0.0,12539.102350302226,1.527110260662797,pulp_cbc,mean_total_cost,,single_node_exceeds_capacity,180,60,True,8940.753355705163,8973.51189389768,10555.133107634168,10558.231958496386,,,,,,,,,,,
X-n172-k51,171,grocery,ortools:quantile_p90_or_tools,quantile_p90_or_tools,ortools,False,False,False,0,,0.0,,0.0,12539.102350302226,1.527110260662797,pulp_cbc,mean_total_cost,,single_node_exceeds_capacity,180,60,True,8940.753355705163,8973.51189389768,10555.133107634168,10558.231958496386,,,,,,,,,,,
X-n172-k51,171,cargo,ortools:quantile_p90_or_tools,quantile_p90_or_tools,ortools,False,False,False,0,,0.0,,0.0,12539.102350302226,1.527110260662797,pulp_cbc,mean_total_cost,,single_node_exceeds_capacity,180,60,True,8940.753355705163,8973.51189389768,10555.133107634168,10558.231958496386,,,,,,,,,,,
X-n172-k51,171,cold_chain,ortools:quantile_p90_or_tools,quantile_p90_or_tools,ortools,False,False,False,0,,0.0,,0.0,12539.102350302226,1.527110260662797,pulp_cbc,mean_total_cost,,single_node_exceeds_capacity,180,60,True,8940.753355705163,8973.51189389768,10555.133107634168,10558.231958496386,,,,,,,,,,,
X-n172-k51,171,atm,ortools:robust_mean_1std_or_tools,robust_mean_1std_or_tools,ortools,False,False,False,0,,0.0,,0.0,11697.122486546541,1.424567347040134,pulp_cbc,mean_total_cost,,total_load_exceeds_fleet_capacity,180,60,True,8940.753355705163,8973.51189389768,10555.133107634168,10558.231958496386,,,,,,,,,,,
X-n172-k51,171,grocery,ortools:robust_mean_1std_or_tools,robust_mean_1std_or_tools,ortools,False,False,False,0,,0.0,,0.0,11697.122486546541,1.424567347040134,pulp_cbc,mean_total_cost,,total_load_exceeds_fleet_capacity,180,60,True,8940.753355705163,8973.51189389768,10555.133107634168,10558.231958496386,,,,,,,,,,,
X-n172-k51,171,cargo,ortools:robust_mean_1std_or_tools,robust_mean_1std_or_tools,ortools,False,False,False,0,,0.0,,0.0,11697.122486546541,1.424567347040134,pulp_cbc,mean_total_cost,,total_load_exceeds_fleet_capacity,180,60,True,8940.753355705163,8973.51189389768,10555.133107634168,10558.231958496386,,,,,,,,,,,
X-n172-k51,171,cold_chain,ortools:robust_mean_1std_or_tools,robust_mean_1std_or_tools,ortools,False,False,False,0,,0.0,,0.0,11697.122486546541,1.424567347040134,pulp_cbc,mean_total_cost,,total_load_exceeds_fleet_capacity,180,60,True,8940.753355705163,8973.51189389768,10555.133107634168,10558.231958496386,,,,,,,,,,,
X-n172-k51,171,atm,ortools:robust_mean_2std_or_tools,robust_mean_2std_or_tools,ortools,False,False,False,0,,0.0,,0.0,14453.491617387914,1.76025960508926,pulp_cbc,mean_total_cost,,single_node_exceeds_capacity,180,60,True,8940.753355705163,8973.51189389768,10555.133107634168,10558.231958496386,,,,,,,,,,,
X-n172-k51,171,grocery,ortools:robust_mean_2std_or_tools,robust_mean_2std_or_tools,ortools,False,False,False,0,,0.0,,0.0,14453.491617387914,1.76025960508926,pulp_cbc,mean_total_cost,,single_node_exceeds_capacity,180,60,True,8940.753355705163,8973.51189389768,10555.133107634168,10558.231958496386,,,,,,,,,,,
X-n172-k51,171,cargo,ortools:robust_mean_2std_or_tools,robust_mean_2std_or_tools,ortools,False,False,False,0,,0.0,,0.0,14453.491617387914,1.76025960508926,pulp_cbc,mean_total_cost,,single_node_exceeds_capacity,180,60,True,8940.753355705163,8973.51189389768,10555.133107634168,10558.231958496386,,,,,,,,,,,
X-n172-k51,171,cold_chain,ortools:robust_mean_2std_or_tools,robust_mean_2std_or_tools,ortools,False,False,False,0,,0.0,,0.0,14453.491617387914,1.76025960508926,pulp_cbc,mean_total_cost,,single_node_exceeds_capacity,180,60,True,8940.753355705163,8973.51189389768,10555.133107634168,10558.231958496386,,,,,,,,,,,
X-n172-k51,171,atm,ortools:proxy_mean_scaled_or_tools,proxy_mean_scaled_or_tools,ortools,False,False,False,0,,5.002459526062012,,5.002459526062012,8169.945,0.995,pulp_cbc,mean_total_cost,,ortools_no_solution,180,60,True,8940.753355705163,8973.51189389768,10555.133107634168,10558.231958496386,,,,,,,,,,,
X-n172-k51,171,grocery,ortools:proxy_mean_scaled_or_tools,proxy_mean_scaled_or_tools,ortools,False,False,False,0,,5.002459526062012,,5.002459526062012,8169.945,0.995,pulp_cbc,mean_total_cost,,ortools_no_solution,180,60,True,8940.753355705163,8973.51189389768,10555.133107634168,10558.231958496386,,,,,,,,,,,
X-n172-k51,171,cargo,ortools:proxy_mean_scaled_or_tools,proxy_mean_scaled_or_tools,ortools,False,False,False,0,,5.002459526062012,,5.002459526062012,8169.945,0.995,pulp_cbc,mean_total_cost,,ortools_no_solution,180,60,True,8940.753355705163,8973.51189389768,10555.133107634168,10558.231958496386,,,,,,,,,,,
X-n172-k51,171,cold_chain,ortools:proxy_mean_scaled_or_tools,proxy_mean_scaled_or_tools,ortools,False,False,False,0,,5.002459526062012,,5.002459526062012,8169.945,0.995,pulp_cbc,mean_total_cost,,ortools_no_solution,180,60,True,8940.753355705163,8973.51189389768,10555.133107634168,10558.231958496386,,,,,,,,,,,
X-n172-k51,171,atm,ortools:quantile_p75_scaled_or_tools,quantile_p75_scaled_or_tools,ortools,False,False,False,0,,5.005929470062256,,5.005929470062256,8169.944999999999,0.9949999999999999,pulp_cbc,mean_total_cost,,ortools_no_solution,180,60,True,8940.753355705163,8973.51189389768,10555.133107634168,10558.231958496386,,,,,,,,,,,
X-n172-k51,171,grocery,ortools:quantile_p75_scaled_or_tools,quantile_p75_scaled_or_tools,ortools,False,False,False,0,,5.005929470062256,,5.005929470062256,8169.944999999999,0.9949999999999999,pulp_cbc,mean_total_cost,,ortools_no_solution,180,60,True,8940.753355705163,8973.51189389768,10555.133107634168,10558.231958496386,,,,,,,,,,,
X-n172-k51,171,cargo,ortools:quantile_p75_scaled_or_tools,quantile_p75_scaled_or_tools,ortools,False,False,False,0,,5.005929470062256,,5.005929470062256,8169.944999999999,0.9949999999999999,pulp_cbc,mean_total_cost,,ortools_no_solution,180,60,True,8940.753355705163,8973.51189389768,10555.133107634168,10558.231958496386,,,,,,,,,,,
X-n172-k51,171,cold_chain,ortools:quantile_p75_scaled_or_tools,quantile_p75_scaled_or_tools,ortools,False,False,False,0,,5.005929470062256,,5.005929470062256,8169.944999999999,0.9949999999999999,pulp_cbc,mean_total_cost,,ortools_no_solution,180,60,True,8940.753355705163,8973.51189389768,10555.133107634168,10558.231958496386,,,,,,,,,,,
X-n172-k51,171,atm,ortools:quantile_p90_scaled_or_tools,quantile_p90_scaled_or_tools,ortools,False,False,False,0,,5.000949859619141,,5.000949859619141,8169.945000000002,0.9950000000000003,pulp_cbc,mean_total_cost,,ortools_no_solution,180,60,True,8940.753355705163,8973.51189389768,10555.133107634168,10558.231958496386,,,,,,,,,,,
X-n172-k51,171,grocery,ortools:quantile_p90_scaled_or_tools,quantile_p90_scaled_or_tools,ortools,False,False,False,0,,5.000949859619141,,5.000949859619141,8169.945000000002,0.9950000000000003,pulp_cbc,mean_total_cost,,ortools_no_solution,180,60,True,8940.753355705163,8973.51189389768,10555.133107634168,10558.231958496386,,,,,,,,,,,
X-n172-k51,171,cargo,ortools:quantile_p90_scaled_or_tools,quantile_p90_scaled_or_tools,ortools,False,False,False,0,,5.000949859619141,,5.000949859619141,8169.945000000002,0.9950000000000003,pulp_cbc,mean_total_cost,,ortools_no_solution,180,60,True,8940.753355705163,8973.51189389768,10555.133107634168,10558.231958496386,,,,,,,,,,,
X-n172-k51,171,cold_chain,ortools:quantile_p90_scaled_or_tools,quantile_p90_scaled_or_tools,ortools,False,False,False,0,,5.000949859619141,,5.000949859619141,8169.945000000002,0.9950000000000003,pulp_cbc,mean_total_cost,,ortools_no_solution,180,60,True,8940.753355705163,8973.51189389768,10555.133107634168,10558.231958496386,,,,,,,,,,,
X-n172-k51,171,atm,ortools:robust_mean_1std_scaled_or_tools,robust_mean_1std_scaled_or_tools,ortools,False,False,False,0,,5.002073764801025,,5.002073764801025,8169.944999999999,0.9949999999999999,pulp_cbc,mean_total_cost,,ortools_no_solution,180,60,True,8940.753355705163,8973.51189389768,10555.133107634168,10558.231958496386,,,,,,,,,,,
X-n172-k51,171,grocery,ortools:robust_mean_1std_scaled_or_tools,robust_mean_1std_scaled_or_tools,ortools,False,False,False,0,,5.002073764801025,,5.002073764801025,8169.944999999999,0.9949999999999999,pulp_cbc,mean_total_cost,,ortools_no_solution,180,60,True,8940.753355705163,8973.51189389768,10555.133107634168,10558.231958496386,,,,,,,,,,,
X-n172-k51,171,cargo,ortools:robust_mean_1std_scaled_or_tools,robust_mean_1std_scaled_or_tools,ortools,False,False,False,0,,5.002073764801025,,5.002073764801025,8169.944999999999,0.9949999999999999,pulp_cbc,mean_total_cost,,ortools_no_solution,180,60,True,8940.753355705163,8973.51189389768,10555.133107634168,10558.231958496386,,,,,,,,,,,
X-n172-k51,171,cold_chain,ortools:robust_mean_1std_scaled_or_tools,robust_mean_1std_scaled_or_tools,ortools,False,False,False,0,,5.002073764801025,,5.002073764801025,8169.944999999999,0.9949999999999999,pulp_cbc,mean_total_cost,,ortools_no_solution,180,60,True,8940.753355705163,8973.51189389768,10555.133107634168,10558.231958496386,,,,,,,,,,,
X-n172-k51,171,atm,ortools:robust_mean_2std_scaled_or_tools,robust_mean_2std_scaled_or_tools,ortools,False,False,False,0,,5.005041599273682,,5.005041599273682,8169.945000000001,0.9950000000000001,pulp_cbc,mean_total_cost,,ortools_no_solution,180,60,True,8940.753355705163,8973.51189389768,10555.133107634168,10558.231958496386,,,,,,,,,,,
X-n172-k51,171,grocery,ortools:robust_mean_2std_scaled_or_tools,robust_mean_2std_scaled_or_tools,ortools,False,False,False,0,,5.005041599273682,,5.005041599273682,8169.945000000001,0.9950000000000001,pulp_cbc,mean_total_cost,,ortools_no_solution,180,60,True,8940.753355705163,8973.51189389768,10555.133107634168,10558.231958496386,,,,,,,,,,,
X-n172-k51,171,cargo,ortools:robust_mean_2std_scaled_or_tools,robust_mean_2std_scaled_or_tools,ortools,False,False,False,0,,5.005041599273682,,5.005041599273682,8169.945000000001,0.9950000000000001,pulp_cbc,mean_total_cost,,ortools_no_solution,180,60,True,8940.753355705163,8973.51189389768,10555.133107634168,10558.231958496386,,,,,,,,,,,
X-n172-k51,171,cold_chain,ortools:robust_mean_2std_scaled_or_tools,robust_mean_2std_scaled_or_tools,ortools,False,False,False,0,,5.005041599273682,,5.005041599273682,8169.945000000001,0.9950000000000001,pulp_cbc,mean_total_cost,,ortools_no_solution,180,60,True,8940.753355705163,8973.51189389768,10555.133107634168,10558.231958496386,,,,,,,,,,,
X-n176-k26,175,atm,ortools:nominal_or_tools,nominal_or_tools,ortools,False,False,False,0,,4.999913454055786,,4.999913454055786,3632.0,0.9837486457204767,pulp_cbc,mean_total_cost,,ortools_no_solution,180,60,True,3976.5064158438454,3988.8999244824176,4735.9013939153865,4737.121772452003,,,,,,,,,,,
X-n176-k26,175,grocery,ortools:nominal_or_tools,nominal_or_tools,ortools,False,False,False,0,,4.999913454055786,,4.999913454055786,3632.0,0.9837486457204767,pulp_cbc,mean_total_cost,,ortools_no_solution,180,60,True,3976.5064158438454,3988.8999244824176,4735.9013939153865,4737.121772452003,,,,,,,,,,,
X-n176-k26,175,cargo,ortools:nominal_or_tools,nominal_or_tools,ortools,False,False,False,0,,4.999913454055786,,4.999913454055786,3632.0,0.9837486457204767,pulp_cbc,mean_total_cost,,ortools_no_solution,180,60,True,3976.5064158438454,3988.8999244824176,4735.9013939153865,4737.121772452003,,,,,,,,,,,
X-n176-k26,175,cold_chain,ortools:nominal_or_tools,nominal_or_tools,ortools,False,False,False,0,,4.999913454055786,,4.999913454055786,3632.0,0.9837486457204767,pulp_cbc,mean_total_cost,,ortools_no_solution,180,60,True,3976.5064158438454,3988.8999244824176,4735.9013939153865,4737.121772452003,,,,,,,,,,,
X-n176-k26,175,atm,ortools:proxy_mean_or_tools,proxy_mean_or_tools,ortools,False,False,False,0,,0.0,,0.0,3976.5064158438454,1.0770602426445952,pulp_cbc,mean_total_cost,,total_load_exceeds_fleet_capacity,180,60,True,3976.5064158438454,3988.8999244824176,4735.9013939153865,4737.121772452003,,,,,,,,,,,
X-n176-k26,175,grocery,ortools:proxy_mean_or_tools,proxy_mean_or_tools,ortools,False,False,False,0,,0.0,,0.0,3976.5064158438454,1.0770602426445952,pulp_cbc,mean_total_cost,,total_load_exceeds_fleet_capacity,180,60,True,3976.5064158438454,3988.8999244824176,4735.9013939153865,4737.121772452003,,,,,,,,,,,
X-n176-k26,175,cargo,ortools:proxy_mean_or_tools,proxy_mean_or_tools,ortools,False,False,False,0,,0.0,,0.0,3976.5064158438454,1.0770602426445952,pulp_cbc,mean_total_cost,,total_load_exceeds_fleet_capacity,180,60,True,3976.5064158438454,3988.8999244824176,4735.9013939153865,4737.121772452003,,,,,,,,,,,
X-n176-k26,175,cold_chain,ortools:proxy_mean_or_tools,proxy_mean_or_tools,ortools,False,False,False,0,,0.0,,0.0,3976.5064158438454,1.0770602426445952,pulp_cbc,mean_total_cost,,total_load_exceeds_fleet_capacity,180,60,True,3976.5064158438454,3988.8999244824176,4735.9013939153865,4737.121772452003,,,,,,,,,,,
X-n176-k26,175,atm,ortools:quantile_p75_or_tools,quantile_p75_or_tools,ortools,False,False,False,0,,0.0,,0.0,4664.837079074565,1.2634986671382895,pulp_cbc,mean_total_cost,,total_load_exceeds_fleet_capacity,180,60,True,3976.5064158438454,3988.8999244824176,4735.9013939153865,4737.121772452003,,,,,,,,,,,
X-n176-k26,175,grocery,ortools:quantile_p75_or_tools,quantile_p75_or_tools,ortools,False,False,False,0,,0.0,,0.0,4664.837079074565,1.2634986671382895,pulp_cbc,mean_total_cost,,total_load_exceeds_fleet_capacity,180,60,True,3976.5064158438454,3988.8999244824176,4735.9013939153865,4737.121772452003,,,,,,,,,,,
X-n176-k26,175,cargo,ortools:quantile_p75_or_tools,quantile_p75_or_tools,ortools,False,False,False,0,,0.0,,0.0,4664.837079074565,1.2634986671382895,pulp_cbc,mean_total_cost,,total_load_exceeds_fleet_capacity,180,60,True,3976.5064158438454,3988.8999244824176,4735.9013939153865,4737.121772452003,,,,,,,,,,,
X-n176-k26,175,cold_chain,ortools:quantile_p75_or_tools,quantile_p75_or_tools,ortools,False,False,False,0,,0.0,,0.0,4664.837079074565,1.2634986671382895,pulp_cbc,mean_total_cost,,total_load_exceeds_fleet_capacity,180,60,True,3976.5064158438454,3988.8999244824176,4735.9013939153865,4737.121772452003,,,,,,,,,,,
X-n176-k26,175,atm,ortools:quantile_p90_or_tools,quantile_p90_or_tools,ortools,False,False,False,0,,0.0,,0.0,5698.562871084598,1.5434894017022205,pulp_cbc,mean_total_cost,,single_node_exceeds_capacity,180,60,True,3976.5064158438454,3988.8999244824176,4735.9013939153865,4737.121772452003,,,,,,,,,,,
X-n176-k26,175,grocery,ortools:quantile_p90_or_tools,quantile_p90_or_tools,ortools,False,False,False,0,,0.0,,0.0,5698.562871084598,1.5434894017022205,pulp_cbc,mean_total_cost,,single_node_exceeds_capacity,180,60,True,3976.5064158438454,3988.8999244824176,4735.9013939153865,4737.121772452003,,,,,,,,,,,
X-n176-k26,175,cargo,ortools:quantile_p90_or_tools,quantile_p90_or_tools,ortools,False,False,False,0,,0.0,,0.0,5698.562871084598,1.5434894017022205,pulp_cbc,mean_total_cost,,single_node_exceeds_capacity,180,60,True,3976.5064158438454,3988.8999244824176,4735.9013939153865,4737.121772452003,,,,,,,,,,,
X-n176-k26,175,cold_chain,ortools:quantile_p90_or_tools,quantile_p90_or_tools,ortools,False,False,False,0,,0.0,,0.0,5698.562871084598,1.5434894017022205,pulp_cbc,mean_total_cost,,single_node_exceeds_capacity,180,60,True,3976.5064158438454,3988.8999244824176,4735.9013939153865,4737.121772452003,,,,,,,,,,,
X-n176-k26,175,atm,ortools:robust_mean_1std_or_tools,robust_mean_1std_or_tools,ortools,False,False,False,0,,0.0,,0.0,5319.461536539426,1.440807566776659,pulp_cbc,mean_total_cost,,single_node_exceeds_capacity,180,60,True,3976.5064158438454,3988.8999244824176,4735.9013939153865,4737.121772452003,,,,,,,,,,,
X-n176-k26,175,grocery,ortools:robust_mean_1std_or_tools,robust_mean_1std_or_tools,ortools,False,False,False,0,,0.0,,0.0,5319.461536539426,1.440807566776659,pulp_cbc,mean_total_cost,,single_node_exceeds_capacity,180,60,True,3976.5064158438454,3988.8999244824176,4735.9013939153865,4737.121772452003,,,,,,,,,,,
X-n176-k26,175,cargo,ortools:robust_mean_1std_or_tools,robust_mean_1std_or_tools,ortools,False,False,False,0,,0.0,,0.0,5319.461536539426,1.440807566776659,pulp_cbc,mean_total_cost,,single_node_exceeds_capacity,180,60,True,3976.5064158438454,3988.8999244824176,4735.9013939153865,4737.121772452003,,,,,,,,,,,
X-n176-k26,175,cold_chain,ortools:robust_mean_1std_or_tools,robust_mean_1std_or_tools,ortools,False,False,False,0,,0.0,,0.0,5319.461536539426,1.440807566776659,pulp_cbc,mean_total_cost,,single_node_exceeds_capacity,180,60,True,3976.5064158438454,3988.8999244824176,4735.9013939153865,4737.121772452003,,,,,,,,,,,
X-n176-k26,175,atm,ortools:robust_mean_2std_or_tools,robust_mean_2std_or_tools,ortools,False,False,False,0,,0.0,,0.0,6662.416657235005,1.804554890908723,pulp_cbc,mean_total_cost,,single_node_exceeds_capacity,180,60,True,3976.5064158438454,3988.8999244824176,4735.9013939153865,4737.121772452003,,,,,,,,,,,
X-n176-k26,175,grocery,ortools:robust_mean_2std_or_tools,robust_mean_2std_or_tools,ortools,False,False,False,0,,0.0,,0.0,6662.416657235005,1.804554890908723,pulp_cbc,mean_total_cost,,single_node_exceeds_capacity,180,60,True,3976.5064158438454,3988.8999244824176,4735.9013939153865,4737.121772452003,,,,,,,,,,,
X-n176-k26,175,cargo,ortools:robust_mean_2std_or_tools,robust_mean_2std_or_tools,ortools,False,False,False,0,,0.0,,0.0,6662.416657235005,1.804554890908723,pulp_cbc,mean_total_cost,,single_node_exceeds_capacity,180,60,True,3976.5064158438454,3988.8999244824176,4735.9013939153865,4737.121772452003,,,,,,,,,,,
X-n176-k26,175,cold_chain,ortools:robust_mean_2std_or_tools,robust_mean_2std_or_tools,ortools,False,False,False,0,,0.0,,0.0,6662.416657235005,1.804554890908723,pulp_cbc,mean_total_cost,,single_node_exceeds_capacity,180,60,True,3976.5064158438454,3988.8999244824176,4735.9013939153865,4737.121772452003,,,,,,,,,,,
X-n176-k26,175,atm,ortools:proxy_mean_scaled_or_tools,proxy_mean_scaled_or_tools,ortools,False,False,False,0,,4.998428106307983,,4.998428106307983,3673.54,0.995,pulp_cbc,mean_total_cost,,ortools_no_solution,180,60,True,3976.5064158438454,3988.8999244824176,4735.9013939153865,4737.121772452003,,,,,,,,,,,
X-n176-k26,175,grocery,ortools:proxy_mean_scaled_or_tools,proxy_mean_scaled_or_tools,ortools,False,False,False,0,,4.998428106307983,,4.998428106307983,3673.54,0.995,pulp_cbc,mean_total_cost,,ortools_no_solution,180,60,True,3976.5064158438454,3988.8999244824176,4735.9013939153865,4737.121772452003,,,,,,,,,,,
X-n176-k26,175,cargo,ortools:proxy_mean_scaled_or_tools,proxy_mean_scaled_or_tools,ortools,False,False,False,0,,4.998428106307983,,4.998428106307983,3673.54,0.995,pulp_cbc,mean_total_cost,,ortools_no_solution,180,60,True,3976.5064158438454,3988.8999244824176,4735.9013939153865,4737.121772452003,,,,,,,,,,,
X-n176-k26,175,cold_chain,ortools:proxy_mean_scaled_or_tools,proxy_mean_scaled_or_tools,ortools,False,False,False,0,,4.998428106307983,,4.998428106307983,3673.54,0.995,pulp_cbc,mean_total_cost,,ortools_no_solution,180,60,True,3976.5064158438454,3988.8999244824176,4735.9013939153865,4737.121772452003,,,,,,,,,,,
X-n176-k26,175,atm,ortools:quantile_p75_scaled_or_tools,quantile_p75_scaled_or_tools,ortools,False,False,False,0,,4.9994285106658936,,4.9994285106658936,3673.54,0.995,pulp_cbc,mean_total_cost,,ortools_no_solution,180,60,True,3976.5064158438454,3988.8999244824176,4735.9013939153865,4737.121772452003,,,,,,,,,,,
X-n176-k26,175,grocery,ortools:quantile_p75_scaled_or_tools,quantile_p75_scaled_or_tools,ortools,False,False,False,0,,4.9994285106658936,,4.9994285106658936,3673.54,0.995,pulp_cbc,mean_total_cost,,ortools_no_solution,180,60,True,3976.5064158438454,3988.8999244824176,4735.9013939153865,4737.121772452003,,,,,,,,,,,
X-n176-k26,175,cargo,ortools:quantile_p75_scaled_or_tools,quantile_p75_scaled_or_tools,ortools,False,False,False,0,,4.9994285106658936,,4.9994285106658936,3673.54,0.995,pulp_cbc,mean_total_cost,,ortools_no_solution,180,60,True,3976.5064158438454,3988.8999244824176,4735.9013939153865,4737.121772452003,,,,,,,,,,,
X-n176-k26,175,cold_chain,ortools:quantile_p75_scaled_or_tools,quantile_p75_scaled_or_tools,ortools,False,False,False,0,,4.9994285106658936,,4.9994285106658936,3673.54,0.995,pulp_cbc,mean_total_cost,,ortools_no_solution,180,60,True,3976.5064158438454,3988.8999244824176,4735.9013939153865,4737.121772452003,,,,,,,,,,,
X-n176-k26,175,atm,ortools:quantile_p90_scaled_or_tools,quantile_p90_scaled_or_tools,ortools,False,False,False,0,,5.004975318908691,,5.004975318908691,3673.54,0.995,pulp_cbc,mean_total_cost,,ortools_no_solution,180,60,True,3976.5064158438454,3988.8999244824176,4735.9013939153865,4737.121772452003,,,,,,,,,,,
X-n176-k26,175,grocery,ortools:quantile_p90_scaled_or_tools,quantile_p90_scaled_or_tools,ortools,False,False,False,0,,5.004975318908691,,5.004975318908691,3673.54,0.995,pulp_cbc,mean_total_cost,,ortools_no_solution,180,60,True,3976.5064158438454,3988.8999244824176,4735.9013939153865,4737.121772452003,,,,,,,,,,,
X-n176-k26,175,cargo,ortools:quantile_p90_scaled_or_tools,quantile_p90_scaled_or_tools,ortools,False,False,False,0,,5.004975318908691,,5.004975318908691,3673.54,0.995,pulp_cbc,mean_total_cost,,ortools_no_solution,180,60,True,3976.5064158438454,3988.8999244824176,4735.9013939153865,4737.121772452003,,,,,,,,,,,
X-n176-k26,175,cold_chain,ortools:quantile_p90_scaled_or_tools,quantile_p90_scaled_or_tools,ortools,False,False,False,0,,5.004975318908691,,5.004975318908691,3673.54,0.995,pulp_cbc,mean_total_cost,,ortools_no_solution,180,60,True,3976.5064158438454,3988.8999244824176,4735.9013939153865,4737.121772452003,,,,,,,,,,,
X-n176-k26,175,atm,ortools:robust_mean_1std_scaled_or_tools,robust_mean_1std_scaled_or_tools,ortools,False,False,False,0,,0.0,,0.0,3673.5399999999995,0.9949999999999999,pulp_cbc,mean_total_cost,,total_load_exceeds_fleet_capacity,180,60,True,3976.5064158438454,3988.8999244824176,4735.9013939153865,4737.121772452003,,,,,,,,,,,
X-n176-k26,175,grocery,ortools:robust_mean_1std_scaled_or_tools,robust_mean_1std_scaled_or_tools,ortools,False,False,False,0,,0.0,,0.0,3673.5399999999995,0.9949999999999999,pulp_cbc,mean_total_cost,,total_load_exceeds_fleet_capacity,180,60,True,3976.5064158438454,3988.8999244824176,4735.9013939153865,4737.121772452003,,,,,,,,,,,
X-n176-k26,175,cargo,ortools:robust_mean_1std_scaled_or_tools,robust_mean_1std_scaled_or_tools,ortools,False,False,False,0,,0.0,,0.0,3673.5399999999995,0.9949999999999999,pulp_cbc,mean_total_cost,,total_load_exceeds_fleet_capacity,180,60,True,3976.5064158438454,3988.8999244824176,4735.9013939153865,4737.121772452003,,,,,,,,,,,
X-n176-k26,175,cold_chain,ortools:robust_mean_1std_scaled_or_tools,robust_mean_1std_scaled_or_tools,ortools,False,False,False,0,,0.0,,0.0,3673.5399999999995,0.9949999999999999,pulp_cbc,mean_total_cost,,total_load_exceeds_fleet_capacity,180,60,True,3976.5064158438454,3988.8999244824176,4735.9013939153865,4737.121772452003,,,,,,,,,,,
X-n176-k26,175,atm,ortools:robust_mean_2std_scaled_or_tools,robust_mean_2std_scaled_or_tools,ortools,False,False,False,0,,4.998432159423828,,4.998432159423828,3673.540000000001,0.9950000000000002,pulp_cbc,mean_total_cost,,ortools_no_solution,180,60,True,3976.5064158438454,3988.8999244824176,4735.9013939153865,4737.121772452003,,,,,,,,,,,
X-n176-k26,175,grocery,ortools:robust_mean_2std_scaled_or_tools,robust_mean_2std_scaled_or_tools,ortools,False,False,False,0,,4.998432159423828,,4.998432159423828,3673.540000000001,0.9950000000000002,pulp_cbc,mean_total_cost,,ortools_no_solution,180,60,True,3976.5064158438454,3988.8999244824176,4735.9013939153865,4737.121772452003,,,,,,,,,,,
X-n176-k26,175,cargo,ortools:robust_mean_2std_scaled_or_tools,robust_mean_2std_scaled_or_tools,ortools,False,False,False,0,,4.998432159423828,,4.998432159423828,3673.540000000001,0.9950000000000002,pulp_cbc,mean_total_cost,,ortools_no_solution,180,60,True,3976.5064158438454,3988.8999244824176,4735.9013939153865,4737.121772452003,,,,,,,,,,,
X-n176-k26,175,cold_chain,ortools:robust_mean_2std_scaled_or_tools,robust_mean_2std_scaled_or_tools,ortools,False,False,False,0,,4.998432159423828,,4.998432159423828,3673.540000000001,0.9950000000000002,pulp_cbc,mean_total_cost,,ortools_no_solution,180,60,True,3976.5064158438454,3988.8999244824176,4735.9013939153865,4737.121772452003,,,,,,,,,,,
X-n181-k23,180,atm,ortools:nominal_or_tools,nominal_or_tools,ortools,True,True,True,23,26232.0,5.006552219390869,0.9694437980651855,5.975996017456055,180.0,0.9782608695652174,pulp_cbc,mean_total_cost,26308.672273118093,,180,60,True,197.95924832567653,198.6785845016122,228.80907667940576,229.20917736249467,159.83334841120256,184.00000012,26308.672273118093,26361.429821555954,26429.44821836779,20.134476781116216,35.193855007723116,0.438,21.929824345220723,76.6722731180917,0.0
X-n181-k23,180,grocery,ortools:nominal_or_tools,nominal_or_tools,ortools,True,True,True,23,26232.0,5.006552219390869,0.8405144214630127,5.847066640853882,180.0,0.9782608695652174,pulp_cbc,mean_total_cost,26280.96991929631,,180,60,True,197.95924832567653,198.6785845016122,228.80907667940576,229.20917736249467,75.15426507725716,184.00000018000003,26280.96991929631,26305.40570086752,26341.34450331273,20.070438354333156,35.190443985019286,0.43577777777777776,21.86578597843767,48.96991929630506,0.0
X-n181-k23,180,cargo,ortools:nominal_or_tools,nominal_or_tools,ortools,True,True,True,23,26232.0,5.006552219390869,1.0548181533813477,6.061370372772217,180.0,0.9782608695652174,pulp_cbc,mean_total_cost,26290.196162415206,,180,60,True,197.95924832567653,198.6785845016122,228.80907667940576,229.20917736249467,145.8125077601529,184.00000007,26290.196162415206,26332.668980639977,26382.99501551019,20.197191538655883,35.32908999299857,0.43933333333333335,21.9925390527604,58.196162415212505,0.0
X-n181-k23,180,cold_chain,ortools:nominal_or_tools,nominal_or_tools,ortools,True,True,True,23,26232.0,5.006552219390869,0.895362377166748,5.901914596557617,180.0,0.9782608695652174,pulp_cbc,mean_total_cost,26335.60558614547,,180,60,True,197.95924832567653,198.6785845016122,228.80907667940576,229.20917736249467,166.65173155008748,184.0,26335.60558614547,26365.283535634753,26412.735213319724,20.13194948273869,35.156517714301714,0.4351111111111111,21.927296926843198,70.38027209030612,33.22531405516114
X-n181-k23,180,atm,ortools:proxy_mean_or_tools,proxy_mean_or_tools,ortools,True,True,True,23,26232.0,4.998366355895996,0.900658369064331,5.899024724960327,197.95924832567653,1.0758654800308507,pulp_cbc,mean_total_cost,26308.672273118093,,180,60,True,197.95924832567653,198.6785845016122,228.80907667940576,229.20917736249467,159.83334841120256,184.00000012,26308.672273118093,26361.429821555954,26429.44821836779,20.134476781116216,35.193855007723116,0.438,21.929824345220723,76.6722731180917,0.0
X-n181-k23,180,grocery,ortools:proxy_mean_or_tools,proxy_mean_or_tools,ortools,True,True,True,23,26232.0,4.998366355895996,0.8030593395233154,5.8014256954193115,197.95924832567653,1.0758654800308507,pulp_cbc,mean_total_cost,26280.96991929631,,180,60,True,197.95924832567653,198.6785845016122,228.80907667940576,229.20917736249467,75.15426507725716,184.00000018000003,26280.96991929631,26305.40570086752,26341.34450331273,20.070438354333156,35.190443985019286,0.43577777777777776,21.86578597843767,48.96991929630506,0.0
X-n181-k23,180,cargo,ortools:proxy_mean_or_tools,proxy_mean_or_tools,ortools,True,True,True,23,26232.0,4.998366355895996,1.0452942848205566,6.043660640716553,197.95924832567653,1.0758654800308507,pulp_cbc,mean_total_cost,26290.196162415206,,180,60,True,197.95924832567653,198.6785845016122,228.80907667940576,229.20917736249467,145.8125077601529,184.00000007,26290.196162415206,26332.668980639977,26382.99501551019,20.197191538655883,35.32908999299857,0.43933333333333335,21.9925390527604,58.196162415212505,0.0
X-n181-k23,180,cold_chain,ortools:proxy_mean_or_tools,proxy_mean_or_tools,ortools,True,True,True,23,26232.0,4.998366355895996,0.8700323104858398,5.868398666381836,197.95924832567653,1.0758654800308507,pulp_cbc,mean_total_cost,26335.60558614547,,180,60,True,197.95924832567653,198.6785845016122,228.80907667940576,229.20917736249467,166.65173155008748,184.0,26335.60558614547,26365.283535634753,26412.735213319724,20.13194948273869,35.156517714301714,0.4351111111111111,21.927296926843198,70.38027209030612,33.22531405516114
X-n181-k23,180,atm,ortools:quantile_p75_or_tools,quantile_p75_or_tools,ortools,True,True,True,23,26232.0,5.011801719665527,0.9367415904998779,5.948543310165405,228.5447450111068,1.2420910054951457,pulp_cbc,mean_total_cost,26308.672273118093,,180,60,True,197.95924832567653,198.6785845016122,228.80907667940576,229.20917736249467,159.83334841120256,184.00000012,26308.672273118093,26361.429821555954,26429.44821836779,20.134476781116216,35.193855007723116,0.438,21.929824345220723,76.6722731180917,0.0
X-n181-k23,180,grocery,ortools:quantile_p75_or_tools,quantile_p75_or_tools,ortools,True,True,True,23,26232.0,5.011801719665527,0.8624215126037598,5.874223232269287,228.5447450111068,1.2420910054951457,pulp_cbc,mean_total_cost,26280.96991929631,,180,60,True,197.95924832567653,198.6785845016122,228.80907667940576,229.20917736249467,75.15426507725716,184.00000018000003,26280.96991929631,26305.40570086752,26341.34450331273,20.070438354333156,35.190443985019286,0.43577777777777776,21.86578597843767,48.96991929630506,0.0
X-n181-k23,180,cargo,ortools:quantile_p75_or_tools,quantile_p75_or_tools,ortools,True,True,True,23,26232.0,5.011801719665527,1.1231834888458252,6.1349852085113525,228.5447450111068,1.2420910054951457,pulp_cbc,mean_total_cost,26290.196162415206,,180,60,True,197.95924832567653,198.6785845016122,228.80907667940576,229.20917736249467,145.8125077601529,184.00000007,26290.196162415206,26332.668980639977,26382.99501551019,20.197191538655883,35.32908999299857,0.43933333333333335,21.9925390527604,58.196162415212505,0.0
X-n181-k23,180,cold_chain,ortools:quantile_p75_or_tools,quantile_p75_or_tools,ortools,True,True,True,23,26232.0,5.011801719665527,0.9480571746826172,5.9598588943481445,228.5447450111068,1.2420910054951457,pulp_cbc,mean_total_cost,26335.60558614547,,180,60,True,197.95924832567653,198.6785845016122,228.80907667940576,229.20917736249467,166.65173155008748,184.0,26335.60558614547,26365.283535634753,26412.735213319724,20.13194948273869,35.156517714301714,0.4351111111111111,21.927296926843198,70.38027209030612,33.22531405516114
X-n181-k23,180,atm,ortools:quantile_p90_or_tools,quantile_p90_or_tools,ortools,False,False,False,0,,0.0,,0.0,270.7294621419194,1.4713557725104314,pulp_cbc,mean_total_cost,,total_load_exceeds_fleet_capacity,180,60,True,197.95924832567653,198.6785845016122,228.80907667940576,229.20917736249467,,,,,,,,,,,
X-n181-k23,180,grocery,ortools:quantile_p90_or_tools,quantile_p90_or_tools,ortools,False,False,False,0,,0.0,,0.0,270.7294621419194,1.4713557725104314,pulp_cbc,mean_total_cost,,total_load_exceeds_fleet_capacity,180,60,True,197.95924832567653,198.6785845016122,228.80907667940576,229.20917736249467,,,,,,,,,,,
X-n181-k23,180,cargo,ortools:quantile_p90_or_tools,quantile_p90_or_tools,ortools,False,False,False,0,,0.0,,0.0,270.7294621419194,1.4713557725104314,pulp_cbc,mean_total_cost,,total_load_exceeds_fleet_capacity,180,60,True,197.95924832567653,198.6785845016122,228.80907667940576,229.20917736249467,,,,,,,,,,,
X-n181-k23,180,cold_chain,ortools:quantile_p90_or_tools,quantile_p90_or_tools,ortools,False,False,False,0,,0.0,,0.0,270.7294621419194,1.4713557725104314,pulp_cbc,mean_total_cost,,total_load_exceeds_fleet_capacity,180,60,True,197.95924832567653,198.6785845016122,228.80907667940576,229.20917736249467,,,,,,,,,,,
X-n181-k23,180,atm,ortools:robust_mean_1std_or_tools,robust_mean_1std_or_tools,ortools,False,False,False,0,,0.0,,0.0,255.12446602964397,1.3865460110306738,pulp_cbc,mean_total_cost,,total_load_exceeds_fleet_capacity,180,60,True,197.95924832567653,198.6785845016122,228.80907667940576,229.20917736249467,,,,,,,,,,,
X-n181-k23,180,grocery,ortools:robust_mean_1std_or_tools,robust_mean_1std_or_tools,ortools,False,False,False,0,,0.0,,0.0,255.12446602964397,1.3865460110306738,pulp_cbc,mean_total_cost,,total_load_exceeds_fleet_capacity,180,60,True,197.95924832567653,198.6785845016122,228.80907667940576,229.20917736249467,,,,,,,,,,,
X-n181-k23,180,cargo,ortools:robust_mean_1std_or_tools,robust_mean_1std_or_tools,ortools,False,False,False,0,,0.0,,0.0,255.12446602964397,1.3865460110306738,pulp_cbc,mean_total_cost,,total_load_exceeds_fleet_capacity,180,60,True,197.95924832567653,198.6785845016122,228.80907667940576,229.20917736249467,,,,,,,,,,,
X-n181-k23,180,cold_chain,ortools:robust_mean_1std_or_tools,robust_mean_1std_or_tools,ortools,False,False,False,0,,0.0,,0.0,255.12446602964397,1.3865460110306738,pulp_cbc,mean_total_cost,,total_load_exceeds_fleet_capacity,180,60,True,197.95924832567653,198.6785845016122,228.80907667940576,229.20917736249467,,,,,,,,,,,
X-n181-k23,180,atm,ortools:robust_mean_2std_or_tools,robust_mean_2std_or_tools,ortools,False,False,False,0,,0.0,,0.0,312.28968373361135,1.6972265420304964,pulp_cbc,mean_total_cost,,total_load_exceeds_fleet_capacity,180,60,True,197.95924832567653,198.6785845016122,228.80907667940576,229.20917736249467,,,,,,,,,,,
X-n181-k23,180,grocery,ortools:robust_mean_2std_or_tools,robust_mean_2std_or_tools,ortools,False,False,False,0,,0.0,,0.0,312.28968373361135,1.6972265420304964,pulp_cbc,mean_total_cost,,total_load_exceeds_fleet_capacity,180,60,True,197.95924832567653,198.6785845016122,228.80907667940576,229.20917736249467,,,,,,,,,,,
X-n181-k23,180,cargo,ortools:robust_mean_2std_or_tools,robust_mean_2std_or_tools,ortools,False,False,False,0,,0.0,,0.0,312.28968373361135,1.6972265420304964,pulp_cbc,mean_total_cost,,total_load_exceeds_fleet_capacity,180,60,True,197.95924832567653,198.6785845016122,228.80907667940576,229.20917736249467,,,,,,,,,,,
X-n181-k23,180,cold_chain,ortools:robust_mean_2std_or_tools,robust_mean_2std_or_tools,ortools,False,False,False,0,,0.0,,0.0,312.28968373361135,1.6972265420304964,pulp_cbc,mean_total_cost,,total_load_exceeds_fleet_capacity,180,60,True,197.95924832567653,198.6785845016122,228.80907667940576,229.20917736249467,,,,,,,,,,,
X-n181-k23,180,atm,ortools:proxy_mean_scaled_or_tools,proxy_mean_scaled_or_tools,ortools,True,True,True,23,26232.0,4.999528408050537,0.9106504917144775,5.910178899765015,183.08,0.9950000000000001,pulp_cbc,mean_total_cost,26308.672273118093,,180,60,True,197.95924832567653,198.6785845016122,228.80907667940576,229.20917736249467,159.83334841120256,184.00000012,26308.672273118093,26361.429821555954,26429.44821836779,20.134476781116216,35.193855007723116,0.438,21.929824345220723,76.6722731180917,0.0
X-n181-k23,180,grocery,ortools:proxy_mean_scaled_or_tools,proxy_mean_scaled_or_tools,ortools,True,True,True,23,26232.0,4.999528408050537,0.8311543464660645,5.830682754516602,183.08,0.9950000000000001,pulp_cbc,mean_total_cost,26280.96991929631,,180,60,True,197.95924832567653,198.6785845016122,228.80907667940576,229.20917736249467,75.15426507725716,184.00000018000003,26280.96991929631,26305.40570086752,26341.34450331273,20.070438354333156,35.190443985019286,0.43577777777777776,21.86578597843767,48.96991929630506,0.0
X-n181-k23,180,cargo,ortools:proxy_mean_scaled_or_tools,proxy_mean_scaled_or_tools,ortools,True,True,True,23,26232.0,4.999528408050537,1.103858232498169,6.103386640548706,183.08,0.9950000000000001,pulp_cbc,mean_total_cost,26290.196162415206,,180,60,True,197.95924832567653,198.6785845016122,228.80907667940576,229.20917736249467,145.8125077601529,184.00000007,26290.196162415206,26332.668980639977,26382.99501551019,20.197191538655883,35.32908999299857,0.43933333333333335,21.9925390527604,58.196162415212505,0.0
X-n181-k23,180,cold_chain,ortools:proxy_mean_scaled_or_tools,proxy_mean_scaled_or_tools,ortools,True,True,True,23,26232.0,4.999528408050537,0.86788010597229,5.867408514022827,183.08,0.9950000000000001,pulp_cbc,mean_total_cost,26335.60558614547,,180,60,True,197.95924832567653,198.6785845016122,228.80907667940576,229.20917736249467,166.65173155008748,184.0,26335.60558614547,26365.283535634753,26412.735213319724,20.13194948273869,35.156517714301714,0.4351111111111111,21.927296926843198,70.38027209030612,33.22531405516114
X-n181-k23,180,atm,ortools:quantile_p75_scaled_or_tools,quantile_p75_scaled_or_tools,ortools,True,True,True,23,26232.0,4.996362924575806,0.958892822265625,5.955255746841431,183.08000000000004,0.9950000000000002,pulp_cbc,mean_total_cost,26308.672273118093,,180,60,True,197.95924832567653,198.6785845016122,228.80907667940576,229.20917736249467,159.83334841120256,184.00000012,26308.672273118093,26361.429821555954,26429.44821836779,20.134476781116216,35.193855007723116,0.438,21.929824345220723,76.6722731180917,0.0
X-n181-k23,180,grocery,ortools:quantile_p75_scaled_or_tools,quantile_p75_scaled_or_tools,ortools,True,True,True,23,26232.0,4.996362924575806,0.8305952548980713,5.826958179473877,183.08000000000004,0.9950000000000002,pulp_cbc,mean_total_cost,26280.96991929631,,180,60,True,197.95924832567653,198.6785845016122,228.80907667940576,229.20917736249467,75.15426507725716,184.00000018000003,26280.96991929631,26305.40570086752,26341.34450331273,20.070438354333156,35.190443985019286,0.43577777777777776,21.86578597843767,48.96991929630506,0.0
X-n181-k23,180,cargo,ortools:quantile_p75_scaled_or_tools,quantile_p75_scaled_or_tools,ortools,True,True,True,23,26232.0,4.996362924575806,1.0696525573730469,6.0660154819488525,183.08000000000004,0.9950000000000002,pulp_cbc,mean_total_cost,26290.196162415206,,180,60,True,197.95924832567653,198.6785845016122,228.80907667940576,229.20917736249467,145.8125077601529,184.00000007,26290.196162415206,26332.668980639977,26382.99501551019,20.197191538655883,35.32908999299857,0.43933333333333335,21.9925390527604,58.196162415212505,0.0
X-n181-k23,180,cold_chain,ortools:quantile_p75_scaled_or_tools,quantile_p75_scaled_or_tools,ortools,True,True,True,23,26232.0,4.996362924575806,0.880526065826416,5.876888990402222,183.08000000000004,0.9950000000000002,pulp_cbc,mean_total_cost,26335.60558614547,,180,60,True,197.95924832567653,198.6785845016122,228.80907667940576,229.20917736249467,166.65173155008748,184.0,26335.60558614547,26365.283535634753,26412.735213319724,20.13194948273869,35.156517714301714,0.4351111111111111,21.927296926843198,70.38027209030612,33.22531405516114
X-n181-k23,180,atm,ortools:quantile_p90_scaled_or_tools,quantile_p90_scaled_or_tools,ortools,True,True,True,23,26232.0,5.003079891204834,0.9276423454284668,5.930722236633301,183.08000000000004,0.9950000000000002,pulp_cbc,mean_total_cost,26308.672273118093,,180,60,True,197.95924832567653,198.6785845016122,228.80907667940576,229.20917736249467,159.83334841120256,184.00000012,26308.672273118093,26361.429821555954,26429.44821836779,20.134476781116216,35.193855007723116,0.438,21.929824345220723,76.6722731180917,0.0
X-n181-k23,180,grocery,ortools:quantile_p90_scaled_or_tools,quantile_p90_scaled_or_tools,ortools,True,True,True,23,26232.0,5.003079891204834,0.9040408134460449,5.907120704650879,183.08000000000004,0.9950000000000002,pulp_cbc,mean_total_cost,26280.96991929631,,180,60,True,197.95924832567653,198.6785845016122,228.80907667940576,229.20917736249467,75.15426507725716,184.00000018000003,26280.96991929631,26305.40570086752,26341.34450331273,20.070438354333156,35.190443985019286,0.43577777777777776,21.86578597843767,48.96991929630506,0.0
X-n181-k23,180,cargo,ortools:quantile_p90_scaled_or_tools,quantile_p90_scaled_or_tools,ortools,True,True,True,23,26232.0,5.003079891204834,1.0890352725982666,6.092115163803101,183.08000000000004,0.9950000000000002,pulp_cbc,mean_total_cost,26290.196162415206,,180,60,True,197.95924832567653,198.6785845016122,228.80907667940576,229.20917736249467,145.8125077601529,184.00000007,26290.196162415206,26332.668980639977,26382.99501551019,20.197191538655883,35.32908999299857,0.43933333333333335,21.9925390527604,58.196162415212505,0.0
X-n181-k23,180,cold_chain,ortools:quantile_p90_scaled_or_tools,quantile_p90_scaled_or_tools,ortools,True,True,True,23,26232.0,5.003079891204834,0.8637537956237793,5.866833686828613,183.08000000000004,0.9950000000000002,pulp_cbc,mean_total_cost,26335.60558614547,,180,60,True,197.95924832567653,198.6785845016122,228.80907667940576,229.20917736249467,166.65173155008748,184.0,26335.60558614547,26365.283535634753,26412.735213319724,20.13194948273869,35.156517714301714,0.4351111111111111,21.927296926843198,70.38027209030612,33.22531405516114
X-n181-k23,180,atm,ortools:robust_mean_1std_scaled_or_tools,robust_mean_1std_scaled_or_tools,ortools,True,True,True,23,26232.0,4.997183084487915,0.9324448108673096,5.929627895355225,183.08000000000004,0.9950000000000002,pulp_cbc,mean_total_cost,26308.672273118093,,180,60,True,197.95924832567653,198.6785845016122,228.80907667940576,229.20917736249467,159.83334841120256,184.00000012,26308.672273118093,26361.429821555954,26429.44821836779,20.134476781116216,35.193855007723116,0.438,21.929824345220723,76.6722731180917,0.0
X-n181-k23,180,grocery,ortools:robust_mean_1std_scaled_or_tools,robust_mean_1std_scaled_or_tools,ortools,True,True,True,23,26232.0,4.997183084487915,0.8360168933868408,5.833199977874756,183.08000000000004,0.9950000000000002,pulp_cbc,mean_total_cost,26280.96991929631,,180,60,True,197.95924832567653,198.6785845016122,228.80907667940576,229.20917736249467,75.15426507725716,184.00000018000003,26280.96991929631,26305.40570086752,26341.34450331273,20.070438354333156,35.190443985019286,0.43577777777777776,21.86578597843767,48.96991929630506,0.0
X-n181-k23,180,cargo,ortools:robust_mean_1std_scaled_or_tools,robust_mean_1std_scaled_or_tools,ortools,True,True,True,23,26232.0,4.997183084487915,1.0745010375976562,6.071684122085571,183.08000000000004,0.9950000000000002,pulp_cbc,mean_total_cost,26290.196162415206,,180,60,True,197.95924832567653,198.6785845016122,228.80907667940576,229.20917736249467,145.8125077601529,184.00000007,26290.196162415206,26332.668980639977,26382.99501551019,20.197191538655883,35.32908999299857,0.43933333333333335,21.9925390527604,58.196162415212505,0.0
X-n181-k23,180,cold_chain,ortools:robust_mean_1std_scaled_or_tools,robust_mean_1std_scaled_or_tools,ortools,True,True,True,23,26232.0,4.997183084487915,0.943218469619751,5.940401554107666,183.08000000000004,0.9950000000000002,pulp_cbc,mean_total_cost,26335.60558614547,,180,60,True,197.95924832567653,198.6785845016122,228.80907667940576,229.20917736249467,166.65173155008748,184.0,26335.60558614547,26365.283535634753,26412.735213319724,20.13194948273869,35.156517714301714,0.4351111111111111,21.927296926843198,70.38027209030612,33.22531405516114
X-n181-k23,180,atm,ortools:robust_mean_2std_scaled_or_tools,robust_mean_2std_scaled_or_tools,ortools,True,True,True,23,26232.0,5.00539493560791,0.8858637809753418,5.891258716583252,183.08,0.9950000000000001,pulp_cbc,mean_total_cost,26308.672273118093,,180,60,True,197.95924832567653,198.6785845016122,228.80907667940576,229.20917736249467,159.83334841120256,184.00000012,26308.672273118093,26361.429821555954,26429.44821836779,20.134476781116216,35.193855007723116,0.438,21.929824345220723,76.6722731180917,0.0
X-n181-k23,180,grocery,ortools:robust_mean_2std_scaled_or_tools,robust_mean_2std_scaled_or_tools,ortools,True,True,True,23,26232.0,5.00539493560791,0.8668406009674072,5.872235536575317,183.08,0.9950000000000001,pulp_cbc,mean_total_cost,26280.96991929631,,180,60,True,197.95924832567653,198.6785845016122,228.80907667940576,229.20917736249467,75.15426507725716,184.00000018000003,26280.96991929631,26305.40570086752,26341.34450331273,20.070438354333156,35.190443985019286,0.43577777777777776,21.86578597843767,48.96991929630506,0.0
X-n181-k23,180,cargo,ortools:robust_mean_2std_scaled_or_tools,robust_mean_2std_scaled_or_tools,ortools,True,True,True,23,26232.0,5.00539493560791,1.0764153003692627,6.081810235977173,183.08,0.9950000000000001,pulp_cbc,mean_total_cost,26290.196162415206,,180,60,True,197.95924832567653,198.6785845016122,228.80907667940576,229.20917736249467,145.8125077601529,184.00000007,26290.196162415206,26332.668980639977,26382.99501551019,20.197191538655883,35.32908999299857,0.43933333333333335,21.9925390527604,58.196162415212505,0.0
X-n181-k23,180,cold_chain,ortools:robust_mean_2std_scaled_or_tools,robust_mean_2std_scaled_or_tools,ortools,True,True,True,23,26232.0,5.00539493560791,0.8646330833435059,5.870028018951416,183.08,0.9950000000000001,pulp_cbc,mean_total_cost,26335.60558614547,,180,60,True,197.95924832567653,198.6785845016122,228.80907667940576,229.20917736249467,166.65173155008748,184.0,26335.60558614547,26365.283535634753,26412.735213319724,20.13194948273869,35.156517714301714,0.4351111111111111,21.927296926843198,70.38027209030612,33.22531405516114
X-n186-k15,185,atm,ortools:nominal_or_tools,nominal_or_tools,ortools,True,True,True,15,25982.0,5.000514984130859,1.1521151065826416,6.152630090713501,13853.0,0.948186173853525,pulp_cbc,mean_total_cost,32112.8356977536,,180,60,True,15309.918049106675,15348.692003297172,18004.971786960705,18023.357427310362,12220.391178127826,14343.799855,32112.8356977536,38226.97655087672,43781.585330017566,1577.7770544373705,3295.1498174657195,0.41243243243243244,1936.0507017146313,6130.835697753599,0.0
X-n186-k15,185,grocery,ortools:nominal_or_tools,nominal_or_tools,ortools,True,True,True,15,25982.0,5.000514984130859,0.9412171840667725,5.941732168197632,13853.0,0.948186173853525,pulp_cbc,mean_total_cost,29945.522734983788,,180,60,True,15309.918049106675,15348.692003297172,18004.971786960705,18023.357427310362,5832.649495699479,14245.466772,29945.522734983788,32878.45162898503,35834.106381755475,1582.5945774304882,3322.369188731112,0.41286486486486484,1842.5351417077493,3963.522734983785,0.0
X-n186-k15,185,cargo,ortools:nominal_or_tools,nominal_or_tools,ortools,True,True,True,15,25982.0,5.000514984130859,1.2148692607879639,6.215384244918823,13853.0,0.948186173853525,pulp_cbc,mean_total_cost,30634.289031294404,,180,60,True,15309.918049106675,15348.692003297172,18004.971786960705,18023.357427310362,11044.801047369541,14389.361476999999,30634.289031294404,35399.548552649365,39569.73531629684,1582.3717028811595,3290.216458686233,0.41205405405405404,1986.20697215842,4652.289031294397,0.0
X-n186-k15,185,cold_chain,ortools:nominal_or_tools,nominal_or_tools,ortools,True,True,True,15,25982.0,5.000514984130859,1.1782708168029785,6.178785800933838,13853.0,0.948186173853525,pulp_cbc,mean_total_cost,34349.420583071915,,180,60,True,15309.918049106675,15348.692003297172,18004.971786960705,18023.357427310362,12906.213090982705,14223.365054000002,34349.420583071915,37977.237133358925,41919.318792840044,1590.0930002231191,3325.337597368472,0.41156756756756757,1827.9318465003794,5729.417079919984,2638.0035031519315
X-n186-k15,185,atm,ortools:proxy_mean_or_tools,proxy_mean_or_tools,ortools,False,False,False,0,,0.0,,0.0,15309.918049106676,1.047906779541867,pulp_cbc,mean_total_cost,,total_load_exceeds_fleet_capacity,180,60,True,15309.918049106675,15348.692003297172,18004.971786960705,18023.357427310362,,,,,,,,,,,
X-n186-k15,185,grocery,ortools:proxy_mean_or_tools,proxy_mean_or_tools,ortools,False,False,False,0,,0.0,,0.0,15309.918049106676,1.047906779541867,pulp_cbc,mean_total_cost,,total_load_exceeds_fleet_capacity,180,60,True,15309.918049106675,15348.692003297172,18004.971786960705,18023.357427310362,,,,,,,,,,,
X-n186-k15,185,cargo,ortools:proxy_mean_or_tools,proxy_mean_or_tools,ortools,False,False,False,0,,0.0,,0.0,15309.918049106676,1.047906779541867,pulp_cbc,mean_total_cost,,total_load_exceeds_fleet_capacity,180,60,True,15309.918049106675,15348.692003297172,18004.971786960705,18023.357427310362,,,,,,,,,,,
X-n186-k15,185,cold_chain,ortools:proxy_mean_or_tools,proxy_mean_or_tools,ortools,False,False,False,0,,0.0,,0.0,15309.918049106676,1.047906779541867,pulp_cbc,mean_total_cost,,total_load_exceeds_fleet_capacity,180,60,True,15309.918049106675,15348.692003297172,18004.971786960705,18023.357427310362,,,,,,,,,,,
X-n186-k15,185,atm,ortools:quantile_p75_or_tools,quantile_p75_or_tools,ortools,False,False,False,0,,0.0,,0.0,17747.330784172096,1.2147385889234836,pulp_cbc,mean_total_cost,,total_load_exceeds_fleet_capacity,180,60,True,15309.918049106675,15348.692003297172,18004.971786960705,18023.357427310362,,,,,,,,,,,
X-n186-k15,185,grocery,ortools:quantile_p75_or_tools,quantile_p75_or_tools,ortools,False,False,False,0,,0.0,,0.0,17747.330784172096,1.2147385889234836,pulp_cbc,mean_total_cost,,total_load_exceeds_fleet_capacity,180,60,True,15309.918049106675,15348.692003297172,18004.971786960705,18023.357427310362,,,,,,,,,,,
X-n186-k15,185,cargo,ortools:quantile_p75_or_tools,quantile_p75_or_tools,ortools,False,False,False,0,,0.0,,0.0,17747.330784172096,1.2147385889234836,pulp_cbc,mean_total_cost,,total_load_exceeds_fleet_capacity,180,60,True,15309.918049106675,15348.692003297172,18004.971786960705,18023.357427310362,,,,,,,,,,,
X-n186-k15,185,cold_chain,ortools:quantile_p75_or_tools,quantile_p75_or_tools,ortools,False,False,False,0,,0.0,,0.0,17747.330784172096,1.2147385889234836,pulp_cbc,mean_total_cost,,total_load_exceeds_fleet_capacity,180,60,True,15309.918049106675,15348.692003297172,18004.971786960705,18023.357427310362,,,,,,,,,,,
X-n186-k15,185,atm,ortools:quantile_p90_or_tools,quantile_p90_or_tools,ortools,False,False,False,0,,0.0,,0.0,21205.232642457766,1.451419072036808,pulp_cbc,mean_total_cost,,total_load_exceeds_fleet_capacity,180,60,True,15309.918049106675,15348.692003297172,18004.971786960705,18023.357427310362,,,,,,,,,,,
X-n186-k15,185,grocery,ortools:quantile_p90_or_tools,quantile_p90_or_tools,ortools,False,False,False,0,,0.0,,0.0,21205.232642457766,1.451419072036808,pulp_cbc,mean_total_cost,,total_load_exceeds_fleet_capacity,180,60,True,15309.918049106675,15348.692003297172,18004.971786960705,18023.357427310362,,,,,,,,,,,
X-n186-k15,185,cargo,ortools:quantile_p90_or_tools,quantile_p90_or_tools,ortools,False,False,False,0,,0.0,,0.0,21205.232642457766,1.451419072036808,pulp_cbc,mean_total_cost,,total_load_exceeds_fleet_capacity,180,60,True,15309.918049106675,15348.692003297172,18004.971786960705,18023.357427310362,,,,,,,,,,,
X-n186-k15,185,cold_chain,ortools:quantile_p90_or_tools,quantile_p90_or_tools,ortools,False,False,False,0,,0.0,,0.0,21205.232642457766,1.451419072036808,pulp_cbc,mean_total_cost,,total_load_exceeds_fleet_capacity,180,60,True,15309.918049106675,15348.692003297172,18004.971786960705,18023.357427310362,,,,,,,,,,,
X-n186-k15,185,atm,ortools:robust_mean_1std_or_tools,robust_mean_1std_or_tools,ortools,False,False,False,0,,0.0,,0.0,19848.88202930581,1.3585819321906782,pulp_cbc,mean_total_cost,,total_load_exceeds_fleet_capacity,180,60,True,15309.918049106675,15348.692003297172,18004.971786960705,18023.357427310362,,,,,,,,,,,
X-n186-k15,185,grocery,ortools:robust_mean_1std_or_tools,robust_mean_1std_or_tools,ortools,False,False,False,0,,0.0,,0.0,19848.88202930581,1.3585819321906782,pulp_cbc,mean_total_cost,,total_load_exceeds_fleet_capacity,180,60,True,15309.918049106675,15348.692003297172,18004.971786960705,18023.357427310362,,,,,,,,,,,
X-n186-k15,185,cargo,ortools:robust_mean_1std_or_tools,robust_mean_1std_or_tools,ortools,False,False,False,0,,0.0,,0.0,19848.88202930581,1.3585819321906782,pulp_cbc,mean_total_cost,,total_load_exceeds_fleet_capacity,180,60,True,15309.918049106675,15348.692003297172,18004.971786960705,18023.357427310362,,,,,,,,,,,
X-n186-k15,185,cold_chain,ortools:robust_mean_1std_or_tools,robust_mean_1std_or_tools,ortools,False,False,False,0,,0.0,,0.0,19848.88202930581,1.3585819321906782,pulp_cbc,mean_total_cost,,total_load_exceeds_fleet_capacity,180,60,True,15309.918049106675,15348.692003297172,18004.971786960705,18023.357427310362,,,,,,,,,,,
X-n186-k15,185,atm,ortools:robust_mean_2std_or_tools,robust_mean_2std_or_tools,ortools,False,False,False,0,,0.0,,0.0,24387.846009504945,1.6692570848394896,pulp_cbc,mean_total_cost,,total_load_exceeds_fleet_capacity,180,60,True,15309.918049106675,15348.692003297172,18004.971786960705,18023.357427310362,,,,,,,,,,,
X-n186-k15,185,grocery,ortools:robust_mean_2std_or_tools,robust_mean_2std_or_tools,ortools,False,False,False,0,,0.0,,0.0,24387.846009504945,1.6692570848394896,pulp_cbc,mean_total_cost,,total_load_exceeds_fleet_capacity,180,60,True,15309.918049106675,15348.692003297172,18004.971786960705,18023.357427310362,,,,,,,,,,,
X-n186-k15,185,cargo,ortools:robust_mean_2std_or_tools,robust_mean_2std_or_tools,ortools,False,False,False,0,,0.0,,0.0,24387.846009504945,1.6692570848394896,pulp_cbc,mean_total_cost,,total_load_exceeds_fleet_capacity,180,60,True,15309.918049106675,15348.692003297172,18004.971786960705,18023.357427310362,,,,,,,,,,,
X-n186-k15,185,cold_chain,ortools:robust_mean_2std_or_tools,robust_mean_2std_or_tools,ortools,False,False,False,0,,0.0,,0.0,24387.846009504945,1.6692570848394896,pulp_cbc,mean_total_cost,,total_load_exceeds_fleet_capacity,180,60,True,15309.918049106675,15348.692003297172,18004.971786960705,18023.357427310362,,,,,,,,,,,
X-n186-k15,185,atm,ortools:proxy_mean_scaled_or_tools,proxy_mean_scaled_or_tools,ortools,False,False,False,0,,5.000749826431274,,5.000749826431274,14536.950000000003,0.9950000000000002,pulp_cbc,mean_total_cost,,ortools_no_solution,180,60,True,15309.918049106675,15348.692003297172,18004.971786960705,18023.357427310362,,,,,,,,,,,
X-n186-k15,185,grocery,ortools:proxy_mean_scaled_or_tools,proxy_mean_scaled_or_tools,ortools,False,False,False,0,,5.000749826431274,,5.000749826431274,14536.950000000003,0.9950000000000002,pulp_cbc,mean_total_cost,,ortools_no_solution,180,60,True,15309.918049106675,15348.692003297172,18004.971786960705,18023.357427310362,,,,,,,,,,,
X-n186-k15,185,cargo,ortools:proxy_mean_scaled_or_tools,proxy_mean_scaled_or_tools,ortools,False,False,False,0,,5.000749826431274,,5.000749826431274,14536.950000000003,0.9950000000000002,pulp_cbc,mean_total_cost,,ortools_no_solution,180,60,True,15309.918049106675,15348.692003297172,18004.971786960705,18023.357427310362,,,,,,,,,,,
X-n186-k15,185,cold_chain,ortools:proxy_mean_scaled_or_tools,proxy_mean_scaled_or_tools,ortools,False,False,False,0,,5.000749826431274,,5.000749826431274,14536.950000000003,0.9950000000000002,pulp_cbc,mean_total_cost,,ortools_no_solution,180,60,True,15309.918049106675,15348.692003297172,18004.971786960705,18023.357427310362,,,,,,,,,,,
X-n186-k15,185,atm,ortools:quantile_p75_scaled_or_tools,quantile_p75_scaled_or_tools,ortools,False,False,False,0,,5.002293348312378,,5.002293348312378,14536.95,0.995,pulp_cbc,mean_total_cost,,ortools_no_solution,180,60,True,15309.918049106675,15348.692003297172,18004.971786960705,18023.357427310362,,,,,,,,,,,
X-n186-k15,185,grocery,ortools:quantile_p75_scaled_or_tools,quantile_p75_scaled_or_tools,ortools,False,False,False,0,,5.002293348312378,,5.002293348312378,14536.95,0.995,pulp_cbc,mean_total_cost,,ortools_no_solution,180,60,True,15309.918049106675,15348.692003297172,18004.971786960705,18023.357427310362,,,,,,,,,,,
X-n186-k15,185,cargo,ortools:quantile_p75_scaled_or_tools,quantile_p75_scaled_or_tools,ortools,False,False,False,0,,5.002293348312378,,5.002293348312378,14536.95,0.995,pulp_cbc,mean_total_cost,,ortools_no_solution,180,60,True,15309.918049106675,15348.692003297172,18004.971786960705,18023.357427310362,,,,,,,,,,,
X-n186-k15,185,cold_chain,ortools:quantile_p75_scaled_or_tools,quantile_p75_scaled_or_tools,ortools,False,False,False,0,,5.002293348312378,,5.002293348312378,14536.95,0.995,pulp_cbc,mean_total_cost,,ortools_no_solution,180,60,True,15309.918049106675,15348.692003297172,18004.971786960705,18023.357427310362,,,,,,,,,,,
X-n186-k15,185,atm,ortools:quantile_p90_scaled_or_tools,quantile_p90_scaled_or_tools,ortools,False,False,False,0,,5.0023744106292725,,5.0023744106292725,14536.949999999997,0.9949999999999998,pulp_cbc,mean_total_cost,,ortools_no_solution,180,60,True,15309.918049106675,15348.692003297172,18004.971786960705,18023.357427310362,,,,,,,,,,,
X-n186-k15,185,grocery,ortools:quantile_p90_scaled_or_tools,quantile_p90_scaled_or_tools,ortools,False,False,False,0,,5.0023744106292725,,5.0023744106292725,14536.949999999997,0.9949999999999998,pulp_cbc,mean_total_cost,,ortools_no_solution,180,60,True,15309.918049106675,15348.692003297172,18004.971786960705,18023.357427310362,,,,,,,,,,,
X-n186-k15,185,cargo,ortools:quantile_p90_scaled_or_tools,quantile_p90_scaled_or_tools,ortools,False,False,False,0,,5.0023744106292725,,5.0023744106292725,14536.949999999997,0.9949999999999998,pulp_cbc,mean_total_cost,,ortools_no_solution,180,60,True,15309.918049106675,15348.692003297172,18004.971786960705,18023.357427310362,,,,,,,,,,,
X-n186-k15,185,cold_chain,ortools:quantile_p90_scaled_or_tools,quantile_p90_scaled_or_tools,ortools,False,False,False,0,,5.0023744106292725,,5.0023744106292725,14536.949999999997,0.9949999999999998,pulp_cbc,mean_total_cost,,ortools_no_solution,180,60,True,15309.918049106675,15348.692003297172,18004.971786960705,18023.357427310362,,,,,,,,,,,
X-n186-k15,185,atm,ortools:robust_mean_1std_scaled_or_tools,robust_mean_1std_scaled_or_tools,ortools,False,False,False,0,,5.001538515090942,,5.001538515090942,14536.950000000003,0.9950000000000002,pulp_cbc,mean_total_cost,,ortools_no_solution,180,60,True,15309.918049106675,15348.692003297172,18004.971786960705,18023.357427310362,,,,,,,,,,,
X-n186-k15,185,grocery,ortools:robust_mean_1std_scaled_or_tools,robust_mean_1std_scaled_or_tools,ortools,False,False,False,0,,5.001538515090942,,5.001538515090942,14536.950000000003,0.9950000000000002,pulp_cbc,mean_total_cost,,ortools_no_solution,180,60,True,15309.918049106675,15348.692003297172,18004.971786960705,18023.357427310362,,,,,,,,,,,
X-n186-k15,185,cargo,ortools:robust_mean_1std_scaled_or_tools,robust_mean_1std_scaled_or_tools,ortools,False,False,False,0,,5.001538515090942,,5.001538515090942,14536.950000000003,0.9950000000000002,pulp_cbc,mean_total_cost,,ortools_no_solution,180,60,True,15309.918049106675,15348.692003297172,18004.971786960705,18023.357427310362,,,,,,,,,,,
X-n186-k15,185,cold_chain,ortools:robust_mean_1std_scaled_or_tools,robust_mean_1std_scaled_or_tools,ortools,False,False,False,0,,5.001538515090942,,5.001538515090942,14536.950000000003,0.9950000000000002,pulp_cbc,mean_total_cost,,ortools_no_solution,180,60,True,15309.918049106675,15348.692003297172,18004.971786960705,18023.357427310362,,,,,,,,,,,
X-n186-k15,185,atm,ortools:robust_mean_2std_scaled_or_tools,robust_mean_2std_scaled_or_tools,ortools,False,False,False,0,,5.001231670379639,,5.001231670379639,14536.949999999999,0.9949999999999999,pulp_cbc,mean_total_cost,,ortools_no_solution,180,60,True,15309.918049106675,15348.692003297172,18004.971786960705,18023.357427310362,,,,,,,,,,,
X-n186-k15,185,grocery,ortools:robust_mean_2std_scaled_or_tools,robust_mean_2std_scaled_or_tools,ortools,False,False,False,0,,5.001231670379639,,5.001231670379639,14536.949999999999,0.9949999999999999,pulp_cbc,mean_total_cost,,ortools_no_solution,180,60,True,15309.918049106675,15348.692003297172,18004.971786960705,18023.357427310362,,,,,,,,,,,
X-n186-k15,185,cargo,ortools:robust_mean_2std_scaled_or_tools,robust_mean_2std_scaled_or_tools,ortools,False,False,False,0,,5.001231670379639,,5.001231670379639,14536.949999999999,0.9949999999999999,pulp_cbc,mean_total_cost,,ortools_no_solution,180,60,True,15309.918049106675,15348.692003297172,18004.971786960705,18023.357427310362,,,,,,,,,,,
X-n186-k15,185,cold_chain,ortools:robust_mean_2std_scaled_or_tools,robust_mean_2std_scaled_or_tools,ortools,False,False,False,0,,5.001231670379639,,5.001231670379639,14536.949999999999,0.9949999999999999,pulp_cbc,mean_total_cost,,ortools_no_solution,180,60,True,15309.918049106675,15348.692003297172,18004.971786960705,18023.357427310362,,,,,,,,,,,
X-n190-k8,189,atm,ortools:nominal_or_tools,nominal_or_tools,ortools,True,True,True,8,18122.0,4.99577260017395,1.1315031051635742,6.127275705337524,1043.0,0.9447463768115942,pulp_cbc,mean_total_cost,18646.926906706543,,180,60,True,1163.1102271100574,1164.541932744727,1415.5336601339425,1417.944225661104,961.8985033266662,1103.99999873,18646.926906706543,19095.17775382828,19513.126141123008,132.74381928751717,255.15653368391864,0.43735449735449733,156.63556372071085,524.9269067065385,0.0
X-n190-k8,189,grocery,ortools:nominal_or_tools,nominal_or_tools,ortools,True,True,True,8,18122.0,4.99577260017395,0.9930281639099121,5.988800764083862,1043.0,0.9447463768115942,pulp_cbc,mean_total_cost,18459.49324779236,,180,60,True,1163.1102271100574,1164.541932744727,1415.5336601339425,1417.944225661104,463.0590066232898,1104.00000073,18459.49324779236,18670.007532013733,18893.426437273643,132.61991425240248,254.93542123469024,0.43322751322751324,156.51166068559618,337.4932477923631,0.0
X-n190-k8,189,cargo,ortools:nominal_or_tools,nominal_or_tools,ortools,True,True,True,8,18122.0,4.99577260017395,1.1684234142303467,6.164196014404297,1043.0,0.9447463768115942,pulp_cbc,mean_total_cost,18522.03791541597,,180,60,True,1163.1102271100574,1164.541932744727,1415.5336601339425,1417.944225661104,874.8315352893057,1104.0000008799998,18522.03791541597,18870.2627981261,19189.185698148543,133.07642489797306,254.49815113488916,0.4373015873015873,156.96817148116673,400.03791541596814,0.0
X-n190-k8,189,cold_chain,ortools:nominal_or_tools,nominal_or_tools,ortools,True,True,True,8,18122.0,4.99577260017395,1.1178088188171387,6.113581418991089,1043.0,0.9447463768115942,pulp_cbc,mean_total_cost,18821.077797991693,,180,60,True,1163.1102271100574,1164.541932744727,1415.5336601339425,1417.944225661104,1031.502243782052,1104.00000058,18821.077797991693,19080.84059263589,19375.28188812998,132.93585514798207,254.5441206035008,0.42867724867724866,156.8276014311757,492.4648437992675,206.61295419242416
X-n190-k8,189,atm,ortools:proxy_mean_or_tools,proxy_mean_or_tools,ortools,False,False,False,0,,0.0,,0.0,1163.1102271100574,1.0535418723822985,pulp_cbc,mean_total_cost,,total_load_exceeds_fleet_capacity,180,60,True,1163.1102271100574,1164.541932744727,1415.5336601339425,1417.944225661104,,,,,,,,,,,
X-n190-k8,189,grocery,ortools:proxy_mean_or_tools,proxy_mean_or_tools,ortools,False,False,False,0,,0.0,,0.0,1163.1102271100574,1.0535418723822985,pulp_cbc,mean_total_cost,,total_load_exceeds_fleet_capacity,180,60,True,1163.1102271100574,1164.541932744727,1415.5336601339425,1417.944225661104,,,,,,,,,,,
X-n190-k8,189,cargo,ortools:proxy_mean_or_tools,proxy_mean_or_tools,ortools,False,False,False,0,,0.0,,0.0,1163.1102271100574,1.0535418723822985,pulp_cbc,mean_total_cost,,total_load_exceeds_fleet_capacity,180,60,True,1163.1102271100574,1164.541932744727,1415.5336601339425,1417.944225661104,,,,,,,,,,,
X-n190-k8,189,cold_chain,ortools:proxy_mean_or_tools,proxy_mean_or_tools,ortools,False,False,False,0,,0.0,,0.0,1163.1102271100574,1.0535418723822985,pulp_cbc,mean_total_cost,,total_load_exceeds_fleet_capacity,180,60,True,1163.1102271100574,1164.541932744727,1415.5336601339425,1417.944225661104,,,,,,,,,,,
X-n190-k8,189,atm,ortools:quantile_p75_or_tools,quantile_p75_or_tools,ortools,False,False,False,0,,0.0,,0.0,1357.0283094544095,1.2291923092884145,pulp_cbc,mean_total_cost,,total_load_exceeds_fleet_capacity,180,60,True,1163.1102271100574,1164.541932744727,1415.5336601339425,1417.944225661104,,,,,,,,,,,
X-n190-k8,189,grocery,ortools:quantile_p75_or_tools,quantile_p75_or_tools,ortools,False,False,False,0,,0.0,,0.0,1357.0283094544095,1.2291923092884145,pulp_cbc,mean_total_cost,,total_load_exceeds_fleet_capacity,180,60,True,1163.1102271100574,1164.541932744727,1415.5336601339425,1417.944225661104,,,,,,,,,,,
X-n190-k8,189,cargo,ortools:quantile_p75_or_tools,quantile_p75_or_tools,ortools,False,False,False,0,,0.0,,0.0,1357.0283094544095,1.2291923092884145,pulp_cbc,mean_total_cost,,total_load_exceeds_fleet_capacity,180,60,True,1163.1102271100574,1164.541932744727,1415.5336601339425,1417.944225661104,,,,,,,,,,,
X-n190-k8,189,cold_chain,ortools:quantile_p75_or_tools,quantile_p75_or_tools,ortools,False,False,False,0,,0.0,,0.0,1357.0283094544095,1.2291923092884145,pulp_cbc,mean_total_cost,,total_load_exceeds_fleet_capacity,180,60,True,1163.1102271100574,1164.541932744727,1415.5336601339425,1417.944225661104,,,,,,,,,,,
X-n190-k8,189,atm,ortools:quantile_p90_or_tools,quantile_p90_or_tools,ortools,False,False,False,0,,0.0,,0.0,1639.73000363895,1.4852626844555705,pulp_cbc,mean_total_cost,,total_load_exceeds_fleet_capacity,180,60,True,1163.1102271100574,1164.541932744727,1415.5336601339425,1417.944225661104,,,,,,,,,,,
X-n190-k8,189,grocery,ortools:quantile_p90_or_tools,quantile_p90_or_tools,ortools,False,False,False,0,,0.0,,0.0,1639.73000363895,1.4852626844555705,pulp_cbc,mean_total_cost,,total_load_exceeds_fleet_capacity,180,60,True,1163.1102271100574,1164.541932744727,1415.5336601339425,1417.944225661104,,,,,,,,,,,
X-n190-k8,189,cargo,ortools:quantile_p90_or_tools,quantile_p90_or_tools,ortools,False,False,False,0,,0.0,,0.0,1639.73000363895,1.4852626844555705,pulp_cbc,mean_total_cost,,total_load_exceeds_fleet_capacity,180,60,True,1163.1102271100574,1164.541932744727,1415.5336601339425,1417.944225661104,,,,,,,,,,,
X-n190-k8,189,cold_chain,ortools:quantile_p90_or_tools,quantile_p90_or_tools,ortools,False,False,False,0,,0.0,,0.0,1639.73000363895,1.4852626844555705,pulp_cbc,mean_total_cost,,total_load_exceeds_fleet_capacity,180,60,True,1163.1102271100574,1164.541932744727,1415.5336601339425,1417.944225661104,,,,,,,,,,,
X-n190-k8,189,atm,ortools:robust_mean_1std_or_tools,robust_mean_1std_or_tools,ortools,False,False,False,0,,0.0,,0.0,1529.0220533650013,1.3849837439900374,pulp_cbc,mean_total_cost,,total_load_exceeds_fleet_capacity,180,60,True,1163.1102271100574,1164.541932744727,1415.5336601339425,1417.944225661104,,,,,,,,,,,
X-n190-k8,189,grocery,ortools:robust_mean_1std_or_tools,robust_mean_1std_or_tools,ortools,False,False,False,0,,0.0,,0.0,1529.0220533650013,1.3849837439900374,pulp_cbc,mean_total_cost,,total_load_exceeds_fleet_capacity,180,60,True,1163.1102271100574,1164.541932744727,1415.5336601339425,1417.944225661104,,,,,,,,,,,
X-n190-k8,189,cargo,ortools:robust_mean_1std_or_tools,robust_mean_1std_or_tools,ortools,False,False,False,0,,0.0,,0.0,1529.0220533650013,1.3849837439900374,pulp_cbc,mean_total_cost,,total_load_exceeds_fleet_capacity,180,60,True,1163.1102271100574,1164.541932744727,1415.5336601339425,1417.944225661104,,,,,,,,,,,
X-n190-k8,189,cold_chain,ortools:robust_mean_1std_or_tools,robust_mean_1std_or_tools,ortools,False,False,False,0,,0.0,,0.0,1529.0220533650013,1.3849837439900374,pulp_cbc,mean_total_cost,,total_load_exceeds_fleet_capacity,180,60,True,1163.1102271100574,1164.541932744727,1415.5336601339425,1417.944225661104,,,,,,,,,,,
X-n190-k8,189,atm,ortools:robust_mean_2std_or_tools,robust_mean_2std_or_tools,ortools,False,False,False,0,,0.0,,0.0,1894.933879619945,1.7164256155977762,pulp_cbc,mean_total_cost,,total_load_exceeds_fleet_capacity,180,60,True,1163.1102271100574,1164.541932744727,1415.5336601339425,1417.944225661104,,,,,,,,,,,
X-n190-k8,189,grocery,ortools:robust_mean_2std_or_tools,robust_mean_2std_or_tools,ortools,False,False,False,0,,0.0,,0.0,1894.933879619945,1.7164256155977762,pulp_cbc,mean_total_cost,,total_load_exceeds_fleet_capacity,180,60,True,1163.1102271100574,1164.541932744727,1415.5336601339425,1417.944225661104,,,,,,,,,,,
X-n190-k8,189,cargo,ortools:robust_mean_2std_or_tools,robust_mean_2std_or_tools,ortools,False,False,False,0,,0.0,,0.0,1894.933879619945,1.7164256155977762,pulp_cbc,mean_total_cost,,total_load_exceeds_fleet_capacity,180,60,True,1163.1102271100574,1164.541932744727,1415.5336601339425,1417.944225661104,,,,,,,,,,,
X-n190-k8,189,cold_chain,ortools:robust_mean_2std_or_tools,robust_mean_2std_or_tools,ortools,False,False,False,0,,0.0,,0.0,1894.933879619945,1.7164256155977762,pulp_cbc,mean_total_cost,,total_load_exceeds_fleet_capacity,180,60,True,1163.1102271100574,1164.541932744727,1415.5336601339425,1417.944225661104,,,,,,,,,,,
X-n190-k8,189,atm,ortools:proxy_mean_scaled_or_tools,proxy_mean_scaled_or_tools,ortools,True,True,True,8,18282.0,5.001011371612549,1.0095112323760986,6.0105226039886475,1098.4799999999998,0.9949999999999998,pulp_cbc,mean_total_cost,18781.487794562057,,180,60,True,1163.1102271100574,1164.541932744727,1415.5336601339425,1417.944225661104,935.0901869671403,1103.99999948,18781.487794562057,19216.092773096087,19651.303942220722,126.54271281261065,245.22769364353272,0.42428571428571427,150.43445799580434,499.48779456205574,0.0
X-n190-k8,189,grocery,ortools:proxy_mean_scaled_or_tools,proxy_mean_scaled_or_tools,ortools,True,True,True,8,18282.0,5.001011371612549,1.0490047931671143,6.050016164779663,1098.4799999999998,0.9949999999999998,pulp_cbc,mean_total_cost,18604.661707249405,,180,60,True,1163.1102271100574,1164.541932744727,1415.5336601339425,1417.944225661104,448.000753055005,1104.00000007,18604.661707249405,18808.398629283554,19039.589483069536,126.44690562569367,244.95121658570162,0.42164021164021165,150.33865139888735,322.66170724940235,0.0
X-n190-k8,189,cargo,ortools:proxy_mean_scaled_or_tools,proxy_mean_scaled_or_tools,ortools,True,True,True,8,18282.0,5.001011371612549,1.0780153274536133,6.079026699066162,1098.4799999999998,0.9949999999999998,pulp_cbc,mean_total_cost,18661.107835249004,,180,60,True,1163.1102271100574,1164.541932744727,1415.5336601339425,1417.944225661104,849.1240656589997,1104.00000049,18661.107835249004,19002.045449663365,19327.519283649337,126.77469879991108,245.49553987598583,0.42248677248677247,150.66644499310473,379.1078352490068,0.0
X-n190-k8,189,cold_chain,ortools:proxy_mean_scaled_or_tools,proxy_mean_scaled_or_tools,ortools,True,True,True,8,18282.0,5.001011371612549,0.9429287910461426,5.943940162658691,1098.4799999999998,0.9949999999999998,pulp_cbc,mean_total_cost,18971.18300707861,,180,60,True,1163.1102271100574,1164.541932744727,1415.5336601339425,1417.944225661104,1020.037301517001,1103.99999906,18971.18300707861,19221.440618362132,19528.79439470114,126.65268748578563,244.99364291446048,0.41153439153439153,150.54443224897932,471.22244266505896,217.96056441354887
X-n190-k8,189,atm,ortools:quantile_p75_scaled_or_tools,quantile_p75_scaled_or_tools,ortools,True,True,True,8,18293.0,5.000774383544922,1.094576120376587,6.095350503921509,1098.48,0.995,pulp_cbc,mean_total_cost,18784.888572825705,,180,60,True,1163.1102271100574,1164.541932744727,1415.5336601339425,1417.944225661104,928.9180001949213,1104.00000088,18784.888572825705,19228.17992866726,19655.729220470454,124.70620361812814,245.24120696582537,0.4213756613756614,148.5979502013218,491.8885728257041,0.0
X-n190-k8,189,grocery,ortools:quantile_p75_scaled_or_tools,quantile_p75_scaled_or_tools,ortools,True,True,True,8,18293.0,5.000774383544922,1.0116701126098633,6.012444496154785,1098.48,0.995,pulp_cbc,mean_total_cost,18611.32306412997,,180,60,True,1163.1102271100574,1164.541932744727,1415.5336601339425,1417.944225661104,444.4221021680872,1104.00000125,18611.32306412997,18818.994861925905,19047.221427864028,124.57025842020845,245.67044593523102,0.4186243386243386,148.46200537340215,318.32306412996803,0.0
X-n190-k8,189,cargo,ortools:quantile_p75_scaled_or_tools,quantile_p75_scaled_or_tools,ortools,True,True,True,8,18293.0,5.000774383544922,1.0537912845611572,6.054565668106079,1098.48,0.995,pulp_cbc,mean_total_cost,18665.1619736989,,180,60,True,1163.1102271100574,1164.541932744727,1415.5336601339425,1417.944225661104,842.2664200494568,1103.9999999000001,18665.1619736989,19008.99238133347,19332.186988461857,124.80997291840909,245.90092303108185,0.4149206349206349,148.70171852160277,372.16197369890375,0.0
X-n190-k8,189,cold_chain,ortools:quantile_p75_scaled_or_tools,quantile_p75_scaled_or_tools,ortools,True,True,True,8,18293.0,5.000774383544922,1.008737564086914,6.009511947631836,1098.48,0.995,pulp_cbc,mean_total_cost,18972.774729981284,,180,60,True,1163.1102271100574,1164.541932744727,1415.5336601339425,1417.944225661104,1011.9473369668734,1104.0000013000001,18972.774729981284,19228.66849841284,19532.93554375333,124.90623983985729,246.27749136100417,0.40883597883597883,148.79798684305098,464.84703377643973,214.92769620484248
X-n190-k8,189,atm,ortools:quantile_p90_scaled_or_tools,quantile_p90_scaled_or_tools,ortools,True,True,True,8,18310.0,4.999740362167358,1.0208332538604736,6.020573616027832,1098.48,0.995,pulp_cbc,mean_total_cost,18797.937678777096,,180,60,True,1163.1102271100574,1164.541932744727,1415.5336601339425,1417.944225661104,925.1824319857791,1103.9999977500001,18797.937678777096,19238.565306894783,19671.536434554568,124.16356368399771,245.0486379961972,0.42052910052910053,148.0553071371914,487.9376787770967,0.0
X-n190-k8,189,grocery,ortools:quantile_p90_scaled_or_tools,quantile_p90_scaled_or_tools,ortools,True,True,True,8,18310.0,4.999740362167358,0.9940927028656006,5.993833065032959,1098.48,0.995,pulp_cbc,mean_total_cost,18626.98909492122,,180,60,True,1163.1102271100574,1164.541932744727,1415.5336601339425,1417.944225661104,442.80262282364447,1103.99999902,18626.98909492122,18832.997456479843,19064.158831025932,124.14312911933398,245.53728930887766,0.4202116402116402,148.03487384252765,316.9890949212162,0.0
X-n190-k8,189,cargo,ortools:quantile_p90_scaled_or_tools,quantile_p90_scaled_or_tools,ortools,True,True,True,8,18310.0,4.999740362167358,1.069913625717163,6.0696539878845215,1098.48,0.995,pulp_cbc,mean_total_cost,18676.834276723952,,180,60,True,1163.1102271100574,1164.541932744727,1415.5336601339425,1417.944225661104,835.2443291891569,1104.0000004300002,18676.834276723952,19018.760744567557,19343.57396262585,124.17591846811038,244.09348205823707,0.4184656084656085,148.06766460130405,366.8342767239485,0.0
X-n190-k8,189,cold_chain,ortools:quantile_p90_scaled_or_tools,quantile_p90_scaled_or_tools,ortools,True,True,True,8,18310.0,4.999740362167358,1.0556762218475342,6.055416584014893,1098.48,0.995,pulp_cbc,mean_total_cost,18978.884989148173,,180,60,True,1163.1102271100574,1164.541932744727,1415.5336601339425,1417.944225661104,1002.6266535253449,1104.0000026999999,18978.884989148173,19233.662150306685,19539.6229283829,124.14995093132477,243.87806613289655,0.4120634920634921,148.04169933451843,460.77602134110816,208.1089678070672
X-n190-k8,189,atm,ortools:robust_mean_1std_scaled_or_tools,robust_mean_1std_scaled_or_tools,ortools,True,True,True,8,18334.0,4.998222589492798,0.9888358116149902,5.987058401107788,1098.4799999999996,0.9949999999999996,pulp_cbc,mean_total_cost,18821.421700742616,,180,60,True,1163.1102271100574,1164.541932744727,1415.5336601339425,1417.944225661104,925.1431600653277,1104.00000099,18821.421700742616,19263.422835263165,19695.2448169821,124.03388249114857,245.41216405619718,0.42227513227513225,147.92562918434226,487.4217007426157,0.0
X-n190-k8,189,grocery,ortools:robust_mean_1std_scaled_or_tools,robust_mean_1std_scaled_or_tools,ortools,True,True,True,8,18334.0,4.998222589492798,0.9544286727905273,5.952651262283325,1098.4799999999996,0.9949999999999996,pulp_cbc,mean_total_cost,18650.873107663443,,180,60,True,1163.1102271100574,1164.541932744727,1415.5336601339425,1417.944225661104,442.7447380655791,1103.99999784,18650.873107663443,18858.203416844266,19087.60566081231,124.08519014671805,245.27919604806215,0.4201058201058201,147.97693368991173,316.8731076634418,0.0
X-n190-k8,189,cargo,ortools:robust_mean_1std_scaled_or_tools,robust_mean_1std_scaled_or_tools,ortools,True,True,True,8,18334.0,4.998222589492798,1.1187825202941895,6.117005109786987,1098.4799999999996,0.9949999999999996,pulp_cbc,mean_total_cost,18700.721914930662,,180,60,True,1163.1102271100574,1164.541932744727,1415.5336601339425,1417.944225661104,834.8705762548043,1103.9999998800001,18700.721914930662,19044.397050761127,19367.508177742748,124.20578311486392,245.6103748521444,0.4176190476190476,148.0975286980576,366.7219149306594,0.0
X-n190-k8,189,cold_chain,ortools:robust_mean_1std_scaled_or_tools,robust_mean_1std_scaled_or_tools,ortools,True,True,True,8,18334.0,4.998222589492798,0.9893779754638672,5.987600564956665,1098.4799999999996,0.9949999999999996,pulp_cbc,mean_total_cost,19009.55959748674,,180,60,True,1163.1102271100574,1164.541932744727,1415.5336601339425,1417.944225661104,1008.8874108986315,1104.0000017,19009.55959748674,19265.5815128971,19570.193951881152,124.15547766054766,244.63965836231915,0.4132275132275132,148.04722506374128,461.4445683963166,214.11502909042733
X-n190-k8,189,atm,ortools:robust_mean_2std_scaled_or_tools,robust_mean_2std_scaled_or_tools,ortools,False,False,False,0,,0.0,,0.0,1098.4799999999998,0.9949999999999998,pulp_cbc,mean_total_cost,,total_load_exceeds_fleet_capacity,180,60,True,1163.1102271100574,1164.541932744727,1415.5336601339425,1417.944225661104,,,,,,,,,,,
X-n190-k8,189,grocery,ortools:robust_mean_2std_scaled_or_tools,robust_mean_2std_scaled_or_tools,ortools,False,False,False,0,,0.0,,0.0,1098.4799999999998,0.9949999999999998,pulp_cbc,mean_total_cost,,total_load_exceeds_fleet_capacity,180,60,True,1163.1102271100574,1164.541932744727,1415.5336601339425,1417.944225661104,,,,,,,,,,,
X-n190-k8,189,cargo,ortools:robust_mean_2std_scaled_or_tools,robust_mean_2std_scaled_or_tools,ortools,False,False,False,0,,0.0,,0.0,1098.4799999999998,0.9949999999999998,pulp_cbc,mean_total_cost,,total_load_exceeds_fleet_capacity,180,60,True,1163.1102271100574,1164.541932744727,1415.5336601339425,1417.944225661104,,,,,,,,,,,
X-n190-k8,189,cold_chain,ortools:robust_mean_2std_scaled_or_tools,robust_mean_2std_scaled_or_tools,ortools,False,False,False,0,,0.0,,0.0,1098.4799999999998,0.9949999999999998,pulp_cbc,mean_total_cost,,total_load_exceeds_fleet_capacity,180,60,True,1163.1102271100574,1164.541932744727,1415.5336601339425,1417.944225661104,,,,,,,,,,,
X-n195-k51,194,atm,ortools:nominal_or_tools,nominal_or_tools,ortools,False,False,False,0,,5.005271911621094,,5.005271911621094,9208.0,0.9975083956234427,pulp_cbc,mean_total_cost,,ortools_no_solution,180,60,True,10238.860587675677,10288.356806483622,11994.112443601494,12006.505125394722,,,,,,,,,,,
X-n195-k51,194,grocery,ortools:nominal_or_tools,nominal_or_tools,ortools,False,False,False,0,,5.005271911621094,,5.005271911621094,9208.0,0.9975083956234427,pulp_cbc,mean_total_cost,,ortools_no_solution,180,60,True,10238.860587675677,10288.356806483622,11994.112443601494,12006.505125394722,,,,,,,,,,,
X-n195-k51,194,cargo,ortools:nominal_or_tools,nominal_or_tools,ortools,False,False,False,0,,5.005271911621094,,5.005271911621094,9208.0,0.9975083956234427,pulp_cbc,mean_total_cost,,ortools_no_solution,180,60,True,10238.860587675677,10288.356806483622,11994.112443601494,12006.505125394722,,,,,,,,,,,
X-n195-k51,194,cold_chain,ortools:nominal_or_tools,nominal_or_tools,ortools,False,False,False,0,,5.005271911621094,,5.005271911621094,9208.0,0.9975083956234427,pulp_cbc,mean_total_cost,,ortools_no_solution,180,60,True,10238.860587675677,10288.356806483622,11994.112443601494,12006.505125394722,,,,,,,,,,,
X-n195-k51,194,atm,ortools:proxy_mean_or_tools,proxy_mean_or_tools,ortools,False,False,False,0,,0.0,,0.0,10238.860587675676,1.109182167444012,pulp_cbc,mean_total_cost,,total_load_exceeds_fleet_capacity,180,60,True,10238.860587675677,10288.356806483622,11994.112443601494,12006.505125394722,,,,,,,,,,,
X-n195-k51,194,grocery,ortools:proxy_mean_or_tools,proxy_mean_or_tools,ortools,False,False,False,0,,0.0,,0.0,10238.860587675676,1.109182167444012,pulp_cbc,mean_total_cost,,total_load_exceeds_fleet_capacity,180,60,True,10238.860587675677,10288.356806483622,11994.112443601494,12006.505125394722,,,,,,,,,,,
X-n195-k51,194,cargo,ortools:proxy_mean_or_tools,proxy_mean_or_tools,ortools,False,False,False,0,,0.0,,0.0,10238.860587675676,1.109182167444012,pulp_cbc,mean_total_cost,,total_load_exceeds_fleet_capacity,180,60,True,10238.860587675677,10288.356806483622,11994.112443601494,12006.505125394722,,,,,,,,,,,
X-n195-k51,194,cold_chain,ortools:proxy_mean_or_tools,proxy_mean_or_tools,ortools,False,False,False,0,,0.0,,0.0,10238.860587675676,1.109182167444012,pulp_cbc,mean_total_cost,,total_load_exceeds_fleet_capacity,180,60,True,10238.860587675677,10288.356806483622,11994.112443601494,12006.505125394722,,,,,,,,,,,
X-n195-k51,194,atm,ortools:quantile_p75_or_tools,quantile_p75_or_tools,ortools,False,False,False,0,,0.0,,0.0,11948.650928361429,1.2944048237852268,pulp_cbc,mean_total_cost,,total_load_exceeds_fleet_capacity,180,60,True,10238.860587675677,10288.356806483622,11994.112443601494,12006.505125394722,,,,,,,,,,,
X-n195-k51,194,grocery,ortools:quantile_p75_or_tools,quantile_p75_or_tools,ortools,False,False,False,0,,0.0,,0.0,11948.650928361429,1.2944048237852268,pulp_cbc,mean_total_cost,,total_load_exceeds_fleet_capacity,180,60,True,10238.860587675677,10288.356806483622,11994.112443601494,12006.505125394722,,,,,,,,,,,
X-n195-k51,194,cargo,ortools:quantile_p75_or_tools,quantile_p75_or_tools,ortools,False,False,False,0,,0.0,,0.0,11948.650928361429,1.2944048237852268,pulp_cbc,mean_total_cost,,total_load_exceeds_fleet_capacity,180,60,True,10238.860587675677,10288.356806483622,11994.112443601494,12006.505125394722,,,,,,,,,,,
X-n195-k51,194,cold_chain,ortools:quantile_p75_or_tools,quantile_p75_or_tools,ortools,False,False,False,0,,0.0,,0.0,11948.650928361429,1.2944048237852268,pulp_cbc,mean_total_cost,,total_load_exceeds_fleet_capacity,180,60,True,10238.860587675677,10288.356806483622,11994.112443601494,12006.505125394722,,,,,,,,,,,
X-n195-k51,194,atm,ortools:quantile_p90_or_tools,quantile_p90_or_tools,ortools,False,False,False,0,,0.0,,0.0,14431.559498694682,1.563379861195394,pulp_cbc,mean_total_cost,,total_load_exceeds_fleet_capacity,180,60,True,10238.860587675677,10288.356806483622,11994.112443601494,12006.505125394722,,,,,,,,,,,
X-n195-k51,194,grocery,ortools:quantile_p90_or_tools,quantile_p90_or_tools,ortools,False,False,False,0,,0.0,,0.0,14431.559498694682,1.563379861195394,pulp_cbc,mean_total_cost,,total_load_exceeds_fleet_capacity,180,60,True,10238.860587675677,10288.356806483622,11994.112443601494,12006.505125394722,,,,,,,,,,,
X-n195-k51,194,cargo,ortools:quantile_p90_or_tools,quantile_p90_or_tools,ortools,False,False,False,0,,0.0,,0.0,14431.559498694682,1.563379861195394,pulp_cbc,mean_total_cost,,total_load_exceeds_fleet_capacity,180,60,True,10238.860587675677,10288.356806483622,11994.112443601494,12006.505125394722,,,,,,,,,,,
X-n195-k51,194,cold_chain,ortools:quantile_p90_or_tools,quantile_p90_or_tools,ortools,False,False,False,0,,0.0,,0.0,14431.559498694682,1.563379861195394,pulp_cbc,mean_total_cost,,total_load_exceeds_fleet_capacity,180,60,True,10238.860587675677,10288.356806483622,11994.112443601494,12006.505125394722,,,,,,,,,,,
X-n195-k51,194,atm,ortools:robust_mean_1std_or_tools,robust_mean_1std_or_tools,ortools,False,False,False,0,,0.0,,0.0,13480.544555588076,1.4603558179599259,pulp_cbc,mean_total_cost,,total_load_exceeds_fleet_capacity,180,60,True,10238.860587675677,10288.356806483622,11994.112443601494,12006.505125394722,,,,,,,,,,,
X-n195-k51,194,grocery,ortools:robust_mean_1std_or_tools,robust_mean_1std_or_tools,ortools,False,False,False,0,,0.0,,0.0,13480.544555588076,1.4603558179599259,pulp_cbc,mean_total_cost,,total_load_exceeds_fleet_capacity,180,60,True,10238.860587675677,10288.356806483622,11994.112443601494,12006.505125394722,,,,,,,,,,,
X-n195-k51,194,cargo,ortools:robust_mean_1std_or_tools,robust_mean_1std_or_tools,ortools,False,False,False,0,,0.0,,0.0,13480.544555588076,1.4603558179599259,pulp_cbc,mean_total_cost,,total_load_exceeds_fleet_capacity,180,60,True,10238.860587675677,10288.356806483622,11994.112443601494,12006.505125394722,,,,,,,,,,,
X-n195-k51,194,cold_chain,ortools:robust_mean_1std_or_tools,robust_mean_1std_or_tools,ortools,False,False,False,0,,0.0,,0.0,13480.544555588076,1.4603558179599259,pulp_cbc,mean_total_cost,,total_load_exceeds_fleet_capacity,180,60,True,10238.860587675677,10288.356806483622,11994.112443601494,12006.505125394722,,,,,,,,,,,
X-n195-k51,194,atm,ortools:robust_mean_2std_or_tools,robust_mean_2std_or_tools,ortools,False,False,False,0,,0.0,,0.0,16722.228523500475,1.8115294684758396,pulp_cbc,mean_total_cost,,single_node_exceeds_capacity,180,60,True,10238.860587675677,10288.356806483622,11994.112443601494,12006.505125394722,,,,,,,,,,,
X-n195-k51,194,grocery,ortools:robust_mean_2std_or_tools,robust_mean_2std_or_tools,ortools,False,False,False,0,,0.0,,0.0,16722.228523500475,1.8115294684758396,pulp_cbc,mean_total_cost,,single_node_exceeds_capacity,180,60,True,10238.860587675677,10288.356806483622,11994.112443601494,12006.505125394722,,,,,,,,,,,
X-n195-k51,194,cargo,ortools:robust_mean_2std_or_tools,robust_mean_2std_or_tools,ortools,False,False,False,0,,0.0,,0.0,16722.228523500475,1.8115294684758396,pulp_cbc,mean_total_cost,,single_node_exceeds_capacity,180,60,True,10238.860587675677,10288.356806483622,11994.112443601494,12006.505125394722,,,,,,,,,,,
X-n195-k51,194,cold_chain,ortools:robust_mean_2std_or_tools,robust_mean_2std_or_tools,ortools,False,False,False,0,,0.0,,0.0,16722.228523500475,1.8115294684758396,pulp_cbc,mean_total_cost,,single_node_exceeds_capacity,180,60,True,10238.860587675677,10288.356806483622,11994.112443601494,12006.505125394722,,,,,,,,,,,
X-n195-k51,194,atm,ortools:proxy_mean_scaled_or_tools,proxy_mean_scaled_or_tools,ortools,False,False,False,0,,5.0018393993377686,,5.0018393993377686,9184.845,0.9949999999999999,pulp_cbc,mean_total_cost,,ortools_no_solution,180,60,True,10238.860587675677,10288.356806483622,11994.112443601494,12006.505125394722,,,,,,,,,,,
X-n195-k51,194,grocery,ortools:proxy_mean_scaled_or_tools,proxy_mean_scaled_or_tools,ortools,False,False,False,0,,5.0018393993377686,,5.0018393993377686,9184.845,0.9949999999999999,pulp_cbc,mean_total_cost,,ortools_no_solution,180,60,True,10238.860587675677,10288.356806483622,11994.112443601494,12006.505125394722,,,,,,,,,,,
X-n195-k51,194,cargo,ortools:proxy_mean_scaled_or_tools,proxy_mean_scaled_or_tools,ortools,False,False,False,0,,5.0018393993377686,,5.0018393993377686,9184.845,0.9949999999999999,pulp_cbc,mean_total_cost,,ortools_no_solution,180,60,True,10238.860587675677,10288.356806483622,11994.112443601494,12006.505125394722,,,,,,,,,,,
X-n195-k51,194,cold_chain,ortools:proxy_mean_scaled_or_tools,proxy_mean_scaled_or_tools,ortools,False,False,False,0,,5.0018393993377686,,5.0018393993377686,9184.845,0.9949999999999999,pulp_cbc,mean_total_cost,,ortools_no_solution,180,60,True,10238.860587675677,10288.356806483622,11994.112443601494,12006.505125394722,,,,,,,,,,,
X-n195-k51,194,atm,ortools:quantile_p75_scaled_or_tools,quantile_p75_scaled_or_tools,ortools,False,False,False,0,,4.999415874481201,,4.999415874481201,9184.844999999998,0.9949999999999998,pulp_cbc,mean_total_cost,,ortools_no_solution,180,60,True,10238.860587675677,10288.356806483622,11994.112443601494,12006.505125394722,,,,,,,,,,,
X-n195-k51,194,grocery,ortools:quantile_p75_scaled_or_tools,quantile_p75_scaled_or_tools,ortools,False,False,False,0,,4.999415874481201,,4.999415874481201,9184.844999999998,0.9949999999999998,pulp_cbc,mean_total_cost,,ortools_no_solution,180,60,True,10238.860587675677,10288.356806483622,11994.112443601494,12006.505125394722,,,,,,,,,,,
X-n195-k51,194,cargo,ortools:quantile_p75_scaled_or_tools,quantile_p75_scaled_or_tools,ortools,False,False,False,0,,4.999415874481201,,4.999415874481201,9184.844999999998,0.9949999999999998,pulp_cbc,mean_total_cost,,ortools_no_solution,180,60,True,10238.860587675677,10288.356806483622,11994.112443601494,12006.505125394722,,,,,,,,,,,
X-n195-k51,194,cold_chain,ortools:quantile_p75_scaled_or_tools,quantile_p75_scaled_or_tools,ortools,False,False,False,0,,4.999415874481201,,4.999415874481201,9184.844999999998,0.9949999999999998,pulp_cbc,mean_total_cost,,ortools_no_solution,180,60,True,10238.860587675677,10288.356806483622,11994.112443601494,12006.505125394722,,,,,,,,,,,
X-n195-k51,194,atm,ortools:quantile_p90_scaled_or_tools,quantile_p90_scaled_or_tools,ortools,False,False,False,0,,4.9991559982299805,,4.9991559982299805,9184.845,0.9949999999999999,pulp_cbc,mean_total_cost,,ortools_no_solution,180,60,True,10238.860587675677,10288.356806483622,11994.112443601494,12006.505125394722,,,,,,,,,,,
X-n195-k51,194,grocery,ortools:quantile_p90_scaled_or_tools,quantile_p90_scaled_or_tools,ortools,False,False,False,0,,4.9991559982299805,,4.9991559982299805,9184.845,0.9949999999999999,pulp_cbc,mean_total_cost,,ortools_no_solution,180,60,True,10238.860587675677,10288.356806483622,11994.112443601494,12006.505125394722,,,,,,,,,,,
X-n195-k51,194,cargo,ortools:quantile_p90_scaled_or_tools,quantile_p90_scaled_or_tools,ortools,False,False,False,0,,4.9991559982299805,,4.9991559982299805,9184.845,0.9949999999999999,pulp_cbc,mean_total_cost,,ortools_no_solution,180,60,True,10238.860587675677,10288.356806483622,11994.112443601494,12006.505125394722,,,,,,,,,,,
X-n195-k51,194,cold_chain,ortools:quantile_p90_scaled_or_tools,quantile_p90_scaled_or_tools,ortools,False,False,False,0,,4.9991559982299805,,4.9991559982299805,9184.845,0.9949999999999999,pulp_cbc,mean_total_cost,,ortools_no_solution,180,60,True,10238.860587675677,10288.356806483622,11994.112443601494,12006.505125394722,,,,,,,,,,,
X-n195-k51,194,atm,ortools:robust_mean_1std_scaled_or_tools,robust_mean_1std_scaled_or_tools,ortools,False,False,False,0,,5.005694150924683,,5.005694150924683,9184.844999999998,0.9949999999999998,pulp_cbc,mean_total_cost,,ortools_no_solution,180,60,True,10238.860587675677,10288.356806483622,11994.112443601494,12006.505125394722,,,,,,,,,,,
X-n195-k51,194,grocery,ortools:robust_mean_1std_scaled_or_tools,robust_mean_1std_scaled_or_tools,ortools,False,False,False,0,,5.005694150924683,,5.005694150924683,9184.844999999998,0.9949999999999998,pulp_cbc,mean_total_cost,,ortools_no_solution,180,60,True,10238.860587675677,10288.356806483622,11994.112443601494,12006.505125394722,,,,,,,,,,,
X-n195-k51,194,cargo,ortools:robust_mean_1std_scaled_or_tools,robust_mean_1std_scaled_or_tools,ortools,False,False,False,0,,5.005694150924683,,5.005694150924683,9184.844999999998,0.9949999999999998,pulp_cbc,mean_total_cost,,ortools_no_solution,180,60,True,10238.860587675677,10288.356806483622,11994.112443601494,12006.505125394722,,,,,,,,,,,
X-n195-k51,194,cold_chain,ortools:robust_mean_1std_scaled_or_tools,robust_mean_1std_scaled_or_tools,ortools,False,False,False,0,,5.005694150924683,,5.005694150924683,9184.844999999998,0.9949999999999998,pulp_cbc,mean_total_cost,,ortools_no_solution,180,60,True,10238.860587675677,10288.356806483622,11994.112443601494,12006.505125394722,,,,,,,,,,,
X-n195-k51,194,atm,ortools:robust_mean_2std_scaled_or_tools,robust_mean_2std_scaled_or_tools,ortools,False,False,False,0,,5.007650136947632,,5.007650136947632,9184.844999999998,0.9949999999999998,pulp_cbc,mean_total_cost,,ortools_no_solution,180,60,True,10238.860587675677,10288.356806483622,11994.112443601494,12006.505125394722,,,,,,,,,,,
X-n195-k51,194,grocery,ortools:robust_mean_2std_scaled_or_tools,robust_mean_2std_scaled_or_tools,ortools,False,False,False,0,,5.007650136947632,,5.007650136947632,9184.844999999998,0.9949999999999998,pulp_cbc,mean_total_cost,,ortools_no_solution,180,60,True,10238.860587675677,10288.356806483622,11994.112443601494,12006.505125394722,,,,,,,,,,,
X-n195-k51,194,cargo,ortools:robust_mean_2std_scaled_or_tools,robust_mean_2std_scaled_or_tools,ortools,False,False,False,0,,5.007650136947632,,5.007650136947632,9184.844999999998,0.9949999999999998,pulp_cbc,mean_total_cost,,ortools_no_solution,180,60,True,10238.860587675677,10288.356806483622,11994.112443601494,12006.505125394722,,,,,,,,,,,
X-n195-k51,194,cold_chain,ortools:robust_mean_2std_scaled_or_tools,robust_mean_2std_scaled_or_tools,ortools,False,False,False,0,,5.007650136947632,,5.007650136947632,9184.844999999998,0.9949999999999998,pulp_cbc,mean_total_cost,,ortools_no_solution,180,60,True,10238.860587675677,10288.356806483622,11994.112443601494,12006.505125394722,,,,,,,,,,,
X-n200-k36,199,atm,ortools:nominal_or_tools,nominal_or_tools,ortools,False,False,False,0,,5.000363826751709,,5.000363826751709,14263.0,0.9855583195135434,pulp_cbc,mean_total_cost,,ortools_no_solution,180,60,True,15848.293578566421,15876.639846372414,18695.25287890013,18726.536824392137,,,,,,,,,,,
X-n200-k36,199,grocery,ortools:nominal_or_tools,nominal_or_tools,ortools,False,False,False,0,,5.000363826751709,,5.000363826751709,14263.0,0.9855583195135434,pulp_cbc,mean_total_cost,,ortools_no_solution,180,60,True,15848.293578566421,15876.639846372414,18695.25287890013,18726.536824392137,,,,,,,,,,,
X-n200-k36,199,cargo,ortools:nominal_or_tools,nominal_or_tools,ortools,False,False,False,0,,5.000363826751709,,5.000363826751709,14263.0,0.9855583195135434,pulp_cbc,mean_total_cost,,ortools_no_solution,180,60,True,15848.293578566421,15876.639846372414,18695.25287890013,18726.536824392137,,,,,,,,,,,
X-n200-k36,199,cold_chain,ortools:nominal_or_tools,nominal_or_tools,ortools,False,False,False,0,,5.000363826751709,,5.000363826751709,14263.0,0.9855583195135434,pulp_cbc,mean_total_cost,,ortools_no_solution,180,60,True,15848.293578566421,15876.639846372414,18695.25287890013,18726.536824392137,,,,,,,,,,,
X-n200-k36,199,atm,ortools:proxy_mean_or_tools,proxy_mean_or_tools,ortools,False,False,False,0,,0.0,,0.0,15848.293578566423,1.0951004407522404,pulp_cbc,mean_total_cost,,total_load_exceeds_fleet_capacity,180,60,True,15848.293578566421,15876.639846372414,18695.25287890013,18726.536824392137,,,,,,,,,,,
X-n200-k36,199,grocery,ortools:proxy_mean_or_tools,proxy_mean_or_tools,ortools,False,False,False,0,,0.0,,0.0,15848.293578566423,1.0951004407522404,pulp_cbc,mean_total_cost,,total_load_exceeds_fleet_capacity,180,60,True,15848.293578566421,15876.639846372414,18695.25287890013,18726.536824392137,,,,,,,,,,,
X-n200-k36,199,cargo,ortools:proxy_mean_or_tools,proxy_mean_or_tools,ortools,False,False,False,0,,0.0,,0.0,15848.293578566423,1.0951004407522404,pulp_cbc,mean_total_cost,,total_load_exceeds_fleet_capacity,180,60,True,15848.293578566421,15876.639846372414,18695.25287890013,18726.536824392137,,,,,,,,,,,
X-n200-k36,199,cold_chain,ortools:proxy_mean_or_tools,proxy_mean_or_tools,ortools,False,False,False,0,,0.0,,0.0,15848.293578566423,1.0951004407522404,pulp_cbc,mean_total_cost,,total_load_exceeds_fleet_capacity,180,60,True,15848.293578566421,15876.639846372414,18695.25287890013,18726.536824392137,,,,,,,,,,,
X-n200-k36,199,atm,ortools:quantile_p75_or_tools,quantile_p75_or_tools,ortools,False,False,False,0,,0.0,,0.0,18340.142077375946,1.2672845548214446,pulp_cbc,mean_total_cost,,total_load_exceeds_fleet_capacity,180,60,True,15848.293578566421,15876.639846372414,18695.25287890013,18726.536824392137,,,,,,,,,,,
X-n200-k36,199,grocery,ortools:quantile_p75_or_tools,quantile_p75_or_tools,ortools,False,False,False,0,,0.0,,0.0,18340.142077375946,1.2672845548214446,pulp_cbc,mean_total_cost,,total_load_exceeds_fleet_capacity,180,60,True,15848.293578566421,15876.639846372414,18695.25287890013,18726.536824392137,,,,,,,,,,,
X-n200-k36,199,cargo,ortools:quantile_p75_or_tools,quantile_p75_or_tools,ortools,False,False,False,0,,0.0,,0.0,18340.142077375946,1.2672845548214446,pulp_cbc,mean_total_cost,,total_load_exceeds_fleet_capacity,180,60,True,15848.293578566421,15876.639846372414,18695.25287890013,18726.536824392137,,,,,,,,,,,
X-n200-k36,199,cold_chain,ortools:quantile_p75_or_tools,quantile_p75_or_tools,ortools,False,False,False,0,,0.0,,0.0,18340.142077375946,1.2672845548214446,pulp_cbc,mean_total_cost,,total_load_exceeds_fleet_capacity,180,60,True,15848.293578566421,15876.639846372414,18695.25287890013,18726.536824392137,,,,,,,,,,,
X-n200-k36,199,atm,ortools:quantile_p90_or_tools,quantile_p90_or_tools,ortools,False,False,False,0,,0.0,,0.0,21946.558687562334,1.516484154751405,pulp_cbc,mean_total_cost,,total_load_exceeds_fleet_capacity,180,60,True,15848.293578566421,15876.639846372414,18695.25287890013,18726.536824392137,,,,,,,,,,,
X-n200-k36,199,grocery,ortools:quantile_p90_or_tools,quantile_p90_or_tools,ortools,False,False,False,0,,0.0,,0.0,21946.558687562334,1.516484154751405,pulp_cbc,mean_total_cost,,total_load_exceeds_fleet_capacity,180,60,True,15848.293578566421,15876.639846372414,18695.25287890013,18726.536824392137,,,,,,,,,,,
X-n200-k36,199,cargo,ortools:quantile_p90_or_tools,quantile_p90_or_tools,ortools,False,False,False,0,,0.0,,0.0,21946.558687562334,1.516484154751405,pulp_cbc,mean_total_cost,,total_load_exceeds_fleet_capacity,180,60,True,15848.293578566421,15876.639846372414,18695.25287890013,18726.536824392137,,,,,,,,,,,
X-n200-k36,199,cold_chain,ortools:quantile_p90_or_tools,quantile_p90_or_tools,ortools,False,False,False,0,,0.0,,0.0,21946.558687562334,1.516484154751405,pulp_cbc,mean_total_cost,,total_load_exceeds_fleet_capacity,180,60,True,15848.293578566421,15876.639846372414,18695.25287890013,18726.536824392137,,,,,,,,,,,
X-n200-k36,199,atm,ortools:robust_mean_1std_or_tools,robust_mean_1std_or_tools,ortools,False,False,False,0,,0.0,,0.0,20568.37526650941,1.4212531278682567,pulp_cbc,mean_total_cost,,total_load_exceeds_fleet_capacity,180,60,True,15848.293578566421,15876.639846372414,18695.25287890013,18726.536824392137,,,,,,,,,,,
X-n200-k36,199,grocery,ortools:robust_mean_1std_or_tools,robust_mean_1std_or_tools,ortools,False,False,False,0,,0.0,,0.0,20568.37526650941,1.4212531278682567,pulp_cbc,mean_total_cost,,total_load_exceeds_fleet_capacity,180,60,True,15848.293578566421,15876.639846372414,18695.25287890013,18726.536824392137,,,,,,,,,,,
X-n200-k36,199,cargo,ortools:robust_mean_1std_or_tools,robust_mean_1std_or_tools,ortools,False,False,False,0,,0.0,,0.0,20568.37526650941,1.4212531278682567,pulp_cbc,mean_total_cost,,total_load_exceeds_fleet_capacity,180,60,True,15848.293578566421,15876.639846372414,18695.25287890013,18726.536824392137,,,,,,,,,,,
X-n200-k36,199,cold_chain,ortools:robust_mean_1std_or_tools,robust_mean_1std_or_tools,ortools,False,False,False,0,,0.0,,0.0,20568.37526650941,1.4212531278682567,pulp_cbc,mean_total_cost,,total_load_exceeds_fleet_capacity,180,60,True,15848.293578566421,15876.639846372414,18695.25287890013,18726.536824392137,,,,,,,,,,,
X-n200-k36,199,atm,ortools:robust_mean_2std_or_tools,robust_mean_2std_or_tools,ortools,False,False,False,0,,0.0,,0.0,25288.456954452402,1.7474058149842733,pulp_cbc,mean_total_cost,,total_load_exceeds_fleet_capacity,180,60,True,15848.293578566421,15876.639846372414,18695.25287890013,18726.536824392137,,,,,,,,,,,
X-n200-k36,199,grocery,ortools:robust_mean_2std_or_tools,robust_mean_2std_or_tools,ortools,False,False,False,0,,0.0,,0.0,25288.456954452402,1.7474058149842733,pulp_cbc,mean_total_cost,,total_load_exceeds_fleet_capacity,180,60,True,15848.293578566421,15876.639846372414,18695.25287890013,18726.536824392137,,,,,,,,,,,
X-n200-k36,199,cargo,ortools:robust_mean_2std_or_tools,robust_mean_2std_or_tools,ortools,False,False,False,0,,0.0,,0.0,25288.456954452402,1.7474058149842733,pulp_cbc,mean_total_cost,,total_load_exceeds_fleet_capacity,180,60,True,15848.293578566421,15876.639846372414,18695.25287890013,18726.536824392137,,,,,,,,,,,
X-n200-k36,199,cold_chain,ortools:robust_mean_2std_or_tools,robust_mean_2std_or_tools,ortools,False,False,False,0,,0.0,,0.0,25288.456954452402,1.7474058149842733,pulp_cbc,mean_total_cost,,total_load_exceeds_fleet_capacity,180,60,True,15848.293578566421,15876.639846372414,18695.25287890013,18726.536824392137,,,,,,,,,,,
X-n200-k36,199,atm,ortools:proxy_mean_scaled_or_tools,proxy_mean_scaled_or_tools,ortools,False,False,False,0,,5.003911018371582,,5.003911018371582,14399.64,0.995,pulp_cbc,mean_total_cost,,ortools_no_solution,180,60,True,15848.293578566421,15876.639846372414,18695.25287890013,18726.536824392137,,,,,,,,,,,
X-n200-k36,199,grocery,ortools:proxy_mean_scaled_or_tools,proxy_mean_scaled_or_tools,ortools,False,False,False,0,,5.003911018371582,,5.003911018371582,14399.64,0.995,pulp_cbc,mean_total_cost,,ortools_no_solution,180,60,True,15848.293578566421,15876.639846372414,18695.25287890013,18726.536824392137,,,,,,,,,,,
X-n200-k36,199,cargo,ortools:proxy_mean_scaled_or_tools,proxy_mean_scaled_or_tools,ortools,False,False,False,0,,5.003911018371582,,5.003911018371582,14399.64,0.995,pulp_cbc,mean_total_cost,,ortools_no_solution,180,60,True,15848.293578566421,15876.639846372414,18695.25287890013,18726.536824392137,,,,,,,,,,,
X-n200-k36,199,cold_chain,ortools:proxy_mean_scaled_or_tools,proxy_mean_scaled_or_tools,ortools,False,False,False,0,,5.003911018371582,,5.003911018371582,14399.64,0.995,pulp_cbc,mean_total_cost,,ortools_no_solution,180,60,True,15848.293578566421,15876.639846372414,18695.25287890013,18726.536824392137,,,,,,,,,,,
X-n200-k36,199,atm,ortools:quantile_p75_scaled_or_tools,quantile_p75_scaled_or_tools,ortools,False,False,False,0,,5.003315448760986,,5.003315448760986,14399.64,0.995,pulp_cbc,mean_total_cost,,ortools_no_solution,180,60,True,15848.293578566421,15876.639846372414,18695.25287890013,18726.536824392137,,,,,,,,,,,
X-n200-k36,199,grocery,ortools:quantile_p75_scaled_or_tools,quantile_p75_scaled_or_tools,ortools,False,False,False,0,,5.003315448760986,,5.003315448760986,14399.64,0.995,pulp_cbc,mean_total_cost,,ortools_no_solution,180,60,True,15848.293578566421,15876.639846372414,18695.25287890013,18726.536824392137,,,,,,,,,,,
X-n200-k36,199,cargo,ortools:quantile_p75_scaled_or_tools,quantile_p75_scaled_or_tools,ortools,False,False,False,0,,5.003315448760986,,5.003315448760986,14399.64,0.995,pulp_cbc,mean_total_cost,,ortools_no_solution,180,60,True,15848.293578566421,15876.639846372414,18695.25287890013,18726.536824392137,,,,,,,,,,,
X-n200-k36,199,cold_chain,ortools:quantile_p75_scaled_or_tools,quantile_p75_scaled_or_tools,ortools,False,False,False,0,,5.003315448760986,,5.003315448760986,14399.64,0.995,pulp_cbc,mean_total_cost,,ortools_no_solution,180,60,True,15848.293578566421,15876.639846372414,18695.25287890013,18726.536824392137,,,,,,,,,,,
X-n200-k36,199,atm,ortools:quantile_p90_scaled_or_tools,quantile_p90_scaled_or_tools,ortools,False,False,False,0,,5.002991199493408,,5.002991199493408,14399.639999999998,0.9949999999999999,pulp_cbc,mean_total_cost,,ortools_no_solution,180,60,True,15848.293578566421,15876.639846372414,18695.25287890013,18726.536824392137,,,,,,,,,,,
X-n200-k36,199,grocery,ortools:quantile_p90_scaled_or_tools,quantile_p90_scaled_or_tools,ortools,False,False,False,0,,5.002991199493408,,5.002991199493408,14399.639999999998,0.9949999999999999,pulp_cbc,mean_total_cost,,ortools_no_solution,180,60,True,15848.293578566421,15876.639846372414,18695.25287890013,18726.536824392137,,,,,,,,,,,
X-n200-k36,199,cargo,ortools:quantile_p90_scaled_or_tools,quantile_p90_scaled_or_tools,ortools,False,False,False,0,,5.002991199493408,,5.002991199493408,14399.639999999998,0.9949999999999999,pulp_cbc,mean_total_cost,,ortools_no_solution,180,60,True,15848.293578566421,15876.639846372414,18695.25287890013,18726.536824392137,,,,,,,,,,,
X-n200-k36,199,cold_chain,ortools:quantile_p90_scaled_or_tools,quantile_p90_scaled_or_tools,ortools,False,False,False,0,,5.002991199493408,,5.002991199493408,14399.639999999998,0.9949999999999999,pulp_cbc,mean_total_cost,,ortools_no_solution,180,60,True,15848.293578566421,15876.639846372414,18695.25287890013,18726.536824392137,,,,,,,,,,,
X-n200-k36,199,atm,ortools:robust_mean_1std_scaled_or_tools,robust_mean_1std_scaled_or_tools,ortools,False,False,False,0,,5.002138376235962,,5.002138376235962,14399.640000000001,0.9950000000000001,pulp_cbc,mean_total_cost,,ortools_no_solution,180,60,True,15848.293578566421,15876.639846372414,18695.25287890013,18726.536824392137,,,,,,,,,,,
X-n200-k36,199,grocery,ortools:robust_mean_1std_scaled_or_tools,robust_mean_1std_scaled_or_tools,ortools,False,False,False,0,,5.002138376235962,,5.002138376235962,14399.640000000001,0.9950000000000001,pulp_cbc,mean_total_cost,,ortools_no_solution,180,60,True,15848.293578566421,15876.639846372414,18695.25287890013,18726.536824392137,,,,,,,,,,,
X-n200-k36,199,cargo,ortools:robust_mean_1std_scaled_or_tools,robust_mean_1std_scaled_or_tools,ortools,False,False,False,0,,5.002138376235962,,5.002138376235962,14399.640000000001,0.9950000000000001,pulp_cbc,mean_total_cost,,ortools_no_solution,180,60,True,15848.293578566421,15876.639846372414,18695.25287890013,18726.536824392137,,,,,,,,,,,
X-n200-k36,199,cold_chain,ortools:robust_mean_1std_scaled_or_tools,robust_mean_1std_scaled_or_tools,ortools,False,False,False,0,,5.002138376235962,,5.002138376235962,14399.640000000001,0.9950000000000001,pulp_cbc,mean_total_cost,,ortools_no_solution,180,60,True,15848.293578566421,15876.639846372414,18695.25287890013,18726.536824392137,,,,,,,,,,,
X-n200-k36,199,atm,ortools:robust_mean_2std_scaled_or_tools,robust_mean_2std_scaled_or_tools,ortools,False,False,False,0,,5.002530336380005,,5.002530336380005,14399.639999999996,0.9949999999999997,pulp_cbc,mean_total_cost,,ortools_no_solution,180,60,True,15848.293578566421,15876.639846372414,18695.25287890013,18726.536824392137,,,,,,,,,,,
X-n200-k36,199,grocery,ortools:robust_mean_2std_scaled_or_tools,robust_mean_2std_scaled_or_tools,ortools,False,False,False,0,,5.002530336380005,,5.002530336380005,14399.639999999996,0.9949999999999997,pulp_cbc,mean_total_cost,,ortools_no_solution,180,60,True,15848.293578566421,15876.639846372414,18695.25287890013,18726.536824392137,,,,,,,,,,,
X-n200-k36,199,cargo,ortools:robust_mean_2std_scaled_or_tools,robust_mean_2std_scaled_or_tools,ortools,False,False,False,0,,5.002530336380005,,5.002530336380005,14399.639999999996,0.9949999999999997,pulp_cbc,mean_total_cost,,ortools_no_solution,180,60,True,15848.293578566421,15876.639846372414,18695.25287890013,18726.536824392137,,,,,,,,,,,
X-n200-k36,199,cold_chain,ortools:robust_mean_2std_scaled_or_tools,robust_mean_2std_scaled_or_tools,ortools,False,False,False,0,,5.002530336380005,,5.002530336380005,14399.639999999996,0.9949999999999997,pulp_cbc,mean_total_cost,,ortools_no_solution,180,60,True,15848.293578566421,15876.639846372414,18695.25287890013,18726.536824392137,,,,,,,,,,,
X-n204-k19,203,atm,ortools:nominal_or_tools,nominal_or_tools,ortools,True,True,True,19,21213.0,5.0000481605529785,1.1762723922729492,6.176320552825928,15135.0,0.9528456308234702,pulp_cbc,mean_total_cost,27832.744272376654,,180,60,True,16657.037292963792,16667.364983390977,19151.0805427942,19176.691727605437,11679.752142882606,15883.999994,27832.744272376654,33661.1271389721,39802.39250675621,1712.1553267546076,3356.079749181097,0.42019704433497534,1995.1364808395363,6619.744272376654,0.0
X-n204-k19,203,grocery,ortools:nominal_or_tools,nominal_or_tools,ortools,True,True,True,19,21213.0,5.0000481605529785,1.0173776149749756,6.017425775527954,15135.0,0.9528456308234702,pulp_cbc,mean_total_cost,25480.179713531234,,180,60,True,16657.037292963792,16667.364983390977,19151.0805427942,19176.691727605437,5740.848454917885,15884.000012,25480.179713531234,28255.327635972015,31449.400252192514,1710.8553747607466,3362.2858266737144,0.4196551724137931,1993.8365468456752,4267.179713531227,0.0
X-n204-k19,203,cargo,ortools:nominal_or_tools,nominal_or_tools,ortools,True,True,True,19,21213.0,5.0000481605529785,1.3087539672851562,6.308802127838135,15135.0,0.9528456308234702,pulp_cbc,mean_total_cost,26242.80892617275,,180,60,True,16657.037292963792,16667.364983390977,19151.0805427942,19176.691727605437,10466.42422687535,15883.999991,26242.80892617275,30810.639164918466,35389.566552870405,1721.6077881512215,3377.9023594757027,0.41960591133004926,2004.5889392361507,5029.808926172746,0.0
X-n204-k19,203,cold_chain,ortools:nominal_or_tools,nominal_or_tools,ortools,True,True,True,19,21213.0,5.0000481605529785,1.0130696296691895,6.013117790222168,15135.0,0.9528456308234702,pulp_cbc,mean_total_cost,30349.77510188279,,180,60,True,16657.037292963792,16667.364983390977,19151.0805427942,19176.691727605437,12951.501959464737,15884.000012999999,30349.77510188279,33719.669192612586,37956.876595964924,1713.2096476957406,3343.763937415262,0.4156650246305419,1996.19082078067,6187.095643717875,2949.679458164921
X-n204-k19,203,atm,ortools:proxy_mean_or_tools,proxy_mean_or_tools,ortools,False,False,False,0,,0.0,,0.0,16657.037292963796,1.048667671428091,pulp_cbc,mean_total_cost,,total_load_exceeds_fleet_capacity,180,60,True,16657.037292963792,16667.364983390977,19151.0805427942,19176.691727605437,,,,,,,,,,,
X-n204-k19,203,grocery,ortools:proxy_mean_or_tools,proxy_mean_or_tools,ortools,False,False,False,0,,0.0,,0.0,16657.037292963796,1.048667671428091,pulp_cbc,mean_total_cost,,total_load_exceeds_fleet_capacity,180,60,True,16657.037292963792,16667.364983390977,19151.0805427942,19176.691727605437,,,,,,,,,,,
X-n204-k19,203,cargo,ortools:proxy_mean_or_tools,proxy_mean_or_tools,ortools,False,False,False,0,,0.0,,0.0,16657.037292963796,1.048667671428091,pulp_cbc,mean_total_cost,,total_load_exceeds_fleet_capacity,180,60,True,16657.037292963792,16667.364983390977,19151.0805427942,19176.691727605437,,,,,,,,,,,
X-n204-k19,203,cold_chain,ortools:proxy_mean_or_tools,proxy_mean_or_tools,ortools,False,False,False,0,,0.0,,0.0,16657.037292963796,1.048667671428091,pulp_cbc,mean_total_cost,,total_load_exceeds_fleet_capacity,180,60,True,16657.037292963792,16667.364983390977,19151.0805427942,19176.691727605437,,,,,,,,,,,
X-n204-k19,203,atm,ortools:quantile_p75_or_tools,quantile_p75_or_tools,ortools,False,False,False,0,,0.0,,0.0,19317.547150978186,1.2161638851031342,pulp_cbc,mean_total_cost,,total_load_exceeds_fleet_capacity,180,60,True,16657.037292963792,16667.364983390977,19151.0805427942,19176.691727605437,,,,,,,,,,,
X-n204-k19,203,grocery,ortools:quantile_p75_or_tools,quantile_p75_or_tools,ortools,False,False,False,0,,0.0,,0.0,19317.547150978186,1.2161638851031342,pulp_cbc,mean_total_cost,,total_load_exceeds_fleet_capacity,180,60,True,16657.037292963792,16667.364983390977,19151.0805427942,19176.691727605437,,,,,,,,,,,
X-n204-k19,203,cargo,ortools:quantile_p75_or_tools,quantile_p75_or_tools,ortools,False,False,False,0,,0.0,,0.0,19317.547150978186,1.2161638851031342,pulp_cbc,mean_total_cost,,total_load_exceeds_fleet_capacity,180,60,True,16657.037292963792,16667.364983390977,19151.0805427942,19176.691727605437,,,,,,,,,,,
X-n204-k19,203,cold_chain,ortools:quantile_p75_or_tools,quantile_p75_or_tools,ortools,False,False,False,0,,0.0,,0.0,19317.547150978186,1.2161638851031342,pulp_cbc,mean_total_cost,,total_load_exceeds_fleet_capacity,180,60,True,16657.037292963792,16667.364983390977,19151.0805427942,19176.691727605437,,,,,,,,,,,
X-n204-k19,203,atm,ortools:quantile_p90_or_tools,quantile_p90_or_tools,ortools,False,False,False,0,,0.0,,0.0,22952.859980062887,1.4450302178332213,pulp_cbc,mean_total_cost,,total_load_exceeds_fleet_capacity,180,60,True,16657.037292963792,16667.364983390977,19151.0805427942,19176.691727605437,,,,,,,,,,,
X-n204-k19,203,grocery,ortools:quantile_p90_or_tools,quantile_p90_or_tools,ortools,False,False,False,0,,0.0,,0.0,22952.859980062887,1.4450302178332213,pulp_cbc,mean_total_cost,,total_load_exceeds_fleet_capacity,180,60,True,16657.037292963792,16667.364983390977,19151.0805427942,19176.691727605437,,,,,,,,,,,
X-n204-k19,203,cargo,ortools:quantile_p90_or_tools,quantile_p90_or_tools,ortools,False,False,False,0,,0.0,,0.0,22952.859980062887,1.4450302178332213,pulp_cbc,mean_total_cost,,total_load_exceeds_fleet_capacity,180,60,True,16657.037292963792,16667.364983390977,19151.0805427942,19176.691727605437,,,,,,,,,,,
X-n204-k19,203,cold_chain,ortools:quantile_p90_or_tools,quantile_p90_or_tools,ortools,False,False,False,0,,0.0,,0.0,22952.859980062887,1.4450302178332213,pulp_cbc,mean_total_cost,,total_load_exceeds_fleet_capacity,180,60,True,16657.037292963792,16667.364983390977,19151.0805427942,19176.691727605437,,,,,,,,,,,
X-n204-k19,203,atm,ortools:robust_mean_1std_or_tools,robust_mean_1std_or_tools,ortools,False,False,False,0,,0.0,,0.0,21435.888067441214,1.3495270755125417,pulp_cbc,mean_total_cost,,total_load_exceeds_fleet_capacity,180,60,True,16657.037292963792,16667.364983390977,19151.0805427942,19176.691727605437,,,,,,,,,,,
X-n204-k19,203,grocery,ortools:robust_mean_1std_or_tools,robust_mean_1std_or_tools,ortools,False,False,False,0,,0.0,,0.0,21435.888067441214,1.3495270755125417,pulp_cbc,mean_total_cost,,total_load_exceeds_fleet_capacity,180,60,True,16657.037292963792,16667.364983390977,19151.0805427942,19176.691727605437,,,,,,,,,,,
X-n204-k19,203,cargo,ortools:robust_mean_1std_or_tools,robust_mean_1std_or_tools,ortools,False,False,False,0,,0.0,,0.0,21435.888067441214,1.3495270755125417,pulp_cbc,mean_total_cost,,total_load_exceeds_fleet_capacity,180,60,True,16657.037292963792,16667.364983390977,19151.0805427942,19176.691727605437,,,,,,,,,,,
X-n204-k19,203,cold_chain,ortools:robust_mean_1std_or_tools,robust_mean_1std_or_tools,ortools,False,False,False,0,,0.0,,0.0,21435.888067441214,1.3495270755125417,pulp_cbc,mean_total_cost,,total_load_exceeds_fleet_capacity,180,60,True,16657.037292963792,16667.364983390977,19151.0805427942,19176.691727605437,,,,,,,,,,,
X-n204-k19,203,atm,ortools:robust_mean_2std_or_tools,robust_mean_2std_or_tools,ortools,False,False,False,0,,0.0,,0.0,26214.73884191864,1.6503864795969931,pulp_cbc,mean_total_cost,,total_load_exceeds_fleet_capacity,180,60,True,16657.037292963792,16667.364983390977,19151.0805427942,19176.691727605437,,,,,,,,,,,
X-n204-k19,203,grocery,ortools:robust_mean_2std_or_tools,robust_mean_2std_or_tools,ortools,False,False,False,0,,0.0,,0.0,26214.73884191864,1.6503864795969931,pulp_cbc,mean_total_cost,,total_load_exceeds_fleet_capacity,180,60,True,16657.037292963792,16667.364983390977,19151.0805427942,19176.691727605437,,,,,,,,,,,
X-n204-k19,203,cargo,ortools:robust_mean_2std_or_tools,robust_mean_2std_or_tools,ortools,False,False,False,0,,0.0,,0.0,26214.73884191864,1.6503864795969931,pulp_cbc,mean_total_cost,,total_load_exceeds_fleet_capacity,180,60,True,16657.037292963792,16667.364983390977,19151.0805427942,19176.691727605437,,,,,,,,,,,
X-n204-k19,203,cold_chain,ortools:robust_mean_2std_or_tools,robust_mean_2std_or_tools,ortools,False,False,False,0,,0.0,,0.0,26214.73884191864,1.6503864795969931,pulp_cbc,mean_total_cost,,total_load_exceeds_fleet_capacity,180,60,True,16657.037292963792,16667.364983390977,19151.0805427942,19176.691727605437,,,,,,,,,,,
X-n204-k19,203,atm,ortools:proxy_mean_scaled_or_tools,proxy_mean_scaled_or_tools,ortools,False,False,False,0,,5.0017383098602295,,5.0017383098602295,15804.579999999996,0.9949999999999998,pulp_cbc,mean_total_cost,,ortools_no_solution,180,60,True,16657.037292963792,16667.364983390977,19151.0805427942,19176.691727605437,,,,,,,,,,,
X-n204-k19,203,grocery,ortools:proxy_mean_scaled_or_tools,proxy_mean_scaled_or_tools,ortools,False,False,False,0,,5.0017383098602295,,5.0017383098602295,15804.579999999996,0.9949999999999998,pulp_cbc,mean_total_cost,,ortools_no_solution,180,60,True,16657.037292963792,16667.364983390977,19151.0805427942,19176.691727605437,,,,,,,,,,,
X-n204-k19,203,cargo,ortools:proxy_mean_scaled_or_tools,proxy_mean_scaled_or_tools,ortools,False,False,False,0,,5.0017383098602295,,5.0017383098602295,15804.579999999996,0.9949999999999998,pulp_cbc,mean_total_cost,,ortools_no_solution,180,60,True,16657.037292963792,16667.364983390977,19151.0805427942,19176.691727605437,,,,,,,,,,,
X-n204-k19,203,cold_chain,ortools:proxy_mean_scaled_or_tools,proxy_mean_scaled_or_tools,ortools,False,False,False,0,,5.0017383098602295,,5.0017383098602295,15804.579999999996,0.9949999999999998,pulp_cbc,mean_total_cost,,ortools_no_solution,180,60,True,16657.037292963792,16667.364983390977,19151.0805427942,19176.691727605437,,,,,,,,,,,
X-n204-k19,203,atm,ortools:quantile_p75_scaled_or_tools,quantile_p75_scaled_or_tools,ortools,False,False,False,0,,5.001474380493164,,5.001474380493164,15804.579999999996,0.9949999999999998,pulp_cbc,mean_total_cost,,ortools_no_solution,180,60,True,16657.037292963792,16667.364983390977,19151.0805427942,19176.691727605437,,,,,,,,,,,
X-n204-k19,203,grocery,ortools:quantile_p75_scaled_or_tools,quantile_p75_scaled_or_tools,ortools,False,False,False,0,,5.001474380493164,,5.001474380493164,15804.579999999996,0.9949999999999998,pulp_cbc,mean_total_cost,,ortools_no_solution,180,60,True,16657.037292963792,16667.364983390977,19151.0805427942,19176.691727605437,,,,,,,,,,,
X-n204-k19,203,cargo,ortools:quantile_p75_scaled_or_tools,quantile_p75_scaled_or_tools,ortools,False,False,False,0,,5.001474380493164,,5.001474380493164,15804.579999999996,0.9949999999999998,pulp_cbc,mean_total_cost,,ortools_no_solution,180,60,True,16657.037292963792,16667.364983390977,19151.0805427942,19176.691727605437,,,,,,,,,,,
X-n204-k19,203,cold_chain,ortools:quantile_p75_scaled_or_tools,quantile_p75_scaled_or_tools,ortools,False,False,False,0,,5.001474380493164,,5.001474380493164,15804.579999999996,0.9949999999999998,pulp_cbc,mean_total_cost,,ortools_no_solution,180,60,True,16657.037292963792,16667.364983390977,19151.0805427942,19176.691727605437,,,,,,,,,,,
X-n204-k19,203,atm,ortools:quantile_p90_scaled_or_tools,quantile_p90_scaled_or_tools,ortools,False,False,False,0,,5.002617120742798,,5.002617120742798,15804.580000000004,0.9950000000000002,pulp_cbc,mean_total_cost,,ortools_no_solution,180,60,True,16657.037292963792,16667.364983390977,19151.0805427942,19176.691727605437,,,,,,,,,,,
X-n204-k19,203,grocery,ortools:quantile_p90_scaled_or_tools,quantile_p90_scaled_or_tools,ortools,False,False,False,0,,5.002617120742798,,5.002617120742798,15804.580000000004,0.9950000000000002,pulp_cbc,mean_total_cost,,ortools_no_solution,180,60,True,16657.037292963792,16667.364983390977,19151.0805427942,19176.691727605437,,,,,,,,,,,
X-n204-k19,203,cargo,ortools:quantile_p90_scaled_or_tools,quantile_p90_scaled_or_tools,ortools,False,False,False,0,,5.002617120742798,,5.002617120742798,15804.580000000004,0.9950000000000002,pulp_cbc,mean_total_cost,,ortools_no_solution,180,60,True,16657.037292963792,16667.364983390977,19151.0805427942,19176.691727605437,,,,,,,,,,,
X-n204-k19,203,cold_chain,ortools:quantile_p90_scaled_or_tools,quantile_p90_scaled_or_tools,ortools,False,False,False,0,,5.002617120742798,,5.002617120742798,15804.580000000004,0.9950000000000002,pulp_cbc,mean_total_cost,,ortools_no_solution,180,60,True,16657.037292963792,16667.364983390977,19151.0805427942,19176.691727605437,,,,,,,,,,,
X-n204-k19,203,atm,ortools:robust_mean_1std_scaled_or_tools,robust_mean_1std_scaled_or_tools,ortools,False,False,False,0,,5.001913070678711,,5.001913070678711,15804.580000000002,0.9950000000000001,pulp_cbc,mean_total_cost,,ortools_no_solution,180,60,True,16657.037292963792,16667.364983390977,19151.0805427942,19176.691727605437,,,,,,,,,,,
X-n204-k19,203,grocery,ortools:robust_mean_1std_scaled_or_tools,robust_mean_1std_scaled_or_tools,ortools,False,False,False,0,,5.001913070678711,,5.001913070678711,15804.580000000002,0.9950000000000001,pulp_cbc,mean_total_cost,,ortools_no_solution,180,60,True,16657.037292963792,16667.364983390977,19151.0805427942,19176.691727605437,,,,,,,,,,,
X-n204-k19,203,cargo,ortools:robust_mean_1std_scaled_or_tools,robust_mean_1std_scaled_or_tools,ortools,False,False,False,0,,5.001913070678711,,5.001913070678711,15804.580000000002,0.9950000000000001,pulp_cbc,mean_total_cost,,ortools_no_solution,180,60,True,16657.037292963792,16667.364983390977,19151.0805427942,19176.691727605437,,,,,,,,,,,
X-n204-k19,203,cold_chain,ortools:robust_mean_1std_scaled_or_tools,robust_mean_1std_scaled_or_tools,ortools,False,False,False,0,,5.001913070678711,,5.001913070678711,15804.580000000002,0.9950000000000001,pulp_cbc,mean_total_cost,,ortools_no_solution,180,60,True,16657.037292963792,16667.364983390977,19151.0805427942,19176.691727605437,,,,,,,,,,,
X-n204-k19,203,atm,ortools:robust_mean_2std_scaled_or_tools,robust_mean_2std_scaled_or_tools,ortools,False,False,False,0,,5.001770973205566,,5.001770973205566,15804.579999999998,0.9949999999999999,pulp_cbc,mean_total_cost,,ortools_no_solution,180,60,True,16657.037292963792,16667.364983390977,19151.0805427942,19176.691727605437,,,,,,,,,,,
X-n204-k19,203,grocery,ortools:robust_mean_2std_scaled_or_tools,robust_mean_2std_scaled_or_tools,ortools,False,False,False,0,,5.001770973205566,,5.001770973205566,15804.579999999998,0.9949999999999999,pulp_cbc,mean_total_cost,,ortools_no_solution,180,60,True,16657.037292963792,16667.364983390977,19151.0805427942,19176.691727605437,,,,,,,,,,,
X-n204-k19,203,cargo,ortools:robust_mean_2std_scaled_or_tools,robust_mean_2std_scaled_or_tools,ortools,False,False,False,0,,5.001770973205566,,5.001770973205566,15804.579999999998,0.9949999999999999,pulp_cbc,mean_total_cost,,ortools_no_solution,180,60,True,16657.037292963792,16667.364983390977,19151.0805427942,19176.691727605437,,,,,,,,,,,
X-n204-k19,203,cold_chain,ortools:robust_mean_2std_scaled_or_tools,robust_mean_2std_scaled_or_tools,ortools,False,False,False,0,,5.001770973205566,,5.001770973205566,15804.579999999998,0.9949999999999999,pulp_cbc,mean_total_cost,,ortools_no_solution,180,60,True,16657.037292963792,16667.364983390977,19151.0805427942,19176.691727605437,,,,,,,,,,,
X-n209-k16,208,atm,ortools:nominal_or_tools,nominal_or_tools,ortools,True,True,True,16,32468.0,5.000096559524536,1.166332721710205,6.166429281234741,1547.0,0.9573019801980198,pulp_cbc,mean_total_cost,33125.08862281038,,180,60,True,1728.5373708196844,1732.707831817492,2088.5534407537966,2090.6974809885087,1393.196367961813,1616.0,33125.08862281038,33618.254967338566,34145.95434159225,168.98839236560966,309.41665682907075,0.418125,209.73719517061446,657.0886228103674,0.0
X-n209-k16,208,grocery,ortools:nominal_or_tools,nominal_or_tools,ortools,True,True,True,16,32468.0,5.000096559524536,1.0624549388885498,6.062551498413086,1547.0,0.9573019801980198,pulp_cbc,mean_total_cost,32895.282355706266,,180,60,True,1728.5373708196844,1732.707831817492,2088.5534407537966,2090.6974809885087,661.0592210367805,1615.9999977,32895.282355706266,33122.6465154596,33397.24237963702,168.79428169745367,309.5809971317456,0.4157692307692308,209.54308220245855,427.2823557062654,0.0
X-n209-k16,208,cargo,ortools:nominal_or_tools,nominal_or_tools,ortools,True,True,True,16,32468.0,5.000096559524536,1.2019352912902832,6.202031850814819,1547.0,0.9573019801980198,pulp_cbc,mean_total_cost,32967.88936156392,,180,60,True,1728.5373708196844,1732.707831817492,2088.5534407537966,2090.6974809885087,1268.0271961572364,1615.9999983999999,32967.88936156392,33350.44114296016,33751.17079314795,169.83330780307003,309.4771114250763,0.4171153846153846,210.58210900807487,499.88936156391173,0.0
X-n209-k16,208,cold_chain,ortools:nominal_or_tools,nominal_or_tools,ortools,True,True,True,16,32468.0,5.000096559524536,1.20863676071167,6.208733320236206,1547.0,0.9573019801980198,pulp_cbc,mean_total_cost,33383.66934647551,,180,60,True,1728.5373708196844,1732.707831817492,2088.5534407537966,2090.6974809885087,1467.642604683375,1615.9999988,33383.66934647551,33664.28004397765,34021.652083240784,169.07571503200307,309.30677634098396,0.41192307692307695,209.82451663700792,621.2639202694689,294.40542620604026
X-n209-k16,208,atm,ortools:proxy_mean_or_tools,proxy_mean_or_tools,ortools,False,False,False,0,,0.0,,0.0,1728.5373708196846,1.069639462140894,pulp_cbc,mean_total_cost,,total_load_exceeds_fleet_capacity,180,60,True,1728.5373708196844,1732.707831817492,2088.5534407537966,2090.6974809885087,,,,,,,,,,,
X-n209-k16,208,grocery,ortools:proxy_mean_or_tools,proxy_mean_or_tools,ortools,False,False,False,0,,0.0,,0.0,1728.5373708196846,1.069639462140894,pulp_cbc,mean_total_cost,,total_load_exceeds_fleet_capacity,180,60,True,1728.5373708196844,1732.707831817492,2088.5534407537966,2090.6974809885087,,,,,,,,,,,
X-n209-k16,208,cargo,ortools:proxy_mean_or_tools,proxy_mean_or_tools,ortools,False,False,False,0,,0.0,,0.0,1728.5373708196846,1.069639462140894,pulp_cbc,mean_total_cost,,total_load_exceeds_fleet_capacity,180,60,True,1728.5373708196844,1732.707831817492,2088.5534407537966,2090.6974809885087,,,,,,,,,,,
X-n209-k16,208,cold_chain,ortools:proxy_mean_or_tools,proxy_mean_or_tools,ortools,False,False,False,0,,0.0,,0.0,1728.5373708196846,1.069639462140894,pulp_cbc,mean_total_cost,,total_load_exceeds_fleet_capacity,180,60,True,1728.5373708196844,1732.707831817492,2088.5534407537966,2090.6974809885087,,,,,,,,,,,
X-n209-k16,208,atm,ortools:quantile_p75_or_tools,quantile_p75_or_tools,ortools,False,False,False,0,,0.0,,0.0,2000.347262898636,1.2378386527838094,pulp_cbc,mean_total_cost,,total_load_exceeds_fleet_capacity,180,60,True,1728.5373708196844,1732.707831817492,2088.5534407537966,2090.6974809885087,,,,,,,,,,,
X-n209-k16,208,grocery,ortools:quantile_p75_or_tools,quantile_p75_or_tools,ortools,False,False,False,0,,0.0,,0.0,2000.347262898636,1.2378386527838094,pulp_cbc,mean_total_cost,,total_load_exceeds_fleet_capacity,180,60,True,1728.5373708196844,1732.707831817492,2088.5534407537966,2090.6974809885087,,,,,,,,,,,
X-n209-k16,208,cargo,ortools:quantile_p75_or_tools,quantile_p75_or_tools,ortools,False,False,False,0,,0.0,,0.0,2000.347262898636,1.2378386527838094,pulp_cbc,mean_total_cost,,total_load_exceeds_fleet_capacity,180,60,True,1728.5373708196844,1732.707831817492,2088.5534407537966,2090.6974809885087,,,,,,,,,,,
X-n209-k16,208,cold_chain,ortools:quantile_p75_or_tools,quantile_p75_or_tools,ortools,False,False,False,0,,0.0,,0.0,2000.347262898636,1.2378386527838094,pulp_cbc,mean_total_cost,,total_load_exceeds_fleet_capacity,180,60,True,1728.5373708196844,1732.707831817492,2088.5534407537966,2090.6974809885087,,,,,,,,,,,
X-n209-k16,208,atm,ortools:quantile_p90_or_tools,quantile_p90_or_tools,ortools,False,False,False,0,,0.0,,0.0,2397.6571938195757,1.4836987585517176,pulp_cbc,mean_total_cost,,total_load_exceeds_fleet_capacity,180,60,True,1728.5373708196844,1732.707831817492,2088.5534407537966,2090.6974809885087,,,,,,,,,,,
X-n209-k16,208,grocery,ortools:quantile_p90_or_tools,quantile_p90_or_tools,ortools,False,False,False,0,,0.0,,0.0,2397.6571938195757,1.4836987585517176,pulp_cbc,mean_total_cost,,total_load_exceeds_fleet_capacity,180,60,True,1728.5373708196844,1732.707831817492,2088.5534407537966,2090.6974809885087,,,,,,,,,,,
X-n209-k16,208,cargo,ortools:quantile_p90_or_tools,quantile_p90_or_tools,ortools,False,False,False,0,,0.0,,0.0,2397.6571938195757,1.4836987585517176,pulp_cbc,mean_total_cost,,total_load_exceeds_fleet_capacity,180,60,True,1728.5373708196844,1732.707831817492,2088.5534407537966,2090.6974809885087,,,,,,,,,,,
X-n209-k16,208,cold_chain,ortools:quantile_p90_or_tools,quantile_p90_or_tools,ortools,False,False,False,0,,0.0,,0.0,2397.6571938195757,1.4836987585517176,pulp_cbc,mean_total_cost,,total_load_exceeds_fleet_capacity,180,60,True,1728.5373708196844,1732.707831817492,2088.5534407537966,2090.6974809885087,,,,,,,,,,,
X-n209-k16,208,atm,ortools:robust_mean_1std_or_tools,robust_mean_1std_or_tools,ortools,False,False,False,0,,0.0,,0.0,2247.8245849010827,1.3909805599635412,pulp_cbc,mean_total_cost,,total_load_exceeds_fleet_capacity,180,60,True,1728.5373708196844,1732.707831817492,2088.5534407537966,2090.6974809885087,,,,,,,,,,,
X-n209-k16,208,grocery,ortools:robust_mean_1std_or_tools,robust_mean_1std_or_tools,ortools,False,False,False,0,,0.0,,0.0,2247.8245849010827,1.3909805599635412,pulp_cbc,mean_total_cost,,total_load_exceeds_fleet_capacity,180,60,True,1728.5373708196844,1732.707831817492,2088.5534407537966,2090.6974809885087,,,,,,,,,,,
X-n209-k16,208,cargo,ortools:robust_mean_1std_or_tools,robust_mean_1std_or_tools,ortools,False,False,False,0,,0.0,,0.0,2247.8245849010827,1.3909805599635412,pulp_cbc,mean_total_cost,,total_load_exceeds_fleet_capacity,180,60,True,1728.5373708196844,1732.707831817492,2088.5534407537966,2090.6974809885087,,,,,,,,,,,
X-n209-k16,208,cold_chain,ortools:robust_mean_1std_or_tools,robust_mean_1std_or_tools,ortools,False,False,False,0,,0.0,,0.0,2247.8245849010827,1.3909805599635412,pulp_cbc,mean_total_cost,,total_load_exceeds_fleet_capacity,180,60,True,1728.5373708196844,1732.707831817492,2088.5534407537966,2090.6974809885087,,,,,,,,,,,
X-n209-k16,208,atm,ortools:robust_mean_2std_or_tools,robust_mean_2std_or_tools,ortools,False,False,False,0,,0.0,,0.0,2767.1117989824807,1.7123216577861886,pulp_cbc,mean_total_cost,,total_load_exceeds_fleet_capacity,180,60,True,1728.5373708196844,1732.707831817492,2088.5534407537966,2090.6974809885087,,,,,,,,,,,
X-n209-k16,208,grocery,ortools:robust_mean_2std_or_tools,robust_mean_2std_or_tools,ortools,False,False,False,0,,0.0,,0.0,2767.1117989824807,1.7123216577861886,pulp_cbc,mean_total_cost,,total_load_exceeds_fleet_capacity,180,60,True,1728.5373708196844,1732.707831817492,2088.5534407537966,2090.6974809885087,,,,,,,,,,,
X-n209-k16,208,cargo,ortools:robust_mean_2std_or_tools,robust_mean_2std_or_tools,ortools,False,False,False,0,,0.0,,0.0,2767.1117989824807,1.7123216577861886,pulp_cbc,mean_total_cost,,total_load_exceeds_fleet_capacity,180,60,True,1728.5373708196844,1732.707831817492,2088.5534407537966,2090.6974809885087,,,,,,,,,,,
X-n209-k16,208,cold_chain,ortools:robust_mean_2std_or_tools,robust_mean_2std_or_tools,ortools,False,False,False,0,,0.0,,0.0,2767.1117989824807,1.7123216577861886,pulp_cbc,mean_total_cost,,total_load_exceeds_fleet_capacity,180,60,True,1728.5373708196844,1732.707831817492,2088.5534407537966,2090.6974809885087,,,,,,,,,,,
X-n209-k16,208,atm,ortools:proxy_mean_scaled_or_tools,proxy_mean_scaled_or_tools,ortools,True,True,True,16,32551.0,5.005264759063721,1.195037841796875,6.200302600860596,1607.9200000000003,0.9950000000000002,pulp_cbc,mean_total_cost,33198.479962186,,180,60,True,1728.5373708196844,1732.707831817492,2088.5534407537966,2090.6974809885087,1383.7688841065274,1615.9999998,33198.479962186,33704.393416463965,34218.35576559953,166.84008363600927,310.7244592115177,0.4157692307692308,207.58888624101408,647.4799621859964,0.0
X-n209-k16,208,grocery,ortools:proxy_mean_scaled_or_tools,proxy_mean_scaled_or_tools,ortools,True,True,True,16,32551.0,5.005264759063721,1.0847673416137695,6.09003210067749,1607.9200000000003,0.9950000000000002,pulp_cbc,mean_total_cost,32972.56808654145,,180,60,True,1728.5373708196844,1732.707831817492,2088.5534407537966,2090.6974809885087,656.2504545493919,1615.999998,32972.56808654145,33207.12827770577,33473.34648315828,166.36693798833883,310.3773389339134,0.41389423076923076,207.11573879334378,421.5680865414455,0.0
X-n209-k16,208,cargo,ortools:proxy_mean_scaled_or_tools,proxy_mean_scaled_or_tools,ortools,True,True,True,16,32551.0,5.005264759063721,1.4179444313049316,6.423209190368652,1607.9200000000003,0.9950000000000002,pulp_cbc,mean_total_cost,33041.65669499776,,180,60,True,1728.5373708196844,1732.707831817492,2088.5534407537966,2090.6974809885087,1256.9736325859587,1615.9999966999999,33041.65669499776,33433.285001324155,33820.960050841306,167.35888186467974,311.0615339171534,0.4166346153846154,208.10768136968466,490.6566949977541,0.0
X-n209-k16,208,cold_chain,ortools:proxy_mean_scaled_or_tools,proxy_mean_scaled_or_tools,ortools,True,True,True,16,32551.0,5.005264759063721,1.088135004043579,6.0933997631073,1607.9200000000003,0.9950000000000002,pulp_cbc,mean_total_cost,33459.03771758867,,180,60,True,1728.5373708196844,1732.707831817492,2088.5534407537966,2090.6974809885087,1459.1642310916545,1615.9999992,33459.03771758867,33742.16577429639,34094.38798815254,167.0600969004681,309.4347621682568,0.41283653846153845,207.808898905473,614.1464369102657,293.8912806783997
X-n209-k16,208,atm,ortools:quantile_p75_scaled_or_tools,quantile_p75_scaled_or_tools,ortools,True,True,True,16,32916.0,5.008608818054199,1.148585319519043,6.157194137573242,1607.92,0.995,pulp_cbc,mean_total_cost,33554.47978241735,,180,60,True,1728.5373708196844,1732.707831817492,2088.5534407537966,2090.6974809885087,1372.7608797880278,1616.0000003,33554.47978241735,34048.80614275241,34575.71077374397,164.6966475659899,305.75447996680316,0.4148557692307692,205.4454506709948,638.4797824173512,0.0
X-n209-k16,208,grocery,ortools:quantile_p75_scaled_or_tools,quantile_p75_scaled_or_tools,ortools,True,True,True,16,32916.0,5.008608818054199,0.9999797344207764,6.008588552474976,1607.92,0.995,pulp_cbc,mean_total_cost,33333.265258023646,,180,60,True,1728.5373708196844,1732.707831817492,2088.5534407537966,2090.6974809885087,650.5867591954891,1615.9999991,33333.265258023646,33560.91413964758,33834.52091618073,164.42448258135653,305.89765702043377,0.41259615384615383,205.1732844863614,417.26525802364966,0.0
X-n209-k16,208,cargo,ortools:quantile_p75_scaled_or_tools,quantile_p75_scaled_or_tools,ortools,True,True,True,16,32916.0,5.008608818054199,1.2911736965179443,6.2997825145721436,1607.92,0.995,pulp_cbc,mean_total_cost,33398.98431994324,,180,60,True,1728.5373708196844,1732.707831817492,2088.5534407537966,2090.6974809885087,1244.2346740515893,1616.0000006,33398.98431994324,33776.20612314468,34177.83898623103,165.34810059709562,304.62658782493634,0.41302884615384616,206.0969040021005,482.98431994324505,0.0
X-n209-k16,208,cold_chain,ortools:quantile_p75_scaled_or_tools,quantile_p75_scaled_or_tools,ortools,True,True,True,16,32916.0,5.008608818054199,1.0443341732025146,6.052942991256714,1607.92,0.995,pulp_cbc,mean_total_cost,33819.78072212985,,180,60,True,1728.5373708196844,1732.707831817492,2088.5534407537966,2090.6974809885087,1454.4901354118188,1616.0000005000002,33819.78072212985,34098.349852451065,34456.93051128317,164.45952430373364,305.9029525878623,0.41009615384615383,205.2083276087385,605.8363657254097,297.94435640444294
X-n209-k16,208,atm,ortools:quantile_p90_scaled_or_tools,quantile_p90_scaled_or_tools,ortools,False,False,False,0,,5.0011773109436035,,5.0011773109436035,1607.9200000000003,0.9950000000000002,pulp_cbc,mean_total_cost,,ortools_no_solution,180,60,True,1728.5373708196844,1732.707831817492,2088.5534407537966,2090.6974809885087,,,,,,,,,,,
X-n209-k16,208,grocery,ortools:quantile_p90_scaled_or_tools,quantile_p90_scaled_or_tools,ortools,False,False,False,0,,5.0011773109436035,,5.0011773109436035,1607.9200000000003,0.9950000000000002,pulp_cbc,mean_total_cost,,ortools_no_solution,180,60,True,1728.5373708196844,1732.707831817492,2088.5534407537966,2090.6974809885087,,,,,,,,,,,
X-n209-k16,208,cargo,ortools:quantile_p90_scaled_or_tools,quantile_p90_scaled_or_tools,ortools,False,False,False,0,,5.0011773109436035,,5.0011773109436035,1607.9200000000003,0.9950000000000002,pulp_cbc,mean_total_cost,,ortools_no_solution,180,60,True,1728.5373708196844,1732.707831817492,2088.5534407537966,2090.6974809885087,,,,,,,,,,,
X-n209-k16,208,cold_chain,ortools:quantile_p90_scaled_or_tools,quantile_p90_scaled_or_tools,ortools,False,False,False,0,,5.0011773109436035,,5.0011773109436035,1607.9200000000003,0.9950000000000002,pulp_cbc,mean_total_cost,,ortools_no_solution,180,60,True,1728.5373708196844,1732.707831817492,2088.5534407537966,2090.6974809885087,,,,,,,,,,,
X-n209-k16,208,atm,ortools:robust_mean_1std_scaled_or_tools,robust_mean_1std_scaled_or_tools,ortools,False,False,False,0,,4.998403549194336,,4.998403549194336,1607.9199999999998,0.9949999999999999,pulp_cbc,mean_total_cost,,ortools_no_solution,180,60,True,1728.5373708196844,1732.707831817492,2088.5534407537966,2090.6974809885087,,,,,,,,,,,
X-n209-k16,208,grocery,ortools:robust_mean_1std_scaled_or_tools,robust_mean_1std_scaled_or_tools,ortools,False,False,False,0,,4.998403549194336,,4.998403549194336,1607.9199999999998,0.9949999999999999,pulp_cbc,mean_total_cost,,ortools_no_solution,180,60,True,1728.5373708196844,1732.707831817492,2088.5534407537966,2090.6974809885087,,,,,,,,,,,
X-n209-k16,208,cargo,ortools:robust_mean_1std_scaled_or_tools,robust_mean_1std_scaled_or_tools,ortools,False,False,False,0,,4.998403549194336,,4.998403549194336,1607.9199999999998,0.9949999999999999,pulp_cbc,mean_total_cost,,ortools_no_solution,180,60,True,1728.5373708196844,1732.707831817492,2088.5534407537966,2090.6974809885087,,,,,,,,,,,
X-n209-k16,208,cold_chain,ortools:robust_mean_1std_scaled_or_tools,robust_mean_1std_scaled_or_tools,ortools,False,False,False,0,,4.998403549194336,,4.998403549194336,1607.9199999999998,0.9949999999999999,pulp_cbc,mean_total_cost,,ortools_no_solution,180,60,True,1728.5373708196844,1732.707831817492,2088.5534407537966,2090.6974809885087,,,,,,,,,,,
X-n209-k16,208,atm,ortools:robust_mean_2std_scaled_or_tools,robust_mean_2std_scaled_or_tools,ortools,False,False,False,0,,0.0,,0.0,1607.9199999999996,0.9949999999999998,pulp_cbc,mean_total_cost,,total_load_exceeds_fleet_capacity,180,60,True,1728.5373708196844,1732.707831817492,2088.5534407537966,2090.6974809885087,,,,,,,,,,,
X-n209-k16,208,grocery,ortools:robust_mean_2std_scaled_or_tools,robust_mean_2std_scaled_or_tools,ortools,False,False,False,0,,0.0,,0.0,1607.9199999999996,0.9949999999999998,pulp_cbc,mean_total_cost,,total_load_exceeds_fleet_capacity,180,60,True,1728.5373708196844,1732.707831817492,2088.5534407537966,2090.6974809885087,,,,,,,,,,,
X-n209-k16,208,cargo,ortools:robust_mean_2std_scaled_or_tools,robust_mean_2std_scaled_or_tools,ortools,False,False,False,0,,0.0,,0.0,1607.9199999999996,0.9949999999999998,pulp_cbc,mean_total_cost,,total_load_exceeds_fleet_capacity,180,60,True,1728.5373708196844,1732.707831817492,2088.5534407537966,2090.6974809885087,,,,,,,,,,,
X-n209-k16,208,cold_chain,ortools:robust_mean_2std_scaled_or_tools,robust_mean_2std_scaled_or_tools,ortools,False,False,False,0,,0.0,,0.0,1607.9199999999996,0.9949999999999998,pulp_cbc,mean_total_cost,,total_load_exceeds_fleet_capacity,180,60,True,1728.5373708196844,1732.707831817492,2088.5534407537966,2090.6974809885087,,,,,,,,,,,
X-n214-k11,213,atm,ortools:nominal_or_tools,nominal_or_tools,ortools,True,True,True,11,12859.0,5.000407934188843,1.206658124923706,6.207066059112549,10356.0,0.9973035439137135,pulp_cbc,mean_total_cost,18201.16621537105,,180,60,True,11525.098152614886,11542.610363831476,13483.907107768655,13521.958776987056,10130.654527545417,10384.0000042,18201.16621537105,21704.70869820564,25290.817214572413,1369.3717065889737,2339.8941806974185,0.47807511737089203,1173.2705738210689,5342.166215371047,0.0
X-n214-k11,213,grocery,ortools:nominal_or_tools,nominal_or_tools,ortools,True,True,True,11,12859.0,5.000407934188843,1.0978813171386719,6.098289251327515,10356.0,0.9973035439137135,pulp_cbc,mean_total_cost,16170.1987584756,,180,60,True,11525.098152614886,11542.610363831476,13483.907107768655,13521.958776987056,4858.48890842807,10384.000000200002,16170.1987584756,17857.067670802742,19752.658241888646,1367.8979330112159,2335.5390051646605,0.4735211267605634,1171.7967962433115,3311.1987584756025,0.0
X-n214-k11,213,cargo,ortools:nominal_or_tools,nominal_or_tools,ortools,True,True,True,11,12859.0,5.000407934188843,1.3619110584259033,6.362318992614746,10356.0,0.9973035439137135,pulp_cbc,mean_total_cost,16893.23050208723,,180,60,True,11525.098152614886,11542.610363831476,13483.907107768655,13521.958776987056,8980.469089730848,10383.9999994,16893.23050208723,19516.086779106434,22285.174260146887,1371.2302147575006,2339.5669533812584,0.4735211267605634,1175.1290771895956,4034.2305020872304,0.0
X-n214-k11,213,cold_chain,ortools:nominal_or_tools,nominal_or_tools,ortools,True,True,True,11,12859.0,5.000407934188843,1.0594532489776611,6.059861183166504,10356.0,0.9973035439137135,pulp_cbc,mean_total_cost,19654.590315645022,,180,60,True,11525.098152614886,11542.610363831476,13483.907107768655,13521.958776987056,10420.895308515355,10383.9999947,19654.590315645022,21764.44362557188,24246.47279330733,1370.7411340153421,2329.864734684948,0.46868544600938966,1174.6399917474375,4748.905863541237,2046.684452103785
X-n214-k11,213,atm,ortools:proxy_mean_or_tools,proxy_mean_or_tools,ortools,False,False,False,0,,0.0,,0.0,11525.098152614884,1.1098900378095997,pulp_cbc,mean_total_cost,,total_load_exceeds_fleet_capacity,180,60,True,11525.098152614886,11542.610363831476,13483.907107768655,13521.958776987056,,,,,,,,,,,
X-n214-k11,213,grocery,ortools:proxy_mean_or_tools,proxy_mean_or_tools,ortools,False,False,False,0,,0.0,,0.0,11525.098152614884,1.1098900378095997,pulp_cbc,mean_total_cost,,total_load_exceeds_fleet_capacity,180,60,True,11525.098152614886,11542.610363831476,13483.907107768655,13521.958776987056,,,,,,,,,,,
X-n214-k11,213,cargo,ortools:proxy_mean_or_tools,proxy_mean_or_tools,ortools,False,False,False,0,,0.0,,0.0,11525.098152614884,1.1098900378095997,pulp_cbc,mean_total_cost,,total_load_exceeds_fleet_capacity,180,60,True,11525.098152614886,11542.610363831476,13483.907107768655,13521.958776987056,,,,,,,,,,,
X-n214-k11,213,cold_chain,ortools:proxy_mean_or_tools,proxy_mean_or_tools,ortools,False,False,False,0,,0.0,,0.0,11525.098152614884,1.1098900378095997,pulp_cbc,mean_total_cost,,total_load_exceeds_fleet_capacity,180,60,True,11525.098152614886,11542.610363831476,13483.907107768655,13521.958776987056,,,,,,,,,,,
X-n214-k11,213,atm,ortools:quantile_p75_or_tools,quantile_p75_or_tools,ortools,False,False,False,0,,0.0,,0.0,13448.833125379762,1.295149569085108,pulp_cbc,mean_total_cost,,total_load_exceeds_fleet_capacity,180,60,True,11525.098152614886,11542.610363831476,13483.907107768655,13521.958776987056,,,,,,,,,,,
X-n214-k11,213,grocery,ortools:quantile_p75_or_tools,quantile_p75_or_tools,ortools,False,False,False,0,,0.0,,0.0,13448.833125379762,1.295149569085108,pulp_cbc,mean_total_cost,,total_load_exceeds_fleet_capacity,180,60,True,11525.098152614886,11542.610363831476,13483.907107768655,13521.958776987056,,,,,,,,,,,
X-n214-k11,213,cargo,ortools:quantile_p75_or_tools,quantile_p75_or_tools,ortools,False,False,False,0,,0.0,,0.0,13448.833125379762,1.295149569085108,pulp_cbc,mean_total_cost,,total_load_exceeds_fleet_capacity,180,60,True,11525.098152614886,11542.610363831476,13483.907107768655,13521.958776987056,,,,,,,,,,,
X-n214-k11,213,cold_chain,ortools:quantile_p75_or_tools,quantile_p75_or_tools,ortools,False,False,False,0,,0.0,,0.0,13448.833125379762,1.295149569085108,pulp_cbc,mean_total_cost,,total_load_exceeds_fleet_capacity,180,60,True,11525.098152614886,11542.610363831476,13483.907107768655,13521.958776987056,,,,,,,,,,,
X-n214-k11,213,atm,ortools:quantile_p90_or_tools,quantile_p90_or_tools,ortools,False,False,False,0,,0.0,,0.0,16177.996895508682,1.5579735068864293,pulp_cbc,mean_total_cost,,total_load_exceeds_fleet_capacity,180,60,True,11525.098152614886,11542.610363831476,13483.907107768655,13521.958776987056,,,,,,,,,,,
X-n214-k11,213,grocery,ortools:quantile_p90_or_tools,quantile_p90_or_tools,ortools,False,False,False,0,,0.0,,0.0,16177.996895508682,1.5579735068864293,pulp_cbc,mean_total_cost,,total_load_exceeds_fleet_capacity,180,60,True,11525.098152614886,11542.610363831476,13483.907107768655,13521.958776987056,,,,,,,,,,,
X-n214-k11,213,cargo,ortools:quantile_p90_or_tools,quantile_p90_or_tools,ortools,False,False,False,0,,0.0,,0.0,16177.996895508682,1.5579735068864293,pulp_cbc,mean_total_cost,,total_load_exceeds_fleet_capacity,180,60,True,11525.098152614886,11542.610363831476,13483.907107768655,13521.958776987056,,,,,,,,,,,
X-n214-k11,213,cold_chain,ortools:quantile_p90_or_tools,quantile_p90_or_tools,ortools,False,False,False,0,,0.0,,0.0,16177.996895508682,1.5579735068864293,pulp_cbc,mean_total_cost,,total_load_exceeds_fleet_capacity,180,60,True,11525.098152614886,11542.610363831476,13483.907107768655,13521.958776987056,,,,,,,,,,,
X-n214-k11,213,atm,ortools:robust_mean_1std_or_tools,robust_mean_1std_or_tools,ortools,False,False,False,0,,0.0,,0.0,15093.165872066515,1.453502106323817,pulp_cbc,mean_total_cost,,total_load_exceeds_fleet_capacity,180,60,True,11525.098152614886,11542.610363831476,13483.907107768655,13521.958776987056,,,,,,,,,,,
X-n214-k11,213,grocery,ortools:robust_mean_1std_or_tools,robust_mean_1std_or_tools,ortools,False,False,False,0,,0.0,,0.0,15093.165872066515,1.453502106323817,pulp_cbc,mean_total_cost,,total_load_exceeds_fleet_capacity,180,60,True,11525.098152614886,11542.610363831476,13483.907107768655,13521.958776987056,,,,,,,,,,,
X-n214-k11,213,cargo,ortools:robust_mean_1std_or_tools,robust_mean_1std_or_tools,ortools,False,False,False,0,,0.0,,0.0,15093.165872066515,1.453502106323817,pulp_cbc,mean_total_cost,,total_load_exceeds_fleet_capacity,180,60,True,11525.098152614886,11542.610363831476,13483.907107768655,13521.958776987056,,,,,,,,,,,
X-n214-k11,213,cold_chain,ortools:robust_mean_1std_or_tools,robust_mean_1std_or_tools,ortools,False,False,False,0,,0.0,,0.0,15093.165872066515,1.453502106323817,pulp_cbc,mean_total_cost,,total_load_exceeds_fleet_capacity,180,60,True,11525.098152614886,11542.610363831476,13483.907107768655,13521.958776987056,,,,,,,,,,,
X-n214-k11,213,atm,ortools:robust_mean_2std_or_tools,robust_mean_2std_or_tools,ortools,False,False,False,0,,0.0,,0.0,18661.233591518147,1.7971141748380342,pulp_cbc,mean_total_cost,,total_load_exceeds_fleet_capacity,180,60,True,11525.098152614886,11542.610363831476,13483.907107768655,13521.958776987056,,,,,,,,,,,
X-n214-k11,213,grocery,ortools:robust_mean_2std_or_tools,robust_mean_2std_or_tools,ortools,False,False,False,0,,0.0,,0.0,18661.233591518147,1.7971141748380342,pulp_cbc,mean_total_cost,,total_load_exceeds_fleet_capacity,180,60,True,11525.098152614886,11542.610363831476,13483.907107768655,13521.958776987056,,,,,,,,,,,
X-n214-k11,213,cargo,ortools:robust_mean_2std_or_tools,robust_mean_2std_or_tools,ortools,False,False,False,0,,0.0,,0.0,18661.233591518147,1.7971141748380342,pulp_cbc,mean_total_cost,,total_load_exceeds_fleet_capacity,180,60,True,11525.098152614886,11542.610363831476,13483.907107768655,13521.958776987056,,,,,,,,,,,
X-n214-k11,213,cold_chain,ortools:robust_mean_2std_or_tools,robust_mean_2std_or_tools,ortools,False,False,False,0,,0.0,,0.0,18661.233591518147,1.7971141748380342,pulp_cbc,mean_total_cost,,total_load_exceeds_fleet_capacity,180,60,True,11525.098152614886,11542.610363831476,13483.907107768655,13521.958776987056,,,,,,,,,,,
X-n214-k11,213,atm,ortools:proxy_mean_scaled_or_tools,proxy_mean_scaled_or_tools,ortools,False,False,False,0,,5.0017006397247314,,5.0017006397247314,10332.080000000002,0.9950000000000002,pulp_cbc,mean_total_cost,,ortools_no_solution,180,60,True,11525.098152614886,11542.610363831476,13483.907107768655,13521.958776987056,,,,,,,,,,,
X-n214-k11,213,grocery,ortools:proxy_mean_scaled_or_tools,proxy_mean_scaled_or_tools,ortools,False,False,False,0,,5.0017006397247314,,5.0017006397247314,10332.080000000002,0.9950000000000002,pulp_cbc,mean_total_cost,,ortools_no_solution,180,60,True,11525.098152614886,11542.610363831476,13483.907107768655,13521.958776987056,,,,,,,,,,,
X-n214-k11,213,cargo,ortools:proxy_mean_scaled_or_tools,proxy_mean_scaled_or_tools,ortools,False,False,False,0,,5.0017006397247314,,5.0017006397247314,10332.080000000002,0.9950000000000002,pulp_cbc,mean_total_cost,,ortools_no_solution,180,60,True,11525.098152614886,11542.610363831476,13483.907107768655,13521.958776987056,,,,,,,,,,,
X-n214-k11,213,cold_chain,ortools:proxy_mean_scaled_or_tools,proxy_mean_scaled_or_tools,ortools,False,False,False,0,,5.0017006397247314,,5.0017006397247314,10332.080000000002,0.9950000000000002,pulp_cbc,mean_total_cost,,ortools_no_solution,180,60,True,11525.098152614886,11542.610363831476,13483.907107768655,13521.958776987056,,,,,,,,,,,
X-n214-k11,213,atm,ortools:quantile_p75_scaled_or_tools,quantile_p75_scaled_or_tools,ortools,True,True,True,11,13083.0,4.999176502227783,1.1562097072601318,6.155386209487915,10332.080000000002,0.9950000000000002,pulp_cbc,mean_total_cost,18425.1069278803,,180,60,True,11525.098152614886,11542.610363831476,13483.907107768655,13521.958776987056,10128.29476625693,10384.0000082,18425.1069278803,21935.19927262609,25524.004125949898,1370.4754848665968,2340.131276853295,0.48169014084507045,1174.3743560986923,5342.106927880302,0.0
X-n214-k11,213,grocery,ortools:quantile_p75_scaled_or_tools,quantile_p75_scaled_or_tools,ortools,True,True,True,11,13083.0,4.999176502227783,1.0167222023010254,6.015898704528809,10332.080000000002,0.9950000000000002,pulp_cbc,mean_total_cost,16397.91369042125,,180,60,True,11525.098152614886,11542.610363831476,13483.907107768655,13521.958776987056,4858.174807093434,10383.999997800001,16397.91369042125,18091.89149647745,19978.82393341441,1369.7169387761996,2328.565688399754,0.4751643192488263,1173.6157996082945,3314.9136904212505,0.0
X-n214-k11,213,cargo,ortools:quantile_p75_scaled_or_tools,quantile_p75_scaled_or_tools,ortools,True,True,True,11,13083.0,4.999176502227783,1.3527283668518066,6.35190486907959,10332.080000000002,0.9950000000000002,pulp_cbc,mean_total_cost,17108.513616619675,,180,60,True,11525.098152614886,11542.610363831476,13483.907107768655,13521.958776987056,8965.569338635449,10384.0000024,17108.513616619675,19749.622452102965,22504.999950976668,1372.6708639549379,2338.866178851975,0.47488262910798124,1176.5697293870332,4025.5136166196726,0.0
X-n214-k11,213,cold_chain,ortools:quantile_p75_scaled_or_tools,quantile_p75_scaled_or_tools,ortools,True,True,True,11,13083.0,4.999176502227783,1.2616057395935059,6.260782241821289,10332.080000000002,0.9950000000000002,pulp_cbc,mean_total_cost,19824.778113212207,,180,60,True,11525.098152614886,11542.610363831476,13483.907107768655,13521.958776987056,10364.535253651291,10384.0000077,19824.778113212207,21941.17370204615,24428.07096802879,1372.4053530756894,2327.9155702068765,0.4703286384976526,1176.3042238077853,4748.078247211247,1993.6998660009608
X-n214-k11,213,atm,ortools:quantile_p90_scaled_or_tools,quantile_p90_scaled_or_tools,ortools,True,True,True,11,12479.0,4.999559164047241,1.234210729598999,6.23376989364624,10332.080000000002,0.9950000000000002,pulp_cbc,mean_total_cost,17836.304401334324,,180,60,True,11525.098152614886,11542.610363831476,13483.907107768655,13521.958776987056,10141.243216124536,10384.000004100002,17836.304401334324,21285.021371317867,24932.584245032762,1376.1252235621546,2331.025481397395,0.48262910798122066,1180.02409069425,5357.304401334325,0.0
X-n214-k11,213,grocery,ortools:quantile_p90_scaled_or_tools,quantile_p90_scaled_or_tools,ortools,True,True,True,11,12479.0,4.999559164047241,1.1221835613250732,6.1217427253723145,10332.080000000002,0.9950000000000002,pulp_cbc,mean_total_cost,15804.02850456377,,180,60,True,11525.098152614886,11542.610363831476,13483.907107768655,13521.958776987056,4868.57238244873,10383.9999995,15804.02850456377,17486.339358945104,19380.30388208715,1374.6117746201985,2329.9903682836484,0.47943661971830986,1178.5106371522938,3325.02850456377,0.0
X-n214-k11,213,cargo,ortools:quantile_p90_scaled_or_tools,quantile_p90_scaled_or_tools,ortools,True,True,True,11,12479.0,4.999559164047241,1.2715847492218018,6.271143913269043,10332.080000000002,0.9950000000000002,pulp_cbc,mean_total_cost,16503.954249529328,,180,60,True,11525.098152614886,11542.610363831476,13483.907107768655,13521.958776987056,8948.640709374844,10384.0000057,16503.954249529328,19136.734095424286,21868.051315316454,1381.5547558174148,2339.267872353753,0.4827230046948357,1185.4536245495106,4024.95424952933,0.0
X-n214-k11,213,cold_chain,ortools:quantile_p90_scaled_or_tools,quantile_p90_scaled_or_tools,ortools,True,True,True,11,12479.0,4.999559164047241,1.1057028770446777,6.105262041091919,10332.080000000002,0.9950000000000002,pulp_cbc,mean_total_cost,19206.733716022023,,180,60,True,11525.098152614886,11542.610363831476,13483.907107768655,13521.958776987056,10345.505089670874,10384.0000028,19206.733716022023,21302.470724682258,23828.42354998028,1379.888620378997,2327.8216880422287,0.4776056338028169,1183.787486211092,4765.3109420471255,1962.422773974893
X-n214-k11,213,atm,ortools:robust_mean_1std_scaled_or_tools,robust_mean_1std_scaled_or_tools,ortools,True,True,True,11,13723.0,5.000386953353882,1.2034704685211182,6.203857421875,10332.079999999998,0.9949999999999998,pulp_cbc,mean_total_cost,19073.03900435668,,180,60,True,11525.098152614886,11542.610363831476,13483.907107768655,13521.958776987056,10139.75724175214,10384.000006,19073.03900435668,22573.25398771879,26158.660872020475,1373.449457102757,2340.4301470863543,0.48098591549295777,1177.3483261348522,5350.0390043566795,0.0
X-n214-k11,213,grocery,ortools:robust_mean_1std_scaled_or_tools,robust_mean_1std_scaled_or_tools,ortools,True,True,True,11,13723.0,5.000386953353882,1.0213441848754883,6.02173113822937,10332.079999999998,0.9949999999999998,pulp_cbc,mean_total_cost,17041.791831942526,,180,60,True,11525.098152614886,11542.610363831476,13483.907107768655,13521.958776987056,4866.865129664156,10384.0000064,17041.791831942526,18759.946438045874,20614.22709783541,1371.8505263605914,2340.672570233754,0.47976525821596244,1175.7493957926868,3318.791831942527,0.0
X-n214-k11,213,cargo,ortools:robust_mean_1std_scaled_or_tools,robust_mean_1std_scaled_or_tools,ortools,True,True,True,11,13723.0,5.000386953353882,1.6083130836486816,6.6087000370025635,10332.079999999998,0.9949999999999998,pulp_cbc,mean_total_cost,17744.17089152008,,180,60,True,11525.098152614886,11542.610363831476,13483.907107768655,13521.958776987056,8952.050227839498,10384.0000064,17744.17089152008,20427.69986670969,23120.83563670019,1377.4601698431804,2351.8158517351103,0.4747417840375587,1181.3590392752753,4021.1708915200807,0.0
X-n214-k11,213,cold_chain,ortools:robust_mean_1std_scaled_or_tools,robust_mean_1std_scaled_or_tools,ortools,True,True,True,11,13723.0,5.000386953353882,1.10215425491333,6.102541208267212,10332.079999999998,0.9949999999999998,pulp_cbc,mean_total_cost,20477.916666374203,,180,60,True,11525.098152614886,11542.610363831476,13483.907107768655,13521.958776987056,10384.088598706565,10384.0000094,20477.916666374203,22626.227416756497,25075.21091083898,1375.0161557478873,2334.2380556995504,0.47455399061032866,1178.915028179983,4753.623485608221,2001.2931807659802
X-n214-k11,213,atm,ortools:robust_mean_2std_scaled_or_tools,robust_mean_2std_scaled_or_tools,ortools,True,True,True,11,13222.0,5.005785942077637,1.1307389736175537,6.13652491569519,10332.08,0.995,pulp_cbc,mean_total_cost,18579.35376327738,,180,60,True,11525.098152614886,11542.610363831476,13483.907107768655,13521.958776987056,10147.675913380224,10384.000018400002,18579.35376327738,22025.33725506233,25669.279753544,1377.0278247077376,2331.2367126960335,0.48450704225352115,1180.9267061398327,5357.3537632773805,0.0
X-n214-k11,213,grocery,ortools:robust_mean_2std_scaled_or_tools,robust_mean_2std_scaled_or_tools,ortools,True,True,True,11,13222.0,5.005785942077637,1.1043624877929688,6.1101484298706055,10332.08,0.995,pulp_cbc,mean_total_cost,16548.96244214953,,180,60,True,11525.098152614886,11542.610363831476,13483.907107768655,13521.958776987056,4872.805792483014,10384.0000058,16548.96244214953,18243.10193724901,20119.670049996734,1375.4167088900213,2336.4953841487268,0.4776525821596244,1179.3155777221166,3326.962442149527,0.0
X-n214-k11,213,cargo,ortools:robust_mean_2std_scaled_or_tools,robust_mean_2std_scaled_or_tools,ortools,True,True,True,11,13222.0,5.005785942077637,1.2212190628051758,6.2270050048828125,10332.08,0.995,pulp_cbc,mean_total_cost,17245.25176388603,,180,60,True,11525.098152614886,11542.610363831476,13483.907107768655,13521.958776987056,8948.463361714943,10384.0000125,17245.25176388603,19887.999564783986,22628.481005519734,1382.3016603706963,2344.899569452917,0.4824413145539906,1186.2005359027921,4023.2517638860318,0.0
X-n214-k11,213,cold_chain,ortools:robust_mean_2std_scaled_or_tools,robust_mean_2std_scaled_or_tools,ortools,True,True,True,11,13222.0,5.005785942077637,1.1328375339508057,6.138623476028442,10332.08,0.995,pulp_cbc,mean_total_cost,20005.521848171637,,180,60,True,11525.098152614886,11542.610363831476,13483.907107768655,13521.958776987056,10412.587809119132,10384.000015000001,20005.521848171637,22088.629507247893,24589.150159992092,1378.5445897208235,2328.9333880374097,0.47375586854460094,1182.4434677529189,4766.017592622164,2017.504255549472
X-n219-k73,218,atm,ortools:nominal_or_tools,nominal_or_tools,ortools,True,True,True,73,118409.0,5.000907897949219,0.9235210418701172,5.924428939819336,218.0,0.9954337899543378,pulp_cbc,mean_total_cost,118514.15745135758,,180,60,True,242.376031709029,242.8534714087248,287.4950894029832,287.6885078827544,204.24892641199693,218.99999960999997,118514.15745135758,118611.83669575848,118694.31383813525,27.995285015216176,56.26442195714017,0.4765596330275229,22.945127786931124,105.15745135759056,0.0
X-n219-k73,218,grocery,ortools:nominal_or_tools,nominal_or_tools,ortools,True,True,True,73,118409.0,5.000907897949219,1.0650577545166016,6.06596565246582,218.0,0.9954337899543378,pulp_cbc,mean_total_cost,118473.91442993801,,180,60,True,242.376031709029,242.8534714087248,287.4950894029832,287.6885078827544,94.88264610050318,218.99999979,118473.91442993801,118521.28766149963,118565.24410569358,27.97943221724589,56.21660718120898,0.4758715596330275,22.92927516896085,64.91442993801611,0.0
X-n219-k73,218,cargo,ortools:nominal_or_tools,nominal_or_tools,ortools,True,True,True,73,118409.0,5.000907897949219,0.9790682792663574,5.979976177215576,218.0,0.9954337899543378,pulp_cbc,mean_total_cost,118488.95994834388,,180,60,True,242.376031709029,242.8534714087248,287.4950894029832,287.6885078827544,185.91736754155022,219.00000009000001,118488.95994834388,118564.14706487214,118627.57152644859,27.99694825428066,56.16297351072815,0.4738532110091743,22.946791505995613,79.95994834386953,0.0
X-n219-k73,218,cold_chain,ortools:nominal_or_tools,nominal_or_tools,ortools,True,True,True,73,118409.0,5.000907897949219,0.9510834217071533,5.951991319656372,218.0,0.9954337899543378,pulp_cbc,mean_total_cost,118540.77774208732,,180,60,True,242.376031709029,242.8534714087248,287.4950894029832,287.6885078827544,207.2313124099847,218.9537704,118540.77774208732,118600.43667007126,118658.61027817545,27.979400917778847,56.10604474334298,0.4736238532110092,22.8830144794938,91.79799193595645,39.97975015137228
X-n219-k73,218,atm,ortools:proxy_mean_or_tools,proxy_mean_or_tools,ortools,True,True,True,73,118409.0,5.002730131149292,0.8912041187286377,5.89393424987793,242.376031709029,1.106739870817484,pulp_cbc,mean_total_cost,118514.15745135758,,180,60,True,242.376031709029,242.8534714087248,287.4950894029832,287.6885078827544,204.24892641199693,218.99999960999997,118514.15745135758,118611.83669575848,118694.31383813525,27.995285015216176,56.26442195714017,0.4765596330275229,22.945127786931124,105.15745135759056,0.0
X-n219-k73,218,grocery,ortools:proxy_mean_or_tools,proxy_mean_or_tools,ortools,True,True,True,73,118409.0,5.002730131149292,0.8933849334716797,5.896115064620972,242.376031709029,1.106739870817484,pulp_cbc,mean_total_cost,118473.91442993801,,180,60,True,242.376031709029,242.8534714087248,287.4950894029832,287.6885078827544,94.88264610050318,218.99999979,118473.91442993801,118521.28766149963,118565.24410569358,27.97943221724589,56.21660718120898,0.4758715596330275,22.92927516896085,64.91442993801611,0.0
X-n219-k73,218,cargo,ortools:proxy_mean_or_tools,proxy_mean_or_tools,ortools,True,True,True,73,118409.0,5.002730131149292,0.9305191040039062,5.933249235153198,242.376031709029,1.106739870817484,pulp_cbc,mean_total_cost,118488.95994834388,,180,60,True,242.376031709029,242.8534714087248,287.4950894029832,287.6885078827544,185.91736754155022,219.00000009000001,118488.95994834388,118564.14706487214,118627.57152644859,27.99694825428066,56.16297351072815,0.4738532110091743,22.946791505995613,79.95994834386953,0.0
X-n219-k73,218,cold_chain,ortools:proxy_mean_or_tools,proxy_mean_or_tools,ortools,True,True,True,73,118409.0,5.002730131149292,0.8635594844818115,5.8662896156311035,242.376031709029,1.106739870817484,pulp_cbc,mean_total_cost,118540.77774208732,,180,60,True,242.376031709029,242.8534714087248,287.4950894029832,287.6885078827544,207.2313124099847,218.9537704,118540.77774208732,118600.43667007126,118658.61027817545,27.979400917778847,56.10604474334298,0.4736238532110092,22.8830144794938,91.79799193595645,39.97975015137228
X-n219-k73,218,atm,ortools:quantile_p75_or_tools,quantile_p75_or_tools,ortools,True,True,True,73,118409.0,5.004221200942993,0.9152326583862305,5.919453859329224,279.5538247444189,1.2765014828512278,pulp_cbc,mean_total_cost,118514.15745135758,,180,60,True,242.376031709029,242.8534714087248,287.4950894029832,287.6885078827544,204.24892641199693,218.99999960999997,118514.15745135758,118611.83669575848,118694.31383813525,27.995285015216176,56.26442195714017,0.4765596330275229,22.945127786931124,105.15745135759056,0.0
X-n219-k73,218,grocery,ortools:quantile_p75_or_tools,quantile_p75_or_tools,ortools,True,True,True,73,118409.0,5.004221200942993,1.1461398601531982,6.150361061096191,279.5538247444189,1.2765014828512278,pulp_cbc,mean_total_cost,118473.91442993801,,180,60,True,242.376031709029,242.8534714087248,287.4950894029832,287.6885078827544,94.88264610050318,218.99999979,118473.91442993801,118521.28766149963,118565.24410569358,27.97943221724589,56.21660718120898,0.4758715596330275,22.92927516896085,64.91442993801611,0.0
X-n219-k73,218,cargo,ortools:quantile_p75_or_tools,quantile_p75_or_tools,ortools,True,True,True,73,118409.0,5.004221200942993,0.9581620693206787,5.962383270263672,279.5538247444189,1.2765014828512278,pulp_cbc,mean_total_cost,118488.95994834388,,180,60,True,242.376031709029,242.8534714087248,287.4950894029832,287.6885078827544,185.91736754155022,219.00000009000001,118488.95994834388,118564.14706487214,118627.57152644859,27.99694825428066,56.16297351072815,0.4738532110091743,22.946791505995613,79.95994834386953,0.0
X-n219-k73,218,cold_chain,ortools:quantile_p75_or_tools,quantile_p75_or_tools,ortools,True,True,True,73,118409.0,5.004221200942993,0.9022095203399658,5.906430721282959,279.5538247444189,1.2765014828512278,pulp_cbc,mean_total_cost,118540.77774208732,,180,60,True,242.376031709029,242.8534714087248,287.4950894029832,287.6885078827544,207.2313124099847,218.9537704,118540.77774208732,118600.43667007126,118658.61027817545,27.979400917778847,56.10604474334298,0.4736238532110092,22.8830144794938,91.79799193595645,39.97975015137228
X-n219-k73,218,atm,ortools:quantile_p90_or_tools,quantile_p90_or_tools,ortools,False,False,False,0,,0.0,,0.0,332.0597339942772,1.5162544931245536,pulp_cbc,mean_total_cost,,total_load_exceeds_fleet_capacity,180,60,True,242.376031709029,242.8534714087248,287.4950894029832,287.6885078827544,,,,,,,,,,,
X-n219-k73,218,grocery,ortools:quantile_p90_or_tools,quantile_p90_or_tools,ortools,False,False,False,0,,0.0,,0.0,332.0597339942772,1.5162544931245536,pulp_cbc,mean_total_cost,,total_load_exceeds_fleet_capacity,180,60,True,242.376031709029,242.8534714087248,287.4950894029832,287.6885078827544,,,,,,,,,,,
X-n219-k73,218,cargo,ortools:quantile_p90_or_tools,quantile_p90_or_tools,ortools,False,False,False,0,,0.0,,0.0,332.0597339942772,1.5162544931245536,pulp_cbc,mean_total_cost,,total_load_exceeds_fleet_capacity,180,60,True,242.376031709029,242.8534714087248,287.4950894029832,287.6885078827544,,,,,,,,,,,
X-n219-k73,218,cold_chain,ortools:quantile_p90_or_tools,quantile_p90_or_tools,ortools,False,False,False,0,,0.0,,0.0,332.0597339942772,1.5162544931245536,pulp_cbc,mean_total_cost,,total_load_exceeds_fleet_capacity,180,60,True,242.376031709029,242.8534714087248,287.4950894029832,287.6885078827544,,,,,,,,,,,
X-n219-k73,218,atm,ortools:robust_mean_1std_or_tools,robust_mean_1std_or_tools,ortools,False,False,False,0,,0.0,,0.0,311.5096280828071,1.4224183930721788,pulp_cbc,mean_total_cost,,total_load_exceeds_fleet_capacity,180,60,True,242.376031709029,242.8534714087248,287.4950894029832,287.6885078827544,,,,,,,,,,,
X-n219-k73,218,grocery,ortools:robust_mean_1std_or_tools,robust_mean_1std_or_tools,ortools,False,False,False,0,,0.0,,0.0,311.5096280828071,1.4224183930721788,pulp_cbc,mean_total_cost,,total_load_exceeds_fleet_capacity,180,60,True,242.376031709029,242.8534714087248,287.4950894029832,287.6885078827544,,,,,,,,,,,
X-n219-k73,218,cargo,ortools:robust_mean_1std_or_tools,robust_mean_1std_or_tools,ortools,False,False,False,0,,0.0,,0.0,311.5096280828071,1.4224183930721788,pulp_cbc,mean_total_cost,,total_load_exceeds_fleet_capacity,180,60,True,242.376031709029,242.8534714087248,287.4950894029832,287.6885078827544,,,,,,,,,,,
X-n219-k73,218,cold_chain,ortools:robust_mean_1std_or_tools,robust_mean_1std_or_tools,ortools,False,False,False,0,,0.0,,0.0,311.5096280828071,1.4224183930721788,pulp_cbc,mean_total_cost,,total_load_exceeds_fleet_capacity,180,60,True,242.376031709029,242.8534714087248,287.4950894029832,287.6885078827544,,,,,,,,,,,
X-n219-k73,218,atm,ortools:robust_mean_2std_or_tools,robust_mean_2std_or_tools,ortools,False,False,False,0,,0.0,,0.0,380.64322445658536,1.7380969153268737,pulp_cbc,mean_total_cost,,total_load_exceeds_fleet_capacity,180,60,True,242.376031709029,242.8534714087248,287.4950894029832,287.6885078827544,,,,,,,,,,,
X-n219-k73,218,grocery,ortools:robust_mean_2std_or_tools,robust_mean_2std_or_tools,ortools,False,False,False,0,,0.0,,0.0,380.64322445658536,1.7380969153268737,pulp_cbc,mean_total_cost,,total_load_exceeds_fleet_capacity,180,60,True,242.376031709029,242.8534714087248,287.4950894029832,287.6885078827544,,,,,,,,,,,
X-n219-k73,218,cargo,ortools:robust_mean_2std_or_tools,robust_mean_2std_or_tools,ortools,False,False,False,0,,0.0,,0.0,380.64322445658536,1.7380969153268737,pulp_cbc,mean_total_cost,,total_load_exceeds_fleet_capacity,180,60,True,242.376031709029,242.8534714087248,287.4950894029832,287.6885078827544,,,,,,,,,,,
X-n219-k73,218,cold_chain,ortools:robust_mean_2std_or_tools,robust_mean_2std_or_tools,ortools,False,False,False,0,,0.0,,0.0,380.64322445658536,1.7380969153268737,pulp_cbc,mean_total_cost,,total_load_exceeds_fleet_capacity,180,60,True,242.376031709029,242.8534714087248,287.4950894029832,287.6885078827544,,,,,,,,,,,
X-n219-k73,218,atm,ortools:proxy_mean_scaled_or_tools,proxy_mean_scaled_or_tools,ortools,True,True,True,73,118409.0,5.001501560211182,0.8967149257659912,5.898216485977173,217.90499999999997,0.9949999999999999,pulp_cbc,mean_total_cost,118514.15745135758,,180,60,True,242.376031709029,242.8534714087248,287.4950894029832,287.6885078827544,204.24892641199693,218.99999960999997,118514.15745135758,118611.83669575848,118694.31383813525,27.995285015216176,56.26442195714017,0.4765596330275229,22.945127786931124,105.15745135759056,0.0
X-n219-k73,218,grocery,ortools:proxy_mean_scaled_or_tools,proxy_mean_scaled_or_tools,ortools,True,True,True,73,118409.0,5.001501560211182,0.8813948631286621,5.882896423339844,217.90499999999997,0.9949999999999999,pulp_cbc,mean_total_cost,118473.91442993801,,180,60,True,242.376031709029,242.8534714087248,287.4950894029832,287.6885078827544,94.88264610050318,218.99999979,118473.91442993801,118521.28766149963,118565.24410569358,27.97943221724589,56.21660718120898,0.4758715596330275,22.92927516896085,64.91442993801611,0.0
X-n219-k73,218,cargo,ortools:proxy_mean_scaled_or_tools,proxy_mean_scaled_or_tools,ortools,True,True,True,73,118409.0,5.001501560211182,0.8956475257873535,5.897149085998535,217.90499999999997,0.9949999999999999,pulp_cbc,mean_total_cost,118488.95994834388,,180,60,True,242.376031709029,242.8534714087248,287.4950894029832,287.6885078827544,185.91736754155022,219.00000009000001,118488.95994834388,118564.14706487214,118627.57152644859,27.99694825428066,56.16297351072815,0.4738532110091743,22.946791505995613,79.95994834386953,0.0
X-n219-k73,218,cold_chain,ortools:proxy_mean_scaled_or_tools,proxy_mean_scaled_or_tools,ortools,True,True,True,73,118409.0,5.001501560211182,0.8881044387817383,5.88960599899292,217.90499999999997,0.9949999999999999,pulp_cbc,mean_total_cost,118540.77774208732,,180,60,True,242.376031709029,242.8534714087248,287.4950894029832,287.6885078827544,207.2313124099847,218.9537704,118540.77774208732,118600.43667007126,118658.61027817545,27.979400917778847,56.10604474334298,0.4736238532110092,22.8830144794938,91.79799193595645,39.97975015137228
X-n219-k73,218,atm,ortools:quantile_p75_scaled_or_tools,quantile_p75_scaled_or_tools,ortools,True,True,True,73,118409.0,4.995091676712036,0.8785851001739502,5.873676776885986,217.90499999999997,0.9949999999999999,pulp_cbc,mean_total_cost,118514.15745135758,,180,60,True,242.376031709029,242.8534714087248,287.4950894029832,287.6885078827544,204.24892641199693,218.99999960999997,118514.15745135758,118611.83669575848,118694.31383813525,27.995285015216176,56.26442195714017,0.4765596330275229,22.945127786931124,105.15745135759056,0.0
X-n219-k73,218,grocery,ortools:quantile_p75_scaled_or_tools,quantile_p75_scaled_or_tools,ortools,True,True,True,73,118409.0,4.995091676712036,0.8961164951324463,5.891208171844482,217.90499999999997,0.9949999999999999,pulp_cbc,mean_total_cost,118473.91442993801,,180,60,True,242.376031709029,242.8534714087248,287.4950894029832,287.6885078827544,94.88264610050318,218.99999979,118473.91442993801,118521.28766149963,118565.24410569358,27.97943221724589,56.21660718120898,0.4758715596330275,22.92927516896085,64.91442993801611,0.0
X-n219-k73,218,cargo,ortools:quantile_p75_scaled_or_tools,quantile_p75_scaled_or_tools,ortools,True,True,True,73,118409.0,4.995091676712036,0.8881268501281738,5.88321852684021,217.90499999999997,0.9949999999999999,pulp_cbc,mean_total_cost,118488.95994834388,,180,60,True,242.376031709029,242.8534714087248,287.4950894029832,287.6885078827544,185.91736754155022,219.00000009000001,118488.95994834388,118564.14706487214,118627.57152644859,27.99694825428066,56.16297351072815,0.4738532110091743,22.946791505995613,79.95994834386953,0.0
X-n219-k73,218,cold_chain,ortools:quantile_p75_scaled_or_tools,quantile_p75_scaled_or_tools,ortools,True,True,True,73,118409.0,4.995091676712036,0.9142551422119141,5.90934681892395,217.90499999999997,0.9949999999999999,pulp_cbc,mean_total_cost,118540.77774208732,,180,60,True,242.376031709029,242.8534714087248,287.4950894029832,287.6885078827544,207.2313124099847,218.9537704,118540.77774208732,118600.43667007126,118658.61027817545,27.979400917778847,56.10604474334298,0.4736238532110092,22.8830144794938,91.79799193595645,39.97975015137228
X-n219-k73,218,atm,ortools:quantile_p90_scaled_or_tools,quantile_p90_scaled_or_tools,ortools,True,True,True,73,118409.0,4.999610424041748,0.8673148155212402,5.866925239562988,217.90500000000003,0.9950000000000001,pulp_cbc,mean_total_cost,118514.15745135758,,180,60,True,242.376031709029,242.8534714087248,287.4950894029832,287.6885078827544,204.24892641199693,218.99999960999997,118514.15745135758,118611.83669575848,118694.31383813525,27.995285015216176,56.26442195714017,0.4765596330275229,22.945127786931124,105.15745135759056,0.0
X-n219-k73,218,grocery,ortools:quantile_p90_scaled_or_tools,quantile_p90_scaled_or_tools,ortools,True,True,True,73,118409.0,4.999610424041748,0.895688533782959,5.895298957824707,217.90500000000003,0.9950000000000001,pulp_cbc,mean_total_cost,118473.91442993801,,180,60,True,242.376031709029,242.8534714087248,287.4950894029832,287.6885078827544,94.88264610050318,218.99999979,118473.91442993801,118521.28766149963,118565.24410569358,27.97943221724589,56.21660718120898,0.4758715596330275,22.92927516896085,64.91442993801611,0.0
X-n219-k73,218,cargo,ortools:quantile_p90_scaled_or_tools,quantile_p90_scaled_or_tools,ortools,True,True,True,73,118409.0,4.999610424041748,0.9330222606658936,5.932632684707642,217.90500000000003,0.9950000000000001,pulp_cbc,mean_total_cost,118488.95994834388,,180,60,True,242.376031709029,242.8534714087248,287.4950894029832,287.6885078827544,185.91736754155022,219.00000009000001,118488.95994834388,118564.14706487214,118627.57152644859,27.99694825428066,56.16297351072815,0.4738532110091743,22.946791505995613,79.95994834386953,0.0
X-n219-k73,218,cold_chain,ortools:quantile_p90_scaled_or_tools,quantile_p90_scaled_or_tools,ortools,True,True,True,73,118409.0,4.999610424041748,0.8903722763061523,5.8899827003479,217.90500000000003,0.9950000000000001,pulp_cbc,mean_total_cost,118540.77774208732,,180,60,True,242.376031709029,242.8534714087248,287.4950894029832,287.6885078827544,207.2313124099847,218.9537704,118540.77774208732,118600.43667007126,118658.61027817545,27.979400917778847,56.10604474334298,0.4736238532110092,22.8830144794938,91.79799193595645,39.97975015137228
X-n219-k73,218,atm,ortools:robust_mean_1std_scaled_or_tools,robust_mean_1std_scaled_or_tools,ortools,True,True,True,73,118409.0,4.998801946640015,0.8841037750244141,5.882905721664429,217.90500000000003,0.9950000000000001,pulp_cbc,mean_total_cost,118514.15745135758,,180,60,True,242.376031709029,242.8534714087248,287.4950894029832,287.6885078827544,204.24892641199693,218.99999960999997,118514.15745135758,118611.83669575848,118694.31383813525,27.995285015216176,56.26442195714017,0.4765596330275229,22.945127786931124,105.15745135759056,0.0
X-n219-k73,218,grocery,ortools:robust_mean_1std_scaled_or_tools,robust_mean_1std_scaled_or_tools,ortools,True,True,True,73,118409.0,4.998801946640015,0.9083611965179443,5.907163143157959,217.90500000000003,0.9950000000000001,pulp_cbc,mean_total_cost,118473.91442993801,,180,60,True,242.376031709029,242.8534714087248,287.4950894029832,287.6885078827544,94.88264610050318,218.99999979,118473.91442993801,118521.28766149963,118565.24410569358,27.97943221724589,56.21660718120898,0.4758715596330275,22.92927516896085,64.91442993801611,0.0
X-n219-k73,218,cargo,ortools:robust_mean_1std_scaled_or_tools,robust_mean_1std_scaled_or_tools,ortools,True,True,True,73,118409.0,4.998801946640015,0.9142320156097412,5.913033962249756,217.90500000000003,0.9950000000000001,pulp_cbc,mean_total_cost,118488.95994834388,,180,60,True,242.376031709029,242.8534714087248,287.4950894029832,287.6885078827544,185.91736754155022,219.00000009000001,118488.95994834388,118564.14706487214,118627.57152644859,27.99694825428066,56.16297351072815,0.4738532110091743,22.946791505995613,79.95994834386953,0.0
X-n219-k73,218,cold_chain,ortools:robust_mean_1std_scaled_or_tools,robust_mean_1std_scaled_or_tools,ortools,True,True,True,73,118409.0,4.998801946640015,0.9048821926116943,5.903684139251709,217.90500000000003,0.9950000000000001,pulp_cbc,mean_total_cost,118540.77774208732,,180,60,True,242.376031709029,242.8534714087248,287.4950894029832,287.6885078827544,207.2313124099847,218.9537704,118540.77774208732,118600.43667007126,118658.61027817545,27.979400917778847,56.10604474334298,0.4736238532110092,22.8830144794938,91.79799193595645,39.97975015137228
X-n219-k73,218,atm,ortools:robust_mean_2std_scaled_or_tools,robust_mean_2std_scaled_or_tools,ortools,True,True,True,73,118409.0,4.999521493911743,0.9014208316802979,5.900942325592041,217.905,0.995,pulp_cbc,mean_total_cost,118514.15745135758,,180,60,True,242.376031709029,242.8534714087248,287.4950894029832,287.6885078827544,204.24892641199693,218.99999960999997,118514.15745135758,118611.83669575848,118694.31383813525,27.995285015216176,56.26442195714017,0.4765596330275229,22.945127786931124,105.15745135759056,0.0
X-n219-k73,218,grocery,ortools:robust_mean_2std_scaled_or_tools,robust_mean_2std_scaled_or_tools,ortools,True,True,True,73,118409.0,4.999521493911743,0.8710951805114746,5.870616674423218,217.905,0.995,pulp_cbc,mean_total_cost,118473.91442993801,,180,60,True,242.376031709029,242.8534714087248,287.4950894029832,287.6885078827544,94.88264610050318,218.99999979,118473.91442993801,118521.28766149963,118565.24410569358,27.97943221724589,56.21660718120898,0.4758715596330275,22.92927516896085,64.91442993801611,0.0
X-n219-k73,218,cargo,ortools:robust_mean_2std_scaled_or_tools,robust_mean_2std_scaled_or_tools,ortools,True,True,True,73,118409.0,4.999521493911743,0.9298484325408936,5.929369926452637,217.905,0.995,pulp_cbc,mean_total_cost,118488.95994834388,,180,60,True,242.376031709029,242.8534714087248,287.4950894029832,287.6885078827544,185.91736754155022,219.00000009000001,118488.95994834388,118564.14706487214,118627.57152644859,27.99694825428066,56.16297351072815,0.4738532110091743,22.946791505995613,79.95994834386953,0.0
X-n219-k73,218,cold_chain,ortools:robust_mean_2std_scaled_or_tools,robust_mean_2std_scaled_or_tools,ortools,True,True,True,73,118409.0,4.999521493911743,0.9033205509185791,5.902842044830322,217.905,0.995,pulp_cbc,mean_total_cost,118540.77774208732,,180,60,True,242.376031709029,242.8534714087248,287.4950894029832,287.6885078827544,207.2313124099847,218.9537704,118540.77774208732,118600.43667007126,118658.61027817545,27.979400917778847,56.10604474334298,0.4736238532110092,22.8830144794938,91.79799193595645,39.97975015137228
X-n223-k34,222,atm,ortools:nominal_or_tools,nominal_or_tools,ortools,True,True,True,34,44118.0,5.000498294830322,0.9178860187530518,5.918384313583374,1234.0,0.9809220985691574,pulp_cbc,mean_total_cost,44732.096597486474,,180,60,True,1378.2518636282953,1385.8779151195247,1599.402231662014,1602.47449459314,1269.34093466905,1258.0000012199998,44732.096597486474,45191.763424051336,45714.60779443024,157.81109871820317,284.86906269349305,0.4614864864864865,154.0675872648633,614.0965974864771,0.0
X-n223-k34,222,grocery,ortools:nominal_or_tools,nominal_or_tools,ortools,True,True,True,34,44118.0,5.000498294830322,0.9162876605987549,5.916785955429077,1234.0,0.9809220985691574,pulp_cbc,mean_total_cost,44503.674180554946,,180,60,True,1378.2518636282953,1385.8779151195247,1599.402231662014,1602.47449459314,590.9029120975586,1257.99999705,44503.674180554946,44715.17914412405,45000.51173330813,157.65766410870248,284.45123057088944,0.4582432432432432,153.9141484853626,385.67418055494693,0.0
X-n223-k34,222,cargo,ortools:nominal_or_tools,nominal_or_tools,ortools,True,True,True,34,44118.0,5.000498294830322,0.9781711101531982,5.9786694049835205,1234.0,0.9809220985691574,pulp_cbc,mean_total_cost,44579.862628027055,,180,60,True,1378.2518636282953,1385.8779151195247,1599.402231662014,1602.47449459314,1145.8756241620874,1258.0000004800002,44579.862628027055,44930.45001771728,45326.61204839687,157.9322097597372,286.4071419403203,0.45193693693693693,154.1886975663973,461.8626280270527,0.0
X-n223-k34,222,cold_chain,ortools:nominal_or_tools,nominal_or_tools,ortools,True,True,True,34,44118.0,5.000498294830322,0.9128329753875732,5.9133312702178955,1234.0,0.9809220985691574,pulp_cbc,mean_total_cost,44908.58671415189,,180,60,True,1378.2518636282953,1385.8779151195247,1599.402231662014,1602.47449459314,1291.849726709438,1258.00000196,44908.58671415189,45163.25527622893,45546.83904792575,157.90307877930982,284.4666330843843,0.45432432432432435,154.15956806596998,556.7673911508879,233.81932300100797
X-n223-k34,222,atm,ortools:proxy_mean_or_tools,proxy_mean_or_tools,ortools,False,False,False,0,,0.0,,0.0,1378.2518636282955,1.0955897167156563,pulp_cbc,mean_total_cost,,total_load_exceeds_fleet_capacity,180,60,True,1378.2518636282953,1385.8779151195247,1599.402231662014,1602.47449459314,,,,,,,,,,,
X-n223-k34,222,grocery,ortools:proxy_mean_or_tools,proxy_mean_or_tools,ortools,False,False,False,0,,0.0,,0.0,1378.2518636282955,1.0955897167156563,pulp_cbc,mean_total_cost,,total_load_exceeds_fleet_capacity,180,60,True,1378.2518636282953,1385.8779151195247,1599.402231662014,1602.47449459314,,,,,,,,,,,
X-n223-k34,222,cargo,ortools:proxy_mean_or_tools,proxy_mean_or_tools,ortools,False,False,False,0,,0.0,,0.0,1378.2518636282955,1.0955897167156563,pulp_cbc,mean_total_cost,,total_load_exceeds_fleet_capacity,180,60,True,1378.2518636282953,1385.8779151195247,1599.402231662014,1602.47449459314,,,,,,,,,,,
X-n223-k34,222,cold_chain,ortools:proxy_mean_or_tools,proxy_mean_or_tools,ortools,False,False,False,0,,0.0,,0.0,1378.2518636282955,1.0955897167156563,pulp_cbc,mean_total_cost,,total_load_exceeds_fleet_capacity,180,60,True,1378.2518636282953,1385.8779151195247,1599.402231662014,1602.47449459314,,,,,,,,,,,
X-n223-k34,222,atm,ortools:quantile_p75_or_tools,quantile_p75_or_tools,ortools,False,False,False,0,,0.0,,0.0,1604.1314669543583,1.2751442503611752,pulp_cbc,mean_total_cost,,total_load_exceeds_fleet_capacity,180,60,True,1378.2518636282953,1385.8779151195247,1599.402231662014,1602.47449459314,,,,,,,,,,,
X-n223-k34,222,grocery,ortools:quantile_p75_or_tools,quantile_p75_or_tools,ortools,False,False,False,0,,0.0,,0.0,1604.1314669543583,1.2751442503611752,pulp_cbc,mean_total_cost,,total_load_exceeds_fleet_capacity,180,60,True,1378.2518636282953,1385.8779151195247,1599.402231662014,1602.47449459314,,,,,,,,,,,
X-n223-k34,222,cargo,ortools:quantile_p75_or_tools,quantile_p75_or_tools,ortools,False,False,False,0,,0.0,,0.0,1604.1314669543583,1.2751442503611752,pulp_cbc,mean_total_cost,,total_load_exceeds_fleet_capacity,180,60,True,1378.2518636282953,1385.8779151195247,1599.402231662014,1602.47449459314,,,,,,,,,,,
X-n223-k34,222,cold_chain,ortools:quantile_p75_or_tools,quantile_p75_or_tools,ortools,False,False,False,0,,0.0,,0.0,1604.1314669543583,1.2751442503611752,pulp_cbc,mean_total_cost,,total_load_exceeds_fleet_capacity,180,60,True,1378.2518636282953,1385.8779151195247,1599.402231662014,1602.47449459314,,,,,,,,,,,
X-n223-k34,222,atm,ortools:quantile_p90_or_tools,quantile_p90_or_tools,ortools,False,False,False,0,,0.0,,0.0,1928.6301388005313,1.5330923201912015,pulp_cbc,mean_total_cost,,total_load_exceeds_fleet_capacity,180,60,True,1378.2518636282953,1385.8779151195247,1599.402231662014,1602.47449459314,,,,,,,,,,,
X-n223-k34,222,grocery,ortools:quantile_p90_or_tools,quantile_p90_or_tools,ortools,False,False,False,0,,0.0,,0.0,1928.6301388005313,1.5330923201912015,pulp_cbc,mean_total_cost,,total_load_exceeds_fleet_capacity,180,60,True,1378.2518636282953,1385.8779151195247,1599.402231662014,1602.47449459314,,,,,,,,,,,
X-n223-k34,222,cargo,ortools:quantile_p90_or_tools,quantile_p90_or_tools,ortools,False,False,False,0,,0.0,,0.0,1928.6301388005313,1.5330923201912015,pulp_cbc,mean_total_cost,,total_load_exceeds_fleet_capacity,180,60,True,1378.2518636282953,1385.8779151195247,1599.402231662014,1602.47449459314,,,,,,,,,,,
X-n223-k34,222,cold_chain,ortools:quantile_p90_or_tools,quantile_p90_or_tools,ortools,False,False,False,0,,0.0,,0.0,1928.6301388005313,1.5330923201912015,pulp_cbc,mean_total_cost,,total_load_exceeds_fleet_capacity,180,60,True,1378.2518636282953,1385.8779151195247,1599.402231662014,1602.47449459314,,,,,,,,,,,
X-n223-k34,222,atm,ortools:robust_mean_1std_or_tools,robust_mean_1std_or_tools,ortools,False,False,False,0,,0.0,,0.0,1811.4975966612374,1.4399821913046402,pulp_cbc,mean_total_cost,,total_load_exceeds_fleet_capacity,180,60,True,1378.2518636282953,1385.8779151195247,1599.402231662014,1602.47449459314,,,,,,,,,,,
X-n223-k34,222,grocery,ortools:robust_mean_1std_or_tools,robust_mean_1std_or_tools,ortools,False,False,False,0,,0.0,,0.0,1811.4975966612374,1.4399821913046402,pulp_cbc,mean_total_cost,,total_load_exceeds_fleet_capacity,180,60,True,1378.2518636282953,1385.8779151195247,1599.402231662014,1602.47449459314,,,,,,,,,,,
X-n223-k34,222,cargo,ortools:robust_mean_1std_or_tools,robust_mean_1std_or_tools,ortools,False,False,False,0,,0.0,,0.0,1811.4975966612374,1.4399821913046402,pulp_cbc,mean_total_cost,,total_load_exceeds_fleet_capacity,180,60,True,1378.2518636282953,1385.8779151195247,1599.402231662014,1602.47449459314,,,,,,,,,,,
X-n223-k34,222,cold_chain,ortools:robust_mean_1std_or_tools,robust_mean_1std_or_tools,ortools,False,False,False,0,,0.0,,0.0,1811.4975966612374,1.4399821913046402,pulp_cbc,mean_total_cost,,total_load_exceeds_fleet_capacity,180,60,True,1378.2518636282953,1385.8779151195247,1599.402231662014,1602.47449459314,,,,,,,,,,,
X-n223-k34,222,atm,ortools:robust_mean_2std_or_tools,robust_mean_2std_or_tools,ortools,False,False,False,0,,0.0,,0.0,2244.7433296941795,1.7843746658936244,pulp_cbc,mean_total_cost,,total_load_exceeds_fleet_capacity,180,60,True,1378.2518636282953,1385.8779151195247,1599.402231662014,1602.47449459314,,,,,,,,,,,
X-n223-k34,222,grocery,ortools:robust_mean_2std_or_tools,robust_mean_2std_or_tools,ortools,False,False,False,0,,0.0,,0.0,2244.7433296941795,1.7843746658936244,pulp_cbc,mean_total_cost,,total_load_exceeds_fleet_capacity,180,60,True,1378.2518636282953,1385.8779151195247,1599.402231662014,1602.47449459314,,,,,,,,,,,
X-n223-k34,222,cargo,ortools:robust_mean_2std_or_tools,robust_mean_2std_or_tools,ortools,False,False,False,0,,0.0,,0.0,2244.7433296941795,1.7843746658936244,pulp_cbc,mean_total_cost,,total_load_exceeds_fleet_capacity,180,60,True,1378.2518636282953,1385.8779151195247,1599.402231662014,1602.47449459314,,,,,,,,,,,
X-n223-k34,222,cold_chain,ortools:robust_mean_2std_or_tools,robust_mean_2std_or_tools,ortools,False,False,False,0,,0.0,,0.0,2244.7433296941795,1.7843746658936244,pulp_cbc,mean_total_cost,,total_load_exceeds_fleet_capacity,180,60,True,1378.2518636282953,1385.8779151195247,1599.402231662014,1602.47449459314,,,,,,,,,,,
X-n223-k34,222,atm,ortools:proxy_mean_scaled_or_tools,proxy_mean_scaled_or_tools,ortools,True,True,True,34,46581.0,5.000140190124512,0.9925065040588379,5.99264669418335,1251.71,0.995,pulp_cbc,mean_total_cost,47195.83527790905,,180,60,True,1378.2518636282953,1385.8779151195247,1599.402231662014,1602.47449459314,1268.300710882181,1258.00000052,47195.83527790905,47659.406536300725,48178.87307450031,158.01710671729504,284.8193489040936,0.4605855855855856,154.27359456395513,614.8352779090555,0.0
X-n223-k34,222,grocery,ortools:proxy_mean_scaled_or_tools,proxy_mean_scaled_or_tools,ortools,True,True,True,34,46581.0,5.000140190124512,0.9320502281188965,5.932190418243408,1251.71,0.995,pulp_cbc,mean_total_cost,46967.283117229046,,180,60,True,1378.2518636282953,1385.8779151195247,1599.402231662014,1602.47449459314,590.3618564502721,1257.9999966999999,46967.283117229046,47180.390595566096,47464.17217164942,157.88246986763627,284.13540467549154,0.4582432432432432,154.1389538942964,386.28311722905414,0.0
X-n223-k34,222,cargo,ortools:proxy_mean_scaled_or_tools,proxy_mean_scaled_or_tools,ortools,True,True,True,34,46581.0,5.000140190124512,1.014887809753418,6.01502799987793,1251.71,0.995,pulp_cbc,mean_total_cost,47043.255462200206,,180,60,True,1378.2518636282953,1385.8779151195247,1599.402231662014,1602.47449459314,1144.4487977811384,1258.0000011500001,47043.255462200206,47393.33989429821,47789.91701154517,158.2309613957037,285.77735927428967,0.45063063063063064,154.48744987236384,462.2554622002064,0.0
X-n223-k34,222,cold_chain,ortools:proxy_mean_scaled_or_tools,proxy_mean_scaled_or_tools,ortools,True,True,True,34,46581.0,5.000140190124512,0.9666388034820557,5.966778993606567,1251.71,0.995,pulp_cbc,mean_total_cost,47370.32683199023,,180,60,True,1378.2518636282953,1385.8779151195247,1599.402231662014,1602.47449459314,1289.5684128236778,1258.00000051,47370.32683199023,47628.85463864252,48010.23531786245,157.90913479539554,284.4489777280393,0.45400900900900903,154.16562263205563,556.8966616066717,232.43017038355075
X-n223-k34,222,atm,ortools:quantile_p75_scaled_or_tools,quantile_p75_scaled_or_tools,ortools,True,True,True,34,46188.0,4.999818801879883,0.9657247066497803,5.965543508529663,1251.71,0.995,pulp_cbc,mean_total_cost,46797.445725512,,180,60,True,1378.2518636282953,1385.8779151195247,1599.402231662014,1602.47449459314,1262.787094074401,1258.00000021,46797.445725512,47261.09013697496,47781.642943999745,156.6439783080025,285.45805381988987,0.45414414414414417,152.90046584466262,609.4457255119975,0.0
X-n223-k34,222,grocery,ortools:quantile_p75_scaled_or_tools,quantile_p75_scaled_or_tools,ortools,True,True,True,34,46188.0,4.999818801879883,0.929288387298584,5.929107189178467,1251.71,0.995,pulp_cbc,mean_total_cost,46571.314438448564,,180,60,True,1378.2518636282953,1385.8779151195247,1599.402231662014,1602.47449459314,587.7394053763987,1257.99999876,46571.314438448564,46785.53765428107,47068.41836813548,156.48456711500185,285.06231825851137,0.45193693693693693,152.741053201662,383.314438448563,0.0
X-n223-k34,222,cargo,ortools:quantile_p75_scaled_or_tools,quantile_p75_scaled_or_tools,ortools,True,True,True,34,46188.0,4.999818801879883,0.9748961925506592,5.974714994430542,1251.71,0.995,pulp_cbc,mean_total_cost,46644.130875474664,,180,60,True,1378.2518636282953,1385.8779151195247,1599.402231662014,1602.47449459314,1136.7012489344877,1257.9999996,46644.130875474664,46995.54936066893,47390.0643596066,156.76848976739606,285.5626723744382,0.44472972972972974,153.02497669405622,456.1308754746471,0.0
X-n223-k34,222,cold_chain,ortools:quantile_p75_scaled_or_tools,quantile_p75_scaled_or_tools,ortools,True,True,True,34,46188.0,4.999818801879883,0.9635646343231201,5.963383436203003,1251.71,0.995,pulp_cbc,mean_total_cost,46977.95558297447,,180,60,True,1378.2518636282953,1385.8779151195247,1599.402231662014,1602.47449459314,1289.4559238295105,1257.99999974,46977.95558297447,47233.943381496785,47618.92282447281,156.76444939514232,284.9792565693462,0.4483783783783784,153.02093646180242,553.2680964432004,236.68748653127085
X-n223-k34,222,atm,ortools:quantile_p90_scaled_or_tools,quantile_p90_scaled_or_tools,ortools,False,False,False,0,,0.0,,0.0,1251.71,0.995,pulp_cbc,mean_total_cost,,total_load_exceeds_fleet_capacity,180,60,True,1378.2518636282953,1385.8779151195247,1599.402231662014,1602.47449459314,,,,,,,,,,,
X-n223-k34,222,grocery,ortools:quantile_p90_scaled_or_tools,quantile_p90_scaled_or_tools,ortools,False,False,False,0,,0.0,,0.0,1251.71,0.995,pulp_cbc,mean_total_cost,,total_load_exceeds_fleet_capacity,180,60,True,1378.2518636282953,1385.8779151195247,1599.402231662014,1602.47449459314,,,,,,,,,,,
X-n223-k34,222,cargo,ortools:quantile_p90_scaled_or_tools,quantile_p90_scaled_or_tools,ortools,False,False,False,0,,0.0,,0.0,1251.71,0.995,pulp_cbc,mean_total_cost,,total_load_exceeds_fleet_capacity,180,60,True,1378.2518636282953,1385.8779151195247,1599.402231662014,1602.47449459314,,,,,,,,,,,
X-n223-k34,222,cold_chain,ortools:quantile_p90_scaled_or_tools,quantile_p90_scaled_or_tools,ortools,False,False,False,0,,0.0,,0.0,1251.71,0.995,pulp_cbc,mean_total_cost,,total_load_exceeds_fleet_capacity,180,60,True,1378.2518636282953,1385.8779151195247,1599.402231662014,1602.47449459314,,,,,,,,,,,
X-n223-k34,222,atm,ortools:robust_mean_1std_scaled_or_tools,robust_mean_1std_scaled_or_tools,ortools,True,True,True,34,47633.0,5.000558853149414,0.9396989345550537,5.940257787704468,1251.7100000000003,0.9950000000000002,pulp_cbc,mean_total_cost,48238.46850996176,,180,60,True,1378.2518636282953,1385.8779151195247,1599.402231662014,1602.47449459314,1259.9890101524925,1258.00000108,48238.46850996176,48702.41318129694,49221.71756516238,155.73458338918837,282.4448502762177,0.4545045045045045,151.99107179584848,605.468509961756,0.0
X-n223-k34,222,grocery,ortools:robust_mean_1std_scaled_or_tools,robust_mean_1std_scaled_or_tools,ortools,True,True,True,34,47633.0,5.000558853149414,0.9307382106781006,5.931297063827515,1251.7100000000003,0.9950000000000002,pulp_cbc,mean_total_cost,48014.05016290822,,180,60,True,1378.2518636282953,1385.8779151195247,1599.402231662014,1602.47449459314,586.3297335775185,1257.9999976899999,48014.05016290822,48227.333541403765,48510.784847867806,155.6225629808054,282.31757717402826,0.4525225225225225,151.87904799746556,381.05016290822516,0.0
X-n223-k34,222,cargo,ortools:robust_mean_1std_scaled_or_tools,robust_mean_1std_scaled_or_tools,ortools,True,True,True,34,47633.0,5.000558853149414,0.9157943725585938,5.916353225708008,1251.7100000000003,0.9950000000000002,pulp_cbc,mean_total_cost,48086.2221092279,,180,60,True,1378.2518636282953,1385.8779151195247,1599.402231662014,1602.47449459314,1133.9010321173682,1258.00000022,48086.2221092279,48435.605826725674,48830.767534054256,155.86393391692275,282.5239361824813,0.43995495495495496,152.1204214635829,453.2221092278894,0.0
X-n223-k34,222,cold_chain,ortools:robust_mean_1std_scaled_or_tools,robust_mean_1std_scaled_or_tools,ortools,True,True,True,34,47633.0,5.000558853149414,0.9440426826477051,5.944601535797119,1251.7100000000003,0.9950000000000002,pulp_cbc,mean_total_cost,48424.999761371975,,180,60,True,1378.2518636282953,1385.8779151195247,1599.402231662014,1602.47449459314,1292.5685490313872,1257.99999961,48424.999761371975,48684.445882804896,49064.26089399091,155.79202578393782,282.36922328321214,0.4450900900900901,152.04851272059793,550.1291828704235,241.87057850154994
X-n223-k34,222,atm,ortools:robust_mean_2std_scaled_or_tools,robust_mean_2std_scaled_or_tools,ortools,False,False,False,0,,0.0,,0.0,1251.7100000000003,0.9950000000000002,pulp_cbc,mean_total_cost,,total_load_exceeds_fleet_capacity,180,60,True,1378.2518636282953,1385.8779151195247,1599.402231662014,1602.47449459314,,,,,,,,,,,
X-n223-k34,222,grocery,ortools:robust_mean_2std_scaled_or_tools,robust_mean_2std_scaled_or_tools,ortools,False,False,False,0,,0.0,,0.0,1251.7100000000003,0.9950000000000002,pulp_cbc,mean_total_cost,,total_load_exceeds_fleet_capacity,180,60,True,1378.2518636282953,1385.8779151195247,1599.402231662014,1602.47449459314,,,,,,,,,,,
X-n223-k34,222,cargo,ortools:robust_mean_2std_scaled_or_tools,robust_mean_2std_scaled_or_tools,ortools,False,False,False,0,,0.0,,0.0,1251.7100000000003,0.9950000000000002,pulp_cbc,mean_total_cost,,total_load_exceeds_fleet_capacity,180,60,True,1378.2518636282953,1385.8779151195247,1599.402231662014,1602.47449459314,,,,,,,,,,,
X-n223-k34,222,cold_chain,ortools:robust_mean_2std_scaled_or_tools,robust_mean_2std_scaled_or_tools,ortools,False,False,False,0,,0.0,,0.0,1251.7100000000003,0.9950000000000002,pulp_cbc,mean_total_cost,,total_load_exceeds_fleet_capacity,180,60,True,1378.2518636282953,1385.8779151195247,1599.402231662014,1602.47449459314,,,,,,,,,,,
X-n228-k23,227,atm,ortools:nominal_or_tools,nominal_or_tools,ortools,True,True,True,23,30349.0,5.002313137054443,1.326369285583496,6.3286824226379395,3478.0,0.9819311123658949,pulp_cbc,mean_total_cost,32281.49474340328,,180,60,True,3871.187173963408,3880.369089269405,4574.970830957401,4579.389746009339,3701.579847603631,3541.9999967899994,32281.49474340328,33527.26912305699,34758.772869064625,480.279808805464,803.3319447531271,0.4643612334801762,452.5967457224303,1932.4947434032856,0.0
X-n228-k23,227,grocery,ortools:nominal_or_tools,nominal_or_tools,ortools,True,True,True,23,30349.0,5.002313137054443,1.0652761459350586,6.067589282989502,3478.0,0.9819311123658949,pulp_cbc,mean_total_cost,31558.51074929635,,180,60,True,3871.187173963408,3880.369089269405,4574.970830957401,4579.389746009339,1768.0600270341054,3541.9999958199996,31558.51074929635,32149.875605177687,32816.21911640059,479.52488251563693,800.260408742767,0.4573568281938326,451.8418184626033,1209.510749296349,0.0
X-n228-k23,227,cargo,ortools:nominal_or_tools,nominal_or_tools,ortools,True,True,True,23,30349.0,5.002313137054443,1.3193342685699463,6.32164740562439,3478.0,0.9819311123658949,pulp_cbc,mean_total_cost,31801.53193159689,,180,60,True,3871.187173963408,3880.369089269405,4574.970830957401,4579.389746009339,3296.5804808211305,3542.0000015999995,31801.53193159689,32795.49950702219,33678.71290420934,483.3169529166622,808.6677234927962,0.45220264317180614,455.6338946436286,1452.5319315968861,0.0
X-n228-k23,227,cold_chain,ortools:nominal_or_tools,nominal_or_tools,ortools,True,True,True,23,30349.0,5.002313137054443,1.2083585262298584,6.210671663284302,3478.0,0.9819311123658949,pulp_cbc,mean_total_cost,32740.61240900832,,180,60,True,3871.187173963408,3880.369089269405,4574.970830957401,4579.389746009339,3767.1863865951536,3541.99999673,32740.61240900832,33492.58907880021,34360.44494836638,480.7003782413628,799.8416031363696,0.4531718061674009,453.0173150983292,1753.5634629357414,638.0489460725779
X-n228-k23,227,atm,ortools:proxy_mean_or_tools,proxy_mean_or_tools,ortools,False,False,False,0,,0.0,,0.0,3871.187173963407,1.0929382196395843,pulp_cbc,mean_total_cost,,total_load_exceeds_fleet_capacity,180,60,True,3871.187173963408,3880.369089269405,4574.970830957401,4579.389746009339,,,,,,,,,,,
X-n228-k23,227,grocery,ortools:proxy_mean_or_tools,proxy_mean_or_tools,ortools,False,False,False,0,,0.0,,0.0,3871.187173963407,1.0929382196395843,pulp_cbc,mean_total_cost,,total_load_exceeds_fleet_capacity,180,60,True,3871.187173963408,3880.369089269405,4574.970830957401,4579.389746009339,,,,,,,,,,,
X-n228-k23,227,cargo,ortools:proxy_mean_or_tools,proxy_mean_or_tools,ortools,False,False,False,0,,0.0,,0.0,3871.187173963407,1.0929382196395843,pulp_cbc,mean_total_cost,,total_load_exceeds_fleet_capacity,180,60,True,3871.187173963408,3880.369089269405,4574.970830957401,4579.389746009339,,,,,,,,,,,
X-n228-k23,227,cold_chain,ortools:proxy_mean_or_tools,proxy_mean_or_tools,ortools,False,False,False,0,,0.0,,0.0,3871.187173963407,1.0929382196395843,pulp_cbc,mean_total_cost,,total_load_exceeds_fleet_capacity,180,60,True,3871.187173963408,3880.369089269405,4574.970830957401,4579.389746009339,,,,,,,,,,,
X-n228-k23,227,atm,ortools:quantile_p75_or_tools,quantile_p75_or_tools,ortools,False,False,False,0,,0.0,,0.0,4556.243803037865,1.2863477704793522,pulp_cbc,mean_total_cost,,total_load_exceeds_fleet_capacity,180,60,True,3871.187173963408,3880.369089269405,4574.970830957401,4579.389746009339,,,,,,,,,,,
X-n228-k23,227,grocery,ortools:quantile_p75_or_tools,quantile_p75_or_tools,ortools,False,False,False,0,,0.0,,0.0,4556.243803037865,1.2863477704793522,pulp_cbc,mean_total_cost,,total_load_exceeds_fleet_capacity,180,60,True,3871.187173963408,3880.369089269405,4574.970830957401,4579.389746009339,,,,,,,,,,,
X-n228-k23,227,cargo,ortools:quantile_p75_or_tools,quantile_p75_or_tools,ortools,False,False,False,0,,0.0,,0.0,4556.243803037865,1.2863477704793522,pulp_cbc,mean_total_cost,,total_load_exceeds_fleet_capacity,180,60,True,3871.187173963408,3880.369089269405,4574.970830957401,4579.389746009339,,,,,,,,,,,
X-n228-k23,227,cold_chain,ortools:quantile_p75_or_tools,quantile_p75_or_tools,ortools,False,False,False,0,,0.0,,0.0,4556.243803037865,1.2863477704793522,pulp_cbc,mean_total_cost,,total_load_exceeds_fleet_capacity,180,60,True,3871.187173963408,3880.369089269405,4574.970830957401,4579.389746009339,,,,,,,,,,,
X-n228-k23,227,atm,ortools:quantile_p90_or_tools,quantile_p90_or_tools,ortools,False,False,False,0,,0.0,,0.0,5584.6445303042965,1.5766924139763683,pulp_cbc,mean_total_cost,,single_node_exceeds_capacity,180,60,True,3871.187173963408,3880.369089269405,4574.970830957401,4579.389746009339,,,,,,,,,,,
X-n228-k23,227,grocery,ortools:quantile_p90_or_tools,quantile_p90_or_tools,ortools,False,False,False,0,,0.0,,0.0,5584.6445303042965,1.5766924139763683,pulp_cbc,mean_total_cost,,single_node_exceeds_capacity,180,60,True,3871.187173963408,3880.369089269405,4574.970830957401,4579.389746009339,,,,,,,,,,,
X-n228-k23,227,cargo,ortools:quantile_p90_or_tools,quantile_p90_or_tools,ortools,False,False,False,0,,0.0,,0.0,5584.6445303042965,1.5766924139763683,pulp_cbc,mean_total_cost,,single_node_exceeds_capacity,180,60,True,3871.187173963408,3880.369089269405,4574.970830957401,4579.389746009339,,,,,,,,,,,
X-n228-k23,227,cold_chain,ortools:quantile_p90_or_tools,quantile_p90_or_tools,ortools,False,False,False,0,,0.0,,0.0,5584.6445303042965,1.5766924139763683,pulp_cbc,mean_total_cost,,single_node_exceeds_capacity,180,60,True,3871.187173963408,3880.369089269405,4574.970830957401,4579.389746009339,,,,,,,,,,,
X-n228-k23,227,atm,ortools:robust_mean_1std_or_tools,robust_mean_1std_or_tools,ortools,False,False,False,0,,0.0,,0.0,5202.3356349219775,1.4687565315985256,pulp_cbc,mean_total_cost,,single_node_exceeds_capacity,180,60,True,3871.187173963408,3880.369089269405,4574.970830957401,4579.389746009339,,,,,,,,,,,
X-n228-k23,227,grocery,ortools:robust_mean_1std_or_tools,robust_mean_1std_or_tools,ortools,False,False,False,0,,0.0,,0.0,5202.3356349219775,1.4687565315985256,pulp_cbc,mean_total_cost,,single_node_exceeds_capacity,180,60,True,3871.187173963408,3880.369089269405,4574.970830957401,4579.389746009339,,,,,,,,,,,
X-n228-k23,227,cargo,ortools:robust_mean_1std_or_tools,robust_mean_1std_or_tools,ortools,False,False,False,0,,0.0,,0.0,5202.3356349219775,1.4687565315985256,pulp_cbc,mean_total_cost,,single_node_exceeds_capacity,180,60,True,3871.187173963408,3880.369089269405,4574.970830957401,4579.389746009339,,,,,,,,,,,
X-n228-k23,227,cold_chain,ortools:robust_mean_1std_or_tools,robust_mean_1std_or_tools,ortools,False,False,False,0,,0.0,,0.0,5202.3356349219775,1.4687565315985256,pulp_cbc,mean_total_cost,,single_node_exceeds_capacity,180,60,True,3871.187173963408,3880.369089269405,4574.970830957401,4579.389746009339,,,,,,,,,,,
X-n228-k23,227,atm,ortools:robust_mean_2std_or_tools,robust_mean_2std_or_tools,ortools,False,False,False,0,,0.0,,0.0,6533.484095880547,1.8445748435574667,pulp_cbc,mean_total_cost,,single_node_exceeds_capacity,180,60,True,3871.187173963408,3880.369089269405,4574.970830957401,4579.389746009339,,,,,,,,,,,
X-n228-k23,227,grocery,ortools:robust_mean_2std_or_tools,robust_mean_2std_or_tools,ortools,False,False,False,0,,0.0,,0.0,6533.484095880547,1.8445748435574667,pulp_cbc,mean_total_cost,,single_node_exceeds_capacity,180,60,True,3871.187173963408,3880.369089269405,4574.970830957401,4579.389746009339,,,,,,,,,,,
X-n228-k23,227,cargo,ortools:robust_mean_2std_or_tools,robust_mean_2std_or_tools,ortools,False,False,False,0,,0.0,,0.0,6533.484095880547,1.8445748435574667,pulp_cbc,mean_total_cost,,single_node_exceeds_capacity,180,60,True,3871.187173963408,3880.369089269405,4574.970830957401,4579.389746009339,,,,,,,,,,,
X-n228-k23,227,cold_chain,ortools:robust_mean_2std_or_tools,robust_mean_2std_or_tools,ortools,False,False,False,0,,0.0,,0.0,6533.484095880547,1.8445748435574667,pulp_cbc,mean_total_cost,,single_node_exceeds_capacity,180,60,True,3871.187173963408,3880.369089269405,4574.970830957401,4579.389746009339,,,,,,,,,,,
X-n228-k23,227,atm,ortools:proxy_mean_scaled_or_tools,proxy_mean_scaled_or_tools,ortools,True,True,True,23,33383.0,4.997942209243774,1.1264793872833252,6.1244215965271,3524.2900000000004,0.9950000000000001,pulp_cbc,mean_total_cost,35314.08685403608,,180,60,True,3871.187173963408,3880.369089269405,4574.970830957401,4579.389746009339,3690.1591800177134,3542.0000039099996,35314.08685403608,36591.88263581611,37794.38698347174,480.3454253337775,811.3822012937558,0.4742290748898678,452.66236937074376,1931.0868540360766,0.0
X-n228-k23,227,grocery,ortools:proxy_mean_scaled_or_tools,proxy_mean_scaled_or_tools,ortools,True,True,True,23,33383.0,4.997942209243774,1.0545003414154053,6.05244255065918,3524.2900000000004,0.9950000000000001,pulp_cbc,mean_total_cost,34591.4218402324,,180,60,True,3871.187173963408,3880.369089269405,4574.970830957401,4579.389746009339,1762.0176232923152,3541.9999989199996,34591.4218402324,35210.67442526068,35852.52326626371,479.2656645989917,810.1528224832597,0.4694273127753304,451.5826036459582,1208.4218402323977,0.0
X-n228-k23,227,cargo,ortools:proxy_mean_scaled_or_tools,proxy_mean_scaled_or_tools,ortools,True,True,True,23,33383.0,4.997942209243774,1.2021174430847168,6.200059652328491,3524.2900000000004,0.9950000000000001,pulp_cbc,mean_total_cost,34835.31155724602,,180,60,True,3871.187173963408,3880.369089269405,4574.970830957401,4579.389746009339,3282.699525840719,3541.9999947399997,34835.31155724602,35834.117259358805,36715.16126441839,484.42517647752817,812.5304730648375,0.4706167400881057,456.7421113444945,1452.3115572460183,0.0
X-n228-k23,227,cold_chain,ortools:proxy_mean_scaled_or_tools,proxy_mean_scaled_or_tools,ortools,True,True,True,23,33383.0,4.997942209243774,1.1039738655090332,6.101916074752808,3524.2900000000004,0.9950000000000001,pulp_cbc,mean_total_cost,35703.7865983556,,180,60,True,3871.187173963408,3880.369089269405,4574.970830957401,4579.389746009339,3684.697210189243,3542.0000009200003,35703.7865983556,36474.46064509625,37329.80814094097,482.0631548481895,810.6504211584759,0.4716299559471366,454.3800958951558,1750.4527513020262,570.3338470535714
X-n228-k23,227,atm,ortools:quantile_p75_scaled_or_tools,quantile_p75_scaled_or_tools,ortools,False,False,False,0,,4.99816107749939,,4.99816107749939,3524.2899999999995,0.9949999999999999,pulp_cbc,mean_total_cost,,ortools_no_solution,180,60,True,3871.187173963408,3880.369089269405,4574.970830957401,4579.389746009339,,,,,,,,,,,
X-n228-k23,227,grocery,ortools:quantile_p75_scaled_or_tools,quantile_p75_scaled_or_tools,ortools,False,False,False,0,,4.99816107749939,,4.99816107749939,3524.2899999999995,0.9949999999999999,pulp_cbc,mean_total_cost,,ortools_no_solution,180,60,True,3871.187173963408,3880.369089269405,4574.970830957401,4579.389746009339,,,,,,,,,,,
X-n228-k23,227,cargo,ortools:quantile_p75_scaled_or_tools,quantile_p75_scaled_or_tools,ortools,False,False,False,0,,4.99816107749939,,4.99816107749939,3524.2899999999995,0.9949999999999999,pulp_cbc,mean_total_cost,,ortools_no_solution,180,60,True,3871.187173963408,3880.369089269405,4574.970830957401,4579.389746009339,,,,,,,,,,,
X-n228-k23,227,cold_chain,ortools:quantile_p75_scaled_or_tools,quantile_p75_scaled_or_tools,ortools,False,False,False,0,,4.99816107749939,,4.99816107749939,3524.2899999999995,0.9949999999999999,pulp_cbc,mean_total_cost,,ortools_no_solution,180,60,True,3871.187173963408,3880.369089269405,4574.970830957401,4579.389746009339,,,,,,,,,,,
X-n228-k23,227,atm,ortools:quantile_p90_scaled_or_tools,quantile_p90_scaled_or_tools,ortools,False,False,False,0,,4.998690843582153,,4.998690843582153,3524.290000000001,0.9950000000000002,pulp_cbc,mean_total_cost,,ortools_no_solution,180,60,True,3871.187173963408,3880.369089269405,4574.970830957401,4579.389746009339,,,,,,,,,,,
X-n228-k23,227,grocery,ortools:quantile_p90_scaled_or_tools,quantile_p90_scaled_or_tools,ortools,False,False,False,0,,4.998690843582153,,4.998690843582153,3524.290000000001,0.9950000000000002,pulp_cbc,mean_total_cost,,ortools_no_solution,180,60,True,3871.187173963408,3880.369089269405,4574.970830957401,4579.389746009339,,,,,,,,,,,
X-n228-k23,227,cargo,ortools:quantile_p90_scaled_or_tools,quantile_p90_scaled_or_tools,ortools,False,False,False,0,,4.998690843582153,,4.998690843582153,3524.290000000001,0.9950000000000002,pulp_cbc,mean_total_cost,,ortools_no_solution,180,60,True,3871.187173963408,3880.369089269405,4574.970830957401,4579.389746009339,,,,,,,,,,,
X-n228-k23,227,cold_chain,ortools:quantile_p90_scaled_or_tools,quantile_p90_scaled_or_tools,ortools,False,False,False,0,,4.998690843582153,,4.998690843582153,3524.290000000001,0.9950000000000002,pulp_cbc,mean_total_cost,,ortools_no_solution,180,60,True,3871.187173963408,3880.369089269405,4574.970830957401,4579.389746009339,,,,,,,,,,,
X-n228-k23,227,atm,ortools:robust_mean_1std_scaled_or_tools,robust_mean_1std_scaled_or_tools,ortools,False,False,False,0,,0.0,,0.0,3524.29,0.995,pulp_cbc,mean_total_cost,,total_load_exceeds_fleet_capacity,180,60,True,3871.187173963408,3880.369089269405,4574.970830957401,4579.389746009339,,,,,,,,,,,
X-n228-k23,227,grocery,ortools:robust_mean_1std_scaled_or_tools,robust_mean_1std_scaled_or_tools,ortools,False,False,False,0,,0.0,,0.0,3524.29,0.995,pulp_cbc,mean_total_cost,,total_load_exceeds_fleet_capacity,180,60,True,3871.187173963408,3880.369089269405,4574.970830957401,4579.389746009339,,,,,,,,,,,
X-n228-k23,227,cargo,ortools:robust_mean_1std_scaled_or_tools,robust_mean_1std_scaled_or_tools,ortools,False,False,False,0,,0.0,,0.0,3524.29,0.995,pulp_cbc,mean_total_cost,,total_load_exceeds_fleet_capacity,180,60,True,3871.187173963408,3880.369089269405,4574.970830957401,4579.389746009339,,,,,,,,,,,
X-n228-k23,227,cold_chain,ortools:robust_mean_1std_scaled_or_tools,robust_mean_1std_scaled_or_tools,ortools,False,False,False,0,,0.0,,0.0,3524.29,0.995,pulp_cbc,mean_total_cost,,total_load_exceeds_fleet_capacity,180,60,True,3871.187173963408,3880.369089269405,4574.970830957401,4579.389746009339,,,,,,,,,,,
X-n228-k23,227,atm,ortools:robust_mean_2std_scaled_or_tools,robust_mean_2std_scaled_or_tools,ortools,False,False,False,0,,5.005390167236328,,5.005390167236328,3524.2900000000004,0.9950000000000001,pulp_cbc,mean_total_cost,,ortools_no_solution,180,60,True,3871.187173963408,3880.369089269405,4574.970830957401,4579.389746009339,,,,,,,,,,,
X-n228-k23,227,grocery,ortools:robust_mean_2std_scaled_or_tools,robust_mean_2std_scaled_or_tools,ortools,False,False,False,0,,5.005390167236328,,5.005390167236328,3524.2900000000004,0.9950000000000001,pulp_cbc,mean_total_cost,,ortools_no_solution,180,60,True,3871.187173963408,3880.369089269405,4574.970830957401,4579.389746009339,,,,,,,,,,,
X-n228-k23,227,cargo,ortools:robust_mean_2std_scaled_or_tools,robust_mean_2std_scaled_or_tools,ortools,False,False,False,0,,5.005390167236328,,5.005390167236328,3524.2900000000004,0.9950000000000001,pulp_cbc,mean_total_cost,,ortools_no_solution,180,60,True,3871.187173963408,3880.369089269405,4574.970830957401,4579.389746009339,,,,,,,,,,,
X-n228-k23,227,cold_chain,ortools:robust_mean_2std_scaled_or_tools,robust_mean_2std_scaled_or_tools,ortools,False,False,False,0,,5.005390167236328,,5.005390167236328,3524.2900000000004,0.9950000000000001,pulp_cbc,mean_total_cost,,ortools_no_solution,180,60,True,3871.187173963408,3880.369089269405,4574.970830957401,4579.389746009339,,,,,,,,,,,
X-n233-k16,232,atm,ortools:nominal_or_tools,nominal_or_tools,ortools,False,False,False,0,,4.999742269515991,,4.999742269515991,10093.0,0.999702852614897,pulp_cbc,mean_total_cost,,ortools_no_solution,180,60,True,11334.41800874414,11355.553726611493,13290.364120543143,13318.412455060521,,,,,,,,,,,
X-n233-k16,232,grocery,ortools:nominal_or_tools,nominal_or_tools,ortools,False,False,False,0,,4.999742269515991,,4.999742269515991,10093.0,0.999702852614897,pulp_cbc,mean_total_cost,,ortools_no_solution,180,60,True,11334.41800874414,11355.553726611493,13290.364120543143,13318.412455060521,,,,,,,,,,,
X-n233-k16,232,cargo,ortools:nominal_or_tools,nominal_or_tools,ortools,False,False,False,0,,4.999742269515991,,4.999742269515991,10093.0,0.999702852614897,pulp_cbc,mean_total_cost,,ortools_no_solution,180,60,True,11334.41800874414,11355.553726611493,13290.364120543143,13318.412455060521,,,,,,,,,,,
X-n233-k16,232,cold_chain,ortools:nominal_or_tools,nominal_or_tools,ortools,False,False,False,0,,4.999742269515991,,4.999742269515991,10093.0,0.999702852614897,pulp_cbc,mean_total_cost,,ortools_no_solution,180,60,True,11334.41800874414,11355.553726611493,13290.364120543143,13318.412455060521,,,,,,,,,,,
X-n233-k16,232,atm,ortools:proxy_mean_or_tools,proxy_mean_or_tools,ortools,False,False,False,0,,0.0,,0.0,11334.41800874414,1.122664224320933,pulp_cbc,mean_total_cost,,total_load_exceeds_fleet_capacity,180,60,True,11334.41800874414,11355.553726611493,13290.364120543143,13318.412455060521,,,,,,,,,,,
X-n233-k16,232,grocery,ortools:proxy_mean_or_tools,proxy_mean_or_tools,ortools,False,False,False,0,,0.0,,0.0,11334.41800874414,1.122664224320933,pulp_cbc,mean_total_cost,,total_load_exceeds_fleet_capacity,180,60,True,11334.41800874414,11355.553726611493,13290.364120543143,13318.412455060521,,,,,,,,,,,
X-n233-k16,232,cargo,ortools:proxy_mean_or_tools,proxy_mean_or_tools,ortools,False,False,False,0,,0.0,,0.0,11334.41800874414,1.122664224320933,pulp_cbc,mean_total_cost,,total_load_exceeds_fleet_capacity,180,60,True,11334.41800874414,11355.553726611493,13290.364120543143,13318.412455060521,,,,,,,,,,,
X-n233-k16,232,cold_chain,ortools:proxy_mean_or_tools,proxy_mean_or_tools,ortools,False,False,False,0,,0.0,,0.0,11334.41800874414,1.122664224320933,pulp_cbc,mean_total_cost,,total_load_exceeds_fleet_capacity,180,60,True,11334.41800874414,11355.553726611493,13290.364120543143,13318.412455060521,,,,,,,,,,,
X-n233-k16,232,atm,ortools:quantile_p75_or_tools,quantile_p75_or_tools,ortools,False,False,False,0,,0.0,,0.0,13280.05652661881,1.315378023634985,pulp_cbc,mean_total_cost,,total_load_exceeds_fleet_capacity,180,60,True,11334.41800874414,11355.553726611493,13290.364120543143,13318.412455060521,,,,,,,,,,,
X-n233-k16,232,grocery,ortools:quantile_p75_or_tools,quantile_p75_or_tools,ortools,False,False,False,0,,0.0,,0.0,13280.05652661881,1.315378023634985,pulp_cbc,mean_total_cost,,total_load_exceeds_fleet_capacity,180,60,True,11334.41800874414,11355.553726611493,13290.364120543143,13318.412455060521,,,,,,,,,,,
X-n233-k16,232,cargo,ortools:quantile_p75_or_tools,quantile_p75_or_tools,ortools,False,False,False,0,,0.0,,0.0,13280.05652661881,1.315378023634985,pulp_cbc,mean_total_cost,,total_load_exceeds_fleet_capacity,180,60,True,11334.41800874414,11355.553726611493,13290.364120543143,13318.412455060521,,,,,,,,,,,
X-n233-k16,232,cold_chain,ortools:quantile_p75_or_tools,quantile_p75_or_tools,ortools,False,False,False,0,,0.0,,0.0,13280.05652661881,1.315378023634985,pulp_cbc,mean_total_cost,,total_load_exceeds_fleet_capacity,180,60,True,11334.41800874414,11355.553726611493,13290.364120543143,13318.412455060521,,,,,,,,,,,
X-n233-k16,232,atm,ortools:quantile_p90_or_tools,quantile_p90_or_tools,ortools,False,False,False,0,,0.0,,0.0,16005.918678705548,1.5853722938495987,pulp_cbc,mean_total_cost,,total_load_exceeds_fleet_capacity,180,60,True,11334.41800874414,11355.553726611493,13290.364120543143,13318.412455060521,,,,,,,,,,,
X-n233-k16,232,grocery,ortools:quantile_p90_or_tools,quantile_p90_or_tools,ortools,False,False,False,0,,0.0,,0.0,16005.918678705548,1.5853722938495987,pulp_cbc,mean_total_cost,,total_load_exceeds_fleet_capacity,180,60,True,11334.41800874414,11355.553726611493,13290.364120543143,13318.412455060521,,,,,,,,,,,
X-n233-k16,232,cargo,ortools:quantile_p90_or_tools,quantile_p90_or_tools,ortools,False,False,False,0,,0.0,,0.0,16005.918678705548,1.5853722938495987,pulp_cbc,mean_total_cost,,total_load_exceeds_fleet_capacity,180,60,True,11334.41800874414,11355.553726611493,13290.364120543143,13318.412455060521,,,,,,,,,,,
X-n233-k16,232,cold_chain,ortools:quantile_p90_or_tools,quantile_p90_or_tools,ortools,False,False,False,0,,0.0,,0.0,16005.918678705548,1.5853722938495987,pulp_cbc,mean_total_cost,,total_load_exceeds_fleet_capacity,180,60,True,11334.41800874414,11355.553726611493,13290.364120543143,13318.412455060521,,,,,,,,,,,
X-n233-k16,232,atm,ortools:robust_mean_1std_or_tools,robust_mean_1std_or_tools,ortools,False,False,False,0,,0.0,,0.0,14932.769901390266,1.4790778428476887,pulp_cbc,mean_total_cost,,total_load_exceeds_fleet_capacity,180,60,True,11334.41800874414,11355.553726611493,13290.364120543143,13318.412455060521,,,,,,,,,,,
X-n233-k16,232,grocery,ortools:robust_mean_1std_or_tools,robust_mean_1std_or_tools,ortools,False,False,False,0,,0.0,,0.0,14932.769901390266,1.4790778428476887,pulp_cbc,mean_total_cost,,total_load_exceeds_fleet_capacity,180,60,True,11334.41800874414,11355.553726611493,13290.364120543143,13318.412455060521,,,,,,,,,,,
X-n233-k16,232,cargo,ortools:robust_mean_1std_or_tools,robust_mean_1std_or_tools,ortools,False,False,False,0,,0.0,,0.0,14932.769901390266,1.4790778428476887,pulp_cbc,mean_total_cost,,total_load_exceeds_fleet_capacity,180,60,True,11334.41800874414,11355.553726611493,13290.364120543143,13318.412455060521,,,,,,,,,,,
X-n233-k16,232,cold_chain,ortools:robust_mean_1std_or_tools,robust_mean_1std_or_tools,ortools,False,False,False,0,,0.0,,0.0,14932.769901390266,1.4790778428476887,pulp_cbc,mean_total_cost,,total_load_exceeds_fleet_capacity,180,60,True,11334.41800874414,11355.553726611493,13290.364120543143,13318.412455060521,,,,,,,,,,,
X-n233-k16,232,atm,ortools:robust_mean_2std_or_tools,robust_mean_2std_or_tools,ortools,False,False,False,0,,0.0,,0.0,18531.121794036393,1.8354914613744446,pulp_cbc,mean_total_cost,,total_load_exceeds_fleet_capacity,180,60,True,11334.41800874414,11355.553726611493,13290.364120543143,13318.412455060521,,,,,,,,,,,
X-n233-k16,232,grocery,ortools:robust_mean_2std_or_tools,robust_mean_2std_or_tools,ortools,False,False,False,0,,0.0,,0.0,18531.121794036393,1.8354914613744446,pulp_cbc,mean_total_cost,,total_load_exceeds_fleet_capacity,180,60,True,11334.41800874414,11355.553726611493,13290.364120543143,13318.412455060521,,,,,,,,,,,
X-n233-k16,232,cargo,ortools:robust_mean_2std_or_tools,robust_mean_2std_or_tools,ortools,False,False,False,0,,0.0,,0.0,18531.121794036393,1.8354914613744446,pulp_cbc,mean_total_cost,,total_load_exceeds_fleet_capacity,180,60,True,11334.41800874414,11355.553726611493,13290.364120543143,13318.412455060521,,,,,,,,,,,
X-n233-k16,232,cold_chain,ortools:robust_mean_2std_or_tools,robust_mean_2std_or_tools,ortools,False,False,False,0,,0.0,,0.0,18531.121794036393,1.8354914613744446,pulp_cbc,mean_total_cost,,total_load_exceeds_fleet_capacity,180,60,True,11334.41800874414,11355.553726611493,13290.364120543143,13318.412455060521,,,,,,,,,,,
X-n233-k16,232,atm,ortools:proxy_mean_scaled_or_tools,proxy_mean_scaled_or_tools,ortools,True,True,True,16,23289.0,5.000923156738281,1.2291593551635742,6.2300825119018555,10045.52,0.995,pulp_cbc,mean_total_cost,28089.46383734408,,180,60,True,11334.41800874414,11355.553726611493,13290.364120543143,13318.412455060521,10611.263932227568,10095.999986620001,28089.46383734408,30930.015321821047,33463.96586405596,1220.35067486701,2014.3585366208654,0.45448275862068965,1201.989822055686,4800.463837344079,0.0
X-n233-k16,232,grocery,ortools:proxy_mean_scaled_or_tools,proxy_mean_scaled_or_tools,ortools,True,True,True,16,23289.0,5.000923156738281,1.1187434196472168,6.119666576385498,10045.52,0.995,pulp_cbc,mean_total_cost,26318.402951183452,,180,60,True,11334.41800874414,11355.553726611493,13290.364120543143,13318.412455060521,5038.789133752825,10095.999999,26318.402951183452,27634.12419629182,28995.286234475752,1220.9176853499403,2014.1945732654806,0.4512931034482759,1202.5568449186164,3029.4029511834487,0.0
X-n233-k16,232,cargo,ortools:proxy_mean_scaled_or_tools,proxy_mean_scaled_or_tools,ortools,True,True,True,16,23289.0,5.000923156738281,1.326101541519165,6.327024698257446,10045.52,0.995,pulp_cbc,mean_total_cost,26886.880661410178,,180,60,True,11334.41800874414,11355.553726611493,13290.364120543143,13318.412455060521,9351.145627289357,10096.00000741,26886.880661410178,29072.631418486897,30941.53371531745,1232.5564822883005,2051.0056252739196,0.4596551724137931,1214.1956502669768,3597.880661410173,0.0
X-n233-k16,232,cold_chain,ortools:proxy_mean_scaled_or_tools,proxy_mean_scaled_or_tools,ortools,True,True,True,16,23289.0,5.000923156738281,1.1968581676483154,6.197781324386597,10045.52,0.995,pulp_cbc,mean_total_cost,29382.33127342654,,180,60,True,11334.41800874414,11355.553726611493,13290.364120543143,13318.412455060521,10474.43896912553,10095.99999824,29382.33127342654,31017.03876468916,32797.360725623534,1218.9206332095712,2020.7995254586137,0.44840517241379313,1200.5597920182472,4350.929914762233,1742.4013586643077
X-n233-k16,232,atm,ortools:quantile_p75_scaled_or_tools,quantile_p75_scaled_or_tools,ortools,False,False,False,0,,4.998972177505493,,4.998972177505493,10045.519999999999,0.9949999999999999,pulp_cbc,mean_total_cost,,ortools_no_solution,180,60,True,11334.41800874414,11355.553726611493,13290.364120543143,13318.412455060521,,,,,,,,,,,
X-n233-k16,232,grocery,ortools:quantile_p75_scaled_or_tools,quantile_p75_scaled_or_tools,ortools,False,False,False,0,,4.998972177505493,,4.998972177505493,10045.519999999999,0.9949999999999999,pulp_cbc,mean_total_cost,,ortools_no_solution,180,60,True,11334.41800874414,11355.553726611493,13290.364120543143,13318.412455060521,,,,,,,,,,,
X-n233-k16,232,cargo,ortools:quantile_p75_scaled_or_tools,quantile_p75_scaled_or_tools,ortools,False,False,False,0,,4.998972177505493,,4.998972177505493,10045.519999999999,0.9949999999999999,pulp_cbc,mean_total_cost,,ortools_no_solution,180,60,True,11334.41800874414,11355.553726611493,13290.364120543143,13318.412455060521,,,,,,,,,,,
X-n233-k16,232,cold_chain,ortools:quantile_p75_scaled_or_tools,quantile_p75_scaled_or_tools,ortools,False,False,False,0,,4.998972177505493,,4.998972177505493,10045.519999999999,0.9949999999999999,pulp_cbc,mean_total_cost,,ortools_no_solution,180,60,True,11334.41800874414,11355.553726611493,13290.364120543143,13318.412455060521,,,,,,,,,,,
X-n233-k16,232,atm,ortools:quantile_p90_scaled_or_tools,quantile_p90_scaled_or_tools,ortools,True,True,True,16,23503.0,4.9997875690460205,1.2593598365783691,6.25914740562439,10045.520000000002,0.9950000000000002,pulp_cbc,mean_total_cost,28315.54511698789,,180,60,True,11334.41800874414,11355.553726611493,13290.364120543143,13318.412455060521,10628.309280791025,10096.00000376,28315.54511698789,31200.362369122868,33707.106389777284,1227.981932751189,2035.7924203678926,0.4725431034482759,1209.621097079865,4812.545116987895,0.0
X-n233-k16,232,grocery,ortools:quantile_p90_scaled_or_tools,quantile_p90_scaled_or_tools,ortools,True,True,True,16,23503.0,4.9997875690460205,1.2010655403137207,6.200853109359741,10045.520000000002,0.9950000000000002,pulp_cbc,mean_total_cost,26544.523750167522,,180,60,True,11334.41800874414,11355.553726611493,13290.364120543143,13318.412455060521,5052.977854565877,10096.00000988,26544.523750167522,27889.72822436227,29229.233607102324,1228.3904940338225,2036.145670791925,0.4672413793103448,1210.0296644824984,3041.5237501675206,0.0
X-n233-k16,232,cargo,ortools:quantile_p90_scaled_or_tools,quantile_p90_scaled_or_tools,ortools,True,True,True,16,23503.0,4.9997875690460205,1.4185059070587158,6.418293476104736,10045.520000000002,0.9950000000000002,pulp_cbc,mean_total_cost,27090.583787226165,,180,60,True,11334.41800874414,11355.553726611493,13290.364120543143,13318.412455060521,9349.14289513451,10095.99999923,27090.583787226165,29252.46655592426,31152.253514587763,1232.7719750412994,2046.434481119194,0.4658189655172414,1214.4111348399756,3587.5837872261677,0.0
X-n233-k16,232,cold_chain,ortools:quantile_p90_scaled_or_tools,quantile_p90_scaled_or_tools,ortools,True,True,True,16,23503.0,4.9997875690460205,1.2011573314666748,6.200944900512695,10045.520000000002,0.9950000000000002,pulp_cbc,mean_total_cost,29742.914969326284,,180,60,True,11334.41800874414,11355.553726611493,13290.364120543143,13318.412455060521,10609.719995722033,10096.00000534,29742.914969326284,31398.1969265221,33173.903122767595,1230.9721642158315,2042.7222895796208,0.4635344827586207,1212.6113301245077,4390.767859767578,1849.1471095587008
X-n233-k16,232,atm,ortools:robust_mean_1std_scaled_or_tools,robust_mean_1std_scaled_or_tools,ortools,False,False,False,0,,5.002592325210571,,5.002592325210571,10045.52,0.995,pulp_cbc,mean_total_cost,,ortools_no_solution,180,60,True,11334.41800874414,11355.553726611493,13290.364120543143,13318.412455060521,,,,,,,,,,,
X-n233-k16,232,grocery,ortools:robust_mean_1std_scaled_or_tools,robust_mean_1std_scaled_or_tools,ortools,False,False,False,0,,5.002592325210571,,5.002592325210571,10045.52,0.995,pulp_cbc,mean_total_cost,,ortools_no_solution,180,60,True,11334.41800874414,11355.553726611493,13290.364120543143,13318.412455060521,,,,,,,,,,,
X-n233-k16,232,cargo,ortools:robust_mean_1std_scaled_or_tools,robust_mean_1std_scaled_or_tools,ortools,False,False,False,0,,5.002592325210571,,5.002592325210571,10045.52,0.995,pulp_cbc,mean_total_cost,,ortools_no_solution,180,60,True,11334.41800874414,11355.553726611493,13290.364120543143,13318.412455060521,,,,,,,,,,,
X-n233-k16,232,cold_chain,ortools:robust_mean_1std_scaled_or_tools,robust_mean_1std_scaled_or_tools,ortools,False,False,False,0,,5.002592325210571,,5.002592325210571,10045.52,0.995,pulp_cbc,mean_total_cost,,ortools_no_solution,180,60,True,11334.41800874414,11355.553726611493,13290.364120543143,13318.412455060521,,,,,,,,,,,
X-n233-k16,232,atm,ortools:robust_mean_2std_scaled_or_tools,robust_mean_2std_scaled_or_tools,ortools,True,True,True,16,23942.0,4.998328685760498,1.3490610122680664,6.3473896980285645,10045.52,0.995,pulp_cbc,mean_total_cost,28770.075756965307,,180,60,True,11334.41800874414,11355.553726611493,13290.364120543143,13318.412455060521,10659.777237436601,10096.00000956,28770.075756965307,31598.521742122153,34170.81595857239,1235.830907330187,2031.64430136139,0.4917241379310345,1217.4700774588632,4828.07575696531,0.0
X-n233-k16,232,grocery,ortools:robust_mean_2std_scaled_or_tools,robust_mean_2std_scaled_or_tools,ortools,True,True,True,16,23942.0,4.998328685760498,1.1616828441619873,6.160011529922485,10045.52,0.995,pulp_cbc,mean_total_cost,26993.569762791394,,180,60,True,11334.41800874414,11355.553726611493,13290.364120543143,13318.412455060521,5072.607970645546,10096.00000568,26993.569762791394,28304.671206841984,29683.691213270613,1235.9835810535196,2032.866782234736,0.48810344827586205,1217.6227473021956,3051.5697627913987,0.0
X-n233-k16,232,cargo,ortools:robust_mean_2std_scaled_or_tools,robust_mean_2std_scaled_or_tools,ortools,True,True,True,16,23942.0,4.998328685760498,1.3147838115692139,6.313112497329712,10045.52,0.995,pulp_cbc,mean_total_cost,27543.657942746086,,180,60,True,11334.41800874414,11355.553726611493,13290.364120543143,13318.412455060521,9368.637350227287,10095.99999481,27543.657942746086,29679.59420320994,31602.48959180907,1244.958260836228,2053.135690582204,0.48392241379310347,1226.597416214904,3601.657942746084,0.0
X-n233-k16,232,cold_chain,ortools:robust_mean_2std_scaled_or_tools,robust_mean_2std_scaled_or_tools,ortools,True,True,True,16,23942.0,4.998328685760498,1.1647164821624756,6.163045167922974,10045.52,0.995,pulp_cbc,mean_total_cost,30184.468814235086,,180,60,True,11334.41800874414,11355.553726611493,13290.364120543143,13318.412455060521,10633.227637791291,10095.999998730002,30184.468814235086,31779.927797874247,33614.00919371415,1237.0579403283657,2034.6271861634134,0.48711206896551723,1218.6970996270418,4404.6783171432735,1837.7904970918223
X-n237-k14,236,atm,ortools:nominal_or_tools,nominal_or_tools,ortools,True,True,True,14,29009.0,4.9983484745025635,1.3106403350830078,6.308988809585571,236.0,0.9365079365079365,pulp_cbc,mean_total_cost,29115.920742367074,,180,60,True,263.8174816145851,264.3221102784825,313.4568471108956,314.5631472546253,235.73985390516086,237.72165777,29115.920742367074,29196.709065762,29282.707953472313,28.248184831610534,50.96917353308239,0.4710169491525424,25.47272390457048,106.92074236707346,0.0
X-n237-k14,236,grocery,ortools:nominal_or_tools,nominal_or_tools,ortools,True,True,True,14,29009.0,4.9983484745025635,1.3295068740844727,6.327855348587036,236.0,0.9365079365079365,pulp_cbc,mean_total_cost,29075.39953275263,,180,60,True,263.8174816145851,264.3221102784825,313.4568471108956,314.5631472546253,108.06576981675619,236.85561266000002,29075.39953275263,29114.37508360475,29159.42551734444,28.236058433231914,50.82442617402449,0.46961864406779663,24.594552396191865,66.39953275263633,0.0
X-n237-k14,236,cargo,ortools:nominal_or_tools,nominal_or_tools,ortools,True,True,True,14,29009.0,4.9983484745025635,1.4357011318206787,6.434049606323242,236.0,0.9365079365079365,pulp_cbc,mean_total_cost,29090.194384082053,,180,60,True,263.8174816145851,264.3221102784825,313.4568471108956,314.5631472546253,215.80019971805058,237.93170183,29090.194384082053,29152.470973760304,29217.641214743104,28.415642244977384,51.465447907519106,0.4709322033898305,25.850225377937342,81.194384082054,0.0
X-n237-k14,236,cold_chain,ortools:nominal_or_tools,nominal_or_tools,ortools,True,True,True,14,29009.0,4.9983484745025635,1.2579069137573242,6.256255388259888,236.0,0.9365079365079365,pulp_cbc,mean_total_cost,29146.56188113991,,180,60,True,263.8174816145851,264.3221102784825,313.4568471108956,314.5631472546253,236.24334280618575,236.90640724000002,29146.56188113991,29196.037207249312,29254.71078853808,28.346818469494888,50.94759867786966,0.4699576271186441,24.75610701245484,94.39519033063145,43.16669080928282
X-n237-k14,236,atm,ortools:proxy_mean_or_tools,proxy_mean_or_tools,ortools,True,True,True,14,29009.0,4.998417854309082,1.3077890872955322,6.306206941604614,263.81748161458506,1.0468947683118455,pulp_cbc,mean_total_cost,29115.920742367074,,180,60,True,263.8174816145851,264.3221102784825,313.4568471108956,314.5631472546253,235.73985390516086,237.72165777,29115.920742367074,29196.709065762,29282.707953472313,28.248184831610534,50.96917353308239,0.4710169491525424,25.47272390457048,106.92074236707346,0.0
X-n237-k14,236,grocery,ortools:proxy_mean_or_tools,proxy_mean_or_tools,ortools,True,True,True,14,29009.0,4.998417854309082,1.296062707901001,6.294480562210083,263.81748161458506,1.0468947683118455,pulp_cbc,mean_total_cost,29075.39953275263,,180,60,True,263.8174816145851,264.3221102784825,313.4568471108956,314.5631472546253,108.06576981675619,236.85561266000002,29075.39953275263,29114.37508360475,29159.42551734444,28.236058433231914,50.82442617402449,0.46961864406779663,24.594552396191865,66.39953275263633,0.0
X-n237-k14,236,cargo,ortools:proxy_mean_or_tools,proxy_mean_or_tools,ortools,True,True,True,14,29009.0,4.998417854309082,1.4103243350982666,6.408742189407349,263.81748161458506,1.0468947683118455,pulp_cbc,mean_total_cost,29090.194384082053,,180,60,True,263.8174816145851,264.3221102784825,313.4568471108956,314.5631472546253,215.80019971805058,237.93170183,29090.194384082053,29152.470973760304,29217.641214743104,28.415642244977384,51.465447907519106,0.4709322033898305,25.850225377937342,81.194384082054,0.0
X-n237-k14,236,cold_chain,ortools:proxy_mean_or_tools,proxy_mean_or_tools,ortools,True,True,True,14,29009.0,4.998417854309082,1.3123633861541748,6.310781240463257,263.81748161458506,1.0468947683118455,pulp_cbc,mean_total_cost,29146.56188113991,,180,60,True,263.8174816145851,264.3221102784825,313.4568471108956,314.5631472546253,236.24334280618575,236.90640724000002,29146.56188113991,29196.037207249312,29254.71078853808,28.346818469494888,50.94759867786966,0.4699576271186441,24.75610701245484,94.39519033063145,43.16669080928282
X-n237-k14,236,atm,ortools:quantile_p75_or_tools,quantile_p75_or_tools,ortools,True,True,True,14,29009.0,5.000549554824829,1.3462512493133545,6.346800804138184,304.6620761982683,1.208976492850271,pulp_cbc,mean_total_cost,29115.920742367074,,180,60,True,263.8174816145851,264.3221102784825,313.4568471108956,314.5631472546253,235.73985390516086,237.72165777,29115.920742367074,29196.709065762,29282.707953472313,28.248184831610534,50.96917353308239,0.4710169491525424,25.47272390457048,106.92074236707346,0.0
X-n237-k14,236,grocery,ortools:quantile_p75_or_tools,quantile_p75_or_tools,ortools,True,True,True,14,29009.0,5.000549554824829,1.3255724906921387,6.326122045516968,304.6620761982683,1.208976492850271,pulp_cbc,mean_total_cost,29075.39953275263,,180,60,True,263.8174816145851,264.3221102784825,313.4568471108956,314.5631472546253,108.06576981675619,236.85561266000002,29075.39953275263,29114.37508360475,29159.42551734444,28.236058433231914,50.82442617402449,0.46961864406779663,24.594552396191865,66.39953275263633,0.0
X-n237-k14,236,cargo,ortools:quantile_p75_or_tools,quantile_p75_or_tools,ortools,True,True,True,14,29009.0,5.000549554824829,1.3870625495910645,6.3876121044158936,304.6620761982683,1.208976492850271,pulp_cbc,mean_total_cost,29090.194384082053,,180,60,True,263.8174816145851,264.3221102784825,313.4568471108956,314.5631472546253,215.80019971805058,237.93170183,29090.194384082053,29152.470973760304,29217.641214743104,28.415642244977384,51.465447907519106,0.4709322033898305,25.850225377937342,81.194384082054,0.0
X-n237-k14,236,cold_chain,ortools:quantile_p75_or_tools,quantile_p75_or_tools,ortools,True,True,True,14,29009.0,5.000549554824829,1.3162384033203125,6.316787958145142,304.6620761982683,1.208976492850271,pulp_cbc,mean_total_cost,29146.56188113991,,180,60,True,263.8174816145851,264.3221102784825,313.4568471108956,314.5631472546253,236.24334280618575,236.90640724000002,29146.56188113991,29196.037207249312,29254.71078853808,28.346818469494888,50.94759867786966,0.4699576271186441,24.75610701245484,94.39519033063145,43.16669080928282
X-n237-k14,236,atm,ortools:quantile_p90_or_tools,quantile_p90_or_tools,ortools,False,False,False,0,,0.0,,0.0,364.69108357563425,1.4471868395858503,pulp_cbc,mean_total_cost,,total_load_exceeds_fleet_capacity,180,60,True,263.8174816145851,264.3221102784825,313.4568471108956,314.5631472546253,,,,,,,,,,,
X-n237-k14,236,grocery,ortools:quantile_p90_or_tools,quantile_p90_or_tools,ortools,False,False,False,0,,0.0,,0.0,364.69108357563425,1.4471868395858503,pulp_cbc,mean_total_cost,,total_load_exceeds_fleet_capacity,180,60,True,263.8174816145851,264.3221102784825,313.4568471108956,314.5631472546253,,,,,,,,,,,
X-n237-k14,236,cargo,ortools:quantile_p90_or_tools,quantile_p90_or_tools,ortools,False,False,False,0,,0.0,,0.0,364.69108357563425,1.4471868395858503,pulp_cbc,mean_total_cost,,total_load_exceeds_fleet_capacity,180,60,True,263.8174816145851,264.3221102784825,313.4568471108956,314.5631472546253,,,,,,,,,,,
X-n237-k14,236,cold_chain,ortools:quantile_p90_or_tools,quantile_p90_or_tools,ortools,False,False,False,0,,0.0,,0.0,364.69108357563425,1.4471868395858503,pulp_cbc,mean_total_cost,,total_load_exceeds_fleet_capacity,180,60,True,263.8174816145851,264.3221102784825,313.4568471108956,314.5631472546253,,,,,,,,,,,
X-n237-k14,236,atm,ortools:robust_mean_1std_or_tools,robust_mean_1std_or_tools,ortools,False,False,False,0,,0.0,,0.0,342.3667748954358,1.3585983130771262,pulp_cbc,mean_total_cost,,total_load_exceeds_fleet_capacity,180,60,True,263.8174816145851,264.3221102784825,313.4568471108956,314.5631472546253,,,,,,,,,,,
X-n237-k14,236,grocery,ortools:robust_mean_1std_or_tools,robust_mean_1std_or_tools,ortools,False,False,False,0,,0.0,,0.0,342.3667748954358,1.3585983130771262,pulp_cbc,mean_total_cost,,total_load_exceeds_fleet_capacity,180,60,True,263.8174816145851,264.3221102784825,313.4568471108956,314.5631472546253,,,,,,,,,,,
X-n237-k14,236,cargo,ortools:robust_mean_1std_or_tools,robust_mean_1std_or_tools,ortools,False,False,False,0,,0.0,,0.0,342.3667748954358,1.3585983130771262,pulp_cbc,mean_total_cost,,total_load_exceeds_fleet_capacity,180,60,True,263.8174816145851,264.3221102784825,313.4568471108956,314.5631472546253,,,,,,,,,,,
X-n237-k14,236,cold_chain,ortools:robust_mean_1std_or_tools,robust_mean_1std_or_tools,ortools,False,False,False,0,,0.0,,0.0,342.3667748954358,1.3585983130771262,pulp_cbc,mean_total_cost,,total_load_exceeds_fleet_capacity,180,60,True,263.8174816145851,264.3221102784825,313.4568471108956,314.5631472546253,,,,,,,,,,,
X-n237-k14,236,atm,ortools:robust_mean_2std_or_tools,robust_mean_2std_or_tools,ortools,False,False,False,0,,0.0,,0.0,420.91606817628656,1.670301857842407,pulp_cbc,mean_total_cost,,total_load_exceeds_fleet_capacity,180,60,True,263.8174816145851,264.3221102784825,313.4568471108956,314.5631472546253,,,,,,,,,,,
X-n237-k14,236,grocery,ortools:robust_mean_2std_or_tools,robust_mean_2std_or_tools,ortools,False,False,False,0,,0.0,,0.0,420.91606817628656,1.670301857842407,pulp_cbc,mean_total_cost,,total_load_exceeds_fleet_capacity,180,60,True,263.8174816145851,264.3221102784825,313.4568471108956,314.5631472546253,,,,,,,,,,,
X-n237-k14,236,cargo,ortools:robust_mean_2std_or_tools,robust_mean_2std_or_tools,ortools,False,False,False,0,,0.0,,0.0,420.91606817628656,1.670301857842407,pulp_cbc,mean_total_cost,,total_load_exceeds_fleet_capacity,180,60,True,263.8174816145851,264.3221102784825,313.4568471108956,314.5631472546253,,,,,,,,,,,
X-n237-k14,236,cold_chain,ortools:robust_mean_2std_or_tools,robust_mean_2std_or_tools,ortools,False,False,False,0,,0.0,,0.0,420.91606817628656,1.670301857842407,pulp_cbc,mean_total_cost,,total_load_exceeds_fleet_capacity,180,60,True,263.8174816145851,264.3221102784825,313.4568471108956,314.5631472546253,,,,,,,,,,,
X-n237-k14,236,atm,ortools:proxy_mean_scaled_or_tools,proxy_mean_scaled_or_tools,ortools,True,True,True,14,29009.0,4.998931169509888,1.3202707767486572,6.319201946258545,250.74,0.995,pulp_cbc,mean_total_cost,29115.920742367074,,180,60,True,263.8174816145851,264.3221102784825,313.4568471108956,314.5631472546253,235.73985390516086,237.72165777,29115.920742367074,29196.709065762,29282.707953472313,28.248184831610534,50.96917353308239,0.4710169491525424,25.47272390457048,106.92074236707346,0.0
X-n237-k14,236,grocery,ortools:proxy_mean_scaled_or_tools,proxy_mean_scaled_or_tools,ortools,True,True,True,14,29009.0,4.998931169509888,1.2821617126464844,6.281092882156372,250.74,0.995,pulp_cbc,mean_total_cost,29075.39953275263,,180,60,True,263.8174816145851,264.3221102784825,313.4568471108956,314.5631472546253,108.06576981675619,236.85561266000002,29075.39953275263,29114.37508360475,29159.42551734444,28.236058433231914,50.82442617402449,0.46961864406779663,24.594552396191865,66.39953275263633,0.0
X-n237-k14,236,cargo,ortools:proxy_mean_scaled_or_tools,proxy_mean_scaled_or_tools,ortools,True,True,True,14,29009.0,4.998931169509888,1.3683216571807861,6.367252826690674,250.74,0.995,pulp_cbc,mean_total_cost,29090.194384082053,,180,60,True,263.8174816145851,264.3221102784825,313.4568471108956,314.5631472546253,215.80019971805058,237.93170183,29090.194384082053,29152.470973760304,29217.641214743104,28.415642244977384,51.465447907519106,0.4709322033898305,25.850225377937342,81.194384082054,0.0
X-n237-k14,236,cold_chain,ortools:proxy_mean_scaled_or_tools,proxy_mean_scaled_or_tools,ortools,True,True,True,14,29009.0,4.998931169509888,1.3166465759277344,6.315577745437622,250.74,0.995,pulp_cbc,mean_total_cost,29146.56188113991,,180,60,True,263.8174816145851,264.3221102784825,313.4568471108956,314.5631472546253,236.24334280618575,236.90640724000002,29146.56188113991,29196.037207249312,29254.71078853808,28.346818469494888,50.94759867786966,0.4699576271186441,24.75610701245484,94.39519033063145,43.16669080928282
X-n237-k14,236,atm,ortools:quantile_p75_scaled_or_tools,quantile_p75_scaled_or_tools,ortools,True,True,True,14,29009.0,5.004918098449707,1.336850881576538,6.341768980026245,250.73999999999998,0.9949999999999999,pulp_cbc,mean_total_cost,29115.920742367074,,180,60,True,263.8174816145851,264.3221102784825,313.4568471108956,314.5631472546253,235.73985390516086,237.72165777,29115.920742367074,29196.709065762,29282.707953472313,28.248184831610534,50.96917353308239,0.4710169491525424,25.47272390457048,106.92074236707346,0.0
X-n237-k14,236,grocery,ortools:quantile_p75_scaled_or_tools,quantile_p75_scaled_or_tools,ortools,True,True,True,14,29009.0,5.004918098449707,1.276949167251587,6.281867265701294,250.73999999999998,0.9949999999999999,pulp_cbc,mean_total_cost,29075.39953275263,,180,60,True,263.8174816145851,264.3221102784825,313.4568471108956,314.5631472546253,108.06576981675619,236.85561266000002,29075.39953275263,29114.37508360475,29159.42551734444,28.236058433231914,50.82442617402449,0.46961864406779663,24.594552396191865,66.39953275263633,0.0
X-n237-k14,236,cargo,ortools:quantile_p75_scaled_or_tools,quantile_p75_scaled_or_tools,ortools,True,True,True,14,29009.0,5.004918098449707,1.4176924228668213,6.422610521316528,250.73999999999998,0.9949999999999999,pulp_cbc,mean_total_cost,29090.194384082053,,180,60,True,263.8174816145851,264.3221102784825,313.4568471108956,314.5631472546253,215.80019971805058,237.93170183,29090.194384082053,29152.470973760304,29217.641214743104,28.415642244977384,51.465447907519106,0.4709322033898305,25.850225377937342,81.194384082054,0.0
X-n237-k14,236,cold_chain,ortools:quantile_p75_scaled_or_tools,quantile_p75_scaled_or_tools,ortools,True,True,True,14,29009.0,5.004918098449707,1.2774732112884521,6.282391309738159,250.73999999999998,0.9949999999999999,pulp_cbc,mean_total_cost,29146.56188113991,,180,60,True,263.8174816145851,264.3221102784825,313.4568471108956,314.5631472546253,236.24334280618575,236.90640724000002,29146.56188113991,29196.037207249312,29254.71078853808,28.346818469494888,50.94759867786966,0.4699576271186441,24.75610701245484,94.39519033063145,43.16669080928282
X-n237-k14,236,atm,ortools:quantile_p90_scaled_or_tools,quantile_p90_scaled_or_tools,ortools,True,True,True,14,29009.0,5.001520872116089,1.3469390869140625,6.348459959030151,250.74,0.995,pulp_cbc,mean_total_cost,29115.920742367074,,180,60,True,263.8174816145851,264.3221102784825,313.4568471108956,314.5631472546253,235.73985390516086,237.72165777,29115.920742367074,29196.709065762,29282.707953472313,28.248184831610534,50.96917353308239,0.4710169491525424,25.47272390457048,106.92074236707346,0.0
X-n237-k14,236,grocery,ortools:quantile_p90_scaled_or_tools,quantile_p90_scaled_or_tools,ortools,True,True,True,14,29009.0,5.001520872116089,1.3639185428619385,6.365439414978027,250.74,0.995,pulp_cbc,mean_total_cost,29075.39953275263,,180,60,True,263.8174816145851,264.3221102784825,313.4568471108956,314.5631472546253,108.06576981675619,236.85561266000002,29075.39953275263,29114.37508360475,29159.42551734444,28.236058433231914,50.82442617402449,0.46961864406779663,24.594552396191865,66.39953275263633,0.0
X-n237-k14,236,cargo,ortools:quantile_p90_scaled_or_tools,quantile_p90_scaled_or_tools,ortools,True,True,True,14,29009.0,5.001520872116089,1.3739793300628662,6.375500202178955,250.74,0.995,pulp_cbc,mean_total_cost,29090.194384082053,,180,60,True,263.8174816145851,264.3221102784825,313.4568471108956,314.5631472546253,215.80019971805058,237.93170183,29090.194384082053,29152.470973760304,29217.641214743104,28.415642244977384,51.465447907519106,0.4709322033898305,25.850225377937342,81.194384082054,0.0
X-n237-k14,236,cold_chain,ortools:quantile_p90_scaled_or_tools,quantile_p90_scaled_or_tools,ortools,True,True,True,14,29009.0,5.001520872116089,1.284393310546875,6.285914182662964,250.74,0.995,pulp_cbc,mean_total_cost,29146.56188113991,,180,60,True,263.8174816145851,264.3221102784825,313.4568471108956,314.5631472546253,236.24334280618575,236.90640724000002,29146.56188113991,29196.037207249312,29254.71078853808,28.346818469494888,50.94759867786966,0.4699576271186441,24.75610701245484,94.39519033063145,43.16669080928282
X-n237-k14,236,atm,ortools:robust_mean_1std_scaled_or_tools,robust_mean_1std_scaled_or_tools,ortools,True,True,True,14,29009.0,4.998744249343872,1.3217148780822754,6.3204591274261475,250.74,0.995,pulp_cbc,mean_total_cost,29115.920742367074,,180,60,True,263.8174816145851,264.3221102784825,313.4568471108956,314.5631472546253,235.73985390516086,237.72165777,29115.920742367074,29196.709065762,29282.707953472313,28.248184831610534,50.96917353308239,0.4710169491525424,25.47272390457048,106.92074236707346,0.0
X-n237-k14,236,grocery,ortools:robust_mean_1std_scaled_or_tools,robust_mean_1std_scaled_or_tools,ortools,True,True,True,14,29009.0,4.998744249343872,1.3267993927001953,6.325543642044067,250.74,0.995,pulp_cbc,mean_total_cost,29075.39953275263,,180,60,True,263.8174816145851,264.3221102784825,313.4568471108956,314.5631472546253,108.06576981675619,236.85561266000002,29075.39953275263,29114.37508360475,29159.42551734444,28.236058433231914,50.82442617402449,0.46961864406779663,24.594552396191865,66.39953275263633,0.0
X-n237-k14,236,cargo,ortools:robust_mean_1std_scaled_or_tools,robust_mean_1std_scaled_or_tools,ortools,True,True,True,14,29009.0,4.998744249343872,1.7314114570617676,6.73015570640564,250.74,0.995,pulp_cbc,mean_total_cost,29090.194384082053,,180,60,True,263.8174816145851,264.3221102784825,313.4568471108956,314.5631472546253,215.80019971805058,237.93170183,29090.194384082053,29152.470973760304,29217.641214743104,28.415642244977384,51.465447907519106,0.4709322033898305,25.850225377937342,81.194384082054,0.0
X-n237-k14,236,cold_chain,ortools:robust_mean_1std_scaled_or_tools,robust_mean_1std_scaled_or_tools,ortools,True,True,True,14,29009.0,4.998744249343872,1.364112138748169,6.362856388092041,250.74,0.995,pulp_cbc,mean_total_cost,29146.56188113991,,180,60,True,263.8174816145851,264.3221102784825,313.4568471108956,314.5631472546253,236.24334280618575,236.90640724000002,29146.56188113991,29196.037207249312,29254.71078853808,28.346818469494888,50.94759867786966,0.4699576271186441,24.75610701245484,94.39519033063145,43.16669080928282
X-n237-k14,236,atm,ortools:robust_mean_2std_scaled_or_tools,robust_mean_2std_scaled_or_tools,ortools,True,True,True,14,29009.0,5.005572557449341,1.3050954341888428,6.310667991638184,250.74,0.995,pulp_cbc,mean_total_cost,29115.920742367074,,180,60,True,263.8174816145851,264.3221102784825,313.4568471108956,314.5631472546253,235.73985390516086,237.72165777,29115.920742367074,29196.709065762,29282.707953472313,28.248184831610534,50.96917353308239,0.4710169491525424,25.47272390457048,106.92074236707346,0.0
X-n237-k14,236,grocery,ortools:robust_mean_2std_scaled_or_tools,robust_mean_2std_scaled_or_tools,ortools,True,True,True,14,29009.0,5.005572557449341,1.336843729019165,6.342416286468506,250.74,0.995,pulp_cbc,mean_total_cost,29075.39953275263,,180,60,True,263.8174816145851,264.3221102784825,313.4568471108956,314.5631472546253,108.06576981675619,236.85561266000002,29075.39953275263,29114.37508360475,29159.42551734444,28.236058433231914,50.82442617402449,0.46961864406779663,24.594552396191865,66.39953275263633,0.0
X-n237-k14,236,cargo,ortools:robust_mean_2std_scaled_or_tools,robust_mean_2std_scaled_or_tools,ortools,True,True,True,14,29009.0,5.005572557449341,1.4373722076416016,6.442944765090942,250.74,0.995,pulp_cbc,mean_total_cost,29090.194384082053,,180,60,True,263.8174816145851,264.3221102784825,313.4568471108956,314.5631472546253,215.80019971805058,237.93170183,29090.194384082053,29152.470973760304,29217.641214743104,28.415642244977384,51.465447907519106,0.4709322033898305,25.850225377937342,81.194384082054,0.0
X-n237-k14,236,cold_chain,ortools:robust_mean_2std_scaled_or_tools,robust_mean_2std_scaled_or_tools,ortools,True,True,True,14,29009.0,5.005572557449341,1.3051207065582275,6.310693264007568,250.74,0.995,pulp_cbc,mean_total_cost,29146.56188113991,,180,60,True,263.8174816145851,264.3221102784825,313.4568471108956,314.5631472546253,236.24334280618575,236.90640724000002,29146.56188113991,29196.037207249312,29254.71078853808,28.346818469494888,50.94759867786966,0.4699576271186441,24.75610701245484,94.39519033063145,43.16669080928282
X-n242-k48,241,atm,ortools:nominal_or_tools,nominal_or_tools,ortools,True,True,True,48,86573.0,5.005714416503906,1.0552756786346436,6.06099009513855,1324.0,0.9851190476190477,pulp_cbc,mean_total_cost,87275.03359201668,,180,60,True,1475.973949221342,1477.1879078045301,1719.0860596616137,1721.4645129425173,1269.3796391786675,1344.0000006699997,87275.03359201668,87818.7251822911,88296.16995056198,180.6536470109376,331.05581494258274,0.4802904564315353,157.60211157908958,702.0335920166694,0.0
X-n242-k48,241,grocery,ortools:nominal_or_tools,nominal_or_tools,ortools,True,True,True,48,86573.0,5.005714416503906,0.9925234317779541,5.99823784828186,1324.0,0.9851190476190477,pulp_cbc,mean_total_cost,87007.02378996216,,180,60,True,1475.973949221342,1477.1879078045301,1719.0860596616137,1721.4645129425173,606.4763104936214,1338.84649687,87007.02378996216,87270.02809412946,87527.85860715347,180.84654009045323,333.8352307024457,0.47800829875518674,152.64150085860518,434.023789962162,0.0
X-n242-k48,241,cargo,ortools:nominal_or_tools,nominal_or_tools,ortools,True,True,True,48,86573.0,5.005714416503906,1.0845849514007568,6.090299367904663,1324.0,0.9851190476190477,pulp_cbc,mean_total_cost,87102.73382507378,,180,60,True,1475.973949221342,1477.1879078045301,1719.0860596616137,1721.4645129425173,1129.5375130836644,1344.0000014900002,87102.73382507378,87521.97563939655,87881.55478008321,180.72438508769213,331.2729650835191,0.476597510373444,157.6728504758441,529.7338250737972,0.0
X-n242-k48,241,cold_chain,ortools:nominal_or_tools,nominal_or_tools,ortools,True,True,True,48,86573.0,5.005714416503906,1.099147081375122,6.104861497879028,1324.0,0.9851190476190477,pulp_cbc,mean_total_cost,87444.04986508198,,180,60,True,1475.973949221342,1477.1879078045301,1719.0860596616137,1721.4645129425173,1304.4526383387074,1338.02453143,87444.04986508198,87775.92361054686,88116.30963754952,181.03504339822496,333.794992263919,0.47655601659751035,152.00803872637684,620.3684882245335,250.68137685745293
X-n242-k48,241,atm,ortools:proxy_mean_or_tools,proxy_mean_or_tools,ortools,False,False,False,0,,0.0,,0.0,1475.973949221342,1.0981949026944509,pulp_cbc,mean_total_cost,,total_load_exceeds_fleet_capacity,180,60,True,1475.973949221342,1477.1879078045301,1719.0860596616137,1721.4645129425173,,,,,,,,,,,
X-n242-k48,241,grocery,ortools:proxy_mean_or_tools,proxy_mean_or_tools,ortools,False,False,False,0,,0.0,,0.0,1475.973949221342,1.0981949026944509,pulp_cbc,mean_total_cost,,total_load_exceeds_fleet_capacity,180,60,True,1475.973949221342,1477.1879078045301,1719.0860596616137,1721.4645129425173,,,,,,,,,,,
X-n242-k48,241,cargo,ortools:proxy_mean_or_tools,proxy_mean_or_tools,ortools,False,False,False,0,,0.0,,0.0,1475.973949221342,1.0981949026944509,pulp_cbc,mean_total_cost,,total_load_exceeds_fleet_capacity,180,60,True,1475.973949221342,1477.1879078045301,1719.0860596616137,1721.4645129425173,,,,,,,,,,,
X-n242-k48,241,cold_chain,ortools:proxy_mean_or_tools,proxy_mean_or_tools,ortools,False,False,False,0,,0.0,,0.0,1475.973949221342,1.0981949026944509,pulp_cbc,mean_total_cost,,total_load_exceeds_fleet_capacity,180,60,True,1475.973949221342,1477.1879078045301,1719.0860596616137,1721.4645129425173,,,,,,,,,,,
X-n242-k48,241,atm,ortools:quantile_p75_or_tools,quantile_p75_or_tools,ortools,False,False,False,0,,0.0,,0.0,1720.4345777020517,1.2800852512664076,pulp_cbc,mean_total_cost,,total_load_exceeds_fleet_capacity,180,60,True,1475.973949221342,1477.1879078045301,1719.0860596616137,1721.4645129425173,,,,,,,,,,,
X-n242-k48,241,grocery,ortools:quantile_p75_or_tools,quantile_p75_or_tools,ortools,False,False,False,0,,0.0,,0.0,1720.4345777020517,1.2800852512664076,pulp_cbc,mean_total_cost,,total_load_exceeds_fleet_capacity,180,60,True,1475.973949221342,1477.1879078045301,1719.0860596616137,1721.4645129425173,,,,,,,,,,,
X-n242-k48,241,cargo,ortools:quantile_p75_or_tools,quantile_p75_or_tools,ortools,False,False,False,0,,0.0,,0.0,1720.4345777020517,1.2800852512664076,pulp_cbc,mean_total_cost,,total_load_exceeds_fleet_capacity,180,60,True,1475.973949221342,1477.1879078045301,1719.0860596616137,1721.4645129425173,,,,,,,,,,,
X-n242-k48,241,cold_chain,ortools:quantile_p75_or_tools,quantile_p75_or_tools,ortools,False,False,False,0,,0.0,,0.0,1720.4345777020517,1.2800852512664076,pulp_cbc,mean_total_cost,,total_load_exceeds_fleet_capacity,180,60,True,1475.973949221342,1477.1879078045301,1719.0860596616137,1721.4645129425173,,,,,,,,,,,
X-n242-k48,241,atm,ortools:quantile_p90_or_tools,quantile_p90_or_tools,ortools,False,False,False,0,,0.0,,0.0,2062.798372470243,1.534820217611788,pulp_cbc,mean_total_cost,,total_load_exceeds_fleet_capacity,180,60,True,1475.973949221342,1477.1879078045301,1719.0860596616137,1721.4645129425173,,,,,,,,,,,
X-n242-k48,241,grocery,ortools:quantile_p90_or_tools,quantile_p90_or_tools,ortools,False,False,False,0,,0.0,,0.0,2062.798372470243,1.534820217611788,pulp_cbc,mean_total_cost,,total_load_exceeds_fleet_capacity,180,60,True,1475.973949221342,1477.1879078045301,1719.0860596616137,1721.4645129425173,,,,,,,,,,,
X-n242-k48,241,cargo,ortools:quantile_p90_or_tools,quantile_p90_or_tools,ortools,False,False,False,0,,0.0,,0.0,2062.798372470243,1.534820217611788,pulp_cbc,mean_total_cost,,total_load_exceeds_fleet_capacity,180,60,True,1475.973949221342,1477.1879078045301,1719.0860596616137,1721.4645129425173,,,,,,,,,,,
X-n242-k48,241,cold_chain,ortools:quantile_p90_or_tools,quantile_p90_or_tools,ortools,False,False,False,0,,0.0,,0.0,2062.798372470243,1.534820217611788,pulp_cbc,mean_total_cost,,total_load_exceeds_fleet_capacity,180,60,True,1475.973949221342,1477.1879078045301,1719.0860596616137,1721.4645129425173,,,,,,,,,,,
X-n242-k48,241,atm,ortools:robust_mean_1std_or_tools,robust_mean_1std_or_tools,ortools,False,False,False,0,,0.0,,0.0,1928.3946869713754,1.4348174754251306,pulp_cbc,mean_total_cost,,total_load_exceeds_fleet_capacity,180,60,True,1475.973949221342,1477.1879078045301,1719.0860596616137,1721.4645129425173,,,,,,,,,,,
X-n242-k48,241,grocery,ortools:robust_mean_1std_or_tools,robust_mean_1std_or_tools,ortools,False,False,False,0,,0.0,,0.0,1928.3946869713754,1.4348174754251306,pulp_cbc,mean_total_cost,,total_load_exceeds_fleet_capacity,180,60,True,1475.973949221342,1477.1879078045301,1719.0860596616137,1721.4645129425173,,,,,,,,,,,
X-n242-k48,241,cargo,ortools:robust_mean_1std_or_tools,robust_mean_1std_or_tools,ortools,False,False,False,0,,0.0,,0.0,1928.3946869713754,1.4348174754251306,pulp_cbc,mean_total_cost,,total_load_exceeds_fleet_capacity,180,60,True,1475.973949221342,1477.1879078045301,1719.0860596616137,1721.4645129425173,,,,,,,,,,,
X-n242-k48,241,cold_chain,ortools:robust_mean_1std_or_tools,robust_mean_1std_or_tools,ortools,False,False,False,0,,0.0,,0.0,1928.3946869713754,1.4348174754251306,pulp_cbc,mean_total_cost,,total_load_exceeds_fleet_capacity,180,60,True,1475.973949221342,1477.1879078045301,1719.0860596616137,1721.4645129425173,,,,,,,,,,,
X-n242-k48,241,atm,ortools:robust_mean_2std_or_tools,robust_mean_2std_or_tools,ortools,False,False,False,0,,0.0,,0.0,2380.815424721409,1.7714400481558101,pulp_cbc,mean_total_cost,,total_load_exceeds_fleet_capacity,180,60,True,1475.973949221342,1477.1879078045301,1719.0860596616137,1721.4645129425173,,,,,,,,,,,
X-n242-k48,241,grocery,ortools:robust_mean_2std_or_tools,robust_mean_2std_or_tools,ortools,False,False,False,0,,0.0,,0.0,2380.815424721409,1.7714400481558101,pulp_cbc,mean_total_cost,,total_load_exceeds_fleet_capacity,180,60,True,1475.973949221342,1477.1879078045301,1719.0860596616137,1721.4645129425173,,,,,,,,,,,
X-n242-k48,241,cargo,ortools:robust_mean_2std_or_tools,robust_mean_2std_or_tools,ortools,False,False,False,0,,0.0,,0.0,2380.815424721409,1.7714400481558101,pulp_cbc,mean_total_cost,,total_load_exceeds_fleet_capacity,180,60,True,1475.973949221342,1477.1879078045301,1719.0860596616137,1721.4645129425173,,,,,,,,,,,
X-n242-k48,241,cold_chain,ortools:robust_mean_2std_or_tools,robust_mean_2std_or_tools,ortools,False,False,False,0,,0.0,,0.0,2380.815424721409,1.7714400481558101,pulp_cbc,mean_total_cost,,total_load_exceeds_fleet_capacity,180,60,True,1475.973949221342,1477.1879078045301,1719.0860596616137,1721.4645129425173,,,,,,,,,,,
X-n242-k48,241,atm,ortools:proxy_mean_scaled_or_tools,proxy_mean_scaled_or_tools,ortools,True,True,True,48,88091.0,5.000541925430298,0.9843266010284424,5.98486852645874,1337.2800000000002,0.9950000000000001,pulp_cbc,mean_total_cost,88785.23476985254,,180,60,True,1475.973949221342,1477.1879078045301,1719.0860596616137,1721.4645129425173,1259.0102693971592,1343.99999785,88785.23476985254,89322.9994151525,89803.897216638,178.69350809988248,331.0343015332375,0.4770124481327801,155.64196984803445,694.234769852542,0.0
X-n242-k48,241,grocery,ortools:proxy_mean_scaled_or_tools,proxy_mean_scaled_or_tools,ortools,True,True,True,48,88091.0,5.000541925430298,0.9849929809570312,5.985534906387329,1337.2800000000002,0.9950000000000001,pulp_cbc,mean_total_cost,88521.67672416495,,180,60,True,1475.973949221342,1477.1879078045301,1719.0860596616137,1721.4645129425173,601.9142084413155,1344.00000056,88521.67672416495,88783.92016710373,89037.1651294938,178.65044963350658,331.516444010658,0.4746473029045643,155.5989140916585,430.67672416495117,0.0
X-n242-k48,241,cargo,ortools:proxy_mean_scaled_or_tools,proxy_mean_scaled_or_tools,ortools,True,True,True,48,88091.0,5.000541925430298,1.034872055053711,6.035413980484009,1337.2800000000002,0.9950000000000001,pulp_cbc,mean_total_cost,88614.68955295187,,180,60,True,1475.973949221342,1477.1879078045301,1719.0860596616137,1721.4645129425173,1120.2867319195914,1343.99999944,88614.68955295187,89031.5612640549,89390.81847486323,178.82690277195522,331.195029052063,0.47319502074688796,155.77536611010714,523.6895529518853,0.0
X-n242-k48,241,cold_chain,ortools:proxy_mean_scaled_or_tools,proxy_mean_scaled_or_tools,ortools,True,True,True,48,88091.0,5.000541925430298,0.9785044193267822,5.97904634475708,1337.2800000000002,0.9950000000000001,pulp_cbc,mean_total_cost,88962.53784360459,,180,60,True,1475.973949221342,1477.1879078045301,1719.0860596616137,1721.4645129425173,1302.4992404881552,1343.46048837,88962.53784360459,89290.67900193331,89627.12871077113,178.60564846218347,330.9434451041263,0.4695020746887967,155.01460073033542,616.368889271537,255.16895433306473
X-n242-k48,241,atm,ortools:quantile_p75_scaled_or_tools,quantile_p75_scaled_or_tools,ortools,True,True,True,48,91469.0,4.997962236404419,0.9971532821655273,5.995115518569946,1337.2800000000002,0.9950000000000001,pulp_cbc,mean_total_cost,92156.39569628797,,180,60,True,1475.973949221342,1477.1879078045301,1719.0860596616137,1721.4645129425173,1251.738881397905,1343.9999994500001,92156.39569628797,92700.77846290053,93180.74263638369,177.13332247724492,331.58008118541113,0.47311203319502076,154.08178582539685,687.3956962879548,0.0
X-n242-k48,241,grocery,ortools:quantile_p75_scaled_or_tools,quantile_p75_scaled_or_tools,ortools,True,True,True,48,91469.0,4.997962236404419,1.0002634525299072,5.998225688934326,1337.2800000000002,0.9950000000000001,pulp_cbc,mean_total_cost,91895.86618303286,,180,60,True,1475.973949221342,1477.1879078045301,1719.0860596616137,1721.4645129425173,598.2970867830061,1344.00000129,91895.86618303286,92160.71832143229,92414.81972724301,177.03172801102636,331.280439698297,0.4708713692946058,153.9801931991783,426.8661830328656,0.0
X-n242-k48,241,cargo,ortools:quantile_p75_scaled_or_tools,quantile_p75_scaled_or_tools,ortools,True,True,True,48,91469.0,4.997962236404419,0.9774625301361084,5.975424766540527,1337.2800000000002,0.9950000000000001,pulp_cbc,mean_total_cost,91986.20476258302,,180,60,True,1475.973949221342,1477.1879078045301,1719.0860596616137,1721.4645129425173,1111.2265374509384,1343.99999798,91986.20476258302,92399.60048644766,92763.47563849672,177.30494185176008,331.2668517434766,0.4634439834024896,154.253403729912,517.2047625830602,0.0
X-n242-k48,241,cold_chain,ortools:quantile_p75_scaled_or_tools,quantile_p75_scaled_or_tools,ortools,True,True,True,48,91469.0,4.997962236404419,1.007263422012329,6.005225658416748,1337.2800000000002,0.9950000000000001,pulp_cbc,mean_total_cost,92343.83988810988,,180,60,True,1475.973949221342,1477.1879078045301,1719.0860596616137,1721.4645129425173,1304.7758998966406,1343.99999798,92343.83988810988,92676.16340513277,93012.24529877977,177.08997936855974,330.99765904991904,0.4662240663900415,154.03844124671173,611.7251740772235,263.114714032666
X-n242-k48,241,atm,ortools:quantile_p90_scaled_or_tools,quantile_p90_scaled_or_tools,ortools,False,False,False,0,,0.0,,0.0,1337.2799999999997,0.9949999999999998,pulp_cbc,mean_total_cost,,total_load_exceeds_fleet_capacity,180,60,True,1475.973949221342,1477.1879078045301,1719.0860596616137,1721.4645129425173,,,,,,,,,,,
X-n242-k48,241,grocery,ortools:quantile_p90_scaled_or_tools,quantile_p90_scaled_or_tools,ortools,False,False,False,0,,0.0,,0.0,1337.2799999999997,0.9949999999999998,pulp_cbc,mean_total_cost,,total_load_exceeds_fleet_capacity,180,60,True,1475.973949221342,1477.1879078045301,1719.0860596616137,1721.4645129425173,,,,,,,,,,,
X-n242-k48,241,cargo,ortools:quantile_p90_scaled_or_tools,quantile_p90_scaled_or_tools,ortools,False,False,False,0,,0.0,,0.0,1337.2799999999997,0.9949999999999998,pulp_cbc,mean_total_cost,,total_load_exceeds_fleet_capacity,180,60,True,1475.973949221342,1477.1879078045301,1719.0860596616137,1721.4645129425173,,,,,,,,,,,
X-n242-k48,241,cold_chain,ortools:quantile_p90_scaled_or_tools,quantile_p90_scaled_or_tools,ortools,False,False,False,0,,0.0,,0.0,1337.2799999999997,0.9949999999999998,pulp_cbc,mean_total_cost,,total_load_exceeds_fleet_capacity,180,60,True,1475.973949221342,1477.1879078045301,1719.0860596616137,1721.4645129425173,,,,,,,,,,,
X-n242-k48,241,atm,ortools:robust_mean_1std_scaled_or_tools,robust_mean_1std_scaled_or_tools,ortools,False,False,False,0,,0.0,,0.0,1337.2799999999997,0.9949999999999998,pulp_cbc,mean_total_cost,,total_load_exceeds_fleet_capacity,180,60,True,1475.973949221342,1477.1879078045301,1719.0860596616137,1721.4645129425173,,,,,,,,,,,
X-n242-k48,241,grocery,ortools:robust_mean_1std_scaled_or_tools,robust_mean_1std_scaled_or_tools,ortools,False,False,False,0,,0.0,,0.0,1337.2799999999997,0.9949999999999998,pulp_cbc,mean_total_cost,,total_load_exceeds_fleet_capacity,180,60,True,1475.973949221342,1477.1879078045301,1719.0860596616137,1721.4645129425173,,,,,,,,,,,
X-n242-k48,241,cargo,ortools:robust_mean_1std_scaled_or_tools,robust_mean_1std_scaled_or_tools,ortools,False,False,False,0,,0.0,,0.0,1337.2799999999997,0.9949999999999998,pulp_cbc,mean_total_cost,,total_load_exceeds_fleet_capacity,180,60,True,1475.973949221342,1477.1879078045301,1719.0860596616137,1721.4645129425173,,,,,,,,,,,
X-n242-k48,241,cold_chain,ortools:robust_mean_1std_scaled_or_tools,robust_mean_1std_scaled_or_tools,ortools,False,False,False,0,,0.0,,0.0,1337.2799999999997,0.9949999999999998,pulp_cbc,mean_total_cost,,total_load_exceeds_fleet_capacity,180,60,True,1475.973949221342,1477.1879078045301,1719.0860596616137,1721.4645129425173,,,,,,,,,,,
X-n242-k48,241,atm,ortools:robust_mean_2std_scaled_or_tools,robust_mean_2std_scaled_or_tools,ortools,False,False,False,0,,0.0,,0.0,1337.2799999999997,0.9949999999999998,pulp_cbc,mean_total_cost,,total_load_exceeds_fleet_capacity,180,60,True,1475.973949221342,1477.1879078045301,1719.0860596616137,1721.4645129425173,,,,,,,,,,,
X-n242-k48,241,grocery,ortools:robust_mean_2std_scaled_or_tools,robust_mean_2std_scaled_or_tools,ortools,False,False,False,0,,0.0,,0.0,1337.2799999999997,0.9949999999999998,pulp_cbc,mean_total_cost,,total_load_exceeds_fleet_capacity,180,60,True,1475.973949221342,1477.1879078045301,1719.0860596616137,1721.4645129425173,,,,,,,,,,,
X-n242-k48,241,cargo,ortools:robust_mean_2std_scaled_or_tools,robust_mean_2std_scaled_or_tools,ortools,False,False,False,0,,0.0,,0.0,1337.2799999999997,0.9949999999999998,pulp_cbc,mean_total_cost,,total_load_exceeds_fleet_capacity,180,60,True,1475.973949221342,1477.1879078045301,1719.0860596616137,1721.4645129425173,,,,,,,,,,,
X-n242-k48,241,cold_chain,ortools:robust_mean_2std_scaled_or_tools,robust_mean_2std_scaled_or_tools,ortools,False,False,False,0,,0.0,,0.0,1337.2799999999997,0.9949999999999998,pulp_cbc,mean_total_cost,,total_load_exceeds_fleet_capacity,180,60,True,1475.973949221342,1477.1879078045301,1719.0860596616137,1721.4645129425173,,,,,,,,,,,
X-n247-k50,246,atm,ortools:nominal_or_tools,nominal_or_tools,ortools,False,False,False,0,,5.005738019943237,,5.005738019943237,6200.0,0.9253731343283582,pulp_cbc,mean_total_cost,,ortools_no_solution,180,60,True,6790.297053471086,6805.254491454063,7900.713418923839,7905.601073607675,,,,,,,,,,,
X-n247-k50,246,grocery,ortools:nominal_or_tools,nominal_or_tools,ortools,False,False,False,0,,5.005738019943237,,5.005738019943237,6200.0,0.9253731343283582,pulp_cbc,mean_total_cost,,ortools_no_solution,180,60,True,6790.297053471086,6805.254491454063,7900.713418923839,7905.601073607675,,,,,,,,,,,
X-n247-k50,246,cargo,ortools:nominal_or_tools,nominal_or_tools,ortools,False,False,False,0,,5.005738019943237,,5.005738019943237,6200.0,0.9253731343283582,pulp_cbc,mean_total_cost,,ortools_no_solution,180,60,True,6790.297053471086,6805.254491454063,7900.713418923839,7905.601073607675,,,,,,,,,,,
X-n247-k50,246,cold_chain,ortools:nominal_or_tools,nominal_or_tools,ortools,False,False,False,0,,5.005738019943237,,5.005738019943237,6200.0,0.9253731343283582,pulp_cbc,mean_total_cost,,ortools_no_solution,180,60,True,6790.297053471086,6805.254491454063,7900.713418923839,7905.601073607675,,,,,,,,,,,
X-n247-k50,246,atm,ortools:proxy_mean_or_tools,proxy_mean_or_tools,ortools,False,False,False,0,,0.0,,0.0,6790.297053471086,1.0134771721598634,pulp_cbc,mean_total_cost,,total_load_exceeds_fleet_capacity,180,60,True,6790.297053471086,6805.254491454063,7900.713418923839,7905.601073607675,,,,,,,,,,,
X-n247-k50,246,grocery,ortools:proxy_mean_or_tools,proxy_mean_or_tools,ortools,False,False,False,0,,0.0,,0.0,6790.297053471086,1.0134771721598634,pulp_cbc,mean_total_cost,,total_load_exceeds_fleet_capacity,180,60,True,6790.297053471086,6805.254491454063,7900.713418923839,7905.601073607675,,,,,,,,,,,
X-n247-k50,246,cargo,ortools:proxy_mean_or_tools,proxy_mean_or_tools,ortools,False,False,False,0,,0.0,,0.0,6790.297053471086,1.0134771721598634,pulp_cbc,mean_total_cost,,total_load_exceeds_fleet_capacity,180,60,True,6790.297053471086,6805.254491454063,7900.713418923839,7905.601073607675,,,,,,,,,,,
X-n247-k50,246,cold_chain,ortools:proxy_mean_or_tools,proxy_mean_or_tools,ortools,False,False,False,0,,0.0,,0.0,6790.297053471086,1.0134771721598634,pulp_cbc,mean_total_cost,,total_load_exceeds_fleet_capacity,180,60,True,6790.297053471086,6805.254491454063,7900.713418923839,7905.601073607675,,,,,,,,,,,
X-n247-k50,246,atm,ortools:quantile_p75_or_tools,quantile_p75_or_tools,ortools,False,False,False,0,,0.0,,0.0,7970.457574219065,1.189620533465532,pulp_cbc,mean_total_cost,,total_load_exceeds_fleet_capacity,180,60,True,6790.297053471086,6805.254491454063,7900.713418923839,7905.601073607675,,,,,,,,,,,
X-n247-k50,246,grocery,ortools:quantile_p75_or_tools,quantile_p75_or_tools,ortools,False,False,False,0,,0.0,,0.0,7970.457574219065,1.189620533465532,pulp_cbc,mean_total_cost,,total_load_exceeds_fleet_capacity,180,60,True,6790.297053471086,6805.254491454063,7900.713418923839,7905.601073607675,,,,,,,,,,,
X-n247-k50,246,cargo,ortools:quantile_p75_or_tools,quantile_p75_or_tools,ortools,False,False,False,0,,0.0,,0.0,7970.457574219065,1.189620533465532,pulp_cbc,mean_total_cost,,total_load_exceeds_fleet_capacity,180,60,True,6790.297053471086,6805.254491454063,7900.713418923839,7905.601073607675,,,,,,,,,,,
X-n247-k50,246,cold_chain,ortools:quantile_p75_or_tools,quantile_p75_or_tools,ortools,False,False,False,0,,0.0,,0.0,7970.457574219065,1.189620533465532,pulp_cbc,mean_total_cost,,total_load_exceeds_fleet_capacity,180,60,True,6790.297053471086,6805.254491454063,7900.713418923839,7905.601073607675,,,,,,,,,,,
X-n247-k50,246,atm,ortools:quantile_p90_or_tools,quantile_p90_or_tools,ortools,False,False,False,0,,0.0,,0.0,9754.4345019994,1.4558857465670747,pulp_cbc,mean_total_cost,,single_node_exceeds_capacity,180,60,True,6790.297053471086,6805.254491454063,7900.713418923839,7905.601073607675,,,,,,,,,,,
X-n247-k50,246,grocery,ortools:quantile_p90_or_tools,quantile_p90_or_tools,ortools,False,False,False,0,,0.0,,0.0,9754.4345019994,1.4558857465670747,pulp_cbc,mean_total_cost,,single_node_exceeds_capacity,180,60,True,6790.297053471086,6805.254491454063,7900.713418923839,7905.601073607675,,,,,,,,,,,
X-n247-k50,246,cargo,ortools:quantile_p90_or_tools,quantile_p90_or_tools,ortools,False,False,False,0,,0.0,,0.0,9754.4345019994,1.4558857465670747,pulp_cbc,mean_total_cost,,single_node_exceeds_capacity,180,60,True,6790.297053471086,6805.254491454063,7900.713418923839,7905.601073607675,,,,,,,,,,,
X-n247-k50,246,cold_chain,ortools:quantile_p90_or_tools,quantile_p90_or_tools,ortools,False,False,False,0,,0.0,,0.0,9754.4345019994,1.4558857465670747,pulp_cbc,mean_total_cost,,single_node_exceeds_capacity,180,60,True,6790.297053471086,6805.254491454063,7900.713418923839,7905.601073607675,,,,,,,,,,,
X-n247-k50,246,atm,ortools:robust_mean_1std_or_tools,robust_mean_1std_or_tools,ortools,False,False,False,0,,0.0,,0.0,9051.049511699106,1.3509029121938965,pulp_cbc,mean_total_cost,,single_node_exceeds_capacity,180,60,True,6790.297053471086,6805.254491454063,7900.713418923839,7905.601073607675,,,,,,,,,,,
X-n247-k50,246,grocery,ortools:robust_mean_1std_or_tools,robust_mean_1std_or_tools,ortools,False,False,False,0,,0.0,,0.0,9051.049511699106,1.3509029121938965,pulp_cbc,mean_total_cost,,single_node_exceeds_capacity,180,60,True,6790.297053471086,6805.254491454063,7900.713418923839,7905.601073607675,,,,,,,,,,,
X-n247-k50,246,cargo,ortools:robust_mean_1std_or_tools,robust_mean_1std_or_tools,ortools,False,False,False,0,,0.0,,0.0,9051.049511699106,1.3509029121938965,pulp_cbc,mean_total_cost,,single_node_exceeds_capacity,180,60,True,6790.297053471086,6805.254491454063,7900.713418923839,7905.601073607675,,,,,,,,,,,
X-n247-k50,246,cold_chain,ortools:robust_mean_1std_or_tools,robust_mean_1std_or_tools,ortools,False,False,False,0,,0.0,,0.0,9051.049511699106,1.3509029121938965,pulp_cbc,mean_total_cost,,single_node_exceeds_capacity,180,60,True,6790.297053471086,6805.254491454063,7900.713418923839,7905.601073607675,,,,,,,,,,,
X-n247-k50,246,atm,ortools:robust_mean_2std_or_tools,robust_mean_2std_or_tools,ortools,False,False,False,0,,0.0,,0.0,11311.801969927124,1.688328652227929,pulp_cbc,mean_total_cost,,single_node_exceeds_capacity,180,60,True,6790.297053471086,6805.254491454063,7900.713418923839,7905.601073607675,,,,,,,,,,,
X-n247-k50,246,grocery,ortools:robust_mean_2std_or_tools,robust_mean_2std_or_tools,ortools,False,False,False,0,,0.0,,0.0,11311.801969927124,1.688328652227929,pulp_cbc,mean_total_cost,,single_node_exceeds_capacity,180,60,True,6790.297053471086,6805.254491454063,7900.713418923839,7905.601073607675,,,,,,,,,,,
X-n247-k50,246,cargo,ortools:robust_mean_2std_or_tools,robust_mean_2std_or_tools,ortools,False,False,False,0,,0.0,,0.0,11311.801969927124,1.688328652227929,pulp_cbc,mean_total_cost,,single_node_exceeds_capacity,180,60,True,6790.297053471086,6805.254491454063,7900.713418923839,7905.601073607675,,,,,,,,,,,
X-n247-k50,246,cold_chain,ortools:robust_mean_2std_or_tools,robust_mean_2std_or_tools,ortools,False,False,False,0,,0.0,,0.0,11311.801969927124,1.688328652227929,pulp_cbc,mean_total_cost,,single_node_exceeds_capacity,180,60,True,6790.297053471086,6805.254491454063,7900.713418923839,7905.601073607675,,,,,,,,,,,
X-n247-k50,246,atm,ortools:proxy_mean_scaled_or_tools,proxy_mean_scaled_or_tools,ortools,False,False,False,0,,5.0053815841674805,,5.0053815841674805,6666.500000000001,0.9950000000000001,pulp_cbc,mean_total_cost,,ortools_no_solution,180,60,True,6790.297053471086,6805.254491454063,7900.713418923839,7905.601073607675,,,,,,,,,,,
X-n247-k50,246,grocery,ortools:proxy_mean_scaled_or_tools,proxy_mean_scaled_or_tools,ortools,False,False,False,0,,5.0053815841674805,,5.0053815841674805,6666.500000000001,0.9950000000000001,pulp_cbc,mean_total_cost,,ortools_no_solution,180,60,True,6790.297053471086,6805.254491454063,7900.713418923839,7905.601073607675,,,,,,,,,,,
X-n247-k50,246,cargo,ortools:proxy_mean_scaled_or_tools,proxy_mean_scaled_or_tools,ortools,False,False,False,0,,5.0053815841674805,,5.0053815841674805,6666.500000000001,0.9950000000000001,pulp_cbc,mean_total_cost,,ortools_no_solution,180,60,True,6790.297053471086,6805.254491454063,7900.713418923839,7905.601073607675,,,,,,,,,,,
X-n247-k50,246,cold_chain,ortools:proxy_mean_scaled_or_tools,proxy_mean_scaled_or_tools,ortools,False,False,False,0,,5.0053815841674805,,5.0053815841674805,6666.500000000001,0.9950000000000001,pulp_cbc,mean_total_cost,,ortools_no_solution,180,60,True,6790.297053471086,6805.254491454063,7900.713418923839,7905.601073607675,,,,,,,,,,,
X-n247-k50,246,atm,ortools:quantile_p75_scaled_or_tools,quantile_p75_scaled_or_tools,ortools,False,False,False,0,,5.00317120552063,,5.00317120552063,6666.500000000001,0.9950000000000001,pulp_cbc,mean_total_cost,,ortools_no_solution,180,60,True,6790.297053471086,6805.254491454063,7900.713418923839,7905.601073607675,,,,,,,,,,,
X-n247-k50,246,grocery,ortools:quantile_p75_scaled_or_tools,quantile_p75_scaled_or_tools,ortools,False,False,False,0,,5.00317120552063,,5.00317120552063,6666.500000000001,0.9950000000000001,pulp_cbc,mean_total_cost,,ortools_no_solution,180,60,True,6790.297053471086,6805.254491454063,7900.713418923839,7905.601073607675,,,,,,,,,,,
X-n247-k50,246,cargo,ortools:quantile_p75_scaled_or_tools,quantile_p75_scaled_or_tools,ortools,False,False,False,0,,5.00317120552063,,5.00317120552063,6666.500000000001,0.9950000000000001,pulp_cbc,mean_total_cost,,ortools_no_solution,180,60,True,6790.297053471086,6805.254491454063,7900.713418923839,7905.601073607675,,,,,,,,,,,
X-n247-k50,246,cold_chain,ortools:quantile_p75_scaled_or_tools,quantile_p75_scaled_or_tools,ortools,False,False,False,0,,5.00317120552063,,5.00317120552063,6666.500000000001,0.9950000000000001,pulp_cbc,mean_total_cost,,ortools_no_solution,180,60,True,6790.297053471086,6805.254491454063,7900.713418923839,7905.601073607675,,,,,,,,,,,
X-n247-k50,246,atm,ortools:quantile_p90_scaled_or_tools,quantile_p90_scaled_or_tools,ortools,False,False,False,0,,5.001032829284668,,5.001032829284668,6666.499999999999,0.9949999999999999,pulp_cbc,mean_total_cost,,ortools_no_solution,180,60,True,6790.297053471086,6805.254491454063,7900.713418923839,7905.601073607675,,,,,,,,,,,
X-n247-k50,246,grocery,ortools:quantile_p90_scaled_or_tools,quantile_p90_scaled_or_tools,ortools,False,False,False,0,,5.001032829284668,,5.001032829284668,6666.499999999999,0.9949999999999999,pulp_cbc,mean_total_cost,,ortools_no_solution,180,60,True,6790.297053471086,6805.254491454063,7900.713418923839,7905.601073607675,,,,,,,,,,,
X-n247-k50,246,cargo,ortools:quantile_p90_scaled_or_tools,quantile_p90_scaled_or_tools,ortools,False,False,False,0,,5.001032829284668,,5.001032829284668,6666.499999999999,0.9949999999999999,pulp_cbc,mean_total_cost,,ortools_no_solution,180,60,True,6790.297053471086,6805.254491454063,7900.713418923839,7905.601073607675,,,,,,,,,,,
X-n247-k50,246,cold_chain,ortools:quantile_p90_scaled_or_tools,quantile_p90_scaled_or_tools,ortools,False,False,False,0,,5.001032829284668,,5.001032829284668,6666.499999999999,0.9949999999999999,pulp_cbc,mean_total_cost,,ortools_no_solution,180,60,True,6790.297053471086,6805.254491454063,7900.713418923839,7905.601073607675,,,,,,,,,,,
X-n247-k50,246,atm,ortools:robust_mean_1std_scaled_or_tools,robust_mean_1std_scaled_or_tools,ortools,False,False,False,0,,5.001366376876831,,5.001366376876831,6666.499999999999,0.9949999999999999,pulp_cbc,mean_total_cost,,ortools_no_solution,180,60,True,6790.297053471086,6805.254491454063,7900.713418923839,7905.601073607675,,,,,,,,,,,
X-n247-k50,246,grocery,ortools:robust_mean_1std_scaled_or_tools,robust_mean_1std_scaled_or_tools,ortools,False,False,False,0,,5.001366376876831,,5.001366376876831,6666.499999999999,0.9949999999999999,pulp_cbc,mean_total_cost,,ortools_no_solution,180,60,True,6790.297053471086,6805.254491454063,7900.713418923839,7905.601073607675,,,,,,,,,,,
X-n247-k50,246,cargo,ortools:robust_mean_1std_scaled_or_tools,robust_mean_1std_scaled_or_tools,ortools,False,False,False,0,,5.001366376876831,,5.001366376876831,6666.499999999999,0.9949999999999999,pulp_cbc,mean_total_cost,,ortools_no_solution,180,60,True,6790.297053471086,6805.254491454063,7900.713418923839,7905.601073607675,,,,,,,,,,,
X-n247-k50,246,cold_chain,ortools:robust_mean_1std_scaled_or_tools,robust_mean_1std_scaled_or_tools,ortools,False,False,False,0,,5.001366376876831,,5.001366376876831,6666.499999999999,0.9949999999999999,pulp_cbc,mean_total_cost,,ortools_no_solution,180,60,True,6790.297053471086,6805.254491454063,7900.713418923839,7905.601073607675,,,,,,,,,,,
X-n247-k50,246,atm,ortools:robust_mean_2std_scaled_or_tools,robust_mean_2std_scaled_or_tools,ortools,False,False,False,0,,5.005275011062622,,5.005275011062622,6666.499999999998,0.9949999999999998,pulp_cbc,mean_total_cost,,ortools_no_solution,180,60,True,6790.297053471086,6805.254491454063,7900.713418923839,7905.601073607675,,,,,,,,,,,
X-n247-k50,246,grocery,ortools:robust_mean_2std_scaled_or_tools,robust_mean_2std_scaled_or_tools,ortools,False,False,False,0,,5.005275011062622,,5.005275011062622,6666.499999999998,0.9949999999999998,pulp_cbc,mean_total_cost,,ortools_no_solution,180,60,True,6790.297053471086,6805.254491454063,7900.713418923839,7905.601073607675,,,,,,,,,,,
X-n247-k50,246,cargo,ortools:robust_mean_2std_scaled_or_tools,robust_mean_2std_scaled_or_tools,ortools,False,False,False,0,,5.005275011062622,,5.005275011062622,6666.499999999998,0.9949999999999998,pulp_cbc,mean_total_cost,,ortools_no_solution,180,60,True,6790.297053471086,6805.254491454063,7900.713418923839,7905.601073607675,,,,,,,,,,,
X-n247-k50,246,cold_chain,ortools:robust_mean_2std_scaled_or_tools,robust_mean_2std_scaled_or_tools,ortools,False,False,False,0,,5.005275011062622,,5.005275011062622,6666.499999999998,0.9949999999999998,pulp_cbc,mean_total_cost,,ortools_no_solution,180,60,True,6790.297053471086,6805.254491454063,7900.713418923839,7905.601073607675,,,,,,,,,,,
X-n251-k28,250,atm,ortools:nominal_or_tools,nominal_or_tools,ortools,True,True,True,28,40465.0,4.999040126800537,1.1374256610870361,6.136465787887573,1867.0,0.9663561076604554,pulp_cbc,mean_total_cost,41303.748714238725,,180,60,True,2083.418657642686,2086.52559340612,2424.7257298494433,2425.3478480666686,1696.4652289665305,1932.0000021,41303.748714238725,41931.40251650499,42576.28329455781,217.42323223945456,396.95138801507926,0.43748,239.20005838704034,838.7487142387239,0.0
X-n251-k28,250,grocery,ortools:nominal_or_tools,nominal_or_tools,ortools,True,True,True,28,40465.0,4.999040126800537,1.103945016860962,6.102985143661499,1867.0,0.9663561076604554,pulp_cbc,mean_total_cost,40999.7033977655,,180,60,True,2083.418657642686,2086.52559340612,2424.7257298494433,2425.3478480666686,805.6037943242404,1926.0939971,40999.7033977655,41290.08857671861,41633.85781033521,217.56581676675498,395.7862885693988,0.43736,233.43663791434076,534.703397765502,0.0
X-n251-k28,250,cargo,ortools:nominal_or_tools,nominal_or_tools,ortools,True,True,True,28,40465.0,4.999040126800537,1.1725342273712158,6.171574354171753,1867.0,0.9663561076604554,pulp_cbc,mean_total_cost,41099.76694548299,,180,60,True,2083.418657642686,2086.52559340612,2424.7257298494433,2425.3478480666686,1526.6296280112604,1931.9999996,41099.76694548299,41586.256070631534,42068.508017177985,217.9185903460944,397.26578127661816,0.43316,239.69541399368012,634.7669454829879,0.0
X-n251-k28,250,cold_chain,ortools:nominal_or_tools,nominal_or_tools,ortools,True,True,True,28,40465.0,4.999040126800537,1.0696911811828613,6.068731307983398,1867.0,0.9663561076604554,pulp_cbc,mean_total_cost,41585.11981963547,,180,60,True,2083.418657642686,2086.52559340612,2424.7257298494433,2425.3478480666686,1770.769658106567,1923.6758217000001,41585.11981963547,41944.228610009704,42391.988199898755,218.3258188828903,396.4782681195302,0.43368,231.77846463047615,770.3228017741324,349.79701786132966
X-n251-k28,250,atm,ortools:proxy_mean_or_tools,proxy_mean_or_tools,ortools,False,False,False,0,,0.0,,0.0,2083.4186576426864,1.078374046398906,pulp_cbc,mean_total_cost,,total_load_exceeds_fleet_capacity,180,60,True,2083.418657642686,2086.52559340612,2424.7257298494433,2425.3478480666686,,,,,,,,,,,
X-n251-k28,250,grocery,ortools:proxy_mean_or_tools,proxy_mean_or_tools,ortools,False,False,False,0,,0.0,,0.0,2083.4186576426864,1.078374046398906,pulp_cbc,mean_total_cost,,total_load_exceeds_fleet_capacity,180,60,True,2083.418657642686,2086.52559340612,2424.7257298494433,2425.3478480666686,,,,,,,,,,,
X-n251-k28,250,cargo,ortools:proxy_mean_or_tools,proxy_mean_or_tools,ortools,False,False,False,0,,0.0,,0.0,2083.4186576426864,1.078374046398906,pulp_cbc,mean_total_cost,,total_load_exceeds_fleet_capacity,180,60,True,2083.418657642686,2086.52559340612,2424.7257298494433,2425.3478480666686,,,,,,,,,,,
X-n251-k28,250,cold_chain,ortools:proxy_mean_or_tools,proxy_mean_or_tools,ortools,False,False,False,0,,0.0,,0.0,2083.4186576426864,1.078374046398906,pulp_cbc,mean_total_cost,,total_load_exceeds_fleet_capacity,180,60,True,2083.418657642686,2086.52559340612,2424.7257298494433,2425.3478480666686,,,,,,,,,,,
X-n251-k28,250,atm,ortools:quantile_p75_or_tools,quantile_p75_or_tools,ortools,False,False,False,0,,0.0,,0.0,2414.0827511830857,1.2495252335316178,pulp_cbc,mean_total_cost,,total_load_exceeds_fleet_capacity,180,60,True,2083.418657642686,2086.52559340612,2424.7257298494433,2425.3478480666686,,,,,,,,,,,
X-n251-k28,250,grocery,ortools:quantile_p75_or_tools,quantile_p75_or_tools,ortools,False,False,False,0,,0.0,,0.0,2414.0827511830857,1.2495252335316178,pulp_cbc,mean_total_cost,,total_load_exceeds_fleet_capacity,180,60,True,2083.418657642686,2086.52559340612,2424.7257298494433,2425.3478480666686,,,,,,,,,,,
X-n251-k28,250,cargo,ortools:quantile_p75_or_tools,quantile_p75_or_tools,ortools,False,False,False,0,,0.0,,0.0,2414.0827511830857,1.2495252335316178,pulp_cbc,mean_total_cost,,total_load_exceeds_fleet_capacity,180,60,True,2083.418657642686,2086.52559340612,2424.7257298494433,2425.3478480666686,,,,,,,,,,,
X-n251-k28,250,cold_chain,ortools:quantile_p75_or_tools,quantile_p75_or_tools,ortools,False,False,False,0,,0.0,,0.0,2414.0827511830857,1.2495252335316178,pulp_cbc,mean_total_cost,,total_load_exceeds_fleet_capacity,180,60,True,2083.418657642686,2086.52559340612,2424.7257298494433,2425.3478480666686,,,,,,,,,,,
X-n251-k28,250,atm,ortools:quantile_p90_or_tools,quantile_p90_or_tools,ortools,False,False,False,0,,0.0,,0.0,2884.177096927553,1.492845288264779,pulp_cbc,mean_total_cost,,total_load_exceeds_fleet_capacity,180,60,True,2083.418657642686,2086.52559340612,2424.7257298494433,2425.3478480666686,,,,,,,,,,,
X-n251-k28,250,grocery,ortools:quantile_p90_or_tools,quantile_p90_or_tools,ortools,False,False,False,0,,0.0,,0.0,2884.177096927553,1.492845288264779,pulp_cbc,mean_total_cost,,total_load_exceeds_fleet_capacity,180,60,True,2083.418657642686,2086.52559340612,2424.7257298494433,2425.3478480666686,,,,,,,,,,,
X-n251-k28,250,cargo,ortools:quantile_p90_or_tools,quantile_p90_or_tools,ortools,False,False,False,0,,0.0,,0.0,2884.177096927553,1.492845288264779,pulp_cbc,mean_total_cost,,total_load_exceeds_fleet_capacity,180,60,True,2083.418657642686,2086.52559340612,2424.7257298494433,2425.3478480666686,,,,,,,,,,,
X-n251-k28,250,cold_chain,ortools:quantile_p90_or_tools,quantile_p90_or_tools,ortools,False,False,False,0,,0.0,,0.0,2884.177096927553,1.492845288264779,pulp_cbc,mean_total_cost,,total_load_exceeds_fleet_capacity,180,60,True,2083.418657642686,2086.52559340612,2424.7257298494433,2425.3478480666686,,,,,,,,,,,
X-n251-k28,250,atm,ortools:robust_mean_1std_or_tools,robust_mean_1std_or_tools,ortools,False,False,False,0,,0.0,,0.0,2699.811484473962,1.3974179526262744,pulp_cbc,mean_total_cost,,total_load_exceeds_fleet_capacity,180,60,True,2083.418657642686,2086.52559340612,2424.7257298494433,2425.3478480666686,,,,,,,,,,,
X-n251-k28,250,grocery,ortools:robust_mean_1std_or_tools,robust_mean_1std_or_tools,ortools,False,False,False,0,,0.0,,0.0,2699.811484473962,1.3974179526262744,pulp_cbc,mean_total_cost,,total_load_exceeds_fleet_capacity,180,60,True,2083.418657642686,2086.52559340612,2424.7257298494433,2425.3478480666686,,,,,,,,,,,
X-n251-k28,250,cargo,ortools:robust_mean_1std_or_tools,robust_mean_1std_or_tools,ortools,False,False,False,0,,0.0,,0.0,2699.811484473962,1.3974179526262744,pulp_cbc,mean_total_cost,,total_load_exceeds_fleet_capacity,180,60,True,2083.418657642686,2086.52559340612,2424.7257298494433,2425.3478480666686,,,,,,,,,,,
X-n251-k28,250,cold_chain,ortools:robust_mean_1std_or_tools,robust_mean_1std_or_tools,ortools,False,False,False,0,,0.0,,0.0,2699.811484473962,1.3974179526262744,pulp_cbc,mean_total_cost,,total_load_exceeds_fleet_capacity,180,60,True,2083.418657642686,2086.52559340612,2424.7257298494433,2425.3478480666686,,,,,,,,,,,
X-n251-k28,250,atm,ortools:robust_mean_2std_or_tools,robust_mean_2std_or_tools,ortools,False,False,False,0,,0.0,,0.0,3316.204311305238,1.7164618588536429,pulp_cbc,mean_total_cost,,total_load_exceeds_fleet_capacity,180,60,True,2083.418657642686,2086.52559340612,2424.7257298494433,2425.3478480666686,,,,,,,,,,,
X-n251-k28,250,grocery,ortools:robust_mean_2std_or_tools,robust_mean_2std_or_tools,ortools,False,False,False,0,,0.0,,0.0,3316.204311305238,1.7164618588536429,pulp_cbc,mean_total_cost,,total_load_exceeds_fleet_capacity,180,60,True,2083.418657642686,2086.52559340612,2424.7257298494433,2425.3478480666686,,,,,,,,,,,
X-n251-k28,250,cargo,ortools:robust_mean_2std_or_tools,robust_mean_2std_or_tools,ortools,False,False,False,0,,0.0,,0.0,3316.204311305238,1.7164618588536429,pulp_cbc,mean_total_cost,,total_load_exceeds_fleet_capacity,180,60,True,2083.418657642686,2086.52559340612,2424.7257298494433,2425.3478480666686,,,,,,,,,,,
X-n251-k28,250,cold_chain,ortools:robust_mean_2std_or_tools,robust_mean_2std_or_tools,ortools,False,False,False,0,,0.0,,0.0,3316.204311305238,1.7164618588536429,pulp_cbc,mean_total_cost,,total_load_exceeds_fleet_capacity,180,60,True,2083.418657642686,2086.52559340612,2424.7257298494433,2425.3478480666686,,,,,,,,,,,
X-n251-k28,250,atm,ortools:proxy_mean_scaled_or_tools,proxy_mean_scaled_or_tools,ortools,False,False,False,0,,5.005282163619995,,5.005282163619995,1922.3399999999997,0.9949999999999999,pulp_cbc,mean_total_cost,,ortools_no_solution,180,60,True,2083.418657642686,2086.52559340612,2424.7257298494433,2425.3478480666686,,,,,,,,,,,
X-n251-k28,250,grocery,ortools:proxy_mean_scaled_or_tools,proxy_mean_scaled_or_tools,ortools,False,False,False,0,,5.005282163619995,,5.005282163619995,1922.3399999999997,0.9949999999999999,pulp_cbc,mean_total_cost,,ortools_no_solution,180,60,True,2083.418657642686,2086.52559340612,2424.7257298494433,2425.3478480666686,,,,,,,,,,,
X-n251-k28,250,cargo,ortools:proxy_mean_scaled_or_tools,proxy_mean_scaled_or_tools,ortools,False,False,False,0,,5.005282163619995,,5.005282163619995,1922.3399999999997,0.9949999999999999,pulp_cbc,mean_total_cost,,ortools_no_solution,180,60,True,2083.418657642686,2086.52559340612,2424.7257298494433,2425.3478480666686,,,,,,,,,,,
X-n251-k28,250,cold_chain,ortools:proxy_mean_scaled_or_tools,proxy_mean_scaled_or_tools,ortools,False,False,False,0,,5.005282163619995,,5.005282163619995,1922.3399999999997,0.9949999999999999,pulp_cbc,mean_total_cost,,ortools_no_solution,180,60,True,2083.418657642686,2086.52559340612,2424.7257298494433,2425.3478480666686,,,,,,,,,,,
X-n251-k28,250,atm,ortools:quantile_p75_scaled_or_tools,quantile_p75_scaled_or_tools,ortools,False,False,False,0,,5.004490613937378,,5.004490613937378,1922.3400000000001,0.9950000000000001,pulp_cbc,mean_total_cost,,ortools_no_solution,180,60,True,2083.418657642686,2086.52559340612,2424.7257298494433,2425.3478480666686,,,,,,,,,,,
X-n251-k28,250,grocery,ortools:quantile_p75_scaled_or_tools,quantile_p75_scaled_or_tools,ortools,False,False,False,0,,5.004490613937378,,5.004490613937378,1922.3400000000001,0.9950000000000001,pulp_cbc,mean_total_cost,,ortools_no_solution,180,60,True,2083.418657642686,2086.52559340612,2424.7257298494433,2425.3478480666686,,,,,,,,,,,
X-n251-k28,250,cargo,ortools:quantile_p75_scaled_or_tools,quantile_p75_scaled_or_tools,ortools,False,False,False,0,,5.004490613937378,,5.004490613937378,1922.3400000000001,0.9950000000000001,pulp_cbc,mean_total_cost,,ortools_no_solution,180,60,True,2083.418657642686,2086.52559340612,2424.7257298494433,2425.3478480666686,,,,,,,,,,,
X-n251-k28,250,cold_chain,ortools:quantile_p75_scaled_or_tools,quantile_p75_scaled_or_tools,ortools,False,False,False,0,,5.004490613937378,,5.004490613937378,1922.3400000000001,0.9950000000000001,pulp_cbc,mean_total_cost,,ortools_no_solution,180,60,True,2083.418657642686,2086.52559340612,2424.7257298494433,2425.3478480666686,,,,,,,,,,,
X-n251-k28,250,atm,ortools:quantile_p90_scaled_or_tools,quantile_p90_scaled_or_tools,ortools,False,False,False,0,,0.0,,0.0,1922.34,0.995,pulp_cbc,mean_total_cost,,total_load_exceeds_fleet_capacity,180,60,True,2083.418657642686,2086.52559340612,2424.7257298494433,2425.3478480666686,,,,,,,,,,,
X-n251-k28,250,grocery,ortools:quantile_p90_scaled_or_tools,quantile_p90_scaled_or_tools,ortools,False,False,False,0,,0.0,,0.0,1922.34,0.995,pulp_cbc,mean_total_cost,,total_load_exceeds_fleet_capacity,180,60,True,2083.418657642686,2086.52559340612,2424.7257298494433,2425.3478480666686,,,,,,,,,,,
X-n251-k28,250,cargo,ortools:quantile_p90_scaled_or_tools,quantile_p90_scaled_or_tools,ortools,False,False,False,0,,0.0,,0.0,1922.34,0.995,pulp_cbc,mean_total_cost,,total_load_exceeds_fleet_capacity,180,60,True,2083.418657642686,2086.52559340612,2424.7257298494433,2425.3478480666686,,,,,,,,,,,
X-n251-k28,250,cold_chain,ortools:quantile_p90_scaled_or_tools,quantile_p90_scaled_or_tools,ortools,False,False,False,0,,0.0,,0.0,1922.34,0.995,pulp_cbc,mean_total_cost,,total_load_exceeds_fleet_capacity,180,60,True,2083.418657642686,2086.52559340612,2424.7257298494433,2425.3478480666686,,,,,,,,,,,
X-n251-k28,250,atm,ortools:robust_mean_1std_scaled_or_tools,robust_mean_1std_scaled_or_tools,ortools,False,False,False,0,,4.998572111129761,,4.998572111129761,1922.3400000000001,0.9950000000000001,pulp_cbc,mean_total_cost,,ortools_no_solution,180,60,True,2083.418657642686,2086.52559340612,2424.7257298494433,2425.3478480666686,,,,,,,,,,,
X-n251-k28,250,grocery,ortools:robust_mean_1std_scaled_or_tools,robust_mean_1std_scaled_or_tools,ortools,False,False,False,0,,4.998572111129761,,4.998572111129761,1922.3400000000001,0.9950000000000001,pulp_cbc,mean_total_cost,,ortools_no_solution,180,60,True,2083.418657642686,2086.52559340612,2424.7257298494433,2425.3478480666686,,,,,,,,,,,
X-n251-k28,250,cargo,ortools:robust_mean_1std_scaled_or_tools,robust_mean_1std_scaled_or_tools,ortools,False,False,False,0,,4.998572111129761,,4.998572111129761,1922.3400000000001,0.9950000000000001,pulp_cbc,mean_total_cost,,ortools_no_solution,180,60,True,2083.418657642686,2086.52559340612,2424.7257298494433,2425.3478480666686,,,,,,,,,,,
X-n251-k28,250,cold_chain,ortools:robust_mean_1std_scaled_or_tools,robust_mean_1std_scaled_or_tools,ortools,False,False,False,0,,4.998572111129761,,4.998572111129761,1922.3400000000001,0.9950000000000001,pulp_cbc,mean_total_cost,,ortools_no_solution,180,60,True,2083.418657642686,2086.52559340612,2424.7257298494433,2425.3478480666686,,,,,,,,,,,
X-n251-k28,250,atm,ortools:robust_mean_2std_scaled_or_tools,robust_mean_2std_scaled_or_tools,ortools,False,False,False,0,,0.0,,0.0,1922.3399999999997,0.9949999999999999,pulp_cbc,mean_total_cost,,total_load_exceeds_fleet_capacity,180,60,True,2083.418657642686,2086.52559340612,2424.7257298494433,2425.3478480666686,,,,,,,,,,,
X-n251-k28,250,grocery,ortools:robust_mean_2std_scaled_or_tools,robust_mean_2std_scaled_or_tools,ortools,False,False,False,0,,0.0,,0.0,1922.3399999999997,0.9949999999999999,pulp_cbc,mean_total_cost,,total_load_exceeds_fleet_capacity,180,60,True,2083.418657642686,2086.52559340612,2424.7257298494433,2425.3478480666686,,,,,,,,,,,
X-n251-k28,250,cargo,ortools:robust_mean_2std_scaled_or_tools,robust_mean_2std_scaled_or_tools,ortools,False,False,False,0,,0.0,,0.0,1922.3399999999997,0.9949999999999999,pulp_cbc,mean_total_cost,,total_load_exceeds_fleet_capacity,180,60,True,2083.418657642686,2086.52559340612,2424.7257298494433,2425.3478480666686,,,,,,,,,,,
X-n251-k28,250,cold_chain,ortools:robust_mean_2std_scaled_or_tools,robust_mean_2std_scaled_or_tools,ortools,False,False,False,0,,0.0,,0.0,1922.3399999999997,0.9949999999999999,pulp_cbc,mean_total_cost,,total_load_exceeds_fleet_capacity,180,60,True,2083.418657642686,2086.52559340612,2424.7257298494433,2425.3478480666686,,,,,,,,,,,
X-n256-k16,255,atm,ortools:nominal_or_tools,nominal_or_tools,ortools,False,False,False,0,,4.998741865158081,,4.998741865158081,19514.0,0.9956122448979592,pulp_cbc,mean_total_cost,,ortools_no_solution,180,60,True,21883.368907411048,21983.391218502726,25370.31290291748,25410.61753740374,,,,,,,,,,,
X-n256-k16,255,grocery,ortools:nominal_or_tools,nominal_or_tools,ortools,False,False,False,0,,4.998741865158081,,4.998741865158081,19514.0,0.9956122448979592,pulp_cbc,mean_total_cost,,ortools_no_solution,180,60,True,21883.368907411048,21983.391218502726,25370.31290291748,25410.61753740374,,,,,,,,,,,
X-n256-k16,255,cargo,ortools:nominal_or_tools,nominal_or_tools,ortools,False,False,False,0,,4.998741865158081,,4.998741865158081,19514.0,0.9956122448979592,pulp_cbc,mean_total_cost,,ortools_no_solution,180,60,True,21883.368907411048,21983.391218502726,25370.31290291748,25410.61753740374,,,,,,,,,,,
X-n256-k16,255,cold_chain,ortools:nominal_or_tools,nominal_or_tools,ortools,False,False,False,0,,4.998741865158081,,4.998741865158081,19514.0,0.9956122448979592,pulp_cbc,mean_total_cost,,ortools_no_solution,180,60,True,21883.368907411048,21983.391218502726,25370.31290291748,25410.61753740374,,,,,,,,,,,
X-n256-k16,255,atm,ortools:proxy_mean_or_tools,proxy_mean_or_tools,ortools,False,False,False,0,,0.0,,0.0,21883.368907411044,1.1164984136434206,pulp_cbc,mean_total_cost,,total_load_exceeds_fleet_capacity,180,60,True,21883.368907411048,21983.391218502726,25370.31290291748,25410.61753740374,,,,,,,,,,,
X-n256-k16,255,grocery,ortools:proxy_mean_or_tools,proxy_mean_or_tools,ortools,False,False,False,0,,0.0,,0.0,21883.368907411044,1.1164984136434206,pulp_cbc,mean_total_cost,,total_load_exceeds_fleet_capacity,180,60,True,21883.368907411048,21983.391218502726,25370.31290291748,25410.61753740374,,,,,,,,,,,
X-n256-k16,255,cargo,ortools:proxy_mean_or_tools,proxy_mean_or_tools,ortools,False,False,False,0,,0.0,,0.0,21883.368907411044,1.1164984136434206,pulp_cbc,mean_total_cost,,total_load_exceeds_fleet_capacity,180,60,True,21883.368907411048,21983.391218502726,25370.31290291748,25410.61753740374,,,,,,,,,,,
X-n256-k16,255,cold_chain,ortools:proxy_mean_or_tools,proxy_mean_or_tools,ortools,False,False,False,0,,0.0,,0.0,21883.368907411044,1.1164984136434206,pulp_cbc,mean_total_cost,,total_load_exceeds_fleet_capacity,180,60,True,21883.368907411048,21983.391218502726,25370.31290291748,25410.61753740374,,,,,,,,,,,
X-n256-k16,255,atm,ortools:quantile_p75_or_tools,quantile_p75_or_tools,ortools,False,False,False,0,,0.0,,0.0,25234.389637025568,1.2874688590319168,pulp_cbc,mean_total_cost,,total_load_exceeds_fleet_capacity,180,60,True,21883.368907411048,21983.391218502726,25370.31290291748,25410.61753740374,,,,,,,,,,,
X-n256-k16,255,grocery,ortools:quantile_p75_or_tools,quantile_p75_or_tools,ortools,False,False,False,0,,0.0,,0.0,25234.389637025568,1.2874688590319168,pulp_cbc,mean_total_cost,,total_load_exceeds_fleet_capacity,180,60,True,21883.368907411048,21983.391218502726,25370.31290291748,25410.61753740374,,,,,,,,,,,
X-n256-k16,255,cargo,ortools:quantile_p75_or_tools,quantile_p75_or_tools,ortools,False,False,False,0,,0.0,,0.0,25234.389637025568,1.2874688590319168,pulp_cbc,mean_total_cost,,total_load_exceeds_fleet_capacity,180,60,True,21883.368907411048,21983.391218502726,25370.31290291748,25410.61753740374,,,,,,,,,,,
X-n256-k16,255,cold_chain,ortools:quantile_p75_or_tools,quantile_p75_or_tools,ortools,False,False,False,0,,0.0,,0.0,25234.389637025568,1.2874688590319168,pulp_cbc,mean_total_cost,,total_load_exceeds_fleet_capacity,180,60,True,21883.368907411048,21983.391218502726,25370.31290291748,25410.61753740374,,,,,,,,,,,
X-n256-k16,255,atm,ortools:quantile_p90_or_tools,quantile_p90_or_tools,ortools,False,False,False,0,,0.0,,0.0,30133.99202680373,1.5374485727961087,pulp_cbc,mean_total_cost,,total_load_exceeds_fleet_capacity,180,60,True,21883.368907411048,21983.391218502726,25370.31290291748,25410.61753740374,,,,,,,,,,,
X-n256-k16,255,grocery,ortools:quantile_p90_or_tools,quantile_p90_or_tools,ortools,False,False,False,0,,0.0,,0.0,30133.99202680373,1.5374485727961087,pulp_cbc,mean_total_cost,,total_load_exceeds_fleet_capacity,180,60,True,21883.368907411048,21983.391218502726,25370.31290291748,25410.61753740374,,,,,,,,,,,
X-n256-k16,255,cargo,ortools:quantile_p90_or_tools,quantile_p90_or_tools,ortools,False,False,False,0,,0.0,,0.0,30133.99202680373,1.5374485727961087,pulp_cbc,mean_total_cost,,total_load_exceeds_fleet_capacity,180,60,True,21883.368907411048,21983.391218502726,25370.31290291748,25410.61753740374,,,,,,,,,,,
X-n256-k16,255,cold_chain,ortools:quantile_p90_or_tools,quantile_p90_or_tools,ortools,False,False,False,0,,0.0,,0.0,30133.99202680373,1.5374485727961087,pulp_cbc,mean_total_cost,,total_load_exceeds_fleet_capacity,180,60,True,21883.368907411048,21983.391218502726,25370.31290291748,25410.61753740374,,,,,,,,,,,
X-n256-k16,255,atm,ortools:robust_mean_1std_or_tools,robust_mean_1std_or_tools,ortools,False,False,False,0,,0.0,,0.0,28267.664075556142,1.442227758956946,pulp_cbc,mean_total_cost,,total_load_exceeds_fleet_capacity,180,60,True,21883.368907411048,21983.391218502726,25370.31290291748,25410.61753740374,,,,,,,,,,,
X-n256-k16,255,grocery,ortools:robust_mean_1std_or_tools,robust_mean_1std_or_tools,ortools,False,False,False,0,,0.0,,0.0,28267.664075556142,1.442227758956946,pulp_cbc,mean_total_cost,,total_load_exceeds_fleet_capacity,180,60,True,21883.368907411048,21983.391218502726,25370.31290291748,25410.61753740374,,,,,,,,,,,
X-n256-k16,255,cargo,ortools:robust_mean_1std_or_tools,robust_mean_1std_or_tools,ortools,False,False,False,0,,0.0,,0.0,28267.664075556142,1.442227758956946,pulp_cbc,mean_total_cost,,total_load_exceeds_fleet_capacity,180,60,True,21883.368907411048,21983.391218502726,25370.31290291748,25410.61753740374,,,,,,,,,,,
X-n256-k16,255,cold_chain,ortools:robust_mean_1std_or_tools,robust_mean_1std_or_tools,ortools,False,False,False,0,,0.0,,0.0,28267.664075556142,1.442227758956946,pulp_cbc,mean_total_cost,,total_load_exceeds_fleet_capacity,180,60,True,21883.368907411048,21983.391218502726,25370.31290291748,25410.61753740374,,,,,,,,,,,
X-n256-k16,255,atm,ortools:robust_mean_2std_or_tools,robust_mean_2std_or_tools,ortools,False,False,False,0,,0.0,,0.0,34651.95924370125,1.7679571042704718,pulp_cbc,mean_total_cost,,total_load_exceeds_fleet_capacity,180,60,True,21883.368907411048,21983.391218502726,25370.31290291748,25410.61753740374,,,,,,,,,,,
X-n256-k16,255,grocery,ortools:robust_mean_2std_or_tools,robust_mean_2std_or_tools,ortools,False,False,False,0,,0.0,,0.0,34651.95924370125,1.7679571042704718,pulp_cbc,mean_total_cost,,total_load_exceeds_fleet_capacity,180,60,True,21883.368907411048,21983.391218502726,25370.31290291748,25410.61753740374,,,,,,,,,,,
X-n256-k16,255,cargo,ortools:robust_mean_2std_or_tools,robust_mean_2std_or_tools,ortools,False,False,False,0,,0.0,,0.0,34651.95924370125,1.7679571042704718,pulp_cbc,mean_total_cost,,total_load_exceeds_fleet_capacity,180,60,True,21883.368907411048,21983.391218502726,25370.31290291748,25410.61753740374,,,,,,,,,,,
X-n256-k16,255,cold_chain,ortools:robust_mean_2std_or_tools,robust_mean_2std_or_tools,ortools,False,False,False,0,,0.0,,0.0,34651.95924370125,1.7679571042704718,pulp_cbc,mean_total_cost,,total_load_exceeds_fleet_capacity,180,60,True,21883.368907411048,21983.391218502726,25370.31290291748,25410.61753740374,,,,,,,,,,,
X-n256-k16,255,atm,ortools:proxy_mean_scaled_or_tools,proxy_mean_scaled_or_tools,ortools,False,False,False,0,,5.005485534667969,,5.005485534667969,19502.0,0.995,pulp_cbc,mean_total_cost,,ortools_no_solution,180,60,True,21883.368907411048,21983.391218502726,25370.31290291748,25410.61753740374,,,,,,,,,,,
X-n256-k16,255,grocery,ortools:proxy_mean_scaled_or_tools,proxy_mean_scaled_or_tools,ortools,False,False,False,0,,5.005485534667969,,5.005485534667969,19502.0,0.995,pulp_cbc,mean_total_cost,,ortools_no_solution,180,60,True,21883.368907411048,21983.391218502726,25370.31290291748,25410.61753740374,,,,,,,,,,,
X-n256-k16,255,cargo,ortools:proxy_mean_scaled_or_tools,proxy_mean_scaled_or_tools,ortools,False,False,False,0,,5.005485534667969,,5.005485534667969,19502.0,0.995,pulp_cbc,mean_total_cost,,ortools_no_solution,180,60,True,21883.368907411048,21983.391218502726,25370.31290291748,25410.61753740374,,,,,,,,,,,
X-n256-k16,255,cold_chain,ortools:proxy_mean_scaled_or_tools,proxy_mean_scaled_or_tools,ortools,False,False,False,0,,5.005485534667969,,5.005485534667969,19502.0,0.995,pulp_cbc,mean_total_cost,,ortools_no_solution,180,60,True,21883.368907411048,21983.391218502726,25370.31290291748,25410.61753740374,,,,,,,,,,,
X-n256-k16,255,atm,ortools:quantile_p75_scaled_or_tools,quantile_p75_scaled_or_tools,ortools,False,False,False,0,,5.006411790847778,,5.006411790847778,19502.000000000004,0.9950000000000002,pulp_cbc,mean_total_cost,,ortools_no_solution,180,60,True,21883.368907411048,21983.391218502726,25370.31290291748,25410.61753740374,,,,,,,,,,,
X-n256-k16,255,grocery,ortools:quantile_p75_scaled_or_tools,quantile_p75_scaled_or_tools,ortools,False,False,False,0,,5.006411790847778,,5.006411790847778,19502.000000000004,0.9950000000000002,pulp_cbc,mean_total_cost,,ortools_no_solution,180,60,True,21883.368907411048,21983.391218502726,25370.31290291748,25410.61753740374,,,,,,,,,,,
X-n256-k16,255,cargo,ortools:quantile_p75_scaled_or_tools,quantile_p75_scaled_or_tools,ortools,False,False,False,0,,5.006411790847778,,5.006411790847778,19502.000000000004,0.9950000000000002,pulp_cbc,mean_total_cost,,ortools_no_solution,180,60,True,21883.368907411048,21983.391218502726,25370.31290291748,25410.61753740374,,,,,,,,,,,
X-n256-k16,255,cold_chain,ortools:quantile_p75_scaled_or_tools,quantile_p75_scaled_or_tools,ortools,False,False,False,0,,5.006411790847778,,5.006411790847778,19502.000000000004,0.9950000000000002,pulp_cbc,mean_total_cost,,ortools_no_solution,180,60,True,21883.368907411048,21983.391218502726,25370.31290291748,25410.61753740374,,,,,,,,,,,
X-n256-k16,255,atm,ortools:quantile_p90_scaled_or_tools,quantile_p90_scaled_or_tools,ortools,False,False,False,0,,5.005773067474365,,5.005773067474365,19502.000000000004,0.9950000000000002,pulp_cbc,mean_total_cost,,ortools_no_solution,180,60,True,21883.368907411048,21983.391218502726,25370.31290291748,25410.61753740374,,,,,,,,,,,
X-n256-k16,255,grocery,ortools:quantile_p90_scaled_or_tools,quantile_p90_scaled_or_tools,ortools,False,False,False,0,,5.005773067474365,,5.005773067474365,19502.000000000004,0.9950000000000002,pulp_cbc,mean_total_cost,,ortools_no_solution,180,60,True,21883.368907411048,21983.391218502726,25370.31290291748,25410.61753740374,,,,,,,,,,,
X-n256-k16,255,cargo,ortools:quantile_p90_scaled_or_tools,quantile_p90_scaled_or_tools,ortools,False,False,False,0,,5.005773067474365,,5.005773067474365,19502.000000000004,0.9950000000000002,pulp_cbc,mean_total_cost,,ortools_no_solution,180,60,True,21883.368907411048,21983.391218502726,25370.31290291748,25410.61753740374,,,,,,,,,,,
X-n256-k16,255,cold_chain,ortools:quantile_p90_scaled_or_tools,quantile_p90_scaled_or_tools,ortools,False,False,False,0,,5.005773067474365,,5.005773067474365,19502.000000000004,0.9950000000000002,pulp_cbc,mean_total_cost,,ortools_no_solution,180,60,True,21883.368907411048,21983.391218502726,25370.31290291748,25410.61753740374,,,,,,,,,,,
X-n256-k16,255,atm,ortools:robust_mean_1std_scaled_or_tools,robust_mean_1std_scaled_or_tools,ortools,False,False,False,0,,5.000288248062134,,5.000288248062134,19502.000000000004,0.9950000000000002,pulp_cbc,mean_total_cost,,ortools_no_solution,180,60,True,21883.368907411048,21983.391218502726,25370.31290291748,25410.61753740374,,,,,,,,,,,
X-n256-k16,255,grocery,ortools:robust_mean_1std_scaled_or_tools,robust_mean_1std_scaled_or_tools,ortools,False,False,False,0,,5.000288248062134,,5.000288248062134,19502.000000000004,0.9950000000000002,pulp_cbc,mean_total_cost,,ortools_no_solution,180,60,True,21883.368907411048,21983.391218502726,25370.31290291748,25410.61753740374,,,,,,,,,,,
X-n256-k16,255,cargo,ortools:robust_mean_1std_scaled_or_tools,robust_mean_1std_scaled_or_tools,ortools,False,False,False,0,,5.000288248062134,,5.000288248062134,19502.000000000004,0.9950000000000002,pulp_cbc,mean_total_cost,,ortools_no_solution,180,60,True,21883.368907411048,21983.391218502726,25370.31290291748,25410.61753740374,,,,,,,,,,,
X-n256-k16,255,cold_chain,ortools:robust_mean_1std_scaled_or_tools,robust_mean_1std_scaled_or_tools,ortools,False,False,False,0,,5.000288248062134,,5.000288248062134,19502.000000000004,0.9950000000000002,pulp_cbc,mean_total_cost,,ortools_no_solution,180,60,True,21883.368907411048,21983.391218502726,25370.31290291748,25410.61753740374,,,,,,,,,,,
X-n256-k16,255,atm,ortools:robust_mean_2std_scaled_or_tools,robust_mean_2std_scaled_or_tools,ortools,False,False,False,0,,5.000683784484863,,5.000683784484863,19502.0,0.995,pulp_cbc,mean_total_cost,,ortools_no_solution,180,60,True,21883.368907411048,21983.391218502726,25370.31290291748,25410.61753740374,,,,,,,,,,,
X-n256-k16,255,grocery,ortools:robust_mean_2std_scaled_or_tools,robust_mean_2std_scaled_or_tools,ortools,False,False,False,0,,5.000683784484863,,5.000683784484863,19502.0,0.995,pulp_cbc,mean_total_cost,,ortools_no_solution,180,60,True,21883.368907411048,21983.391218502726,25370.31290291748,25410.61753740374,,,,,,,,,,,
X-n256-k16,255,cargo,ortools:robust_mean_2std_scaled_or_tools,robust_mean_2std_scaled_or_tools,ortools,False,False,False,0,,5.000683784484863,,5.000683784484863,19502.0,0.995,pulp_cbc,mean_total_cost,,ortools_no_solution,180,60,True,21883.368907411048,21983.391218502726,25370.31290291748,25410.61753740374,,,,,,,,,,,
X-n256-k16,255,cold_chain,ortools:robust_mean_2std_scaled_or_tools,robust_mean_2std_scaled_or_tools,ortools,False,False,False,0,,5.000683784484863,,5.000683784484863,19502.0,0.995,pulp_cbc,mean_total_cost,,ortools_no_solution,180,60,True,21883.368907411048,21983.391218502726,25370.31290291748,25410.61753740374,,,,,,,,,,,
X-n261-k13,260,atm,ortools:nominal_or_tools,nominal_or_tools,ortools,True,True,True,13,29400.0,4.997448205947876,1.5691487789154053,6.566596984863281,13381.0,0.9521810289617875,pulp_cbc,mean_total_cost,36539.379719312004,,180,60,True,14982.669280417082,15021.029351368781,17862.196299766994,17900.458727447764,13411.517153933544,14002.1914857,36539.379719312004,42224.51573945209,47588.60333589073,1819.7780066090977,3383.9799630268512,0.4716923076923077,1952.9323002790388,7139.379719312001,0.0
X-n261-k13,260,grocery,ortools:nominal_or_tools,nominal_or_tools,ortools,True,True,True,13,29400.0,4.997448205947876,1.3952786922454834,6.392726898193359,13381.0,0.9521810289617875,pulp_cbc,mean_total_cost,33860.10894522788,,180,60,True,14982.669280417082,15021.029351368781,17862.196299766994,17900.458727447764,6376.568815771133,13743.4380643,33860.10894522788,36775.41967888087,39503.04323029045,1828.84588146365,3475.3431738854415,0.469,1703.2467537335915,4460.108945227881,0.0
X-n261-k13,260,cargo,ortools:nominal_or_tools,nominal_or_tools,ortools,True,True,True,13,29400.0,4.997448205947876,1.7780954837799072,6.775543689727783,13381.0,0.9521810289617875,pulp_cbc,mean_total_cost,34795.08124624615,,180,60,True,14982.669280417082,15021.029351368781,17862.196299766994,17900.458727447764,12079.481633349169,14044.51100378,34795.08124624615,39106.1788080085,43217.04713403518,1827.2241185431021,3389.378139929159,0.4719615384615385,2002.6979302930436,5395.081246246153,0.0
X-n261-k13,260,cold_chain,ortools:nominal_or_tools,nominal_or_tools,ortools,True,True,True,13,29400.0,4.997448205947876,1.58939790725708,6.586846113204956,13381.0,0.9521810289617875,pulp_cbc,mean_total_cost,38482.41610663443,,180,60,True,14982.669280417082,15021.029351368781,17862.196299766994,17900.458727447764,13970.20962167748,13719.0793718,38482.41610663443,42150.04462659556,45768.28700740573,1834.874010820082,3479.4388200611797,0.4616923076923077,1684.9161905900235,6415.259558615205,2667.1565480192244
X-n261-k13,260,atm,ortools:proxy_mean_or_tools,proxy_mean_or_tools,ortools,False,False,False,0,,0.0,,0.0,14982.669280417082,1.0661545065407445,pulp_cbc,mean_total_cost,,total_load_exceeds_fleet_capacity,180,60,True,14982.669280417082,15021.029351368781,17862.196299766994,17900.458727447764,,,,,,,,,,,
X-n261-k13,260,grocery,ortools:proxy_mean_or_tools,proxy_mean_or_tools,ortools,False,False,False,0,,0.0,,0.0,14982.669280417082,1.0661545065407445,pulp_cbc,mean_total_cost,,total_load_exceeds_fleet_capacity,180,60,True,14982.669280417082,15021.029351368781,17862.196299766994,17900.458727447764,,,,,,,,,,,
X-n261-k13,260,cargo,ortools:proxy_mean_or_tools,proxy_mean_or_tools,ortools,False,False,False,0,,0.0,,0.0,14982.669280417082,1.0661545065407445,pulp_cbc,mean_total_cost,,total_load_exceeds_fleet_capacity,180,60,True,14982.669280417082,15021.029351368781,17862.196299766994,17900.458727447764,,,,,,,,,,,
X-n261-k13,260,cold_chain,ortools:proxy_mean_or_tools,proxy_mean_or_tools,ortools,False,False,False,0,,0.0,,0.0,14982.669280417082,1.0661545065407445,pulp_cbc,mean_total_cost,,total_load_exceeds_fleet_capacity,180,60,True,14982.669280417082,15021.029351368781,17862.196299766994,17900.458727447764,,,,,,,,,,,
X-n261-k13,260,atm,ortools:quantile_p75_or_tools,quantile_p75_or_tools,ortools,False,False,False,0,,0.0,,0.0,17475.904120622596,1.2435710610277233,pulp_cbc,mean_total_cost,,total_load_exceeds_fleet_capacity,180,60,True,14982.669280417082,15021.029351368781,17862.196299766994,17900.458727447764,,,,,,,,,,,
X-n261-k13,260,grocery,ortools:quantile_p75_or_tools,quantile_p75_or_tools,ortools,False,False,False,0,,0.0,,0.0,17475.904120622596,1.2435710610277233,pulp_cbc,mean_total_cost,,total_load_exceeds_fleet_capacity,180,60,True,14982.669280417082,15021.029351368781,17862.196299766994,17900.458727447764,,,,,,,,,,,
X-n261-k13,260,cargo,ortools:quantile_p75_or_tools,quantile_p75_or_tools,ortools,False,False,False,0,,0.0,,0.0,17475.904120622596,1.2435710610277233,pulp_cbc,mean_total_cost,,total_load_exceeds_fleet_capacity,180,60,True,14982.669280417082,15021.029351368781,17862.196299766994,17900.458727447764,,,,,,,,,,,
X-n261-k13,260,cold_chain,ortools:quantile_p75_or_tools,quantile_p75_or_tools,ortools,False,False,False,0,,0.0,,0.0,17475.904120622596,1.2435710610277233,pulp_cbc,mean_total_cost,,total_load_exceeds_fleet_capacity,180,60,True,14982.669280417082,15021.029351368781,17862.196299766994,17900.458727447764,,,,,,,,,,,
X-n261-k13,260,atm,ortools:quantile_p90_or_tools,quantile_p90_or_tools,ortools,False,False,False,0,,0.0,,0.0,21271.899348778796,1.5136909804866432,pulp_cbc,mean_total_cost,,total_load_exceeds_fleet_capacity,180,60,True,14982.669280417082,15021.029351368781,17862.196299766994,17900.458727447764,,,,,,,,,,,
X-n261-k13,260,grocery,ortools:quantile_p90_or_tools,quantile_p90_or_tools,ortools,False,False,False,0,,0.0,,0.0,21271.899348778796,1.5136909804866432,pulp_cbc,mean_total_cost,,total_load_exceeds_fleet_capacity,180,60,True,14982.669280417082,15021.029351368781,17862.196299766994,17900.458727447764,,,,,,,,,,,
X-n261-k13,260,cargo,ortools:quantile_p90_or_tools,quantile_p90_or_tools,ortools,False,False,False,0,,0.0,,0.0,21271.899348778796,1.5136909804866432,pulp_cbc,mean_total_cost,,total_load_exceeds_fleet_capacity,180,60,True,14982.669280417082,15021.029351368781,17862.196299766994,17900.458727447764,,,,,,,,,,,
X-n261-k13,260,cold_chain,ortools:quantile_p90_or_tools,quantile_p90_or_tools,ortools,False,False,False,0,,0.0,,0.0,21271.899348778796,1.5136909804866432,pulp_cbc,mean_total_cost,,total_load_exceeds_fleet_capacity,180,60,True,14982.669280417082,15021.029351368781,17862.196299766994,17900.458727447764,,,,,,,,,,,
X-n261-k13,260,atm,ortools:robust_mean_1std_or_tools,robust_mean_1std_or_tools,ortools,False,False,False,0,,0.0,,0.0,19780.571878001512,1.407569335942611,pulp_cbc,mean_total_cost,,total_load_exceeds_fleet_capacity,180,60,True,14982.669280417082,15021.029351368781,17862.196299766994,17900.458727447764,,,,,,,,,,,
X-n261-k13,260,grocery,ortools:robust_mean_1std_or_tools,robust_mean_1std_or_tools,ortools,False,False,False,0,,0.0,,0.0,19780.571878001512,1.407569335942611,pulp_cbc,mean_total_cost,,total_load_exceeds_fleet_capacity,180,60,True,14982.669280417082,15021.029351368781,17862.196299766994,17900.458727447764,,,,,,,,,,,
X-n261-k13,260,cargo,ortools:robust_mean_1std_or_tools,robust_mean_1std_or_tools,ortools,False,False,False,0,,0.0,,0.0,19780.571878001512,1.407569335942611,pulp_cbc,mean_total_cost,,total_load_exceeds_fleet_capacity,180,60,True,14982.669280417082,15021.029351368781,17862.196299766994,17900.458727447764,,,,,,,,,,,
X-n261-k13,260,cold_chain,ortools:robust_mean_1std_or_tools,robust_mean_1std_or_tools,ortools,False,False,False,0,,0.0,,0.0,19780.571878001512,1.407569335942611,pulp_cbc,mean_total_cost,,total_load_exceeds_fleet_capacity,180,60,True,14982.669280417082,15021.029351368781,17862.196299766994,17900.458727447764,,,,,,,,,,,
X-n261-k13,260,atm,ortools:robust_mean_2std_or_tools,robust_mean_2std_or_tools,ortools,False,False,False,0,,0.0,,0.0,24578.474475585943,1.7489841653444775,pulp_cbc,mean_total_cost,,total_load_exceeds_fleet_capacity,180,60,True,14982.669280417082,15021.029351368781,17862.196299766994,17900.458727447764,,,,,,,,,,,
X-n261-k13,260,grocery,ortools:robust_mean_2std_or_tools,robust_mean_2std_or_tools,ortools,False,False,False,0,,0.0,,0.0,24578.474475585943,1.7489841653444775,pulp_cbc,mean_total_cost,,total_load_exceeds_fleet_capacity,180,60,True,14982.669280417082,15021.029351368781,17862.196299766994,17900.458727447764,,,,,,,,,,,
X-n261-k13,260,cargo,ortools:robust_mean_2std_or_tools,robust_mean_2std_or_tools,ortools,False,False,False,0,,0.0,,0.0,24578.474475585943,1.7489841653444775,pulp_cbc,mean_total_cost,,total_load_exceeds_fleet_capacity,180,60,True,14982.669280417082,15021.029351368781,17862.196299766994,17900.458727447764,,,,,,,,,,,
X-n261-k13,260,cold_chain,ortools:robust_mean_2std_or_tools,robust_mean_2std_or_tools,ortools,False,False,False,0,,0.0,,0.0,24578.474475585943,1.7489841653444775,pulp_cbc,mean_total_cost,,total_load_exceeds_fleet_capacity,180,60,True,14982.669280417082,15021.029351368781,17862.196299766994,17900.458727447764,,,,,,,,,,,
X-n261-k13,260,atm,ortools:proxy_mean_scaled_or_tools,proxy_mean_scaled_or_tools,ortools,True,True,True,13,31364.0,4.998934745788574,1.6328926086425781,6.631827354431152,13982.735000000002,0.9950000000000002,pulp_cbc,mean_total_cost,37840.879934705124,,180,60,True,14982.669280417082,15021.029351368781,17862.196299766994,17900.458727447764,12475.283882630689,14052.9999778,37840.879934705124,43648.96249070718,48554.15070702577,1648.571938722387,3238.681096048927,0.43088461538461537,1832.5347244923285,6476.879934705127,0.0
X-n261-k13,260,grocery,ortools:proxy_mean_scaled_or_tools,proxy_mean_scaled_or_tools,ortools,True,True,True,13,31364.0,4.998934745788574,1.427764892578125,6.426699638366699,13982.735000000002,0.9950000000000002,pulp_cbc,mean_total_cost,35515.11705834175,,180,60,True,14982.669280417082,15021.029351368781,17862.196299766994,17900.458727447764,5926.769334822436,14052.999982000001,35515.11705834175,38316.44616357457,40900.35223238522,1646.1669770663239,3234.603305083908,0.4282692307692308,1830.1297670362653,4151.117058341741,0.0
X-n261-k13,260,cargo,ortools:proxy_mean_scaled_or_tools,proxy_mean_scaled_or_tools,ortools,True,True,True,13,31364.0,4.998934745788574,1.8249962329864502,6.823930978775024,13982.735000000002,0.9950000000000002,pulp_cbc,mean_total_cost,36228.15780308379,,180,60,True,14982.669280417082,15021.029351368781,17862.196299766994,17900.458727447764,11250.394124171942,14052.99999629,36228.15780308379,40635.43952861511,44373.68264581958,1651.8382661331611,3246.573868592752,0.42753846153846153,1835.801070393103,4864.157803083785,0.0
X-n261-k13,260,cold_chain,ortools:proxy_mean_scaled_or_tools,proxy_mean_scaled_or_tools,ortools,True,True,True,13,31364.0,4.998934745788574,1.5237538814544678,6.522688627243042,13982.735000000002,0.9950000000000002,pulp_cbc,mean_total_cost,40101.29195624335,,180,60,True,14982.669280417082,15021.029351368781,17862.196299766994,17900.458727447764,13319.109097908844,14052.9999888,40101.29195624335,43626.48649548242,47018.54182638342,1646.9191017350165,3233.2560124898255,0.42303846153846153,1830.881898504959,6025.565164466592,2711.726791776756
X-n261-k13,260,atm,ortools:quantile_p75_scaled_or_tools,quantile_p75_scaled_or_tools,ortools,True,True,True,13,31282.0,5.002207517623901,1.56876802444458,6.5709755420684814,13982.735,0.995,pulp_cbc,mean_total_cost,37749.14390662604,,180,60,True,14982.669280417082,15021.029351368781,17862.196299766994,17900.458727447764,12471.465910790594,14052.999975800001,37749.14390662604,43540.55038462132,48478.60380649354,1648.0365962666838,3235.052842096612,0.43288461538461537,1831.9993800366253,6467.14390662604,0.0
X-n261-k13,260,grocery,ortools:quantile_p75_scaled_or_tools,quantile_p75_scaled_or_tools,ortools,True,True,True,13,31282.0,5.002207517623901,1.3974206447601318,6.399628162384033,13982.735,0.995,pulp_cbc,mean_total_cost,35431.221740114925,,180,60,True,14982.669280417082,15021.029351368781,17862.196299766994,17900.458727447764,5927.505497933556,14052.9999838,35431.221740114925,38254.05900245982,40816.82964170847,1645.9395046078953,3231.12639723885,0.4296923076923077,1829.9022963778368,4149.221740114921,0.0
X-n261-k13,260,cargo,ortools:quantile_p75_scaled_or_tools,quantile_p75_scaled_or_tools,ortools,True,True,True,13,31282.0,5.002207517623901,1.7700145244598389,6.77222204208374,13982.735,0.995,pulp_cbc,mean_total_cost,36129.06471471703,,180,60,True,14982.669280417082,15021.029351368781,17862.196299766994,17900.458727447764,11230.265848673416,14052.99998221,36129.06471471703,40486.1956435281,44276.61293030521,1650.5300337339513,3229.3022498857226,0.4260769230769231,1834.4928239138928,4847.0647147170375,0.0
X-n261-k13,260,cold_chain,ortools:quantile_p75_scaled_or_tools,quantile_p75_scaled_or_tools,ortools,True,True,True,13,31282.0,5.002207517623901,1.507718563079834,6.509926080703735,13982.735,0.995,pulp_cbc,mean_total_cost,40067.161645687505,,180,60,True,14982.669280417082,15021.029351368781,17862.196299766994,17900.458727447764,13365.286527146012,14052.9999709,40067.161645687505,43629.836053266234,46968.613223563676,1648.5654975502423,3226.370180483355,0.4219230769230769,1832.5282764201838,6032.723920473414,2752.4377252140916
X-n261-k13,260,atm,ortools:quantile_p90_scaled_or_tools,quantile_p90_scaled_or_tools,ortools,True,True,True,13,31580.0,5.000821352005005,1.5970160961151123,6.597837448120117,13982.734999999999,0.9949999999999999,pulp_cbc,mean_total_cost,38058.37006148843,,180,60,True,14982.669280417082,15021.029351368781,17862.196299766994,17900.458727447764,12496.648741950947,14052.9999699,38058.37006148843,43844.952094690925,48804.24840738537,1653.7518770831207,3241.6981843243084,0.44046153846153846,1837.7146549530623,6478.370061488432,0.0
X-n261-k13,260,grocery,ortools:quantile_p90_scaled_or_tools,quantile_p90_scaled_or_tools,ortools,True,True,True,13,31580.0,5.000821352005005,1.4164252281188965,6.417246580123901,13982.734999999999,0.9949999999999999,pulp_cbc,mean_total_cost,35741.736746947565,,180,60,True,14982.669280417082,15021.029351368781,17862.196299766994,17900.458727447764,5946.192076772937,14052.999964899998,35741.736746947565,38557.151100049145,41128.67521622557,1652.4419423601867,3237.48799026089,0.43726923076923074,1836.4047152301284,4161.7367469475585,0.0
X-n261-k13,260,cargo,ortools:quantile_p90_scaled_or_tools,quantile_p90_scaled_or_tools,ortools,True,True,True,13,31580.0,5.000821352005005,1.7573003768920898,6.758121728897095,13982.734999999999,0.9949999999999999,pulp_cbc,mean_total_cost,36439.51473318282,,180,60,True,14982.669280417082,15021.029351368781,17862.196299766994,17900.458727447764,11232.411216645456,14052.99999428,36439.51473318282,40812.938051219186,44579.14989217111,1660.0778742253578,3248.7498157191394,0.4335,1844.0406764752995,4859.514733182818,0.0
X-n261-k13,260,cold_chain,ortools:quantile_p90_scaled_or_tools,quantile_p90_scaled_or_tools,ortools,True,True,True,13,31580.0,5.000821352005005,1.481811761856079,6.482633113861084,13982.734999999999,0.9949999999999999,pulp_cbc,mean_total_cost,40311.00209562378,,180,60,True,14982.669280417082,15021.029351368781,17862.196299766994,17900.458727447764,13305.677175210143,14052.9999737,40311.00209562378,43868.81882584417,47247.29878663737,1660.1610278711983,3240.530670708133,0.4315,1844.12380954114,6059.351352864667,2671.6507427591164
X-n261-k13,260,atm,ortools:robust_mean_1std_scaled_or_tools,robust_mean_1std_scaled_or_tools,ortools,True,True,True,13,31915.0,5.000416278839111,1.5640764236450195,6.564492702484131,13982.735,0.995,pulp_cbc,mean_total_cost,38382.69253335107,,180,60,True,14982.669280417082,15021.029351368781,17862.196299766994,17900.458727447764,12475.524138975257,14053.000024099998,38382.69253335107,44153.799325264095,49127.92484842919,1649.1194865502193,3231.850300087938,0.43488461538461537,1833.0823186201608,6467.692533351082,0.0
X-n261-k13,260,grocery,ortools:robust_mean_1std_scaled_or_tools,robust_mean_1std_scaled_or_tools,ortools,True,True,True,13,31915.0,5.000416278839111,1.3335928916931152,6.334009170532227,13982.735,0.995,pulp_cbc,mean_total_cost,36068.87624396973,,180,60,True,14982.669280417082,15021.029351368781,17862.196299766994,17900.458727447764,5931.694411155062,14052.999993999998,36068.87624396973,38874.2534318515,41461.417933904275,1647.998409873283,3227.8417542737807,0.4331153846153846,1831.961211843224,4153.876243969726,0.0
X-n261-k13,260,cargo,ortools:robust_mean_1std_scaled_or_tools,robust_mean_1std_scaled_or_tools,ortools,True,True,True,13,31915.0,5.000416278839111,1.777334451675415,6.777750730514526,13982.735,0.995,pulp_cbc,mean_total_cost,36765.10460877451,,180,60,True,14982.669280417082,15021.029351368781,17862.196299766994,17900.458727447764,11226.286454971632,14053.0000034,36765.10460877451,41130.027287211444,44915.69485679186,1653.6401763941687,3237.8822456091398,0.42923076923076925,1837.6029877641108,4850.104608774512,0.0
X-n261-k13,260,cold_chain,ortools:robust_mean_1std_scaled_or_tools,robust_mean_1std_scaled_or_tools,ortools,True,True,True,13,31915.0,5.000416278839111,1.5101592540740967,6.510575532913208,13982.735,0.995,pulp_cbc,mean_total_cost,40682.52457985511,,180,60,True,14982.669280417082,15021.029351368781,17862.196299766994,17900.458727447764,13353.542150662935,14052.999994999998,40682.52457985511,44272.03021878218,47609.41513340923,1649.0541023539051,3236.207907440471,0.42503846153846153,1833.0169053238467,6032.2671578607615,2735.257421994347
X-n261-k13,260,atm,ortools:robust_mean_2std_scaled_or_tools,robust_mean_2std_scaled_or_tools,ortools,True,True,True,13,31963.0,5.002643585205078,1.5536856651306152,6.556329250335693,13982.735000000002,0.9950000000000002,pulp_cbc,mean_total_cost,38443.83762383181,,180,60,True,14982.669280417082,15021.029351368781,17862.196299766994,17900.458727447764,12502.796489562488,14052.9999849,38443.83762383181,44136.36440776961,49209.893107949894,1655.6792847517986,3222.0813883249116,0.4378076923076923,1839.6420776217408,6480.837623831815,0.0
X-n261-k13,260,grocery,ortools:robust_mean_2std_scaled_or_tools,robust_mean_2std_scaled_or_tools,ortools,True,True,True,13,31963.0,5.002643585205078,1.3719456195831299,6.374589204788208,13982.735000000002,0.9950000000000002,pulp_cbc,mean_total_cost,36129.924429747465,,180,60,True,14982.669280417082,15021.029351368781,17862.196299766994,17900.458727447764,5954.0845497938035,14053.0000156,36129.924429747465,38891.26239989949,41538.55107886734,1654.2596602553813,3220.088811276311,0.4359230769230769,1838.222483825323,4166.924429747479,0.0
X-n261-k13,260,cargo,ortools:robust_mean_2std_scaled_or_tools,robust_mean_2std_scaled_or_tools,ortools,True,True,True,13,31963.0,5.002643585205078,1.7690420150756836,6.771685600280762,13982.735000000002,0.9950000000000002,pulp_cbc,mean_total_cost,36804.91495043435,,180,60,True,14982.669280417082,15021.029351368781,17862.196299766994,17900.458727447764,11209.532760811588,14052.99997271,36804.91495043435,41108.272419719,44941.075538606776,1660.8733273769308,3232.158747275028,0.4326153846153846,1844.8361080568727,4841.914950434352,0.0
X-n261-k13,260,cold_chain,ortools:robust_mean_2std_scaled_or_tools,robust_mean_2std_scaled_or_tools,ortools,True,True,True,13,31963.0,5.002643585205078,1.4796504974365234,6.482294082641602,13982.735000000002,0.9950000000000002,pulp_cbc,mean_total_cost,40737.57363259046,,180,60,True,14982.669280417082,15021.029351368781,17862.196299766994,17900.458727447764,13366.341919126848,14053.0000062,40737.57363259046,44277.05400186637,47683.78462147901,1658.5528064910334,3236.8635000758873,0.42973076923076925,1842.5156206609756,6053.948625648601,2720.625006941863
X-n266-k58,265,atm,ortools:nominal_or_tools,nominal_or_tools,ortools,False,False,False,0,,5.005560636520386,,5.005560636520386,2015.0,0.9926108374384236,pulp_cbc,mean_total_cost,,ortools_no_solution,180,60,True,2224.378262414001,2226.078225706277,2602.7745458647455,2604.041022210825,,,,,,,,,,,
X-n266-k58,265,grocery,ortools:nominal_or_tools,nominal_or_tools,ortools,False,False,False,0,,5.005560636520386,,5.005560636520386,2015.0,0.9926108374384236,pulp_cbc,mean_total_cost,,ortools_no_solution,180,60,True,2224.378262414001,2226.078225706277,2602.7745458647455,2604.041022210825,,,,,,,,,,,
X-n266-k58,265,cargo,ortools:nominal_or_tools,nominal_or_tools,ortools,False,False,False,0,,5.005560636520386,,5.005560636520386,2015.0,0.9926108374384236,pulp_cbc,mean_total_cost,,ortools_no_solution,180,60,True,2224.378262414001,2226.078225706277,2602.7745458647455,2604.041022210825,,,,,,,,,,,
X-n266-k58,265,cold_chain,ortools:nominal_or_tools,nominal_or_tools,ortools,False,False,False,0,,5.005560636520386,,5.005560636520386,2015.0,0.9926108374384236,pulp_cbc,mean_total_cost,,ortools_no_solution,180,60,True,2224.378262414001,2226.078225706277,2602.7745458647455,2604.041022210825,,,,,,,,,,,
X-n266-k58,265,atm,ortools:proxy_mean_or_tools,proxy_mean_or_tools,ortools,False,False,False,0,,0.0,,0.0,2224.3782624140013,1.0957528386275868,pulp_cbc,mean_total_cost,,total_load_exceeds_fleet_capacity,180,60,True,2224.378262414001,2226.078225706277,2602.7745458647455,2604.041022210825,,,,,,,,,,,
X-n266-k58,265,grocery,ortools:proxy_mean_or_tools,proxy_mean_or_tools,ortools,False,False,False,0,,0.0,,0.0,2224.3782624140013,1.0957528386275868,pulp_cbc,mean_total_cost,,total_load_exceeds_fleet_capacity,180,60,True,2224.378262414001,2226.078225706277,2602.7745458647455,2604.041022210825,,,,,,,,,,,
X-n266-k58,265,cargo,ortools:proxy_mean_or_tools,proxy_mean_or_tools,ortools,False,False,False,0,,0.0,,0.0,2224.3782624140013,1.0957528386275868,pulp_cbc,mean_total_cost,,total_load_exceeds_fleet_capacity,180,60,True,2224.378262414001,2226.078225706277,2602.7745458647455,2604.041022210825,,,,,,,,,,,
X-n266-k58,265,cold_chain,ortools:proxy_mean_or_tools,proxy_mean_or_tools,ortools,False,False,False,0,,0.0,,0.0,2224.3782624140013,1.0957528386275868,pulp_cbc,mean_total_cost,,total_load_exceeds_fleet_capacity,180,60,True,2224.378262414001,2226.078225706277,2602.7745458647455,2604.041022210825,,,,,,,,,,,
X-n266-k58,265,atm,ortools:quantile_p75_or_tools,quantile_p75_or_tools,ortools,False,False,False,0,,0.0,,0.0,2579.3773761308194,1.2706292493255267,pulp_cbc,mean_total_cost,,total_load_exceeds_fleet_capacity,180,60,True,2224.378262414001,2226.078225706277,2602.7745458647455,2604.041022210825,,,,,,,,,,,
X-n266-k58,265,grocery,ortools:quantile_p75_or_tools,quantile_p75_or_tools,ortools,False,False,False,0,,0.0,,0.0,2579.3773761308194,1.2706292493255267,pulp_cbc,mean_total_cost,,total_load_exceeds_fleet_capacity,180,60,True,2224.378262414001,2226.078225706277,2602.7745458647455,2604.041022210825,,,,,,,,,,,
X-n266-k58,265,cargo,ortools:quantile_p75_or_tools,quantile_p75_or_tools,ortools,False,False,False,0,,0.0,,0.0,2579.3773761308194,1.2706292493255267,pulp_cbc,mean_total_cost,,total_load_exceeds_fleet_capacity,180,60,True,2224.378262414001,2226.078225706277,2602.7745458647455,2604.041022210825,,,,,,,,,,,
X-n266-k58,265,cold_chain,ortools:quantile_p75_or_tools,quantile_p75_or_tools,ortools,False,False,False,0,,0.0,,0.0,2579.3773761308194,1.2706292493255267,pulp_cbc,mean_total_cost,,total_load_exceeds_fleet_capacity,180,60,True,2224.378262414001,2226.078225706277,2602.7745458647455,2604.041022210825,,,,,,,,,,,
X-n266-k58,265,atm,ortools:quantile_p90_or_tools,quantile_p90_or_tools,ortools,False,False,False,0,,0.0,,0.0,3066.6940663187142,1.5106867321767066,pulp_cbc,mean_total_cost,,total_load_exceeds_fleet_capacity,180,60,True,2224.378262414001,2226.078225706277,2602.7745458647455,2604.041022210825,,,,,,,,,,,
X-n266-k58,265,grocery,ortools:quantile_p90_or_tools,quantile_p90_or_tools,ortools,False,False,False,0,,0.0,,0.0,3066.6940663187142,1.5106867321767066,pulp_cbc,mean_total_cost,,total_load_exceeds_fleet_capacity,180,60,True,2224.378262414001,2226.078225706277,2602.7745458647455,2604.041022210825,,,,,,,,,,,
X-n266-k58,265,cargo,ortools:quantile_p90_or_tools,quantile_p90_or_tools,ortools,False,False,False,0,,0.0,,0.0,3066.6940663187142,1.5106867321767066,pulp_cbc,mean_total_cost,,total_load_exceeds_fleet_capacity,180,60,True,2224.378262414001,2226.078225706277,2602.7745458647455,2604.041022210825,,,,,,,,,,,
X-n266-k58,265,cold_chain,ortools:quantile_p90_or_tools,quantile_p90_or_tools,ortools,False,False,False,0,,0.0,,0.0,3066.6940663187142,1.5106867321767066,pulp_cbc,mean_total_cost,,total_load_exceeds_fleet_capacity,180,60,True,2224.378262414001,2226.078225706277,2602.7745458647455,2604.041022210825,,,,,,,,,,,
X-n266-k58,265,atm,ortools:robust_mean_1std_or_tools,robust_mean_1std_or_tools,ortools,False,False,False,0,,0.0,,0.0,2872.6557950280667,1.4151013768611167,pulp_cbc,mean_total_cost,,total_load_exceeds_fleet_capacity,180,60,True,2224.378262414001,2226.078225706277,2602.7745458647455,2604.041022210825,,,,,,,,,,,
X-n266-k58,265,grocery,ortools:robust_mean_1std_or_tools,robust_mean_1std_or_tools,ortools,False,False,False,0,,0.0,,0.0,2872.6557950280667,1.4151013768611167,pulp_cbc,mean_total_cost,,total_load_exceeds_fleet_capacity,180,60,True,2224.378262414001,2226.078225706277,2602.7745458647455,2604.041022210825,,,,,,,,,,,
X-n266-k58,265,cargo,ortools:robust_mean_1std_or_tools,robust_mean_1std_or_tools,ortools,False,False,False,0,,0.0,,0.0,2872.6557950280667,1.4151013768611167,pulp_cbc,mean_total_cost,,total_load_exceeds_fleet_capacity,180,60,True,2224.378262414001,2226.078225706277,2602.7745458647455,2604.041022210825,,,,,,,,,,,
X-n266-k58,265,cold_chain,ortools:robust_mean_1std_or_tools,robust_mean_1std_or_tools,ortools,False,False,False,0,,0.0,,0.0,2872.6557950280667,1.4151013768611167,pulp_cbc,mean_total_cost,,total_load_exceeds_fleet_capacity,180,60,True,2224.378262414001,2226.078225706277,2602.7745458647455,2604.041022210825,,,,,,,,,,,
X-n266-k58,265,atm,ortools:robust_mean_2std_or_tools,robust_mean_2std_or_tools,ortools,False,False,False,0,,0.0,,0.0,3520.933327642133,1.7344499150946469,pulp_cbc,mean_total_cost,,total_load_exceeds_fleet_capacity,180,60,True,2224.378262414001,2226.078225706277,2602.7745458647455,2604.041022210825,,,,,,,,,,,
X-n266-k58,265,grocery,ortools:robust_mean_2std_or_tools,robust_mean_2std_or_tools,ortools,False,False,False,0,,0.0,,0.0,3520.933327642133,1.7344499150946469,pulp_cbc,mean_total_cost,,total_load_exceeds_fleet_capacity,180,60,True,2224.378262414001,2226.078225706277,2602.7745458647455,2604.041022210825,,,,,,,,,,,
X-n266-k58,265,cargo,ortools:robust_mean_2std_or_tools,robust_mean_2std_or_tools,ortools,False,False,False,0,,0.0,,0.0,3520.933327642133,1.7344499150946469,pulp_cbc,mean_total_cost,,total_load_exceeds_fleet_capacity,180,60,True,2224.378262414001,2226.078225706277,2602.7745458647455,2604.041022210825,,,,,,,,,,,
X-n266-k58,265,cold_chain,ortools:robust_mean_2std_or_tools,robust_mean_2std_or_tools,ortools,False,False,False,0,,0.0,,0.0,3520.933327642133,1.7344499150946469,pulp_cbc,mean_total_cost,,total_load_exceeds_fleet_capacity,180,60,True,2224.378262414001,2226.078225706277,2602.7745458647455,2604.041022210825,,,,,,,,,,,
X-n266-k58,265,atm,ortools:proxy_mean_scaled_or_tools,proxy_mean_scaled_or_tools,ortools,False,False,False,0,,5.004692792892456,,5.004692792892456,2019.85,0.995,pulp_cbc,mean_total_cost,,ortools_no_solution,180,60,True,2224.378262414001,2226.078225706277,2602.7745458647455,2604.041022210825,,,,,,,,,,,
X-n266-k58,265,grocery,ortools:proxy_mean_scaled_or_tools,proxy_mean_scaled_or_tools,ortools,False,False,False,0,,5.004692792892456,,5.004692792892456,2019.85,0.995,pulp_cbc,mean_total_cost,,ortools_no_solution,180,60,True,2224.378262414001,2226.078225706277,2602.7745458647455,2604.041022210825,,,,,,,,,,,
X-n266-k58,265,cargo,ortools:proxy_mean_scaled_or_tools,proxy_mean_scaled_or_tools,ortools,False,False,False,0,,5.004692792892456,,5.004692792892456,2019.85,0.995,pulp_cbc,mean_total_cost,,ortools_no_solution,180,60,True,2224.378262414001,2226.078225706277,2602.7745458647455,2604.041022210825,,,,,,,,,,,
X-n266-k58,265,cold_chain,ortools:proxy_mean_scaled_or_tools,proxy_mean_scaled_or_tools,ortools,False,False,False,0,,5.004692792892456,,5.004692792892456,2019.85,0.995,pulp_cbc,mean_total_cost,,ortools_no_solution,180,60,True,2224.378262414001,2226.078225706277,2602.7745458647455,2604.041022210825,,,,,,,,,,,
X-n266-k58,265,atm,ortools:quantile_p75_scaled_or_tools,quantile_p75_scaled_or_tools,ortools,False,False,False,0,,0.0,,0.0,2019.8500000000001,0.9950000000000001,pulp_cbc,mean_total_cost,,total_load_exceeds_fleet_capacity,180,60,True,2224.378262414001,2226.078225706277,2602.7745458647455,2604.041022210825,,,,,,,,,,,
X-n266-k58,265,grocery,ortools:quantile_p75_scaled_or_tools,quantile_p75_scaled_or_tools,ortools,False,False,False,0,,0.0,,0.0,2019.8500000000001,0.9950000000000001,pulp_cbc,mean_total_cost,,total_load_exceeds_fleet_capacity,180,60,True,2224.378262414001,2226.078225706277,2602.7745458647455,2604.041022210825,,,,,,,,,,,
X-n266-k58,265,cargo,ortools:quantile_p75_scaled_or_tools,quantile_p75_scaled_or_tools,ortools,False,False,False,0,,0.0,,0.0,2019.8500000000001,0.9950000000000001,pulp_cbc,mean_total_cost,,total_load_exceeds_fleet_capacity,180,60,True,2224.378262414001,2226.078225706277,2602.7745458647455,2604.041022210825,,,,,,,,,,,
X-n266-k58,265,cold_chain,ortools:quantile_p75_scaled_or_tools,quantile_p75_scaled_or_tools,ortools,False,False,False,0,,0.0,,0.0,2019.8500000000001,0.9950000000000001,pulp_cbc,mean_total_cost,,total_load_exceeds_fleet_capacity,180,60,True,2224.378262414001,2226.078225706277,2602.7745458647455,2604.041022210825,,,,,,,,,,,
X-n266-k58,265,atm,ortools:quantile_p90_scaled_or_tools,quantile_p90_scaled_or_tools,ortools,False,False,False,0,,0.0,,0.0,2019.8500000000004,0.9950000000000002,pulp_cbc,mean_total_cost,,total_load_exceeds_fleet_capacity,180,60,True,2224.378262414001,2226.078225706277,2602.7745458647455,2604.041022210825,,,,,,,,,,,
X-n266-k58,265,grocery,ortools:quantile_p90_scaled_or_tools,quantile_p90_scaled_or_tools,ortools,False,False,False,0,,0.0,,0.0,2019.8500000000004,0.9950000000000002,pulp_cbc,mean_total_cost,,total_load_exceeds_fleet_capacity,180,60,True,2224.378262414001,2226.078225706277,2602.7745458647455,2604.041022210825,,,,,,,,,,,
X-n266-k58,265,cargo,ortools:quantile_p90_scaled_or_tools,quantile_p90_scaled_or_tools,ortools,False,False,False,0,,0.0,,0.0,2019.8500000000004,0.9950000000000002,pulp_cbc,mean_total_cost,,total_load_exceeds_fleet_capacity,180,60,True,2224.378262414001,2226.078225706277,2602.7745458647455,2604.041022210825,,,,,,,,,,,
X-n266-k58,265,cold_chain,ortools:quantile_p90_scaled_or_tools,quantile_p90_scaled_or_tools,ortools,False,False,False,0,,0.0,,0.0,2019.8500000000004,0.9950000000000002,pulp_cbc,mean_total_cost,,total_load_exceeds_fleet_capacity,180,60,True,2224.378262414001,2226.078225706277,2602.7745458647455,2604.041022210825,,,,,,,,,,,
X-n266-k58,265,atm,ortools:robust_mean_1std_scaled_or_tools,robust_mean_1std_scaled_or_tools,ortools,False,False,False,0,,0.0,,0.0,2019.8500000000001,0.9950000000000001,pulp_cbc,mean_total_cost,,total_load_exceeds_fleet_capacity,180,60,True,2224.378262414001,2226.078225706277,2602.7745458647455,2604.041022210825,,,,,,,,,,,
X-n266-k58,265,grocery,ortools:robust_mean_1std_scaled_or_tools,robust_mean_1std_scaled_or_tools,ortools,False,False,False,0,,0.0,,0.0,2019.8500000000001,0.9950000000000001,pulp_cbc,mean_total_cost,,total_load_exceeds_fleet_capacity,180,60,True,2224.378262414001,2226.078225706277,2602.7745458647455,2604.041022210825,,,,,,,,,,,
X-n266-k58,265,cargo,ortools:robust_mean_1std_scaled_or_tools,robust_mean_1std_scaled_or_tools,ortools,False,False,False,0,,0.0,,0.0,2019.8500000000001,0.9950000000000001,pulp_cbc,mean_total_cost,,total_load_exceeds_fleet_capacity,180,60,True,2224.378262414001,2226.078225706277,2602.7745458647455,2604.041022210825,,,,,,,,,,,
X-n266-k58,265,cold_chain,ortools:robust_mean_1std_scaled_or_tools,robust_mean_1std_scaled_or_tools,ortools,False,False,False,0,,0.0,,0.0,2019.8500000000001,0.9950000000000001,pulp_cbc,mean_total_cost,,total_load_exceeds_fleet_capacity,180,60,True,2224.378262414001,2226.078225706277,2602.7745458647455,2604.041022210825,,,,,,,,,,,
X-n266-k58,265,atm,ortools:robust_mean_2std_scaled_or_tools,robust_mean_2std_scaled_or_tools,ortools,False,False,False,0,,5.0024237632751465,,5.0024237632751465,2019.85,0.995,pulp_cbc,mean_total_cost,,ortools_no_solution,180,60,True,2224.378262414001,2226.078225706277,2602.7745458647455,2604.041022210825,,,,,,,,,,,
X-n266-k58,265,grocery,ortools:robust_mean_2std_scaled_or_tools,robust_mean_2std_scaled_or_tools,ortools,False,False,False,0,,5.0024237632751465,,5.0024237632751465,2019.85,0.995,pulp_cbc,mean_total_cost,,ortools_no_solution,180,60,True,2224.378262414001,2226.078225706277,2602.7745458647455,2604.041022210825,,,,,,,,,,,
X-n266-k58,265,cargo,ortools:robust_mean_2std_scaled_or_tools,robust_mean_2std_scaled_or_tools,ortools,False,False,False,0,,5.0024237632751465,,5.0024237632751465,2019.85,0.995,pulp_cbc,mean_total_cost,,ortools_no_solution,180,60,True,2224.378262414001,2226.078225706277,2602.7745458647455,2604.041022210825,,,,,,,,,,,
X-n266-k58,265,cold_chain,ortools:robust_mean_2std_scaled_or_tools,robust_mean_2std_scaled_or_tools,ortools,False,False,False,0,,5.0024237632751465,,5.0024237632751465,2019.85,0.995,pulp_cbc,mean_total_cost,,ortools_no_solution,180,60,True,2224.378262414001,2226.078225706277,2602.7745458647455,2604.041022210825,,,,,,,,,,,
X-n270-k35,269,atm,ortools:nominal_or_tools,nominal_or_tools,ortools,False,False,False,0,,5.004937648773193,,5.004937648773193,20419.0,0.9972649572649572,pulp_cbc,mean_total_cost,,ortools_no_solution,180,60,True,23040.355544311136,23095.523995042688,27375.02728135898,27433.89173048248,,,,,,,,,,,
X-n270-k35,269,grocery,ortools:nominal_or_tools,nominal_or_tools,ortools,False,False,False,0,,5.004937648773193,,5.004937648773193,20419.0,0.9972649572649572,pulp_cbc,mean_total_cost,,ortools_no_solution,180,60,True,23040.355544311136,23095.523995042688,27375.02728135898,27433.89173048248,,,,,,,,,,,
X-n270-k35,269,cargo,ortools:nominal_or_tools,nominal_or_tools,ortools,False,False,False,0,,5.004937648773193,,5.004937648773193,20419.0,0.9972649572649572,pulp_cbc,mean_total_cost,,ortools_no_solution,180,60,True,23040.355544311136,23095.523995042688,27375.02728135898,27433.89173048248,,,,,,,,,,,
X-n270-k35,269,cold_chain,ortools:nominal_or_tools,nominal_or_tools,ortools,False,False,False,0,,5.004937648773193,,5.004937648773193,20419.0,0.9972649572649572,pulp_cbc,mean_total_cost,,ortools_no_solution,180,60,True,23040.355544311136,23095.523995042688,27375.02728135898,27433.89173048248,,,,,,,,,,,
X-n270-k35,269,atm,ortools:proxy_mean_or_tools,proxy_mean_or_tools,ortools,False,False,False,0,,0.0,,0.0,23040.355544311136,1.125292090076246,pulp_cbc,mean_total_cost,,total_load_exceeds_fleet_capacity,180,60,True,23040.355544311136,23095.523995042688,27375.02728135898,27433.89173048248,,,,,,,,,,,
X-n270-k35,269,grocery,ortools:proxy_mean_or_tools,proxy_mean_or_tools,ortools,False,False,False,0,,0.0,,0.0,23040.355544311136,1.125292090076246,pulp_cbc,mean_total_cost,,total_load_exceeds_fleet_capacity,180,60,True,23040.355544311136,23095.523995042688,27375.02728135898,27433.89173048248,,,,,,,,,,,
X-n270-k35,269,cargo,ortools:proxy_mean_or_tools,proxy_mean_or_tools,ortools,False,False,False,0,,0.0,,0.0,23040.355544311136,1.125292090076246,pulp_cbc,mean_total_cost,,total_load_exceeds_fleet_capacity,180,60,True,23040.355544311136,23095.523995042688,27375.02728135898,27433.89173048248,,,,,,,,,,,
X-n270-k35,269,cold_chain,ortools:proxy_mean_or_tools,proxy_mean_or_tools,ortools,False,False,False,0,,0.0,,0.0,23040.355544311136,1.125292090076246,pulp_cbc,mean_total_cost,,total_load_exceeds_fleet_capacity,180,60,True,23040.355544311136,23095.523995042688,27375.02728135898,27433.89173048248,,,,,,,,,,,
X-n270-k35,269,atm,ortools:quantile_p75_or_tools,quantile_p75_or_tools,ortools,False,False,False,0,,0.0,,0.0,26713.702051813943,1.304698512909106,pulp_cbc,mean_total_cost,,total_load_exceeds_fleet_capacity,180,60,True,23040.355544311136,23095.523995042688,27375.02728135898,27433.89173048248,,,,,,,,,,,
X-n270-k35,269,grocery,ortools:quantile_p75_or_tools,quantile_p75_or_tools,ortools,False,False,False,0,,0.0,,0.0,26713.702051813943,1.304698512909106,pulp_cbc,mean_total_cost,,total_load_exceeds_fleet_capacity,180,60,True,23040.355544311136,23095.523995042688,27375.02728135898,27433.89173048248,,,,,,,,,,,
X-n270-k35,269,cargo,ortools:quantile_p75_or_tools,quantile_p75_or_tools,ortools,False,False,False,0,,0.0,,0.0,26713.702051813943,1.304698512909106,pulp_cbc,mean_total_cost,,total_load_exceeds_fleet_capacity,180,60,True,23040.355544311136,23095.523995042688,27375.02728135898,27433.89173048248,,,,,,,,,,,
X-n270-k35,269,cold_chain,ortools:quantile_p75_or_tools,quantile_p75_or_tools,ortools,False,False,False,0,,0.0,,0.0,26713.702051813943,1.304698512909106,pulp_cbc,mean_total_cost,,total_load_exceeds_fleet_capacity,180,60,True,23040.355544311136,23095.523995042688,27375.02728135898,27433.89173048248,,,,,,,,,,,
X-n270-k35,269,atm,ortools:quantile_p90_or_tools,quantile_p90_or_tools,ortools,False,False,False,0,,0.0,,0.0,32010.96922277502,1.5634173002576321,pulp_cbc,mean_total_cost,,total_load_exceeds_fleet_capacity,180,60,True,23040.355544311136,23095.523995042688,27375.02728135898,27433.89173048248,,,,,,,,,,,
X-n270-k35,269,grocery,ortools:quantile_p90_or_tools,quantile_p90_or_tools,ortools,False,False,False,0,,0.0,,0.0,32010.96922277502,1.5634173002576321,pulp_cbc,mean_total_cost,,total_load_exceeds_fleet_capacity,180,60,True,23040.355544311136,23095.523995042688,27375.02728135898,27433.89173048248,,,,,,,,,,,
X-n270-k35,269,cargo,ortools:quantile_p90_or_tools,quantile_p90_or_tools,ortools,False,False,False,0,,0.0,,0.0,32010.96922277502,1.5634173002576321,pulp_cbc,mean_total_cost,,total_load_exceeds_fleet_capacity,180,60,True,23040.355544311136,23095.523995042688,27375.02728135898,27433.89173048248,,,,,,,,,,,
X-n270-k35,269,cold_chain,ortools:quantile_p90_or_tools,quantile_p90_or_tools,ortools,False,False,False,0,,0.0,,0.0,32010.96922277502,1.5634173002576321,pulp_cbc,mean_total_cost,,total_load_exceeds_fleet_capacity,180,60,True,23040.355544311136,23095.523995042688,27375.02728135898,27433.89173048248,,,,,,,,,,,
X-n270-k35,269,atm,ortools:robust_mean_1std_or_tools,robust_mean_1std_or_tools,ortools,False,False,False,0,,0.0,,0.0,29994.417017623462,1.464928792069522,pulp_cbc,mean_total_cost,,total_load_exceeds_fleet_capacity,180,60,True,23040.355544311136,23095.523995042688,27375.02728135898,27433.89173048248,,,,,,,,,,,
X-n270-k35,269,grocery,ortools:robust_mean_1std_or_tools,robust_mean_1std_or_tools,ortools,False,False,False,0,,0.0,,0.0,29994.417017623462,1.464928792069522,pulp_cbc,mean_total_cost,,total_load_exceeds_fleet_capacity,180,60,True,23040.355544311136,23095.523995042688,27375.02728135898,27433.89173048248,,,,,,,,,,,
X-n270-k35,269,cargo,ortools:robust_mean_1std_or_tools,robust_mean_1std_or_tools,ortools,False,False,False,0,,0.0,,0.0,29994.417017623462,1.464928792069522,pulp_cbc,mean_total_cost,,total_load_exceeds_fleet_capacity,180,60,True,23040.355544311136,23095.523995042688,27375.02728135898,27433.89173048248,,,,,,,,,,,
X-n270-k35,269,cold_chain,ortools:robust_mean_1std_or_tools,robust_mean_1std_or_tools,ortools,False,False,False,0,,0.0,,0.0,29994.417017623462,1.464928792069522,pulp_cbc,mean_total_cost,,total_load_exceeds_fleet_capacity,180,60,True,23040.355544311136,23095.523995042688,27375.02728135898,27433.89173048248,,,,,,,,,,,
X-n270-k35,269,atm,ortools:robust_mean_2std_or_tools,robust_mean_2std_or_tools,ortools,False,False,False,0,,0.0,,0.0,36948.478490935784,1.8045654940627978,pulp_cbc,mean_total_cost,,total_load_exceeds_fleet_capacity,180,60,True,23040.355544311136,23095.523995042688,27375.02728135898,27433.89173048248,,,,,,,,,,,
X-n270-k35,269,grocery,ortools:robust_mean_2std_or_tools,robust_mean_2std_or_tools,ortools,False,False,False,0,,0.0,,0.0,36948.478490935784,1.8045654940627978,pulp_cbc,mean_total_cost,,total_load_exceeds_fleet_capacity,180,60,True,23040.355544311136,23095.523995042688,27375.02728135898,27433.89173048248,,,,,,,,,,,
X-n270-k35,269,cargo,ortools:robust_mean_2std_or_tools,robust_mean_2std_or_tools,ortools,False,False,False,0,,0.0,,0.0,36948.478490935784,1.8045654940627978,pulp_cbc,mean_total_cost,,total_load_exceeds_fleet_capacity,180,60,True,23040.355544311136,23095.523995042688,27375.02728135898,27433.89173048248,,,,,,,,,,,
X-n270-k35,269,cold_chain,ortools:robust_mean_2std_or_tools,robust_mean_2std_or_tools,ortools,False,False,False,0,,0.0,,0.0,36948.478490935784,1.8045654940627978,pulp_cbc,mean_total_cost,,total_load_exceeds_fleet_capacity,180,60,True,23040.355544311136,23095.523995042688,27375.02728135898,27433.89173048248,,,,,,,,,,,
X-n270-k35,269,atm,ortools:proxy_mean_scaled_or_tools,proxy_mean_scaled_or_tools,ortools,False,False,False,0,,5.0059568881988525,,5.0059568881988525,20372.625,0.995,pulp_cbc,mean_total_cost,,ortools_no_solution,180,60,True,23040.355544311136,23095.523995042688,27375.02728135898,27433.89173048248,,,,,,,,,,,
X-n270-k35,269,grocery,ortools:proxy_mean_scaled_or_tools,proxy_mean_scaled_or_tools,ortools,False,False,False,0,,5.0059568881988525,,5.0059568881988525,20372.625,0.995,pulp_cbc,mean_total_cost,,ortools_no_solution,180,60,True,23040.355544311136,23095.523995042688,27375.02728135898,27433.89173048248,,,,,,,,,,,
X-n270-k35,269,cargo,ortools:proxy_mean_scaled_or_tools,proxy_mean_scaled_or_tools,ortools,False,False,False,0,,5.0059568881988525,,5.0059568881988525,20372.625,0.995,pulp_cbc,mean_total_cost,,ortools_no_solution,180,60,True,23040.355544311136,23095.523995042688,27375.02728135898,27433.89173048248,,,,,,,,,,,
X-n270-k35,269,cold_chain,ortools:proxy_mean_scaled_or_tools,proxy_mean_scaled_or_tools,ortools,False,False,False,0,,5.0059568881988525,,5.0059568881988525,20372.625,0.995,pulp_cbc,mean_total_cost,,ortools_no_solution,180,60,True,23040.355544311136,23095.523995042688,27375.02728135898,27433.89173048248,,,,,,,,,,,
X-n270-k35,269,atm,ortools:quantile_p75_scaled_or_tools,quantile_p75_scaled_or_tools,ortools,False,False,False,0,,5.004715919494629,,5.004715919494629,20372.625,0.995,pulp_cbc,mean_total_cost,,ortools_no_solution,180,60,True,23040.355544311136,23095.523995042688,27375.02728135898,27433.89173048248,,,,,,,,,,,
X-n270-k35,269,grocery,ortools:quantile_p75_scaled_or_tools,quantile_p75_scaled_or_tools,ortools,False,False,False,0,,5.004715919494629,,5.004715919494629,20372.625,0.995,pulp_cbc,mean_total_cost,,ortools_no_solution,180,60,True,23040.355544311136,23095.523995042688,27375.02728135898,27433.89173048248,,,,,,,,,,,
X-n270-k35,269,cargo,ortools:quantile_p75_scaled_or_tools,quantile_p75_scaled_or_tools,ortools,False,False,False,0,,5.004715919494629,,5.004715919494629,20372.625,0.995,pulp_cbc,mean_total_cost,,ortools_no_solution,180,60,True,23040.355544311136,23095.523995042688,27375.02728135898,27433.89173048248,,,,,,,,,,,
X-n270-k35,269,cold_chain,ortools:quantile_p75_scaled_or_tools,quantile_p75_scaled_or_tools,ortools,False,False,False,0,,5.004715919494629,,5.004715919494629,20372.625,0.995,pulp_cbc,mean_total_cost,,ortools_no_solution,180,60,True,23040.355544311136,23095.523995042688,27375.02728135898,27433.89173048248,,,,,,,,,,,
X-n270-k35,269,atm,ortools:quantile_p90_scaled_or_tools,quantile_p90_scaled_or_tools,ortools,False,False,False,0,,5.003725528717041,,5.003725528717041,20372.625,0.995,pulp_cbc,mean_total_cost,,ortools_no_solution,180,60,True,23040.355544311136,23095.523995042688,27375.02728135898,27433.89173048248,,,,,,,,,,,
X-n270-k35,269,grocery,ortools:quantile_p90_scaled_or_tools,quantile_p90_scaled_or_tools,ortools,False,False,False,0,,5.003725528717041,,5.003725528717041,20372.625,0.995,pulp_cbc,mean_total_cost,,ortools_no_solution,180,60,True,23040.355544311136,23095.523995042688,27375.02728135898,27433.89173048248,,,,,,,,,,,
X-n270-k35,269,cargo,ortools:quantile_p90_scaled_or_tools,quantile_p90_scaled_or_tools,ortools,False,False,False,0,,5.003725528717041,,5.003725528717041,20372.625,0.995,pulp_cbc,mean_total_cost,,ortools_no_solution,180,60,True,23040.355544311136,23095.523995042688,27375.02728135898,27433.89173048248,,,,,,,,,,,
X-n270-k35,269,cold_chain,ortools:quantile_p90_scaled_or_tools,quantile_p90_scaled_or_tools,ortools,False,False,False,0,,5.003725528717041,,5.003725528717041,20372.625,0.995,pulp_cbc,mean_total_cost,,ortools_no_solution,180,60,True,23040.355544311136,23095.523995042688,27375.02728135898,27433.89173048248,,,,,,,,,,,
X-n270-k35,269,atm,ortools:robust_mean_1std_scaled_or_tools,robust_mean_1std_scaled_or_tools,ortools,False,False,False,0,,5.0025551319122314,,5.0025551319122314,20372.624999999996,0.9949999999999998,pulp_cbc,mean_total_cost,,ortools_no_solution,180,60,True,23040.355544311136,23095.523995042688,27375.02728135898,27433.89173048248,,,,,,,,,,,
X-n270-k35,269,grocery,ortools:robust_mean_1std_scaled_or_tools,robust_mean_1std_scaled_or_tools,ortools,False,False,False,0,,5.0025551319122314,,5.0025551319122314,20372.624999999996,0.9949999999999998,pulp_cbc,mean_total_cost,,ortools_no_solution,180,60,True,23040.355544311136,23095.523995042688,27375.02728135898,27433.89173048248,,,,,,,,,,,
X-n270-k35,269,cargo,ortools:robust_mean_1std_scaled_or_tools,robust_mean_1std_scaled_or_tools,ortools,False,False,False,0,,5.0025551319122314,,5.0025551319122314,20372.624999999996,0.9949999999999998,pulp_cbc,mean_total_cost,,ortools_no_solution,180,60,True,23040.355544311136,23095.523995042688,27375.02728135898,27433.89173048248,,,,,,,,,,,
X-n270-k35,269,cold_chain,ortools:robust_mean_1std_scaled_or_tools,robust_mean_1std_scaled_or_tools,ortools,False,False,False,0,,5.0025551319122314,,5.0025551319122314,20372.624999999996,0.9949999999999998,pulp_cbc,mean_total_cost,,ortools_no_solution,180,60,True,23040.355544311136,23095.523995042688,27375.02728135898,27433.89173048248,,,,,,,,,,,
X-n270-k35,269,atm,ortools:robust_mean_2std_scaled_or_tools,robust_mean_2std_scaled_or_tools,ortools,False,False,False,0,,4.999542474746704,,4.999542474746704,20372.625,0.995,pulp_cbc,mean_total_cost,,ortools_no_solution,180,60,True,23040.355544311136,23095.523995042688,27375.02728135898,27433.89173048248,,,,,,,,,,,
X-n270-k35,269,grocery,ortools:robust_mean_2std_scaled_or_tools,robust_mean_2std_scaled_or_tools,ortools,False,False,False,0,,4.999542474746704,,4.999542474746704,20372.625,0.995,pulp_cbc,mean_total_cost,,ortools_no_solution,180,60,True,23040.355544311136,23095.523995042688,27375.02728135898,27433.89173048248,,,,,,,,,,,
X-n270-k35,269,cargo,ortools:robust_mean_2std_scaled_or_tools,robust_mean_2std_scaled_or_tools,ortools,False,False,False,0,,4.999542474746704,,4.999542474746704,20372.625,0.995,pulp_cbc,mean_total_cost,,ortools_no_solution,180,60,True,23040.355544311136,23095.523995042688,27375.02728135898,27433.89173048248,,,,,,,,,,,
X-n270-k35,269,cold_chain,ortools:robust_mean_2std_scaled_or_tools,robust_mean_2std_scaled_or_tools,ortools,False,False,False,0,,4.999542474746704,,4.999542474746704,20372.625,0.995,pulp_cbc,mean_total_cost,,ortools_no_solution,180,60,True,23040.355544311136,23095.523995042688,27375.02728135898,27433.89173048248,,,,,,,,,,,
X-n275-k28,274,atm,ortools:nominal_or_tools,nominal_or_tools,ortools,True,True,True,28,22472.0,4.999546527862549,1.3978550434112549,6.397401571273804,274.0,0.9785714285714285,pulp_cbc,mean_total_cost,22580.613949966333,,180,60,True,306.89828660604496,307.5660280006758,368.0009655121191,368.3309895522635,252.89804395386147,280.00000034,22580.613949966333,22657.01285719522,22757.57048916802,28.276056197151316,50.495112194120736,0.41766423357664234,34.09376522349207,108.61394996633572,0.0
X-n275-k28,274,grocery,ortools:nominal_or_tools,nominal_or_tools,ortools,True,True,True,28,22472.0,4.999546527862549,1.32436203956604,6.323908567428589,274.0,0.9785714285714285,pulp_cbc,mean_total_cost,22542.509752252903,,180,60,True,306.89828660604496,307.5660280006758,368.0009655121191,368.3309895522635,119.05923885447174,279.97094958,22542.509752252903,22577.9808073307,22630.203535084627,28.2657210754061,50.48675858069855,0.41664233576642334,34.05437934174685,70.50975225290605,0.0
X-n275-k28,274,cargo,ortools:nominal_or_tools,nominal_or_tools,ortools,True,True,True,28,22472.0,4.999546527862549,1.5829246044158936,6.582471132278442,274.0,0.9785714285714285,pulp_cbc,mean_total_cost,22554.791949940052,,180,60,True,306.89828660604496,307.5660280006758,368.0009655121191,368.3309895522635,229.69661452388624,280.00000001999996,22554.791949940052,22614.005273408657,22691.238420203543,28.387489142974424,50.74635744755972,0.4197810218978102,34.20519784931517,82.79194994005351,0.0
X-n275-k28,274,cold_chain,ortools:nominal_or_tools,nominal_or_tools,ortools,True,True,True,28,22472.0,4.999546527862549,1.3890442848205566,6.3885908126831055,274.0,0.9785714285714285,pulp_cbc,mean_total_cost,22624.421035275744,,180,60,True,306.89828660604496,307.5660280006758,368.0009655121191,368.3309895522635,258.902884590517,279.70825283,22624.421035275744,22667.645066062505,22736.297320707545,28.354385450586918,50.57371319138189,0.41693430656934305,33.88034696692766,101.73705906280793,50.683976212935
X-n275-k28,274,atm,ortools:proxy_mean_or_tools,proxy_mean_or_tools,ortools,True,True,True,28,22472.0,5.0003674030303955,1.4269068241119385,6.427274227142334,306.89828660604496,1.0960653093073034,pulp_cbc,mean_total_cost,22580.613949966333,,180,60,True,306.89828660604496,307.5660280006758,368.0009655121191,368.3309895522635,252.89804395386147,280.00000034,22580.613949966333,22657.01285719522,22757.57048916802,28.276056197151316,50.495112194120736,0.41766423357664234,34.09376522349207,108.61394996633572,0.0
X-n275-k28,274,grocery,ortools:proxy_mean_or_tools,proxy_mean_or_tools,ortools,True,True,True,28,22472.0,5.0003674030303955,1.3744432926177979,6.374810695648193,306.89828660604496,1.0960653093073034,pulp_cbc,mean_total_cost,22542.509752252903,,180,60,True,306.89828660604496,307.5660280006758,368.0009655121191,368.3309895522635,119.05923885447174,279.97094958,22542.509752252903,22577.9808073307,22630.203535084627,28.2657210754061,50.48675858069855,0.41664233576642334,34.05437934174685,70.50975225290605,0.0
X-n275-k28,274,cargo,ortools:proxy_mean_or_tools,proxy_mean_or_tools,ortools,True,True,True,28,22472.0,5.0003674030303955,1.6259851455688477,6.626352548599243,306.89828660604496,1.0960653093073034,pulp_cbc,mean_total_cost,22554.791949940052,,180,60,True,306.89828660604496,307.5660280006758,368.0009655121191,368.3309895522635,229.69661452388624,280.00000001999996,22554.791949940052,22614.005273408657,22691.238420203543,28.387489142974424,50.74635744755972,0.4197810218978102,34.20519784931517,82.79194994005351,0.0
X-n275-k28,274,cold_chain,ortools:proxy_mean_or_tools,proxy_mean_or_tools,ortools,True,True,True,28,22472.0,5.0003674030303955,1.4102599620819092,6.410627365112305,306.89828660604496,1.0960653093073034,pulp_cbc,mean_total_cost,22624.421035275744,,180,60,True,306.89828660604496,307.5660280006758,368.0009655121191,368.3309895522635,258.902884590517,279.70825283,22624.421035275744,22667.645066062505,22736.297320707545,28.354385450586918,50.57371319138189,0.41693430656934305,33.88034696692766,101.73705906280793,50.683976212935
X-n275-k28,274,atm,ortools:quantile_p75_or_tools,quantile_p75_or_tools,ortools,True,True,True,28,22472.0,4.997929811477661,1.567387342453003,6.565317153930664,354.23846786519573,1.2651373852328418,pulp_cbc,mean_total_cost,22580.613949966333,,180,60,True,306.89828660604496,307.5660280006758,368.0009655121191,368.3309895522635,252.89804395386147,280.00000034,22580.613949966333,22657.01285719522,22757.57048916802,28.276056197151316,50.495112194120736,0.41766423357664234,34.09376522349207,108.61394996633572,0.0
X-n275-k28,274,grocery,ortools:quantile_p75_or_tools,quantile_p75_or_tools,ortools,True,True,True,28,22472.0,4.997929811477661,1.3206863403320312,6.318616151809692,354.23846786519573,1.2651373852328418,pulp_cbc,mean_total_cost,22542.509752252903,,180,60,True,306.89828660604496,307.5660280006758,368.0009655121191,368.3309895522635,119.05923885447174,279.97094958,22542.509752252903,22577.9808073307,22630.203535084627,28.2657210754061,50.48675858069855,0.41664233576642334,34.05437934174685,70.50975225290605,0.0
X-n275-k28,274,cargo,ortools:quantile_p75_or_tools,quantile_p75_or_tools,ortools,True,True,True,28,22472.0,4.997929811477661,1.5632081031799316,6.561137914657593,354.23846786519573,1.2651373852328418,pulp_cbc,mean_total_cost,22554.791949940052,,180,60,True,306.89828660604496,307.5660280006758,368.0009655121191,368.3309895522635,229.69661452388624,280.00000001999996,22554.791949940052,22614.005273408657,22691.238420203543,28.387489142974424,50.74635744755972,0.4197810218978102,34.20519784931517,82.79194994005351,0.0
X-n275-k28,274,cold_chain,ortools:quantile_p75_or_tools,quantile_p75_or_tools,ortools,True,True,True,28,22472.0,4.997929811477661,1.3645665645599365,6.362496376037598,354.23846786519573,1.2651373852328418,pulp_cbc,mean_total_cost,22624.421035275744,,180,60,True,306.89828660604496,307.5660280006758,368.0009655121191,368.3309895522635,258.902884590517,279.70825283,22624.421035275744,22667.645066062505,22736.297320707545,28.354385450586918,50.57371319138189,0.41693430656934305,33.88034696692766,101.73705906280793,50.683976212935
X-n275-k28,274,atm,ortools:quantile_p90_or_tools,quantile_p90_or_tools,ortools,False,False,False,0,,0.0,,0.0,420.6868897481655,1.5024531776720198,pulp_cbc,mean_total_cost,,total_load_exceeds_fleet_capacity,180,60,True,306.89828660604496,307.5660280006758,368.0009655121191,368.3309895522635,,,,,,,,,,,
X-n275-k28,274,grocery,ortools:quantile_p90_or_tools,quantile_p90_or_tools,ortools,False,False,False,0,,0.0,,0.0,420.6868897481655,1.5024531776720198,pulp_cbc,mean_total_cost,,total_load_exceeds_fleet_capacity,180,60,True,306.89828660604496,307.5660280006758,368.0009655121191,368.3309895522635,,,,,,,,,,,
X-n275-k28,274,cargo,ortools:quantile_p90_or_tools,quantile_p90_or_tools,ortools,False,False,False,0,,0.0,,0.0,420.6868897481655,1.5024531776720198,pulp_cbc,mean_total_cost,,total_load_exceeds_fleet_capacity,180,60,True,306.89828660604496,307.5660280006758,368.0009655121191,368.3309895522635,,,,,,,,,,,
X-n275-k28,274,cold_chain,ortools:quantile_p90_or_tools,quantile_p90_or_tools,ortools,False,False,False,0,,0.0,,0.0,420.6868897481655,1.5024531776720198,pulp_cbc,mean_total_cost,,total_load_exceeds_fleet_capacity,180,60,True,306.89828660604496,307.5660280006758,368.0009655121191,368.3309895522635,,,,,,,,,,,
X-n275-k28,274,atm,ortools:robust_mean_1std_or_tools,robust_mean_1std_or_tools,ortools,False,False,False,0,,0.0,,0.0,394.6268531649772,1.4093816184463472,pulp_cbc,mean_total_cost,,total_load_exceeds_fleet_capacity,180,60,True,306.89828660604496,307.5660280006758,368.0009655121191,368.3309895522635,,,,,,,,,,,
X-n275-k28,274,grocery,ortools:robust_mean_1std_or_tools,robust_mean_1std_or_tools,ortools,False,False,False,0,,0.0,,0.0,394.6268531649772,1.4093816184463472,pulp_cbc,mean_total_cost,,total_load_exceeds_fleet_capacity,180,60,True,306.89828660604496,307.5660280006758,368.0009655121191,368.3309895522635,,,,,,,,,,,
X-n275-k28,274,cargo,ortools:robust_mean_1std_or_tools,robust_mean_1std_or_tools,ortools,False,False,False,0,,0.0,,0.0,394.6268531649772,1.4093816184463472,pulp_cbc,mean_total_cost,,total_load_exceeds_fleet_capacity,180,60,True,306.89828660604496,307.5660280006758,368.0009655121191,368.3309895522635,,,,,,,,,,,
X-n275-k28,274,cold_chain,ortools:robust_mean_1std_or_tools,robust_mean_1std_or_tools,ortools,False,False,False,0,,0.0,,0.0,394.6268531649772,1.4093816184463472,pulp_cbc,mean_total_cost,,total_load_exceeds_fleet_capacity,180,60,True,306.89828660604496,307.5660280006758,368.0009655121191,368.3309895522635,,,,,,,,,,,
X-n275-k28,274,atm,ortools:robust_mean_2std_or_tools,robust_mean_2std_or_tools,ortools,False,False,False,0,,0.0,,0.0,482.3554197239094,1.7226979275853906,pulp_cbc,mean_total_cost,,total_load_exceeds_fleet_capacity,180,60,True,306.89828660604496,307.5660280006758,368.0009655121191,368.3309895522635,,,,,,,,,,,
X-n275-k28,274,grocery,ortools:robust_mean_2std_or_tools,robust_mean_2std_or_tools,ortools,False,False,False,0,,0.0,,0.0,482.3554197239094,1.7226979275853906,pulp_cbc,mean_total_cost,,total_load_exceeds_fleet_capacity,180,60,True,306.89828660604496,307.5660280006758,368.0009655121191,368.3309895522635,,,,,,,,,,,
X-n275-k28,274,cargo,ortools:robust_mean_2std_or_tools,robust_mean_2std_or_tools,ortools,False,False,False,0,,0.0,,0.0,482.3554197239094,1.7226979275853906,pulp_cbc,mean_total_cost,,total_load_exceeds_fleet_capacity,180,60,True,306.89828660604496,307.5660280006758,368.0009655121191,368.3309895522635,,,,,,,,,,,
X-n275-k28,274,cold_chain,ortools:robust_mean_2std_or_tools,robust_mean_2std_or_tools,ortools,False,False,False,0,,0.0,,0.0,482.3554197239094,1.7226979275853906,pulp_cbc,mean_total_cost,,total_load_exceeds_fleet_capacity,180,60,True,306.89828660604496,307.5660280006758,368.0009655121191,368.3309895522635,,,,,,,,,,,
X-n275-k28,274,atm,ortools:proxy_mean_scaled_or_tools,proxy_mean_scaled_or_tools,ortools,True,True,True,28,22472.0,5.0099639892578125,1.4459588527679443,6.455922842025757,278.6,0.9950000000000001,pulp_cbc,mean_total_cost,22580.613949966333,,180,60,True,306.89828660604496,307.5660280006758,368.0009655121191,368.3309895522635,252.89804395386147,280.00000034,22580.613949966333,22657.01285719522,22757.57048916802,28.276056197151316,50.495112194120736,0.41766423357664234,34.09376522349207,108.61394996633572,0.0
X-n275-k28,274,grocery,ortools:proxy_mean_scaled_or_tools,proxy_mean_scaled_or_tools,ortools,True,True,True,28,22472.0,5.0099639892578125,1.3118679523468018,6.321831941604614,278.6,0.9950000000000001,pulp_cbc,mean_total_cost,22542.509752252903,,180,60,True,306.89828660604496,307.5660280006758,368.0009655121191,368.3309895522635,119.05923885447174,279.97094958,22542.509752252903,22577.9808073307,22630.203535084627,28.2657210754061,50.48675858069855,0.41664233576642334,34.05437934174685,70.50975225290605,0.0
X-n275-k28,274,cargo,ortools:proxy_mean_scaled_or_tools,proxy_mean_scaled_or_tools,ortools,True,True,True,28,22472.0,5.0099639892578125,1.5881037712097168,6.598067760467529,278.6,0.9950000000000001,pulp_cbc,mean_total_cost,22554.791949940052,,180,60,True,306.89828660604496,307.5660280006758,368.0009655121191,368.3309895522635,229.69661452388624,280.00000001999996,22554.791949940052,22614.005273408657,22691.238420203543,28.387489142974424,50.74635744755972,0.4197810218978102,34.20519784931517,82.79194994005351,0.0
X-n275-k28,274,cold_chain,ortools:proxy_mean_scaled_or_tools,proxy_mean_scaled_or_tools,ortools,True,True,True,28,22472.0,5.0099639892578125,1.3945186138153076,6.40448260307312,278.6,0.9950000000000001,pulp_cbc,mean_total_cost,22624.421035275744,,180,60,True,306.89828660604496,307.5660280006758,368.0009655121191,368.3309895522635,258.902884590517,279.70825283,22624.421035275744,22667.645066062505,22736.297320707545,28.354385450586918,50.57371319138189,0.41693430656934305,33.88034696692766,101.73705906280793,50.683976212935
X-n275-k28,274,atm,ortools:quantile_p75_scaled_or_tools,quantile_p75_scaled_or_tools,ortools,True,True,True,28,22472.0,4.996994256973267,1.4514894485473633,6.44848370552063,278.6,0.9950000000000001,pulp_cbc,mean_total_cost,22580.613949966333,,180,60,True,306.89828660604496,307.5660280006758,368.0009655121191,368.3309895522635,252.89804395386147,280.00000034,22580.613949966333,22657.01285719522,22757.57048916802,28.276056197151316,50.495112194120736,0.41766423357664234,34.09376522349207,108.61394996633572,0.0
X-n275-k28,274,grocery,ortools:quantile_p75_scaled_or_tools,quantile_p75_scaled_or_tools,ortools,True,True,True,28,22472.0,4.996994256973267,1.3468947410583496,6.343888998031616,278.6,0.9950000000000001,pulp_cbc,mean_total_cost,22542.509752252903,,180,60,True,306.89828660604496,307.5660280006758,368.0009655121191,368.3309895522635,119.05923885447174,279.97094958,22542.509752252903,22577.9808073307,22630.203535084627,28.2657210754061,50.48675858069855,0.41664233576642334,34.05437934174685,70.50975225290605,0.0
X-n275-k28,274,cargo,ortools:quantile_p75_scaled_or_tools,quantile_p75_scaled_or_tools,ortools,True,True,True,28,22472.0,4.996994256973267,1.5505061149597168,6.547500371932983,278.6,0.9950000000000001,pulp_cbc,mean_total_cost,22554.791949940052,,180,60,True,306.89828660604496,307.5660280006758,368.0009655121191,368.3309895522635,229.69661452388624,280.00000001999996,22554.791949940052,22614.005273408657,22691.238420203543,28.387489142974424,50.74635744755972,0.4197810218978102,34.20519784931517,82.79194994005351,0.0
X-n275-k28,274,cold_chain,ortools:quantile_p75_scaled_or_tools,quantile_p75_scaled_or_tools,ortools,True,True,True,28,22472.0,4.996994256973267,1.4226086139678955,6.419602870941162,278.6,0.9950000000000001,pulp_cbc,mean_total_cost,22624.421035275744,,180,60,True,306.89828660604496,307.5660280006758,368.0009655121191,368.3309895522635,258.902884590517,279.70825283,22624.421035275744,22667.645066062505,22736.297320707545,28.354385450586918,50.57371319138189,0.41693430656934305,33.88034696692766,101.73705906280793,50.683976212935
X-n275-k28,274,atm,ortools:quantile_p90_scaled_or_tools,quantile_p90_scaled_or_tools,ortools,True,True,True,28,22472.0,4.9956746101379395,1.4394147396087646,6.435089349746704,278.6000000000001,0.9950000000000003,pulp_cbc,mean_total_cost,22580.613949966333,,180,60,True,306.89828660604496,307.5660280006758,368.0009655121191,368.3309895522635,252.89804395386147,280.00000034,22580.613949966333,22657.01285719522,22757.57048916802,28.276056197151316,50.495112194120736,0.41766423357664234,34.09376522349207,108.61394996633572,0.0
X-n275-k28,274,grocery,ortools:quantile_p90_scaled_or_tools,quantile_p90_scaled_or_tools,ortools,True,True,True,28,22472.0,4.9956746101379395,1.3460617065429688,6.341736316680908,278.6000000000001,0.9950000000000003,pulp_cbc,mean_total_cost,22542.509752252903,,180,60,True,306.89828660604496,307.5660280006758,368.0009655121191,368.3309895522635,119.05923885447174,279.97094958,22542.509752252903,22577.9808073307,22630.203535084627,28.2657210754061,50.48675858069855,0.41664233576642334,34.05437934174685,70.50975225290605,0.0
X-n275-k28,274,cargo,ortools:quantile_p90_scaled_or_tools,quantile_p90_scaled_or_tools,ortools,True,True,True,28,22472.0,4.9956746101379395,1.6669590473175049,6.662633657455444,278.6000000000001,0.9950000000000003,pulp_cbc,mean_total_cost,22554.791949940052,,180,60,True,306.89828660604496,307.5660280006758,368.0009655121191,368.3309895522635,229.69661452388624,280.00000001999996,22554.791949940052,22614.005273408657,22691.238420203543,28.387489142974424,50.74635744755972,0.4197810218978102,34.20519784931517,82.79194994005351,0.0
X-n275-k28,274,cold_chain,ortools:quantile_p90_scaled_or_tools,quantile_p90_scaled_or_tools,ortools,True,True,True,28,22472.0,4.9956746101379395,1.37013840675354,6.3658130168914795,278.6000000000001,0.9950000000000003,pulp_cbc,mean_total_cost,22624.421035275744,,180,60,True,306.89828660604496,307.5660280006758,368.0009655121191,368.3309895522635,258.902884590517,279.70825283,22624.421035275744,22667.645066062505,22736.297320707545,28.354385450586918,50.57371319138189,0.41693430656934305,33.88034696692766,101.73705906280793,50.683976212935
X-n275-k28,274,atm,ortools:robust_mean_1std_scaled_or_tools,robust_mean_1std_scaled_or_tools,ortools,True,True,True,28,22472.0,5.005357027053833,1.436572790145874,6.441929817199707,278.59999999999997,0.9949999999999999,pulp_cbc,mean_total_cost,22580.613949966333,,180,60,True,306.89828660604496,307.5660280006758,368.0009655121191,368.3309895522635,252.89804395386147,280.00000034,22580.613949966333,22657.01285719522,22757.57048916802,28.276056197151316,50.495112194120736,0.41766423357664234,34.09376522349207,108.61394996633572,0.0
X-n275-k28,274,grocery,ortools:robust_mean_1std_scaled_or_tools,robust_mean_1std_scaled_or_tools,ortools,True,True,True,28,22472.0,5.005357027053833,1.3227424621582031,6.328099489212036,278.59999999999997,0.9949999999999999,pulp_cbc,mean_total_cost,22542.509752252903,,180,60,True,306.89828660604496,307.5660280006758,368.0009655121191,368.3309895522635,119.05923885447174,279.97094958,22542.509752252903,22577.9808073307,22630.203535084627,28.2657210754061,50.48675858069855,0.41664233576642334,34.05437934174685,70.50975225290605,0.0
X-n275-k28,274,cargo,ortools:robust_mean_1std_scaled_or_tools,robust_mean_1std_scaled_or_tools,ortools,True,True,True,28,22472.0,5.005357027053833,1.6048383712768555,6.6101953983306885,278.59999999999997,0.9949999999999999,pulp_cbc,mean_total_cost,22554.791949940052,,180,60,True,306.89828660604496,307.5660280006758,368.0009655121191,368.3309895522635,229.69661452388624,280.00000001999996,22554.791949940052,22614.005273408657,22691.238420203543,28.387489142974424,50.74635744755972,0.4197810218978102,34.20519784931517,82.79194994005351,0.0
X-n275-k28,274,cold_chain,ortools:robust_mean_1std_scaled_or_tools,robust_mean_1std_scaled_or_tools,ortools,True,True,True,28,22472.0,5.005357027053833,1.4579010009765625,6.4632580280303955,278.59999999999997,0.9949999999999999,pulp_cbc,mean_total_cost,22624.421035275744,,180,60,True,306.89828660604496,307.5660280006758,368.0009655121191,368.3309895522635,258.902884590517,279.70825283,22624.421035275744,22667.645066062505,22736.297320707545,28.354385450586918,50.57371319138189,0.41693430656934305,33.88034696692766,101.73705906280793,50.683976212935
X-n275-k28,274,atm,ortools:robust_mean_2std_scaled_or_tools,robust_mean_2std_scaled_or_tools,ortools,True,True,True,28,22472.0,4.997766733169556,1.460188865661621,6.457955598831177,278.6,0.9950000000000001,pulp_cbc,mean_total_cost,22580.613949966333,,180,60,True,306.89828660604496,307.5660280006758,368.0009655121191,368.3309895522635,252.89804395386147,280.00000034,22580.613949966333,22657.01285719522,22757.57048916802,28.276056197151316,50.495112194120736,0.41766423357664234,34.09376522349207,108.61394996633572,0.0
X-n275-k28,274,grocery,ortools:robust_mean_2std_scaled_or_tools,robust_mean_2std_scaled_or_tools,ortools,True,True,True,28,22472.0,4.997766733169556,1.3222100734710693,6.319976806640625,278.6,0.9950000000000001,pulp_cbc,mean_total_cost,22542.509752252903,,180,60,True,306.89828660604496,307.5660280006758,368.0009655121191,368.3309895522635,119.05923885447174,279.97094958,22542.509752252903,22577.9808073307,22630.203535084627,28.2657210754061,50.48675858069855,0.41664233576642334,34.05437934174685,70.50975225290605,0.0
X-n275-k28,274,cargo,ortools:robust_mean_2std_scaled_or_tools,robust_mean_2std_scaled_or_tools,ortools,True,True,True,28,22472.0,4.997766733169556,1.5807409286499023,6.578507661819458,278.6,0.9950000000000001,pulp_cbc,mean_total_cost,22554.791949940052,,180,60,True,306.89828660604496,307.5660280006758,368.0009655121191,368.3309895522635,229.69661452388624,280.00000001999996,22554.791949940052,22614.005273408657,22691.238420203543,28.387489142974424,50.74635744755972,0.4197810218978102,34.20519784931517,82.79194994005351,0.0
X-n275-k28,274,cold_chain,ortools:robust_mean_2std_scaled_or_tools,robust_mean_2std_scaled_or_tools,ortools,True,True,True,28,22472.0,4.997766733169556,1.4300858974456787,6.427852630615234,278.6,0.9950000000000001,pulp_cbc,mean_total_cost,22624.421035275744,,180,60,True,306.89828660604496,307.5660280006758,368.0009655121191,368.3309895522635,258.902884590517,279.70825283,22624.421035275744,22667.645066062505,22736.297320707545,28.354385450586918,50.57371319138189,0.41693430656934305,33.88034696692766,101.73705906280793,50.683976212935
X-n280-k17,279,atm,ortools:nominal_or_tools,nominal_or_tools,ortools,True,True,True,17,38220.0,5.000722408294678,1.5377521514892578,6.5384745597839355,3233.0,0.9905024509803921,pulp_cbc,mean_total_cost,40027.92980863268,,180,60,True,3569.5494701131493,3575.424894705229,4199.901283616081,4206.345190262546,3283.6004573211867,3264.00000287,40027.92980863268,41088.36352211319,42339.20861903413,449.73230277401706,729.6396680996334,0.452831541218638,397.8666829556453,1807.9298086326828,0.0
X-n280-k17,279,grocery,ortools:nominal_or_tools,nominal_or_tools,ortools,True,True,True,17,38220.0,5.000722408294678,1.423553228378296,6.424275636672974,3233.0,0.9905024509803921,pulp_cbc,mean_total_cost,39344.30185612533,,180,60,True,3569.5494701131493,3575.424894705229,4199.901283616081,4206.345190262546,1584.479534406315,3264.00000342,39344.30185612533,39866.33051755854,40522.10614436767,449.6955761410903,732.4443001586795,0.45021505376344084,397.8299568727184,1124.3018561253264,0.0
X-n280-k17,279,cargo,ortools:nominal_or_tools,nominal_or_tools,ortools,True,True,True,17,38220.0,5.000722408294678,1.4587509632110596,6.459473371505737,3233.0,0.9905024509803921,pulp_cbc,mean_total_cost,39580.09082413654,,180,60,True,3569.5494701131493,3575.424894705229,4199.901283616081,4206.345190262546,2911.421639161693,3264.0000001300004,39580.09082413654,40387.984738004525,41333.006901934794,451.5701457112566,732.7247542733594,0.4383870967741936,399.70452315288475,1360.090824136541,0.0
X-n280-k17,279,cold_chain,ortools:nominal_or_tools,nominal_or_tools,ortools,True,True,True,17,38220.0,5.000722408294678,1.5643043518066406,6.565026760101318,3233.0,0.9905024509803921,pulp_cbc,mean_total_cost,40419.205373400706,,180,60,True,3569.5494701131493,3575.424894705229,4199.901283616081,4206.345190262546,3346.458363906182,3263.99999941,40419.205373400706,41053.64002720387,41942.628981321504,450.14256840956796,728.6320262312765,0.44157706093189963,398.27694513119604,1619.5335791703124,579.6717942303974
X-n280-k17,279,atm,ortools:proxy_mean_or_tools,proxy_mean_or_tools,ortools,False,False,False,0,,0.0,,0.0,3569.5494701131493,1.093611970010156,pulp_cbc,mean_total_cost,,total_load_exceeds_fleet_capacity,180,60,True,3569.5494701131493,3575.424894705229,4199.901283616081,4206.345190262546,,,,,,,,,,,
X-n280-k17,279,grocery,ortools:proxy_mean_or_tools,proxy_mean_or_tools,ortools,False,False,False,0,,0.0,,0.0,3569.5494701131493,1.093611970010156,pulp_cbc,mean_total_cost,,total_load_exceeds_fleet_capacity,180,60,True,3569.5494701131493,3575.424894705229,4199.901283616081,4206.345190262546,,,,,,,,,,,
X-n280-k17,279,cargo,ortools:proxy_mean_or_tools,proxy_mean_or_tools,ortools,False,False,False,0,,0.0,,0.0,3569.5494701131493,1.093611970010156,pulp_cbc,mean_total_cost,,total_load_exceeds_fleet_capacity,180,60,True,3569.5494701131493,3575.424894705229,4199.901283616081,4206.345190262546,,,,,,,,,,,
X-n280-k17,279,cold_chain,ortools:proxy_mean_or_tools,proxy_mean_or_tools,ortools,False,False,False,0,,0.0,,0.0,3569.5494701131493,1.093611970010156,pulp_cbc,mean_total_cost,,total_load_exceeds_fleet_capacity,180,60,True,3569.5494701131493,3575.424894705229,4199.901283616081,4206.345190262546,,,,,,,,,,,
X-n280-k17,279,atm,ortools:quantile_p75_or_tools,quantile_p75_or_tools,ortools,False,False,False,0,,0.0,,0.0,4198.362633179833,1.2862630616359783,pulp_cbc,mean_total_cost,,total_load_exceeds_fleet_capacity,180,60,True,3569.5494701131493,3575.424894705229,4199.901283616081,4206.345190262546,,,,,,,,,,,
X-n280-k17,279,grocery,ortools:quantile_p75_or_tools,quantile_p75_or_tools,ortools,False,False,False,0,,0.0,,0.0,4198.362633179833,1.2862630616359783,pulp_cbc,mean_total_cost,,total_load_exceeds_fleet_capacity,180,60,True,3569.5494701131493,3575.424894705229,4199.901283616081,4206.345190262546,,,,,,,,,,,
X-n280-k17,279,cargo,ortools:quantile_p75_or_tools,quantile_p75_or_tools,ortools,False,False,False,0,,0.0,,0.0,4198.362633179833,1.2862630616359783,pulp_cbc,mean_total_cost,,total_load_exceeds_fleet_capacity,180,60,True,3569.5494701131493,3575.424894705229,4199.901283616081,4206.345190262546,,,,,,,,,,,
X-n280-k17,279,cold_chain,ortools:quantile_p75_or_tools,quantile_p75_or_tools,ortools,False,False,False,0,,0.0,,0.0,4198.362633179833,1.2862630616359783,pulp_cbc,mean_total_cost,,total_load_exceeds_fleet_capacity,180,60,True,3569.5494701131493,3575.424894705229,4199.901283616081,4206.345190262546,,,,,,,,,,,
X-n280-k17,279,atm,ortools:quantile_p90_or_tools,quantile_p90_or_tools,ortools,False,False,False,0,,0.0,,0.0,5126.335227470418,1.5705683907691232,pulp_cbc,mean_total_cost,,total_load_exceeds_fleet_capacity,180,60,True,3569.5494701131493,3575.424894705229,4199.901283616081,4206.345190262546,,,,,,,,,,,
X-n280-k17,279,grocery,ortools:quantile_p90_or_tools,quantile_p90_or_tools,ortools,False,False,False,0,,0.0,,0.0,5126.335227470418,1.5705683907691232,pulp_cbc,mean_total_cost,,total_load_exceeds_fleet_capacity,180,60,True,3569.5494701131493,3575.424894705229,4199.901283616081,4206.345190262546,,,,,,,,,,,
X-n280-k17,279,cargo,ortools:quantile_p90_or_tools,quantile_p90_or_tools,ortools,False,False,False,0,,0.0,,0.0,5126.335227470418,1.5705683907691232,pulp_cbc,mean_total_cost,,total_load_exceeds_fleet_capacity,180,60,True,3569.5494701131493,3575.424894705229,4199.901283616081,4206.345190262546,,,,,,,,,,,
X-n280-k17,279,cold_chain,ortools:quantile_p90_or_tools,quantile_p90_or_tools,ortools,False,False,False,0,,0.0,,0.0,5126.335227470418,1.5705683907691232,pulp_cbc,mean_total_cost,,total_load_exceeds_fleet_capacity,180,60,True,3569.5494701131493,3575.424894705229,4199.901283616081,4206.345190262546,,,,,,,,,,,
X-n280-k17,279,atm,ortools:robust_mean_1std_or_tools,robust_mean_1std_or_tools,ortools,False,False,False,0,,0.0,,0.0,4756.69403858521,1.4573204775077238,pulp_cbc,mean_total_cost,,total_load_exceeds_fleet_capacity,180,60,True,3569.5494701131493,3575.424894705229,4199.901283616081,4206.345190262546,,,,,,,,,,,
X-n280-k17,279,grocery,ortools:robust_mean_1std_or_tools,robust_mean_1std_or_tools,ortools,False,False,False,0,,0.0,,0.0,4756.69403858521,1.4573204775077238,pulp_cbc,mean_total_cost,,total_load_exceeds_fleet_capacity,180,60,True,3569.5494701131493,3575.424894705229,4199.901283616081,4206.345190262546,,,,,,,,,,,
X-n280-k17,279,cargo,ortools:robust_mean_1std_or_tools,robust_mean_1std_or_tools,ortools,False,False,False,0,,0.0,,0.0,4756.69403858521,1.4573204775077238,pulp_cbc,mean_total_cost,,total_load_exceeds_fleet_capacity,180,60,True,3569.5494701131493,3575.424894705229,4199.901283616081,4206.345190262546,,,,,,,,,,,
X-n280-k17,279,cold_chain,ortools:robust_mean_1std_or_tools,robust_mean_1std_or_tools,ortools,False,False,False,0,,0.0,,0.0,4756.69403858521,1.4573204775077238,pulp_cbc,mean_total_cost,,total_load_exceeds_fleet_capacity,180,60,True,3569.5494701131493,3575.424894705229,4199.901283616081,4206.345190262546,,,,,,,,,,,
X-n280-k17,279,atm,ortools:robust_mean_2std_or_tools,robust_mean_2std_or_tools,ortools,False,False,False,0,,0.0,,0.0,5943.838607057272,1.8210289850052919,pulp_cbc,mean_total_cost,,single_node_exceeds_capacity,180,60,True,3569.5494701131493,3575.424894705229,4199.901283616081,4206.345190262546,,,,,,,,,,,
X-n280-k17,279,grocery,ortools:robust_mean_2std_or_tools,robust_mean_2std_or_tools,ortools,False,False,False,0,,0.0,,0.0,5943.838607057272,1.8210289850052919,pulp_cbc,mean_total_cost,,single_node_exceeds_capacity,180,60,True,3569.5494701131493,3575.424894705229,4199.901283616081,4206.345190262546,,,,,,,,,,,
X-n280-k17,279,cargo,ortools:robust_mean_2std_or_tools,robust_mean_2std_or_tools,ortools,False,False,False,0,,0.0,,0.0,5943.838607057272,1.8210289850052919,pulp_cbc,mean_total_cost,,single_node_exceeds_capacity,180,60,True,3569.5494701131493,3575.424894705229,4199.901283616081,4206.345190262546,,,,,,,,,,,
X-n280-k17,279,cold_chain,ortools:robust_mean_2std_or_tools,robust_mean_2std_or_tools,ortools,False,False,False,0,,0.0,,0.0,5943.838607057272,1.8210289850052919,pulp_cbc,mean_total_cost,,single_node_exceeds_capacity,180,60,True,3569.5494701131493,3575.424894705229,4199.901283616081,4206.345190262546,,,,,,,,,,,
X-n280-k17,279,atm,ortools:proxy_mean_scaled_or_tools,proxy_mean_scaled_or_tools,ortools,True,True,True,17,39074.0,4.998991012573242,1.4789924621582031,6.477983474731445,3247.6800000000003,0.9950000000000001,pulp_cbc,mean_total_cost,40879.786214554,,180,60,True,3569.5494701131493,3575.424894705229,4199.901283616081,4206.345190262546,3279.8954029221936,3264.00000171,40879.786214554,41977.353854066874,43199.06415135153,449.59265111939095,738.4170906287045,0.4613978494623656,397.72703014101927,1805.7862145539957,0.0
X-n280-k17,279,grocery,ortools:proxy_mean_scaled_or_tools,proxy_mean_scaled_or_tools,ortools,True,True,True,17,39074.0,4.998991012573242,1.4226469993591309,6.421638011932373,3247.6800000000003,0.9950000000000001,pulp_cbc,mean_total_cost,40196.050117868086,,180,60,True,3569.5494701131493,3575.424894705229,4199.901283616081,4206.345190262546,1582.260559463142,3264.0000057300003,40196.050117868086,40740.50299530134,41378.08234898148,449.076083658079,740.2617946171356,0.45627240143369174,397.2104666997072,1122.0501178680888,0.0
X-n280-k17,279,cargo,ortools:proxy_mean_scaled_or_tools,proxy_mean_scaled_or_tools,ortools,True,True,True,17,39074.0,4.998991012573242,1.591503620147705,6.590494632720947,3247.6800000000003,0.9950000000000001,pulp_cbc,mean_total_cost,40431.99127791273,,180,60,True,3569.5494701131493,3575.424894705229,4199.901283616081,4206.345190262546,2908.2929208910546,3263.99999645,40431.99127791273,41270.55972742524,42190.649600668476,451.4956243486384,741.9972080727051,0.4465232974910394,399.62999811026646,1357.9912779127317,0.0
X-n280-k17,279,cold_chain,ortools:proxy_mean_scaled_or_tools,proxy_mean_scaled_or_tools,ortools,True,True,True,17,39074.0,4.998991012573242,1.5694422721862793,6.5684332847595215,3247.6800000000003,0.9950000000000001,pulp_cbc,mean_total_cost,41371.92351451938,,180,60,True,3569.5494701131493,3575.424894705229,4199.901283616081,4206.345190262546,3443.709034898083,3264.0000003200003,41371.92351451938,42039.46727402439,42901.40763119443,449.59067254794223,736.7501440568813,0.44523297491039426,397.7250501795703,1624.0940179459865,673.8294965733971
X-n280-k17,279,atm,ortools:quantile_p75_scaled_or_tools,quantile_p75_scaled_or_tools,ortools,False,False,False,0,,5.006184339523315,,5.006184339523315,3247.6799999999994,0.9949999999999998,pulp_cbc,mean_total_cost,,ortools_no_solution,180,60,True,3569.5494701131493,3575.424894705229,4199.901283616081,4206.345190262546,,,,,,,,,,,
X-n280-k17,279,grocery,ortools:quantile_p75_scaled_or_tools,quantile_p75_scaled_or_tools,ortools,False,False,False,0,,5.006184339523315,,5.006184339523315,3247.6799999999994,0.9949999999999998,pulp_cbc,mean_total_cost,,ortools_no_solution,180,60,True,3569.5494701131493,3575.424894705229,4199.901283616081,4206.345190262546,,,,,,,,,,,
X-n280-k17,279,cargo,ortools:quantile_p75_scaled_or_tools,quantile_p75_scaled_or_tools,ortools,False,False,False,0,,5.006184339523315,,5.006184339523315,3247.6799999999994,0.9949999999999998,pulp_cbc,mean_total_cost,,ortools_no_solution,180,60,True,3569.5494701131493,3575.424894705229,4199.901283616081,4206.345190262546,,,,,,,,,,,
X-n280-k17,279,cold_chain,ortools:quantile_p75_scaled_or_tools,quantile_p75_scaled_or_tools,ortools,False,False,False,0,,5.006184339523315,,5.006184339523315,3247.6799999999994,0.9949999999999998,pulp_cbc,mean_total_cost,,ortools_no_solution,180,60,True,3569.5494701131493,3575.424894705229,4199.901283616081,4206.345190262546,,,,,,,,,,,
X-n280-k17,279,atm,ortools:quantile_p90_scaled_or_tools,quantile_p90_scaled_or_tools,ortools,False,False,False,0,,0.0,,0.0,3247.6799999999994,0.9949999999999998,pulp_cbc,mean_total_cost,,total_load_exceeds_fleet_capacity,180,60,True,3569.5494701131493,3575.424894705229,4199.901283616081,4206.345190262546,,,,,,,,,,,
X-n280-k17,279,grocery,ortools:quantile_p90_scaled_or_tools,quantile_p90_scaled_or_tools,ortools,False,False,False,0,,0.0,,0.0,3247.6799999999994,0.9949999999999998,pulp_cbc,mean_total_cost,,total_load_exceeds_fleet_capacity,180,60,True,3569.5494701131493,3575.424894705229,4199.901283616081,4206.345190262546,,,,,,,,,,,
X-n280-k17,279,cargo,ortools:quantile_p90_scaled_or_tools,quantile_p90_scaled_or_tools,ortools,False,False,False,0,,0.0,,0.0,3247.6799999999994,0.9949999999999998,pulp_cbc,mean_total_cost,,total_load_exceeds_fleet_capacity,180,60,True,3569.5494701131493,3575.424894705229,4199.901283616081,4206.345190262546,,,,,,,,,,,
X-n280-k17,279,cold_chain,ortools:quantile_p90_scaled_or_tools,quantile_p90_scaled_or_tools,ortools,False,False,False,0,,0.0,,0.0,3247.6799999999994,0.9949999999999998,pulp_cbc,mean_total_cost,,total_load_exceeds_fleet_capacity,180,60,True,3569.5494701131493,3575.424894705229,4199.901283616081,4206.345190262546,,,,,,,,,,,
X-n280-k17,279,atm,ortools:robust_mean_1std_scaled_or_tools,robust_mean_1std_scaled_or_tools,ortools,False,False,False,0,,0.0,,0.0,3247.6800000000003,0.9950000000000001,pulp_cbc,mean_total_cost,,total_load_exceeds_fleet_capacity,180,60,True,3569.5494701131493,3575.424894705229,4199.901283616081,4206.345190262546,,,,,,,,,,,
X-n280-k17,279,grocery,ortools:robust_mean_1std_scaled_or_tools,robust_mean_1std_scaled_or_tools,ortools,False,False,False,0,,0.0,,0.0,3247.6800000000003,0.9950000000000001,pulp_cbc,mean_total_cost,,total_load_exceeds_fleet_capacity,180,60,True,3569.5494701131493,3575.424894705229,4199.901283616081,4206.345190262546,,,,,,,,,,,
X-n280-k17,279,cargo,ortools:robust_mean_1std_scaled_or_tools,robust_mean_1std_scaled_or_tools,ortools,False,False,False,0,,0.0,,0.0,3247.6800000000003,0.9950000000000001,pulp_cbc,mean_total_cost,,total_load_exceeds_fleet_capacity,180,60,True,3569.5494701131493,3575.424894705229,4199.901283616081,4206.345190262546,,,,,,,,,,,
X-n280-k17,279,cold_chain,ortools:robust_mean_1std_scaled_or_tools,robust_mean_1std_scaled_or_tools,ortools,False,False,False,0,,0.0,,0.0,3247.6800000000003,0.9950000000000001,pulp_cbc,mean_total_cost,,total_load_exceeds_fleet_capacity,180,60,True,3569.5494701131493,3575.424894705229,4199.901283616081,4206.345190262546,,,,,,,,,,,
X-n280-k17,279,atm,ortools:robust_mean_2std_scaled_or_tools,robust_mean_2std_scaled_or_tools,ortools,False,False,False,0,,0.0,,0.0,3247.6800000000003,0.9950000000000001,pulp_cbc,mean_total_cost,,total_load_exceeds_fleet_capacity,180,60,True,3569.5494701131493,3575.424894705229,4199.901283616081,4206.345190262546,,,,,,,,,,,
X-n280-k17,279,grocery,ortools:robust_mean_2std_scaled_or_tools,robust_mean_2std_scaled_or_tools,ortools,False,False,False,0,,0.0,,0.0,3247.6800000000003,0.9950000000000001,pulp_cbc,mean_total_cost,,total_load_exceeds_fleet_capacity,180,60,True,3569.5494701131493,3575.424894705229,4199.901283616081,4206.345190262546,,,,,,,,,,,
X-n280-k17,279,cargo,ortools:robust_mean_2std_scaled_or_tools,robust_mean_2std_scaled_or_tools,ortools,False,False,False,0,,0.0,,0.0,3247.6800000000003,0.9950000000000001,pulp_cbc,mean_total_cost,,total_load_exceeds_fleet_capacity,180,60,True,3569.5494701131493,3575.424894705229,4199.901283616081,4206.345190262546,,,,,,,,,,,
X-n280-k17,279,cold_chain,ortools:robust_mean_2std_scaled_or_tools,robust_mean_2std_scaled_or_tools,ortools,False,False,False,0,,0.0,,0.0,3247.6800000000003,0.9950000000000001,pulp_cbc,mean_total_cost,,total_load_exceeds_fleet_capacity,180,60,True,3569.5494701131493,3575.424894705229,4199.901283616081,4206.345190262546,,,,,,,,,,,
X-n284-k15,283,atm,ortools:nominal_or_tools,nominal_or_tools,ortools,True,True,True,15,22522.0,4.994700193405151,1.6744441986083984,6.66914439201355,1527.0,0.9339449541284404,pulp_cbc,mean_total_cost,23200.949454842666,,180,60,True,1690.7465941899184,1691.7378069241554,2011.601490678983,2013.2207644463767,1243.4394002248116,1635.00000005,23200.949454842666,23719.12069482928,24199.413037788843,170.97596198059932,313.08472658102386,0.4143816254416961,244.34624953734536,678.9494548426666,0.0
X-n284-k15,283,grocery,ortools:nominal_or_tools,nominal_or_tools,ortools,True,True,True,15,22522.0,4.994700193405151,1.4154245853424072,6.410124778747559,1527.0,0.9339449541284404,pulp_cbc,mean_total_cost,22971.50045018467,,180,60,True,1690.7465941899184,1691.7378069241554,2011.601490678983,2013.2207644463767,618.4165696571733,1633.31957234,22971.50045018467,23220.542593862207,23464.100393927863,170.7509623224457,313.65579511502904,0.4137102473498233,242.4408221691917,449.50045018467165,0.0
X-n284-k15,283,cargo,ortools:nominal_or_tools,nominal_or_tools,ortools,True,True,True,15,22522.0,4.994700193405151,1.840902328491211,6.835602521896362,1527.0,0.9339449541284404,pulp_cbc,mean_total_cost,23034.8680628293,,180,60,True,1690.7465941899184,1691.7378069241554,2011.601490678983,2013.2207644463767,1104.9259187481468,1634.99999918,23034.8680628293,23439.084479079018,23796.679987911968,172.21261425190968,316.2252179601667,0.4130388692579505,245.58290093865568,512.868062829294,0.0
X-n284-k15,283,cold_chain,ortools:nominal_or_tools,nominal_or_tools,ortools,True,True,True,15,22522.0,4.994700193405151,1.5633225440979004,6.558022737503052,1527.0,0.9339449541284404,pulp_cbc,mean_total_cost,23478.334561524258,,180,60,True,1690.7465941899184,1691.7378069241554,2011.601490678983,2013.2207644463767,1379.3091448323037,1627.02914383,23478.334561524258,23788.329297977227,24104.242124575903,171.84256584663325,315.243569300526,0.40685512367491167,237.24199718337928,662.5868656016235,293.74769592263436
X-n284-k15,283,atm,ortools:proxy_mean_or_tools,proxy_mean_or_tools,ortools,False,False,False,0,,0.0,,0.0,1690.7465941899188,1.0340957762629472,pulp_cbc,mean_total_cost,,total_load_exceeds_fleet_capacity,180,60,True,1690.7465941899184,1691.7378069241554,2011.601490678983,2013.2207644463767,,,,,,,,,,,
X-n284-k15,283,grocery,ortools:proxy_mean_or_tools,proxy_mean_or_tools,ortools,False,False,False,0,,0.0,,0.0,1690.7465941899188,1.0340957762629472,pulp_cbc,mean_total_cost,,total_load_exceeds_fleet_capacity,180,60,True,1690.7465941899184,1691.7378069241554,2011.601490678983,2013.2207644463767,,,,,,,,,,,
X-n284-k15,283,cargo,ortools:proxy_mean_or_tools,proxy_mean_or_tools,ortools,False,False,False,0,,0.0,,0.0,1690.7465941899188,1.0340957762629472,pulp_cbc,mean_total_cost,,total_load_exceeds_fleet_capacity,180,60,True,1690.7465941899184,1691.7378069241554,2011.601490678983,2013.2207644463767,,,,,,,,,,,
X-n284-k15,283,cold_chain,ortools:proxy_mean_or_tools,proxy_mean_or_tools,ortools,False,False,False,0,,0.0,,0.0,1690.7465941899188,1.0340957762629472,pulp_cbc,mean_total_cost,,total_load_exceeds_fleet_capacity,180,60,True,1690.7465941899184,1691.7378069241554,2011.601490678983,2013.2207644463767,,,,,,,,,,,
X-n284-k15,283,atm,ortools:quantile_p75_or_tools,quantile_p75_or_tools,ortools,False,False,False,0,,0.0,,0.0,1974.0553986381892,1.2073733325004214,pulp_cbc,mean_total_cost,,total_load_exceeds_fleet_capacity,180,60,True,1690.7465941899184,1691.7378069241554,2011.601490678983,2013.2207644463767,,,,,,,,,,,
X-n284-k15,283,grocery,ortools:quantile_p75_or_tools,quantile_p75_or_tools,ortools,False,False,False,0,,0.0,,0.0,1974.0553986381892,1.2073733325004214,pulp_cbc,mean_total_cost,,total_load_exceeds_fleet_capacity,180,60,True,1690.7465941899184,1691.7378069241554,2011.601490678983,2013.2207644463767,,,,,,,,,,,
X-n284-k15,283,cargo,ortools:quantile_p75_or_tools,quantile_p75_or_tools,ortools,False,False,False,0,,0.0,,0.0,1974.0553986381892,1.2073733325004214,pulp_cbc,mean_total_cost,,total_load_exceeds_fleet_capacity,180,60,True,1690.7465941899184,1691.7378069241554,2011.601490678983,2013.2207644463767,,,,,,,,,,,
X-n284-k15,283,cold_chain,ortools:quantile_p75_or_tools,quantile_p75_or_tools,ortools,False,False,False,0,,0.0,,0.0,1974.0553986381892,1.2073733325004214,pulp_cbc,mean_total_cost,,total_load_exceeds_fleet_capacity,180,60,True,1690.7465941899184,1691.7378069241554,2011.601490678983,2013.2207644463767,,,,,,,,,,,
X-n284-k15,283,atm,ortools:quantile_p90_or_tools,quantile_p90_or_tools,ortools,False,False,False,0,,0.0,,0.0,2358.0139023713236,1.442210337841788,pulp_cbc,mean_total_cost,,total_load_exceeds_fleet_capacity,180,60,True,1690.7465941899184,1691.7378069241554,2011.601490678983,2013.2207644463767,,,,,,,,,,,
X-n284-k15,283,grocery,ortools:quantile_p90_or_tools,quantile_p90_or_tools,ortools,False,False,False,0,,0.0,,0.0,2358.0139023713236,1.442210337841788,pulp_cbc,mean_total_cost,,total_load_exceeds_fleet_capacity,180,60,True,1690.7465941899184,1691.7378069241554,2011.601490678983,2013.2207644463767,,,,,,,,,,,
X-n284-k15,283,cargo,ortools:quantile_p90_or_tools,quantile_p90_or_tools,ortools,False,False,False,0,,0.0,,0.0,2358.0139023713236,1.442210337841788,pulp_cbc,mean_total_cost,,total_load_exceeds_fleet_capacity,180,60,True,1690.7465941899184,1691.7378069241554,2011.601490678983,2013.2207644463767,,,,,,,,,,,
X-n284-k15,283,cold_chain,ortools:quantile_p90_or_tools,quantile_p90_or_tools,ortools,False,False,False,0,,0.0,,0.0,2358.0139023713236,1.442210337841788,pulp_cbc,mean_total_cost,,total_load_exceeds_fleet_capacity,180,60,True,1690.7465941899184,1691.7378069241554,2011.601490678983,2013.2207644463767,,,,,,,,,,,
X-n284-k15,283,atm,ortools:robust_mean_1std_or_tools,robust_mean_1std_or_tools,ortools,False,False,False,0,,0.0,,0.0,2209.286448239466,1.3512455340914167,pulp_cbc,mean_total_cost,,total_load_exceeds_fleet_capacity,180,60,True,1690.7465941899184,1691.7378069241554,2011.601490678983,2013.2207644463767,,,,,,,,,,,
X-n284-k15,283,grocery,ortools:robust_mean_1std_or_tools,robust_mean_1std_or_tools,ortools,False,False,False,0,,0.0,,0.0,2209.286448239466,1.3512455340914167,pulp_cbc,mean_total_cost,,total_load_exceeds_fleet_capacity,180,60,True,1690.7465941899184,1691.7378069241554,2011.601490678983,2013.2207644463767,,,,,,,,,,,
X-n284-k15,283,cargo,ortools:robust_mean_1std_or_tools,robust_mean_1std_or_tools,ortools,False,False,False,0,,0.0,,0.0,2209.286448239466,1.3512455340914167,pulp_cbc,mean_total_cost,,total_load_exceeds_fleet_capacity,180,60,True,1690.7465941899184,1691.7378069241554,2011.601490678983,2013.2207644463767,,,,,,,,,,,
X-n284-k15,283,cold_chain,ortools:robust_mean_1std_or_tools,robust_mean_1std_or_tools,ortools,False,False,False,0,,0.0,,0.0,2209.286448239466,1.3512455340914167,pulp_cbc,mean_total_cost,,total_load_exceeds_fleet_capacity,180,60,True,1690.7465941899184,1691.7378069241554,2011.601490678983,2013.2207644463767,,,,,,,,,,,
X-n284-k15,283,atm,ortools:robust_mean_2std_or_tools,robust_mean_2std_or_tools,ortools,False,False,False,0,,0.0,,0.0,2727.8263022890133,1.668395291919886,pulp_cbc,mean_total_cost,,total_load_exceeds_fleet_capacity,180,60,True,1690.7465941899184,1691.7378069241554,2011.601490678983,2013.2207644463767,,,,,,,,,,,
X-n284-k15,283,grocery,ortools:robust_mean_2std_or_tools,robust_mean_2std_or_tools,ortools,False,False,False,0,,0.0,,0.0,2727.8263022890133,1.668395291919886,pulp_cbc,mean_total_cost,,total_load_exceeds_fleet_capacity,180,60,True,1690.7465941899184,1691.7378069241554,2011.601490678983,2013.2207644463767,,,,,,,,,,,
X-n284-k15,283,cargo,ortools:robust_mean_2std_or_tools,robust_mean_2std_or_tools,ortools,False,False,False,0,,0.0,,0.0,2727.8263022890133,1.668395291919886,pulp_cbc,mean_total_cost,,total_load_exceeds_fleet_capacity,180,60,True,1690.7465941899184,1691.7378069241554,2011.601490678983,2013.2207644463767,,,,,,,,,,,
X-n284-k15,283,cold_chain,ortools:robust_mean_2std_or_tools,robust_mean_2std_or_tools,ortools,False,False,False,0,,0.0,,0.0,2727.8263022890133,1.668395291919886,pulp_cbc,mean_total_cost,,total_load_exceeds_fleet_capacity,180,60,True,1690.7465941899184,1691.7378069241554,2011.601490678983,2013.2207644463767,,,,,,,,,,,
X-n284-k15,283,atm,ortools:proxy_mean_scaled_or_tools,proxy_mean_scaled_or_tools,ortools,True,True,True,15,22663.0,4.9995951652526855,1.698127031326294,6.6977221965789795,1626.825,0.995,pulp_cbc,mean_total_cost,23300.02130740325,,180,60,True,1690.7465941899184,1691.7378069241554,2011.601490678983,2013.2207644463767,1195.987320916721,1634.99999791,23300.02130740325,23832.50802122848,24286.968402131202,160.46533455647784,308.4720634152274,0.3948763250883392,233.83561997322388,637.021307403249,0.0
X-n284-k15,283,grocery,ortools:proxy_mean_scaled_or_tools,proxy_mean_scaled_or_tools,ortools,True,True,True,15,22663.0,4.9995951652526855,1.5791654586791992,6.578760623931885,1626.825,0.995,pulp_cbc,mean_total_cost,23088.64820955028,,180,60,True,1690.7465941899184,1691.7378069241554,2011.601490678983,2013.2207644463767,592.6883827424934,1634.999996,23088.64820955028,23335.766094548897,23572.965157191145,160.34298848318988,308.44231619273455,0.392791519434629,233.7132719899359,425.64820955027346,0.0
X-n284-k15,283,cargo,ortools:proxy_mean_scaled_or_tools,proxy_mean_scaled_or_tools,ortools,True,True,True,15,22663.0,4.9995951652526855,1.8592383861541748,6.85883355140686,1626.825,0.995,pulp_cbc,mean_total_cost,23141.894963516825,,180,60,True,1690.7465941899184,1691.7378069241554,2011.601490678983,2013.2207644463767,1061.1772402935017,1634.9999988999998,23141.894963516825,23544.37373869998,23894.851936169438,161.15032001830355,307.32700604028673,0.39215547703180215,234.52060642504952,478.8949635168256,0.0
X-n284-k15,283,cold_chain,ortools:proxy_mean_scaled_or_tools,proxy_mean_scaled_or_tools,ortools,True,True,True,15,22663.0,4.9995951652526855,1.681107521057129,6.6807026863098145,1626.825,0.995,pulp_cbc,mean_total_cost,23594.67389815191,,180,60,True,1690.7465941899184,1691.7378069241554,2011.601490678983,2013.2207644463767,1345.0766192420772,1634.99999987,23594.67389815191,23894.765750641684,24204.547469902263,160.81173789087765,309.0011920809297,0.3866077738515901,234.1820252676236,630.5438176877735,301.13008046413614
X-n284-k15,283,atm,ortools:quantile_p75_scaled_or_tools,quantile_p75_scaled_or_tools,ortools,True,True,True,15,23026.0,4.999897480010986,1.8744325637817383,6.874330043792725,1626.8250000000003,0.9950000000000002,pulp_cbc,mean_total_cost,23664.12778906319,,180,60,True,1690.7465941899184,1691.7378069241554,2011.601490678983,2013.2207644463767,1195.4950395791054,1634.99999668,23664.12778906319,24189.816926824562,24648.314889841782,160.8008506792055,305.8464132254693,0.39491166077738515,234.1711348659515,638.127789063186,0.0
X-n284-k15,283,grocery,ortools:quantile_p75_scaled_or_tools,quantile_p75_scaled_or_tools,ortools,True,True,True,15,23026.0,4.999897480010986,1.5684630870819092,6.5683605670928955,1626.8250000000003,0.9950000000000002,pulp_cbc,mean_total_cost,23452.424118136998,,180,60,True,1690.7465941899184,1691.7378069241554,2011.601490678983,2013.2207644463767,592.6385985256807,1634.99999818,23452.424118136998,23701.488861014128,23934.750760767958,160.65148863859517,305.502675519648,0.3939575971731449,234.02177432534117,426.42411813699647,0.0
X-n284-k15,283,cargo,ortools:quantile_p75_scaled_or_tools,quantile_p75_scaled_or_tools,ortools,True,True,True,15,23026.0,4.999897480010986,1.9362587928771973,6.936156272888184,1626.8250000000003,0.9950000000000002,pulp_cbc,mean_total_cost,23504.993904866988,,180,60,True,1690.7465941899184,1691.7378069241554,2011.601490678983,2013.2207644463767,1059.7828080134727,1634.9999984400001,23504.993904866988,23910.180655757544,24256.08617653832,161.47187482977816,305.6681560896344,0.3931802120141343,234.84216077652417,478.9939048669854,0.0
X-n284-k15,283,cold_chain,ortools:quantile_p75_scaled_or_tools,quantile_p75_scaled_or_tools,ortools,True,True,True,15,23026.0,4.999897480010986,1.560669183731079,6.560566663742065,1626.8250000000003,0.9950000000000002,pulp_cbc,mean_total_cost,23960.26838406824,,180,60,True,1690.7465941899184,1691.7378069241554,2011.601490678983,2013.2207644463767,1347.8024814810938,1634.9999943799999,23960.26838406824,24265.67864377533,24569.661360991428,160.68625959916392,304.4717087564336,0.38420494699646646,234.05654148590995,630.5409969823564,303.72738708588395
X-n284-k15,283,atm,ortools:quantile_p90_scaled_or_tools,quantile_p90_scaled_or_tools,ortools,True,True,True,15,22673.0,5.0010292530059814,1.710392951965332,6.7114222049713135,1626.8250000000003,0.9950000000000002,pulp_cbc,mean_total_cost,23309.387752861334,,180,60,True,1690.7465941899184,1691.7378069241554,2011.601490678983,2013.2207644463767,1194.2573419399046,1634.9999978800001,23309.387752861334,23841.949323207602,24295.17353969855,160.7195027698275,307.9879704212858,0.3967844522968198,234.08978815657352,636.3877528613336,0.0
X-n284-k15,283,grocery,ortools:quantile_p90_scaled_or_tools,quantile_p90_scaled_or_tools,ortools,True,True,True,15,22673.0,5.0010292530059814,1.5211400985717773,6.522169351577759,1626.8250000000003,0.9950000000000002,pulp_cbc,mean_total_cost,23099.343242410057,,180,60,True,1690.7465941899184,1691.7378069241554,2011.601490678983,2013.2207644463767,592.7245137496722,1634.99999608,23099.343242410057,23348.44103860454,23583.481355214844,160.62497998681332,307.37421935274085,0.3954416961130742,233.99526357355936,426.34324241005396,0.0
X-n284-k15,283,cargo,ortools:quantile_p90_scaled_or_tools,quantile_p90_scaled_or_tools,ortools,True,True,True,15,22673.0,5.0010292530059814,1.9077022075653076,6.908731460571289,1626.8250000000003,0.9950000000000002,pulp_cbc,mean_total_cost,23147.798038570658,,180,60,True,1690.7465941899184,1691.7378069241554,2011.601490678983,2013.2207644463767,1054.5006291754994,1635.00000083,23147.798038570658,23554.857520054484,23898.460794912982,161.12043134187715,308.89037220583975,0.39021201413427564,234.49071967862312,474.79803857065343,0.0
X-n284-k15,283,cold_chain,ortools:quantile_p90_scaled_or_tools,quantile_p90_scaled_or_tools,ortools,True,True,True,15,22673.0,5.0010292530059814,1.5953607559204102,6.596390008926392,1626.8250000000003,0.9950000000000002,pulp_cbc,mean_total_cost,23606.806051073814,,180,60,True,1690.7465941899184,1691.7378069241554,2011.601490678983,2013.2207644463767,1347.184772234889,1634.99999938,23606.806051073814,23911.084138005936,24217.452217081136,160.7127302447244,306.52780804750523,0.38636042402826853,234.08301713147037,630.1642084085679,303.6418426652536
X-n284-k15,283,atm,ortools:robust_mean_1std_scaled_or_tools,robust_mean_1std_scaled_or_tools,ortools,True,True,True,15,23151.0,5.00072717666626,1.7068817615509033,6.707608938217163,1626.8249999999998,0.9949999999999999,pulp_cbc,mean_total_cost,23784.161219104913,,180,60,True,1690.7465941899184,1691.7378069241554,2011.601490678983,2013.2207644463767,1190.76016165266,1634.9999978300002,23784.161219104913,24314.482969107423,24769.35060181714,159.75244525178402,306.55434485975474,0.3927208480565371,233.12273058853,633.161219104918,0.0
X-n284-k15,283,grocery,ortools:robust_mean_1std_scaled_or_tools,robust_mean_1std_scaled_or_tools,ortools,True,True,True,15,23151.0,5.00072717666626,1.443645715713501,6.444372892379761,1626.8249999999998,0.9949999999999999,pulp_cbc,mean_total_cost,23575.274467566884,,180,60,True,1690.7465941899184,1691.7378069241554,2011.601490678983,2013.2207644463767,590.7150329898989,1635.00000051,23575.274467566884,23826.289104853902,24057.59852689061,159.67063999778728,307.64886124446997,0.3910600706713781,233.0409280145333,424.2744675668801,0.0
X-n284-k15,283,cargo,ortools:robust_mean_1std_scaled_or_tools,robust_mean_1std_scaled_or_tools,ortools,True,True,True,15,23151.0,5.00072717666626,1.8189644813537598,6.8196916580200195,1626.8249999999998,0.9949999999999999,pulp_cbc,mean_total_cost,23623.7503851201,,180,60,True,1690.7465941899184,1691.7378069241554,2011.601490678983,2013.2207644463767,1051.9142743034804,1635.00000055,23623.7503851201,24031.71708103608,24372.461290063045,160.27008775322238,307.16348845712434,0.3880918727915194,233.64037580996836,472.7503851201091,0.0
X-n284-k15,283,cold_chain,ortools:robust_mean_1std_scaled_or_tools,robust_mean_1std_scaled_or_tools,ortools,True,True,True,15,23151.0,5.00072717666626,1.6523897647857666,6.653116941452026,1626.8249999999998,0.9949999999999999,pulp_cbc,mean_total_cost,24088.154335397863,,180,60,True,1690.7465941899184,1691.7378069241554,2011.601490678983,2013.2207644463767,1349.7304890235685,1634.9999982,24088.154335397863,24396.461454222797,24697.035852923724,159.88688126531878,306.0612251003451,0.38070671378091875,233.25716697206477,627.9291281277341,309.22520727012835
X-n284-k15,283,atm,ortools:robust_mean_2std_scaled_or_tools,robust_mean_2std_scaled_or_tools,ortools,True,True,True,15,23628.0,4.998699903488159,1.809117317199707,6.807817220687866,1626.8249999999998,0.9949999999999999,pulp_cbc,mean_total_cost,24260.18864900812,,180,60,True,1690.7465941899184,1691.7378069241554,2011.601490678983,2013.2207644463767,1190.7032246425324,1634.99999962,24260.18864900812,24785.9737763554,25249.83885870485,159.71400210059974,306.41068166670715,0.3952650176678445,233.08428922734575,632.1886490081176,0.0
X-n284-k15,283,grocery,ortools:robust_mean_2std_scaled_or_tools,robust_mean_2std_scaled_or_tools,ortools,True,True,True,15,23628.0,4.998699903488159,1.4511325359344482,6.449832439422607,1626.8249999999998,0.9949999999999999,pulp_cbc,mean_total_cost,24051.755407431872,,180,60,True,1690.7465941899184,1691.7378069241554,2011.601490678983,2013.2207644463767,591.0313266219346,1635.00000142,24051.755407431872,24297.30083614186,24537.176923600346,159.46755725611897,305.8250882063436,0.3946996466431095,232.83784618286495,423.755407431865,0.0
X-n284-k15,283,cargo,ortools:robust_mean_2std_scaled_or_tools,robust_mean_2std_scaled_or_tools,ortools,True,True,True,15,23628.0,4.998699903488159,1.9094510078430176,6.908150911331177,1626.8249999999998,0.9949999999999999,pulp_cbc,mean_total_cost,24099.038004357368,,180,60,True,1690.7465941899184,1691.7378069241554,2011.601490678983,2013.2207644463767,1049.4517162202703,1634.9999999499998,24099.038004357368,24500.24577317995,24850.007407483303,160.344667608306,307.47687164912526,0.3902826855123675,233.71495506505198,471.0380043573678,0.0
X-n284-k15,283,cold_chain,ortools:robust_mean_2std_scaled_or_tools,robust_mean_2std_scaled_or_tools,ortools,True,True,True,15,23628.0,4.998699903488159,1.6514716148376465,6.650171518325806,1626.8249999999998,0.9949999999999999,pulp_cbc,mean_total_cost,24566.609209831935,,180,60,True,1690.7465941899184,1691.7378069241554,2011.601490678983,2013.2207644463767,1352.0506187215994,1634.9999999799998,24566.609209831935,24874.301748434136,25179.087510657504,159.77004157967792,305.3531379736467,0.3837809187279152,233.14032906642396,627.7363060098996,310.87290382203844
