Instance,Customers,Candidate,Route Plan,Routing Provider,Route Feasible,Route Count,Route Cost,Route Runtime Sec,Planned Route Load Total,Planned Route Load Ratio,Reason,lp_planning_scenarios_original,lp_planning_scenarios_used,lp_scenario_reduced,lp_original_total_demand_mean,lp_reduced_total_demand_mean,lp_original_total_demand_p90,lp_reduced_total_demand_p90
X-n101-k25,100,ortools:nominal_or_tools,nominal_or_tools,ortools,False,0,,5.002547025680542,5147.0,0.9994174757281553,ortools_no_solution,180,60,True,5769.50626812439,5776.840928742447,6914.366579624066,6922.268107077579
X-n101-k25,100,ortools:proxy_mean_or_tools,proxy_mean_or_tools,ortools,False,0,,0.0,5769.506268124389,1.1202924792474542,total_load_exceeds_fleet_capacity,180,60,True,5769.50626812439,5776.840928742447,6914.366579624066,6922.268107077579
X-n101-k25,100,ortools:quantile_p75_or_tools,quantile_p75_or_tools,ortools,False,0,,0.0,6750.385968524617,1.3107545569950714,total_load_exceeds_fleet_capacity,180,60,True,5769.50626812439,5776.840928742447,6914.366579624066,6922.268107077579
X-n101-k25,100,ortools:quantile_p90_or_tools,quantile_p90_or_tools,ortools,False,0,,0.0,8112.254144135277,1.575194979443743,total_load_exceeds_fleet_capacity,180,60,True,5769.50626812439,5776.840928742447,6914.366579624066,6922.268107077579
X-n101-k25,100,ortools:robust_mean_1std_or_tools,robust_mean_1std_or_tools,ortools,False,0,,0.0,7577.994553022216,1.4714552530140226,total_load_exceeds_fleet_capacity,180,60,True,5769.50626812439,5776.840928742447,6914.366579624066,6922.268107077579
X-n101-k25,100,ortools:robust_mean_2std_or_tools,robust_mean_2std_or_tools,ortools,False,0,,0.0,9386.482837920043,1.8226180267805907,single_node_exceeds_capacity,180,60,True,5769.50626812439,5776.840928742447,6914.366579624066,6922.268107077579
X-n101-k25,100,ortools:proxy_mean_scaled_or_tools,proxy_mean_scaled_or_tools,ortools,False,0,,5.000036239624023,5124.250000000001,0.9950000000000002,ortools_no_solution,180,60,True,5769.50626812439,5776.840928742447,6914.366579624066,6922.268107077579
X-n101-k25,100,ortools:quantile_p75_scaled_or_tools,quantile_p75_scaled_or_tools,ortools,False,0,,5.004894018173218,5124.25,0.995,ortools_no_solution,180,60,True,5769.50626812439,5776.840928742447,6914.366579624066,6922.268107077579
X-n101-k25,100,ortools:quantile_p90_scaled_or_tools,quantile_p90_scaled_or_tools,ortools,False,0,,5.00441575050354,5124.25,0.995,ortools_no_solution,180,60,True,5769.50626812439,5776.840928742447,6914.366579624066,6922.268107077579
X-n101-k25,100,ortools:robust_mean_1std_scaled_or_tools,robust_mean_1std_scaled_or_tools,ortools,False,0,,5.005612373352051,5124.250000000001,0.9950000000000002,ortools_no_solution,180,60,True,5769.50626812439,5776.840928742447,6914.366579624066,6922.268107077579
X-n101-k25,100,ortools:robust_mean_2std_scaled_or_tools,robust_mean_2std_scaled_or_tools,ortools,False,0,,4.999401807785034,5124.25,0.995,ortools_no_solution,180,60,True,5769.50626812439,5776.840928742447,6914.366579624066,6922.268107077579
X-n106-k14,105,ortools:nominal_or_tools,nominal_or_tools,ortools,True,14,27182.0,4.9991137981414795,7864.0,0.9361904761904762,,180,60,True,8678.48886970813,8708.388879095239,10372.84775102459,10379.445766360304
X-n106-k14,105,ortools:proxy_mean_or_tools,proxy_mean_or_tools,ortools,False,0,,0.0,8678.488869708131,1.0331534368700157,total_load_exceeds_fleet_capacity,180,60,True,8678.48886970813,8708.388879095239,10372.84775102459,10379.445766360304
X-n106-k14,105,ortools:quantile_p75_or_tools,quantile_p75_or_tools,ortools,False,0,,0.0,10098.044716629973,1.2021481805511873,total_load_exceeds_fleet_capacity,180,60,True,8678.48886970813,8708.388879095239,10372.84775102459,10379.445766360304
X-n106-k14,105,ortools:quantile_p90_or_tools,quantile_p90_or_tools,ortools,False,0,,0.0,11983.8632171687,1.4266503829962738,total_load_exceeds_fleet_capacity,180,60,True,8678.48886970813,8708.388879095239,10372.84775102459,10379.445766360304
X-n106-k14,105,ortools:robust_mean_1std_or_tools,robust_mean_1std_or_tools,ortools,False,0,,0.0,11270.947971477992,1.3417795204140466,total_load_exceeds_fleet_capacity,180,60,True,8678.48886970813,8708.388879095239,10372.84775102459,10379.445766360304
X-n106-k14,105,ortools:robust_mean_2std_or_tools,robust_mean_2std_or_tools,ortools,False,0,,0.0,13863.407073247854,1.650405603958078,total_load_exceeds_fleet_capacity,180,60,True,8678.48886970813,8708.388879095239,10372.84775102459,10379.445766360304
X-n106-k14,105,ortools:proxy_mean_scaled_or_tools,proxy_mean_scaled_or_tools,ortools,False,0,,4.999352931976318,8358.0,0.995,ortools_no_solution,180,60,True,8678.48886970813,8708.388879095239,10372.84775102459,10379.445766360304
X-n106-k14,105,ortools:quantile_p75_scaled_or_tools,quantile_p75_scaled_or_tools,ortools,False,0,,4.999094009399414,8358.0,0.995,ortools_no_solution,180,60,True,8678.48886970813,8708.388879095239,10372.84775102459,10379.445766360304
X-n106-k14,105,ortools:quantile_p90_scaled_or_tools,quantile_p90_scaled_or_tools,ortools,False,0,,5.000193357467651,8357.999999999998,0.9949999999999998,ortools_no_solution,180,60,True,8678.48886970813,8708.388879095239,10372.84775102459,10379.445766360304
X-n106-k14,105,ortools:robust_mean_1std_scaled_or_tools,robust_mean_1std_scaled_or_tools,ortools,False,0,,5.004096031188965,8358.0,0.995,ortools_no_solution,180,60,True,8678.48886970813,8708.388879095239,10372.84775102459,10379.445766360304
X-n106-k14,105,ortools:robust_mean_2std_scaled_or_tools,robust_mean_2std_scaled_or_tools,ortools,False,0,,5.004198312759399,8357.999999999998,0.9949999999999998,ortools_no_solution,180,60,True,8678.48886970813,8708.388879095239,10372.84775102459,10379.445766360304
X-n110-k13,109,ortools:nominal_or_tools,nominal_or_tools,ortools,True,13,15387.0,4.9983298778533936,816.0,0.951048951048951,,180,60,True,922.107056749831,926.0446089731707,1096.1448904465033,1097.6485758926672
X-n110-k13,109,ortools:proxy_mean_or_tools,proxy_mean_or_tools,ortools,False,0,,0.0,922.1070567498308,1.074716849358777,total_load_exceeds_fleet_capacity,180,60,True,922.107056749831,926.0446089731707,1096.1448904465033,1097.6485758926672
X-n110-k13,109,ortools:quantile_p75_or_tools,quantile_p75_or_tools,ortools,False,0,,0.0,1068.6948730955414,1.2455651201579736,total_load_exceeds_fleet_capacity,180,60,True,922.107056749831,926.0446089731707,1096.1448904465033,1097.6485758926672
X-n110-k13,109,ortools:quantile_p90_or_tools,quantile_p90_or_tools,ortools,False,0,,0.0,1281.640142405187,1.493753079726325,total_load_exceeds_fleet_capacity,180,60,True,922.107056749831,926.0446089731707,1096.1448904465033,1097.6485758926672
X-n110-k13,109,ortools:robust_mean_1std_or_tools,robust_mean_1std_or_tools,ortools,False,0,,0.0,1199.8745334350876,1.3984551671737617,total_load_exceeds_fleet_capacity,180,60,True,922.107056749831,926.0446089731707,1096.1448904465033,1097.6485758926672
X-n110-k13,109,ortools:robust_mean_2std_or_tools,robust_mean_2std_or_tools,ortools,False,0,,0.0,1477.6420101203455,1.7221934849887477,total_load_exceeds_fleet_capacity,180,60,True,922.107056749831,926.0446089731707,1096.1448904465033,1097.6485758926672
X-n110-k13,109,ortools:proxy_mean_scaled_or_tools,proxy_mean_scaled_or_tools,ortools,True,13,16426.0,4.999256134033203,853.7099999999999,0.9949999999999999,,180,60,True,922.107056749831,926.0446089731707,1096.1448904465033,1097.6485758926672
X-n110-k13,109,ortools:quantile_p75_scaled_or_tools,quantile_p75_scaled_or_tools,ortools,False,0,,5.005394220352173,853.7099999999998,0.9949999999999998,ortools_no_solution,180,60,True,922.107056749831,926.0446089731707,1096.1448904465033,1097.6485758926672
X-n110-k13,109,ortools:quantile_p90_scaled_or_tools,quantile_p90_scaled_or_tools,ortools,False,0,,0.0,853.7100000000003,0.9950000000000003,total_load_exceeds_fleet_capacity,180,60,True,922.107056749831,926.0446089731707,1096.1448904465033,1097.6485758926672
X-n110-k13,109,ortools:robust_mean_1std_scaled_or_tools,robust_mean_1std_scaled_or_tools,ortools,False,0,,5.0049591064453125,853.7100000000003,0.9950000000000003,ortools_no_solution,180,60,True,922.107056749831,926.0446089731707,1096.1448904465033,1097.6485758926672
X-n110-k13,109,ortools:robust_mean_2std_scaled_or_tools,robust_mean_2std_scaled_or_tools,ortools,False,0,,0.0,853.71,0.995,total_load_exceeds_fleet_capacity,180,60,True,922.107056749831,926.0446089731707,1096.1448904465033,1097.6485758926672
X-n115-k10,114,ortools:nominal_or_tools,nominal_or_tools,ortools,True,10,13099.0,5.003995418548584,1535.0,0.908284023668639,,180,60,True,1696.498515200886,1698.9645533588098,2024.6258510269993,2026.4340508376151
X-n115-k10,114,ortools:proxy_mean_or_tools,proxy_mean_or_tools,ortools,False,0,,0.0,1696.4985152008858,1.0038452752667963,total_load_exceeds_fleet_capacity,180,60,True,1696.498515200886,1698.9645533588098,2024.6258510269993,2026.4340508376151
X-n115-k10,114,ortools:quantile_p75_or_tools,quantile_p75_or_tools,ortools,False,0,,0.0,2006.1238479980052,1.1870555313597664,total_load_exceeds_fleet_capacity,180,60,True,1696.498515200886,1698.9645533588098,2024.6258510269993,2026.4340508376151
X-n115-k10,114,ortools:quantile_p90_or_tools,quantile_p90_or_tools,ortools,False,0,,0.0,2435.0126827119116,1.440835906930125,total_load_exceeds_fleet_capacity,180,60,True,1696.498515200886,1698.9645533588098,2024.6258510269993,2026.4340508376151
X-n115-k10,114,ortools:robust_mean_1std_or_tools,robust_mean_1std_or_tools,ortools,False,0,,0.0,2288.7472271128768,1.354288300066791,total_load_exceeds_fleet_capacity,180,60,True,1696.498515200886,1698.9645533588098,2024.6258510269993,2026.4340508376151
X-n115-k10,114,ortools:robust_mean_2std_or_tools,robust_mean_2std_or_tools,ortools,False,0,,0.0,2880.9959390248678,1.7047313248667857,single_node_exceeds_capacity,180,60,True,1696.498515200886,1698.9645533588098,2024.6258510269993,2026.4340508376151
X-n115-k10,114,ortools:proxy_mean_scaled_or_tools,proxy_mean_scaled_or_tools,ortools,False,0,,5.004286289215088,1681.5499999999997,0.9949999999999999,ortools_no_solution,180,60,True,1696.498515200886,1698.9645533588098,2024.6258510269993,2026.4340508376151
X-n115-k10,114,ortools:quantile_p75_scaled_or_tools,quantile_p75_scaled_or_tools,ortools,False,0,,4.996763467788696,1681.5499999999997,0.9949999999999999,ortools_no_solution,180,60,True,1696.498515200886,1698.9645533588098,2024.6258510269993,2026.4340508376151
X-n115-k10,114,ortools:quantile_p90_scaled_or_tools,quantile_p90_scaled_or_tools,ortools,False,0,,5.000839471817017,1681.5499999999997,0.9949999999999999,ortools_no_solution,180,60,True,1696.498515200886,1698.9645533588098,2024.6258510269993,2026.4340508376151
X-n115-k10,114,ortools:robust_mean_1std_scaled_or_tools,robust_mean_1std_scaled_or_tools,ortools,False,0,,4.998320817947388,1681.5500000000002,0.9950000000000001,ortools_no_solution,180,60,True,1696.498515200886,1698.9645533588098,2024.6258510269993,2026.4340508376151
X-n115-k10,114,ortools:robust_mean_2std_scaled_or_tools,robust_mean_2std_scaled_or_tools,ortools,False,0,,5.000044584274292,1681.55,0.995,ortools_no_solution,180,60,True,1696.498515200886,1698.9645533588098,2024.6258510269993,2026.4340508376151
X-n120-k6,119,ortools:nominal_or_tools,nominal_or_tools,ortools,True,6,14034.0,5.004239797592163,119.0,0.9444444444444444,,180,60,True,133.52122460451002,133.78447753711538,155.4085028189589,155.70208638891222
X-n120-k6,119,ortools:proxy_mean_or_tools,proxy_mean_or_tools,ortools,True,6,14034.0,4.99750018119812,133.52122460451005,1.0596922587659527,,180,60,True,133.52122460451002,133.78447753711538,155.4085028189589,155.70208638891222
X-n120-k6,119,ortools:quantile_p75_or_tools,quantile_p75_or_tools,ortools,True,6,14034.0,4.998662710189819,154.0527270492996,1.222640690867457,,180,60,True,133.52122460451002,133.78447753711538,155.4085028189589,155.70208638891222
X-n120-k6,119,ortools:quantile_p90_or_tools,quantile_p90_or_tools,ortools,False,0,,0.0,182.66235606543265,1.449701238614545,total_load_exceeds_fleet_capacity,180,60,True,133.52122460451002,133.78447753711538,155.4085028189589,155.70208638891222
X-n120-k6,119,ortools:robust_mean_1std_or_tools,robust_mean_1std_or_tools,ortools,False,0,,0.0,171.55623043630987,1.3615573844151578,total_load_exceeds_fleet_capacity,180,60,True,133.52122460451002,133.78447753711538,155.4085028189589,155.70208638891222
X-n120-k6,119,ortools:robust_mean_2std_or_tools,robust_mean_2std_or_tools,ortools,False,0,,0.0,209.5912362681097,1.6634225100643627,total_load_exceeds_fleet_capacity,180,60,True,133.52122460451002,133.78447753711538,155.4085028189589,155.70208638891222
X-n120-k6,119,ortools:proxy_mean_scaled_or_tools,proxy_mean_scaled_or_tools,ortools,True,6,14034.0,4.998661041259766,125.37000000000002,0.9950000000000001,,180,60,True,133.52122460451002,133.78447753711538,155.4085028189589,155.70208638891222
X-n120-k6,119,ortools:quantile_p75_scaled_or_tools,quantile_p75_scaled_or_tools,ortools,True,6,14034.0,5.0046374797821045,125.36999999999998,0.9949999999999998,,180,60,True,133.52122460451002,133.78447753711538,155.4085028189589,155.70208638891222
X-n120-k6,119,ortools:quantile_p90_scaled_or_tools,quantile_p90_scaled_or_tools,ortools,True,6,14034.0,5.0036585330963135,125.37,0.995,,180,60,True,133.52122460451002,133.78447753711538,155.4085028189589,155.70208638891222
X-n120-k6,119,ortools:robust_mean_1std_scaled_or_tools,robust_mean_1std_scaled_or_tools,ortools,True,6,14034.0,4.998867988586426,125.37000000000002,0.9950000000000001,,180,60,True,133.52122460451002,133.78447753711538,155.4085028189589,155.70208638891222
X-n120-k6,119,ortools:robust_mean_2std_scaled_or_tools,robust_mean_2std_scaled_or_tools,ortools,True,6,14034.0,5.006385326385498,125.36999999999998,0.9949999999999998,,180,60,True,133.52122460451002,133.78447753711538,155.4085028189589,155.70208638891222
X-n125-k30,124,ortools:nominal_or_tools,nominal_or_tools,ortools,False,0,,4.999237537384033,5536.0,0.9815602836879432,ortools_no_solution,180,60,True,6182.103060403259,6203.205802760405,7268.164911231489,7281.546769180081
X-n125-k30,124,ortools:proxy_mean_or_tools,proxy_mean_or_tools,ortools,False,0,,0.0,6182.10306040326,1.0961175639012872,total_load_exceeds_fleet_capacity,180,60,True,6182.103060403259,6203.205802760405,7268.164911231489,7281.546769180081
X-n125-k30,124,ortools:quantile_p75_or_tools,quantile_p75_or_tools,ortools,False,0,,0.0,7230.234136441316,1.2819564071704461,total_load_exceeds_fleet_capacity,180,60,True,6182.103060403259,6203.205802760405,7268.164911231489,7281.546769180081
X-n125-k30,124,ortools:quantile_p90_or_tools,quantile_p90_or_tools,ortools,False,0,,0.0,8745.99767809251,1.5507088081724307,total_load_exceeds_fleet_capacity,180,60,True,6182.103060403259,6203.205802760405,7268.164911231489,7281.546769180081
X-n125-k30,124,ortools:robust_mean_1std_or_tools,robust_mean_1std_or_tools,ortools,False,0,,0.0,8218.104349738027,1.4571107003081607,total_load_exceeds_fleet_capacity,180,60,True,6182.103060403259,6203.205802760405,7268.164911231489,7281.546769180081
X-n125-k30,124,ortools:robust_mean_2std_or_tools,robust_mean_2std_or_tools,ortools,False,0,,0.0,10254.105639072797,1.818103836715035,single_node_exceeds_capacity,180,60,True,6182.103060403259,6203.205802760405,7268.164911231489,7281.546769180081
X-n125-k30,124,ortools:proxy_mean_scaled_or_tools,proxy_mean_scaled_or_tools,ortools,False,0,,4.999435663223267,5611.8,0.995,ortools_no_solution,180,60,True,6182.103060403259,6203.205802760405,7268.164911231489,7281.546769180081
X-n125-k30,124,ortools:quantile_p75_scaled_or_tools,quantile_p75_scaled_or_tools,ortools,False,0,,4.998488426208496,5611.8,0.995,ortools_no_solution,180,60,True,6182.103060403259,6203.205802760405,7268.164911231489,7281.546769180081
X-n125-k30,124,ortools:quantile_p90_scaled_or_tools,quantile_p90_scaled_or_tools,ortools,False,0,,4.9997828006744385,5611.8,0.995,ortools_no_solution,180,60,True,6182.103060403259,6203.205802760405,7268.164911231489,7281.546769180081
X-n125-k30,124,ortools:robust_mean_1std_scaled_or_tools,robust_mean_1std_scaled_or_tools,ortools,False,0,,5.006196975708008,5611.8,0.995,ortools_no_solution,180,60,True,6182.103060403259,6203.205802760405,7268.164911231489,7281.546769180081
X-n125-k30,124,ortools:robust_mean_2std_scaled_or_tools,robust_mean_2std_scaled_or_tools,ortools,False,0,,5.000783205032349,5611.8,0.995,ortools_no_solution,180,60,True,6182.103060403259,6203.205802760405,7268.164911231489,7281.546769180081
X-n129-k18,128,ortools:nominal_or_tools,nominal_or_tools,ortools,True,18,30677.0,5.004807949066162,665.0,0.9472934472934473,,180,60,True,727.1353695075978,729.545141336595,853.7757199603714,854.5229848707611
X-n129-k18,128,ortools:proxy_mean_or_tools,proxy_mean_or_tools,ortools,False,0,,0.0,727.1353695075978,1.0358053696689429,total_load_exceeds_fleet_capacity,180,60,True,727.1353695075978,729.545141336595,853.7757199603714,854.5229848707611
X-n129-k18,128,ortools:quantile_p75_or_tools,quantile_p75_or_tools,ortools,False,0,,0.0,847.2628504505681,1.2069271373939716,total_load_exceeds_fleet_capacity,180,60,True,727.1353695075978,729.545141336595,853.7757199603714,854.5229848707611
X-n129-k18,128,ortools:quantile_p90_or_tools,quantile_p90_or_tools,ortools,False,0,,0.0,1027.552162617866,1.4637495193986696,total_load_exceeds_fleet_capacity,180,60,True,727.1353695075978,729.545141336595,853.7757199603714,854.5229848707611
X-n129-k18,128,ortools:robust_mean_1std_or_tools,robust_mean_1std_or_tools,ortools,False,0,,0.0,961.2137208592039,1.3692503146142505,total_load_exceeds_fleet_capacity,180,60,True,727.1353695075978,729.545141336595,853.7757199603714,854.5229848707611
X-n129-k18,128,ortools:robust_mean_2std_or_tools,robust_mean_2std_or_tools,ortools,False,0,,0.0,1195.29207221081,1.7026952595595584,total_load_exceeds_fleet_capacity,180,60,True,727.1353695075978,729.545141336595,853.7757199603714,854.5229848707611
X-n129-k18,128,ortools:proxy_mean_scaled_or_tools,proxy_mean_scaled_or_tools,ortools,True,18,31770.0,5.004741191864014,698.49,0.995,,180,60,True,727.1353695075978,729.545141336595,853.7757199603714,854.5229848707611
X-n129-k18,128,ortools:quantile_p75_scaled_or_tools,quantile_p75_scaled_or_tools,ortools,True,18,31451.0,4.998423099517822,698.49,0.995,,180,60,True,727.1353695075978,729.545141336595,853.7757199603714,854.5229848707611
X-n129-k18,128,ortools:quantile_p90_scaled_or_tools,quantile_p90_scaled_or_tools,ortools,True,18,33039.0,4.997389316558838,698.49,0.995,,180,60,True,727.1353695075978,729.545141336595,853.7757199603714,854.5229848707611
X-n129-k18,128,ortools:robust_mean_1std_scaled_or_tools,robust_mean_1std_scaled_or_tools,ortools,True,18,32958.0,4.997937202453613,698.4899999999999,0.9949999999999999,,180,60,True,727.1353695075978,729.545141336595,853.7757199603714,854.5229848707611
X-n129-k18,128,ortools:robust_mean_2std_scaled_or_tools,robust_mean_2std_scaled_or_tools,ortools,True,18,33757.0,4.997440338134766,698.4900000000001,0.9950000000000002,,180,60,True,727.1353695075978,729.545141336595,853.7757199603714,854.5229848707611
X-n134-k13,133,ortools:nominal_or_tools,nominal_or_tools,ortools,True,13,13345.0,5.001290559768677,8220.0,0.9833712166527097,,180,60,True,9183.395205809104,9198.564456324053,11030.147738079117,11050.704860248838
X-n134-k13,133,ortools:proxy_mean_or_tools,proxy_mean_or_tools,ortools,False,0,,0.0,9183.395205809102,1.0986236638125495,total_load_exceeds_fleet_capacity,180,60,True,9183.395205809104,9198.564456324053,11030.147738079117,11050.704860248838
X-n134-k13,133,ortools:quantile_p75_or_tools,quantile_p75_or_tools,ortools,False,0,,0.0,10692.803823490274,1.2791965334956663,total_load_exceeds_fleet_capacity,180,60,True,9183.395205809104,9198.564456324053,11030.147738079117,11050.704860248838
X-n134-k13,133,ortools:quantile_p90_or_tools,quantile_p90_or_tools,ortools,False,0,,0.0,12818.158650380858,1.5334559935854597,total_load_exceeds_fleet_capacity,180,60,True,9183.395205809104,9198.564456324053,11030.147738079117,11050.704860248838
X-n134-k13,133,ortools:robust_mean_1std_or_tools,robust_mean_1std_or_tools,ortools,False,0,,0.0,12024.031652292218,1.4384533619203514,total_load_exceeds_fleet_capacity,180,60,True,9183.395205809104,9198.564456324053,11030.147738079117,11050.704860248838
X-n134-k13,133,ortools:robust_mean_2std_or_tools,robust_mean_2std_or_tools,ortools,False,0,,0.0,14864.668098775339,1.778283060028154,total_load_exceeds_fleet_capacity,180,60,True,9183.395205809104,9198.564456324053,11030.147738079117,11050.704860248838
X-n134-k13,133,ortools:proxy_mean_scaled_or_tools,proxy_mean_scaled_or_tools,ortools,False,0,,4.999884605407715,8317.205,0.995,ortools_no_solution,180,60,True,9183.395205809104,9198.564456324053,11030.147738079117,11050.704860248838
X-n134-k13,133,ortools:quantile_p75_scaled_or_tools,quantile_p75_scaled_or_tools,ortools,True,13,14712.0,5.000061511993408,8317.205,0.995,,180,60,True,9183.395205809104,9198.564456324053,11030.147738079117,11050.704860248838
X-n134-k13,133,ortools:quantile_p90_scaled_or_tools,quantile_p90_scaled_or_tools,ortools,True,13,14999.0,5.000625848770142,8317.205000000002,0.9950000000000002,,180,60,True,9183.395205809104,9198.564456324053,11030.147738079117,11050.704860248838
X-n134-k13,133,ortools:robust_mean_1std_scaled_or_tools,robust_mean_1std_scaled_or_tools,ortools,True,13,13638.0,5.001005411148071,8317.205000000002,0.9950000000000002,,180,60,True,9183.395205809104,9198.564456324053,11030.147738079117,11050.704860248838
X-n134-k13,133,ortools:robust_mean_2std_scaled_or_tools,robust_mean_2std_scaled_or_tools,ortools,False,0,,5.0005621910095215,8317.205000000002,0.9950000000000002,ortools_no_solution,180,60,True,9183.395205809104,9198.564456324053,11030.147738079117,11050.704860248838
X-n139-k10,138,ortools:nominal_or_tools,nominal_or_tools,ortools,True,10,14826.0,5.0046446323394775,1039.0,0.980188679245283,,180,60,True,1146.307606641427,1148.216888591183,1334.618975008724,1335.9433230902957
X-n139-k10,138,ortools:proxy_mean_or_tools,proxy_mean_or_tools,ortools,False,0,,0.0,1146.307606641427,1.0814222704164405,total_load_exceeds_fleet_capacity,180,60,True,1146.307606641427,1148.216888591183,1334.618975008724,1335.9433230902957
X-n139-k10,138,ortools:quantile_p75_or_tools,quantile_p75_or_tools,ortools,False,0,,0.0,1329.4869493703554,1.254232971104109,total_load_exceeds_fleet_capacity,180,60,True,1146.307606641427,1148.216888591183,1334.618975008724,1335.9433230902957
X-n139-k10,138,ortools:quantile_p90_or_tools,quantile_p90_or_tools,ortools,False,0,,0.0,1576.788758173226,1.487536564314364,total_load_exceeds_fleet_capacity,180,60,True,1146.307606641427,1148.216888591183,1334.618975008724,1335.9433230902957
X-n139-k10,138,ortools:robust_mean_1std_or_tools,robust_mean_1std_or_tools,ortools,False,0,,0.0,1480.6295593962218,1.3968203390530394,total_load_exceeds_fleet_capacity,180,60,True,1146.307606641427,1148.216888591183,1334.618975008724,1335.9433230902957
X-n139-k10,138,ortools:robust_mean_2std_or_tools,robust_mean_2std_or_tools,ortools,False,0,,0.0,1814.9515121510162,1.7122184076896378,total_load_exceeds_fleet_capacity,180,60,True,1146.307606641427,1148.216888591183,1334.618975008724,1335.9433230902957
X-n139-k10,138,ortools:proxy_mean_scaled_or_tools,proxy_mean_scaled_or_tools,ortools,False,0,,5.004703760147095,1054.7000000000003,0.9950000000000002,ortools_no_solution,180,60,True,1146.307606641427,1148.216888591183,1334.618975008724,1335.9433230902957
X-n139-k10,138,ortools:quantile_p75_scaled_or_tools,quantile_p75_scaled_or_tools,ortools,False,0,,4.998431205749512,1054.6999999999998,0.9949999999999998,ortools_no_solution,180,60,True,1146.307606641427,1148.216888591183,1334.618975008724,1335.9433230902957
X-n139-k10,138,ortools:quantile_p90_scaled_or_tools,quantile_p90_scaled_or_tools,ortools,False,0,,4.9992756843566895,1054.7000000000003,0.9950000000000002,ortools_no_solution,180,60,True,1146.307606641427,1148.216888591183,1334.618975008724,1335.9433230902957
X-n139-k10,138,ortools:robust_mean_1std_scaled_or_tools,robust_mean_1std_scaled_or_tools,ortools,False,0,,0.0,1054.7,0.995,total_load_exceeds_fleet_capacity,180,60,True,1146.307606641427,1148.216888591183,1334.618975008724,1335.9433230902957
X-n139-k10,138,ortools:robust_mean_2std_scaled_or_tools,robust_mean_2std_scaled_or_tools,ortools,False,0,,0.0,1054.7,0.995,total_load_exceeds_fleet_capacity,180,60,True,1146.307606641427,1148.216888591183,1334.618975008724,1335.9433230902957
X-n143-k7,142,ortools:nominal_or_tools,nominal_or_tools,ortools,True,7,16647.0,4.997495174407959,7475.0,0.897358943577431,,180,60,True,8295.848620495428,8316.617424477572,9916.867451961063,9925.630118934274
X-n143-k7,142,ortools:proxy_mean_or_tools,proxy_mean_or_tools,ortools,True,7,19116.0,5.000728368759155,8295.848620495428,0.9959001945372663,,180,60,True,8295.848620495428,8316.617424477572,9916.867451961063,9925.630118934274
X-n143-k7,142,ortools:quantile_p75_or_tools,quantile_p75_or_tools,ortools,False,0,,0.0,9668.619867790552,1.1606986636003065,total_load_exceeds_fleet_capacity,180,60,True,8295.848620495428,8316.617424477572,9916.867451961063,9925.630118934274
X-n143-k7,142,ortools:quantile_p90_or_tools,quantile_p90_or_tools,ortools,False,0,,0.0,11664.053787123157,1.4002465530760093,total_load_exceeds_fleet_capacity,180,60,True,8295.848620495428,8316.617424477572,9916.867451961063,9925.630118934274
X-n143-k7,142,ortools:robust_mean_1std_or_tools,robust_mean_1std_or_tools,ortools,False,0,,0.0,10881.042610378192,1.306247612290299,total_load_exceeds_fleet_capacity,180,60,True,8295.848620495428,8316.617424477572,9916.867451961063,9925.630118934274
X-n143-k7,142,ortools:robust_mean_2std_or_tools,robust_mean_2std_or_tools,ortools,False,0,,0.0,13466.23660026096,1.6165950300433325,total_load_exceeds_fleet_capacity,180,60,True,8295.848620495428,8316.617424477572,9916.867451961063,9925.630118934274
X-n143-k7,142,ortools:proxy_mean_scaled_or_tools,proxy_mean_scaled_or_tools,ortools,True,7,18707.0,4.997139930725098,8288.349999999999,0.9949999999999998,,180,60,True,8295.848620495428,8316.617424477572,9916.867451961063,9925.630118934274
X-n143-k7,142,ortools:quantile_p75_scaled_or_tools,quantile_p75_scaled_or_tools,ortools,True,7,17963.0,4.999507665634155,8288.35,0.995,,180,60,True,8295.848620495428,8316.617424477572,9916.867451961063,9925.630118934274
X-n143-k7,142,ortools:quantile_p90_scaled_or_tools,quantile_p90_scaled_or_tools,ortools,True,7,18531.0,4.998933553695679,8288.35,0.995,,180,60,True,8295.848620495428,8316.617424477572,9916.867451961063,9925.630118934274
X-n143-k7,142,ortools:robust_mean_1std_scaled_or_tools,robust_mean_1std_scaled_or_tools,ortools,True,7,18293.0,5.007555961608887,8288.350000000002,0.9950000000000002,,180,60,True,8295.848620495428,8316.617424477572,9916.867451961063,9925.630118934274
X-n143-k7,142,ortools:robust_mean_2std_scaled_or_tools,robust_mean_2std_scaled_or_tools,ortools,True,7,18682.0,4.999079704284668,8288.35,0.995,,180,60,True,8295.848620495428,8316.617424477572,9916.867451961063,9925.630118934274
X-n148-k46,147,ortools:nominal_or_tools,nominal_or_tools,ortools,False,0,,5.00550103187561,817.0,0.9867149758454107,ortools_no_solution,180,60,True,916.5654169475524,917.3025146472107,1115.084444950434,1120.0128820915663
X-n148-k46,147,ortools:proxy_mean_or_tools,proxy_mean_or_tools,ortools,False,0,,0.0,916.5654169475521,1.106963063946319,total_load_exceeds_fleet_capacity,180,60,True,916.5654169475524,917.3025146472107,1115.084444950434,1120.0128820915663
X-n148-k46,147,ortools:quantile_p75_or_tools,quantile_p75_or_tools,ortools,False,0,,0.0,1069.546951688235,1.2917233716041485,total_load_exceeds_fleet_capacity,180,60,True,916.5654169475524,917.3025146472107,1115.084444950434,1120.0128820915663
X-n148-k46,147,ortools:quantile_p90_or_tools,quantile_p90_or_tools,ortools,False,0,,0.0,1293.9845310736196,1.5627832500889125,total_load_exceeds_fleet_capacity,180,60,True,916.5654169475524,917.3025146472107,1115.084444950434,1120.0128820915663
X-n148-k46,147,ortools:robust_mean_1std_or_tools,robust_mean_1std_or_tools,ortools,False,0,,0.0,1205.071451066352,1.4554003032202318,total_load_exceeds_fleet_capacity,180,60,True,916.5654169475524,917.3025146472107,1115.084444950434,1120.0128820915663
X-n148-k46,147,ortools:robust_mean_2std_or_tools,robust_mean_2std_or_tools,ortools,False,0,,0.0,1493.5774851851522,1.8038375424941453,single_node_exceeds_capacity,180,60,True,916.5654169475524,917.3025146472107,1115.084444950434,1120.0128820915663
X-n148-k46,147,ortools:proxy_mean_scaled_or_tools,proxy_mean_scaled_or_tools,ortools,False,0,,5.005188465118408,823.8600000000001,0.9950000000000001,ortools_no_solution,180,60,True,916.5654169475524,917.3025146472107,1115.084444950434,1120.0128820915663
X-n148-k46,147,ortools:quantile_p75_scaled_or_tools,quantile_p75_scaled_or_tools,ortools,False,0,,5.00260329246521,823.86,0.995,ortools_no_solution,180,60,True,916.5654169475524,917.3025146472107,1115.084444950434,1120.0128820915663
X-n148-k46,147,ortools:quantile_p90_scaled_or_tools,quantile_p90_scaled_or_tools,ortools,False,0,,0.0,823.8600000000002,0.9950000000000003,total_load_exceeds_fleet_capacity,180,60,True,916.5654169475524,917.3025146472107,1115.084444950434,1120.0128820915663
X-n148-k46,147,ortools:robust_mean_1std_scaled_or_tools,robust_mean_1std_scaled_or_tools,ortools,False,0,,0.0,823.8600000000001,0.9950000000000001,total_load_exceeds_fleet_capacity,180,60,True,916.5654169475524,917.3025146472107,1115.084444950434,1120.0128820915663
X-n148-k46,147,ortools:robust_mean_2std_scaled_or_tools,robust_mean_2std_scaled_or_tools,ortools,False,0,,0.0,823.86,0.995,total_load_exceeds_fleet_capacity,180,60,True,916.5654169475524,917.3025146472107,1115.084444950434,1120.0128820915663
X-n153-k22,152,ortools:nominal_or_tools,nominal_or_tools,ortools,False,0,,4.998308181762695,3068.0,0.9684343434343434,ortools_no_solution,180,60,True,3432.728094979355,3434.658018280813,4042.2670573473,4044.685088686257
X-n153-k22,152,ortools:proxy_mean_or_tools,proxy_mean_or_tools,ortools,False,0,,0.0,3432.728094979355,1.0835631612939882,total_load_exceeds_fleet_capacity,180,60,True,3432.728094979355,3434.658018280813,4042.2670573473,4044.685088686257
X-n153-k22,152,ortools:quantile_p75_or_tools,quantile_p75_or_tools,ortools,False,0,,0.0,4041.441502944223,1.2757075451212825,total_load_exceeds_fleet_capacity,180,60,True,3432.728094979355,3434.658018280813,4042.2670573473,4044.685088686257
X-n153-k22,152,ortools:quantile_p90_or_tools,quantile_p90_or_tools,ortools,False,0,,0.0,4943.014014882998,1.560294827930239,single_node_exceeds_capacity,180,60,True,3432.728094979355,3434.658018280813,4042.2670573473,4044.685088686257
X-n153-k22,152,ortools:robust_mean_1std_or_tools,robust_mean_1std_or_tools,ortools,False,0,,0.0,4583.650918944637,1.4468595072426254,single_node_exceeds_capacity,180,60,True,3432.728094979355,3434.658018280813,4042.2670573473,4044.685088686257
X-n153-k22,152,ortools:robust_mean_2std_or_tools,robust_mean_2std_or_tools,ortools,False,0,,0.0,5734.573742909919,1.8101558531912623,single_node_exceeds_capacity,180,60,True,3432.728094979355,3434.658018280813,4042.2670573473,4044.685088686257
X-n153-k22,152,ortools:proxy_mean_scaled_or_tools,proxy_mean_scaled_or_tools,ortools,False,0,,4.997669458389282,3152.1600000000003,0.9950000000000001,ortools_no_solution,180,60,True,3432.728094979355,3434.658018280813,4042.2670573473,4044.685088686257
X-n153-k22,152,ortools:quantile_p75_scaled_or_tools,quantile_p75_scaled_or_tools,ortools,False,0,,4.998599052429199,3152.1600000000003,0.9950000000000001,ortools_no_solution,180,60,True,3432.728094979355,3434.658018280813,4042.2670573473,4044.685088686257
X-n153-k22,152,ortools:quantile_p90_scaled_or_tools,quantile_p90_scaled_or_tools,ortools,False,0,,4.998457431793213,3152.16,0.995,ortools_no_solution,180,60,True,3432.728094979355,3434.658018280813,4042.2670573473,4044.685088686257
X-n153-k22,152,ortools:robust_mean_1std_scaled_or_tools,robust_mean_1std_scaled_or_tools,ortools,False,0,,4.999676942825317,3152.1599999999994,0.9949999999999998,ortools_no_solution,180,60,True,3432.728094979355,3434.658018280813,4042.2670573473,4044.685088686257
X-n153-k22,152,ortools:robust_mean_2std_scaled_or_tools,robust_mean_2std_scaled_or_tools,ortools,False,0,,5.00410795211792,3152.16,0.995,ortools_no_solution,180,60,True,3432.728094979355,3434.658018280813,4042.2670573473,4044.685088686257
X-n157-k13,156,ortools:nominal_or_tools,nominal_or_tools,ortools,True,13,17404.0,5.004091501235962,156.0,1.0,,180,60,True,171.99406906934314,172.27034686930705,198.09955188531734,198.5245135344457
X-n157-k13,156,ortools:proxy_mean_or_tools,proxy_mean_or_tools,ortools,True,13,17404.0,4.998384475708008,171.99406906934314,1.1025260837778406,,180,60,True,171.99406906934314,172.27034686930705,198.09955188531734,198.5245135344457
X-n157-k13,156,ortools:quantile_p75_or_tools,quantile_p75_or_tools,ortools,True,13,17404.0,5.00580906867981,198.73241893059878,1.2739257623756333,,180,60,True,171.99406906934314,172.27034686930705,198.09955188531734,198.5245135344457
X-n157-k13,156,ortools:quantile_p90_or_tools,quantile_p90_or_tools,ortools,False,0,,0.0,235.21910337265388,1.5078147652093197,total_load_exceeds_fleet_capacity,180,60,True,171.99406906934314,172.27034686930705,198.09955188531734,198.5245135344457
X-n157-k13,156,ortools:robust_mean_1std_or_tools,robust_mean_1std_or_tools,ortools,False,0,,0.0,220.81396957678305,1.4154741639537376,total_load_exceeds_fleet_capacity,180,60,True,171.99406906934314,172.27034686930705,198.09955188531734,198.5245135344457
X-n157-k13,156,ortools:robust_mean_2std_or_tools,robust_mean_2std_or_tools,ortools,False,0,,0.0,269.63387008422296,1.7284222441296344,total_load_exceeds_fleet_capacity,180,60,True,171.99406906934314,172.27034686930705,198.09955188531734,198.5245135344457
X-n157-k13,156,ortools:proxy_mean_scaled_or_tools,proxy_mean_scaled_or_tools,ortools,True,13,17404.0,4.995877027511597,155.22,0.995,,180,60,True,171.99406906934314,172.27034686930705,198.09955188531734,198.5245135344457
X-n157-k13,156,ortools:quantile_p75_scaled_or_tools,quantile_p75_scaled_or_tools,ortools,True,13,17404.0,5.000540733337402,155.22000000000003,0.9950000000000002,,180,60,True,171.99406906934314,172.27034686930705,198.09955188531734,198.5245135344457
X-n157-k13,156,ortools:quantile_p90_scaled_or_tools,quantile_p90_scaled_or_tools,ortools,True,13,17404.0,5.000851392745972,155.22000000000003,0.9950000000000002,,180,60,True,171.99406906934314,172.27034686930705,198.09955188531734,198.5245135344457
X-n157-k13,156,ortools:robust_mean_1std_scaled_or_tools,robust_mean_1std_scaled_or_tools,ortools,True,13,17404.0,5.004571199417114,155.22,0.995,,180,60,True,171.99406906934314,172.27034686930705,198.09955188531734,198.5245135344457
X-n157-k13,156,ortools:robust_mean_2std_scaled_or_tools,robust_mean_2std_scaled_or_tools,ortools,True,13,17404.0,5.003650426864624,155.21999999999997,0.9949999999999998,,180,60,True,171.99406906934314,172.27034686930705,198.09955188531734,198.5245135344457
X-n162-k11,161,ortools:nominal_or_tools,nominal_or_tools,ortools,True,11,14676.0,5.001288414001465,12194.0,0.9442465541273037,,180,60,True,14041.602423680102,14059.258642798679,17116.69937454782,17172.81426272881
X-n162-k11,161,ortools:proxy_mean_or_tools,proxy_mean_or_tools,ortools,False,0,,0.0,14041.602423680106,1.0873162787424582,total_load_exceeds_fleet_capacity,180,60,True,14041.602423680102,14059.258642798679,17116.69937454782,17172.81426272881
X-n162-k11,161,ortools:quantile_p75_or_tools,quantile_p75_or_tools,ortools,False,0,,0.0,16324.755246187586,1.2641129972268534,total_load_exceeds_fleet_capacity,180,60,True,14041.602423680102,14059.258642798679,17116.69937454782,17172.81426272881
X-n162-k11,161,ortools:quantile_p90_or_tools,quantile_p90_or_tools,ortools,False,0,,0.0,19634.0039462035,1.5203658003874476,total_load_exceeds_fleet_capacity,180,60,True,14041.602423680102,14059.258642798679,17116.69937454782,17172.81426272881
X-n162-k11,161,ortools:robust_mean_1std_or_tools,robust_mean_1std_or_tools,ortools,False,0,,0.0,18328.159785567048,1.4192473118760298,total_load_exceeds_fleet_capacity,180,60,True,14041.602423680102,14059.258642798679,17116.69937454782,17172.81426272881
X-n162-k11,161,ortools:robust_mean_2std_or_tools,robust_mean_2std_or_tools,ortools,False,0,,0.0,22614.717147453986,1.751178345009601,total_load_exceeds_fleet_capacity,180,60,True,14041.602423680102,14059.258642798679,17116.69937454782,17172.81426272881
X-n162-k11,161,ortools:proxy_mean_scaled_or_tools,proxy_mean_scaled_or_tools,ortools,False,0,,4.9986348152160645,12849.43,0.995,ortools_no_solution,180,60,True,14041.602423680102,14059.258642798679,17116.69937454782,17172.81426272881
X-n162-k11,161,ortools:quantile_p75_scaled_or_tools,quantile_p75_scaled_or_tools,ortools,False,0,,5.005229949951172,12849.43,0.995,ortools_no_solution,180,60,True,14041.602423680102,14059.258642798679,17116.69937454782,17172.81426272881
X-n162-k11,161,ortools:quantile_p90_scaled_or_tools,quantile_p90_scaled_or_tools,ortools,False,0,,5.002226829528809,12849.43,0.995,ortools_no_solution,180,60,True,14041.602423680102,14059.258642798679,17116.69937454782,17172.81426272881
X-n162-k11,161,ortools:robust_mean_1std_scaled_or_tools,robust_mean_1std_scaled_or_tools,ortools,False,0,,4.997881889343262,12849.43,0.995,ortools_no_solution,180,60,True,14041.602423680102,14059.258642798679,17116.69937454782,17172.81426272881
X-n162-k11,161,ortools:robust_mean_2std_scaled_or_tools,robust_mean_2std_scaled_or_tools,ortools,False,0,,4.997720956802368,12849.43,0.995,ortools_no_solution,180,60,True,14041.602423680102,14059.258642798679,17116.69937454782,17172.81426272881
X-n167-k10,166,ortools:nominal_or_tools,nominal_or_tools,ortools,True,10,22643.0,5.0046186447143555,1236.0,0.9293233082706767,,180,60,True,1338.4496844448638,1339.8281173836035,1575.9630876437734,1578.5498416441526
X-n167-k10,166,ortools:proxy_mean_or_tools,proxy_mean_or_tools,ortools,False,0,,0.0,1338.449684444864,1.006353146199146,total_load_exceeds_fleet_capacity,180,60,True,1338.4496844448638,1339.8281173836035,1575.9630876437734,1578.5498416441526
X-n167-k10,166,ortools:quantile_p75_or_tools,quantile_p75_or_tools,ortools,False,0,,0.0,1549.6251468442697,1.1651316893565937,total_load_exceeds_fleet_capacity,180,60,True,1338.4496844448638,1339.8281173836035,1575.9630876437734,1578.5498416441526
X-n167-k10,166,ortools:quantile_p90_or_tools,quantile_p90_or_tools,ortools,False,0,,0.0,1848.998172895775,1.3902241901471992,total_load_exceeds_fleet_capacity,180,60,True,1338.4496844448638,1339.8281173836035,1575.9630876437734,1578.5498416441526
X-n167-k10,166,ortools:robust_mean_1std_or_tools,robust_mean_1std_or_tools,ortools,False,0,,0.0,1730.5489801212257,1.3011646467076885,total_load_exceeds_fleet_capacity,180,60,True,1338.4496844448638,1339.8281173836035,1575.9630876437734,1578.5498416441526
X-n167-k10,166,ortools:robust_mean_2std_or_tools,robust_mean_2std_or_tools,ortools,False,0,,0.0,2122.6482757975878,1.5959761472162315,total_load_exceeds_fleet_capacity,180,60,True,1338.4496844448638,1339.8281173836035,1575.9630876437734,1578.5498416441526
X-n167-k10,166,ortools:proxy_mean_scaled_or_tools,proxy_mean_scaled_or_tools,ortools,False,0,,5.0067291259765625,1323.3500000000001,0.9950000000000001,ortools_no_solution,180,60,True,1338.4496844448638,1339.8281173836035,1575.9630876437734,1578.5498416441526
X-n167-k10,166,ortools:quantile_p75_scaled_or_tools,quantile_p75_scaled_or_tools,ortools,False,0,,5.005203485488892,1323.3500000000004,0.9950000000000003,ortools_no_solution,180,60,True,1338.4496844448638,1339.8281173836035,1575.9630876437734,1578.5498416441526
X-n167-k10,166,ortools:quantile_p90_scaled_or_tools,quantile_p90_scaled_or_tools,ortools,False,0,,5.004440069198608,1323.3499999999997,0.9949999999999998,ortools_no_solution,180,60,True,1338.4496844448638,1339.8281173836035,1575.9630876437734,1578.5498416441526
X-n167-k10,166,ortools:robust_mean_1std_scaled_or_tools,robust_mean_1std_scaled_or_tools,ortools,False,0,,4.99861478805542,1323.35,0.9949999999999999,ortools_no_solution,180,60,True,1338.4496844448638,1339.8281173836035,1575.9630876437734,1578.5498416441526
X-n167-k10,166,ortools:robust_mean_2std_scaled_or_tools,robust_mean_2std_scaled_or_tools,ortools,False,0,,5.0006773471832275,1323.35,0.9949999999999999,ortools_no_solution,180,60,True,1338.4496844448638,1339.8281173836035,1575.9630876437734,1578.5498416441526
X-n172-k51,171,ortools:nominal_or_tools,nominal_or_tools,ortools,False,0,,5.003178119659424,8092.0,0.9855072463768116,ortools_no_solution,180,60,True,8940.753355705163,8973.51189389768,10555.133107634168,10558.231958496386
X-n172-k51,171,ortools:proxy_mean_or_tools,proxy_mean_or_tools,ortools,False,0,,0.0,8940.753355705163,1.0888750889910075,total_load_exceeds_fleet_capacity,180,60,True,8940.753355705163,8973.51189389768,10555.133107634168,10558.231958496386
X-n172-k51,171,ortools:quantile_p75_or_tools,quantile_p75_or_tools,ortools,False,0,,0.0,10437.65599531064,1.2711796365011132,total_load_exceeds_fleet_capacity,180,60,True,8940.753355705163,8973.51189389768,10555.133107634168,10558.231958496386
X-n172-k51,171,ortools:quantile_p90_or_tools,quantile_p90_or_tools,ortools,False,0,,0.0,12539.102350302226,1.527110260662797,single_node_exceeds_capacity,180,60,True,8940.753355705163,8973.51189389768,10555.133107634168,10558.231958496386
X-n172-k51,171,ortools:robust_mean_1std_or_tools,robust_mean_1std_or_tools,ortools,False,0,,0.0,11697.122486546541,1.424567347040134,total_load_exceeds_fleet_capacity,180,60,True,8940.753355705163,8973.51189389768,10555.133107634168,10558.231958496386
X-n172-k51,171,ortools:robust_mean_2std_or_tools,robust_mean_2std_or_tools,ortools,False,0,,0.0,14453.491617387914,1.76025960508926,single_node_exceeds_capacity,180,60,True,8940.753355705163,8973.51189389768,10555.133107634168,10558.231958496386
X-n172-k51,171,ortools:proxy_mean_scaled_or_tools,proxy_mean_scaled_or_tools,ortools,False,0,,5.002459526062012,8169.945,0.995,ortools_no_solution,180,60,True,8940.753355705163,8973.51189389768,10555.133107634168,10558.231958496386
X-n172-k51,171,ortools:quantile_p75_scaled_or_tools,quantile_p75_scaled_or_tools,ortools,False,0,,5.005929470062256,8169.944999999999,0.9949999999999999,ortools_no_solution,180,60,True,8940.753355705163,8973.51189389768,10555.133107634168,10558.231958496386
X-n172-k51,171,ortools:quantile_p90_scaled_or_tools,quantile_p90_scaled_or_tools,ortools,False,0,,5.000949859619141,8169.945000000002,0.9950000000000003,ortools_no_solution,180,60,True,8940.753355705163,8973.51189389768,10555.133107634168,10558.231958496386
X-n172-k51,171,ortools:robust_mean_1std_scaled_or_tools,robust_mean_1std_scaled_or_tools,ortools,False,0,,5.002073764801025,8169.944999999999,0.9949999999999999,ortools_no_solution,180,60,True,8940.753355705163,8973.51189389768,10555.133107634168,10558.231958496386
X-n172-k51,171,ortools:robust_mean_2std_scaled_or_tools,robust_mean_2std_scaled_or_tools,ortools,False,0,,5.005041599273682,8169.945000000001,0.9950000000000001,ortools_no_solution,180,60,True,8940.753355705163,8973.51189389768,10555.133107634168,10558.231958496386
X-n176-k26,175,ortools:nominal_or_tools,nominal_or_tools,ortools,False,0,,4.999913454055786,3632.0,0.9837486457204767,ortools_no_solution,180,60,True,3976.5064158438454,3988.8999244824176,4735.9013939153865,4737.121772452003
X-n176-k26,175,ortools:proxy_mean_or_tools,proxy_mean_or_tools,ortools,False,0,,0.0,3976.5064158438454,1.0770602426445952,total_load_exceeds_fleet_capacity,180,60,True,3976.5064158438454,3988.8999244824176,4735.9013939153865,4737.121772452003
X-n176-k26,175,ortools:quantile_p75_or_tools,quantile_p75_or_tools,ortools,False,0,,0.0,4664.837079074565,1.2634986671382895,total_load_exceeds_fleet_capacity,180,60,True,3976.5064158438454,3988.8999244824176,4735.9013939153865,4737.121772452003
X-n176-k26,175,ortools:quantile_p90_or_tools,quantile_p90_or_tools,ortools,False,0,,0.0,5698.562871084598,1.5434894017022205,single_node_exceeds_capacity,180,60,True,3976.5064158438454,3988.8999244824176,4735.9013939153865,4737.121772452003
X-n176-k26,175,ortools:robust_mean_1std_or_tools,robust_mean_1std_or_tools,ortools,False,0,,0.0,5319.461536539426,1.440807566776659,single_node_exceeds_capacity,180,60,True,3976.5064158438454,3988.8999244824176,4735.9013939153865,4737.121772452003
X-n176-k26,175,ortools:robust_mean_2std_or_tools,robust_mean_2std_or_tools,ortools,False,0,,0.0,6662.416657235005,1.804554890908723,single_node_exceeds_capacity,180,60,True,3976.5064158438454,3988.8999244824176,4735.9013939153865,4737.121772452003
X-n176-k26,175,ortools:proxy_mean_scaled_or_tools,proxy_mean_scaled_or_tools,ortools,False,0,,4.998428106307983,3673.54,0.995,ortools_no_solution,180,60,True,3976.5064158438454,3988.8999244824176,4735.9013939153865,4737.121772452003
X-n176-k26,175,ortools:quantile_p75_scaled_or_tools,quantile_p75_scaled_or_tools,ortools,False,0,,4.9994285106658936,3673.54,0.995,ortools_no_solution,180,60,True,3976.5064158438454,3988.8999244824176,4735.9013939153865,4737.121772452003
X-n176-k26,175,ortools:quantile_p90_scaled_or_tools,quantile_p90_scaled_or_tools,ortools,False,0,,5.004975318908691,3673.54,0.995,ortools_no_solution,180,60,True,3976.5064158438454,3988.8999244824176,4735.9013939153865,4737.121772452003
X-n176-k26,175,ortools:robust_mean_1std_scaled_or_tools,robust_mean_1std_scaled_or_tools,ortools,False,0,,0.0,3673.5399999999995,0.9949999999999999,total_load_exceeds_fleet_capacity,180,60,True,3976.5064158438454,3988.8999244824176,4735.9013939153865,4737.121772452003
X-n176-k26,175,ortools:robust_mean_2std_scaled_or_tools,robust_mean_2std_scaled_or_tools,ortools,False,0,,4.998432159423828,3673.540000000001,0.9950000000000002,ortools_no_solution,180,60,True,3976.5064158438454,3988.8999244824176,4735.9013939153865,4737.121772452003
X-n181-k23,180,ortools:nominal_or_tools,nominal_or_tools,ortools,True,23,26232.0,5.006552219390869,180.0,0.9782608695652174,,180,60,True,197.95924832567653,198.6785845016122,228.80907667940576,229.20917736249467
X-n181-k23,180,ortools:proxy_mean_or_tools,proxy_mean_or_tools,ortools,True,23,26232.0,4.998366355895996,197.95924832567653,1.0758654800308507,,180,60,True,197.95924832567653,198.6785845016122,228.80907667940576,229.20917736249467
X-n181-k23,180,ortools:quantile_p75_or_tools,quantile_p75_or_tools,ortools,True,23,26232.0,5.011801719665527,228.5447450111068,1.2420910054951457,,180,60,True,197.95924832567653,198.6785845016122,228.80907667940576,229.20917736249467
X-n181-k23,180,ortools:quantile_p90_or_tools,quantile_p90_or_tools,ortools,False,0,,0.0,270.7294621419194,1.4713557725104314,total_load_exceeds_fleet_capacity,180,60,True,197.95924832567653,198.6785845016122,228.80907667940576,229.20917736249467
X-n181-k23,180,ortools:robust_mean_1std_or_tools,robust_mean_1std_or_tools,ortools,False,0,,0.0,255.12446602964397,1.3865460110306738,total_load_exceeds_fleet_capacity,180,60,True,197.95924832567653,198.6785845016122,228.80907667940576,229.20917736249467
X-n181-k23,180,ortools:robust_mean_2std_or_tools,robust_mean_2std_or_tools,ortools,False,0,,0.0,312.28968373361135,1.6972265420304964,total_load_exceeds_fleet_capacity,180,60,True,197.95924832567653,198.6785845016122,228.80907667940576,229.20917736249467
X-n181-k23,180,ortools:proxy_mean_scaled_or_tools,proxy_mean_scaled_or_tools,ortools,True,23,26232.0,4.999528408050537,183.08,0.9950000000000001,,180,60,True,197.95924832567653,198.6785845016122,228.80907667940576,229.20917736249467
X-n181-k23,180,ortools:quantile_p75_scaled_or_tools,quantile_p75_scaled_or_tools,ortools,True,23,26232.0,4.996362924575806,183.08000000000004,0.9950000000000002,,180,60,True,197.95924832567653,198.6785845016122,228.80907667940576,229.20917736249467
X-n181-k23,180,ortools:quantile_p90_scaled_or_tools,quantile_p90_scaled_or_tools,ortools,True,23,26232.0,5.003079891204834,183.08000000000004,0.9950000000000002,,180,60,True,197.95924832567653,198.6785845016122,228.80907667940576,229.20917736249467
X-n181-k23,180,ortools:robust_mean_1std_scaled_or_tools,robust_mean_1std_scaled_or_tools,ortools,True,23,26232.0,4.997183084487915,183.08000000000004,0.9950000000000002,,180,60,True,197.95924832567653,198.6785845016122,228.80907667940576,229.20917736249467
X-n181-k23,180,ortools:robust_mean_2std_scaled_or_tools,robust_mean_2std_scaled_or_tools,ortools,True,23,26232.0,5.00539493560791,183.08,0.9950000000000001,,180,60,True,197.95924832567653,198.6785845016122,228.80907667940576,229.20917736249467
X-n186-k15,185,ortools:nominal_or_tools,nominal_or_tools,ortools,True,15,25982.0,5.000514984130859,13853.0,0.948186173853525,,180,60,True,15309.918049106675,15348.692003297172,18004.971786960705,18023.357427310362
X-n186-k15,185,ortools:proxy_mean_or_tools,proxy_mean_or_tools,ortools,False,0,,0.0,15309.918049106676,1.047906779541867,total_load_exceeds_fleet_capacity,180,60,True,15309.918049106675,15348.692003297172,18004.971786960705,18023.357427310362
X-n186-k15,185,ortools:quantile_p75_or_tools,quantile_p75_or_tools,ortools,False,0,,0.0,17747.330784172096,1.2147385889234836,total_load_exceeds_fleet_capacity,180,60,True,15309.918049106675,15348.692003297172,18004.971786960705,18023.357427310362
X-n186-k15,185,ortools:quantile_p90_or_tools,quantile_p90_or_tools,ortools,False,0,,0.0,21205.232642457766,1.451419072036808,total_load_exceeds_fleet_capacity,180,60,True,15309.918049106675,15348.692003297172,18004.971786960705,18023.357427310362
X-n186-k15,185,ortools:robust_mean_1std_or_tools,robust_mean_1std_or_tools,ortools,False,0,,0.0,19848.88202930581,1.3585819321906782,total_load_exceeds_fleet_capacity,180,60,True,15309.918049106675,15348.692003297172,18004.971786960705,18023.357427310362
X-n186-k15,185,ortools:robust_mean_2std_or_tools,robust_mean_2std_or_tools,ortools,False,0,,0.0,24387.846009504945,1.6692570848394896,total_load_exceeds_fleet_capacity,180,60,True,15309.918049106675,15348.692003297172,18004.971786960705,18023.357427310362
X-n186-k15,185,ortools:proxy_mean_scaled_or_tools,proxy_mean_scaled_or_tools,ortools,False,0,,5.000749826431274,14536.950000000003,0.9950000000000002,ortools_no_solution,180,60,True,15309.918049106675,15348.692003297172,18004.971786960705,18023.357427310362
X-n186-k15,185,ortools:quantile_p75_scaled_or_tools,quantile_p75_scaled_or_tools,ortools,False,0,,5.002293348312378,14536.95,0.995,ortools_no_solution,180,60,True,15309.918049106675,15348.692003297172,18004.971786960705,18023.357427310362
X-n186-k15,185,ortools:quantile_p90_scaled_or_tools,quantile_p90_scaled_or_tools,ortools,False,0,,5.0023744106292725,14536.949999999997,0.9949999999999998,ortools_no_solution,180,60,True,15309.918049106675,15348.692003297172,18004.971786960705,18023.357427310362
X-n186-k15,185,ortools:robust_mean_1std_scaled_or_tools,robust_mean_1std_scaled_or_tools,ortools,False,0,,5.001538515090942,14536.950000000003,0.9950000000000002,ortools_no_solution,180,60,True,15309.918049106675,15348.692003297172,18004.971786960705,18023.357427310362
X-n186-k15,185,ortools:robust_mean_2std_scaled_or_tools,robust_mean_2std_scaled_or_tools,ortools,False,0,,5.001231670379639,14536.949999999999,0.9949999999999999,ortools_no_solution,180,60,True,15309.918049106675,15348.692003297172,18004.971786960705,18023.357427310362
X-n190-k8,189,ortools:nominal_or_tools,nominal_or_tools,ortools,True,8,18122.0,4.99577260017395,1043.0,0.9447463768115942,,180,60,True,1163.1102271100574,1164.541932744727,1415.5336601339425,1417.944225661104
X-n190-k8,189,ortools:proxy_mean_or_tools,proxy_mean_or_tools,ortools,False,0,,0.0,1163.1102271100574,1.0535418723822985,total_load_exceeds_fleet_capacity,180,60,True,1163.1102271100574,1164.541932744727,1415.5336601339425,1417.944225661104
X-n190-k8,189,ortools:quantile_p75_or_tools,quantile_p75_or_tools,ortools,False,0,,0.0,1357.0283094544095,1.2291923092884145,total_load_exceeds_fleet_capacity,180,60,True,1163.1102271100574,1164.541932744727,1415.5336601339425,1417.944225661104
X-n190-k8,189,ortools:quantile_p90_or_tools,quantile_p90_or_tools,ortools,False,0,,0.0,1639.73000363895,1.4852626844555705,total_load_exceeds_fleet_capacity,180,60,True,1163.1102271100574,1164.541932744727,1415.5336601339425,1417.944225661104
X-n190-k8,189,ortools:robust_mean_1std_or_tools,robust_mean_1std_or_tools,ortools,False,0,,0.0,1529.0220533650013,1.3849837439900374,total_load_exceeds_fleet_capacity,180,60,True,1163.1102271100574,1164.541932744727,1415.5336601339425,1417.944225661104
X-n190-k8,189,ortools:robust_mean_2std_or_tools,robust_mean_2std_or_tools,ortools,False,0,,0.0,1894.933879619945,1.7164256155977762,total_load_exceeds_fleet_capacity,180,60,True,1163.1102271100574,1164.541932744727,1415.5336601339425,1417.944225661104
X-n190-k8,189,ortools:proxy_mean_scaled_or_tools,proxy_mean_scaled_or_tools,ortools,True,8,18282.0,5.001011371612549,1098.4799999999998,0.9949999999999998,,180,60,True,1163.1102271100574,1164.541932744727,1415.5336601339425,1417.944225661104
X-n190-k8,189,ortools:quantile_p75_scaled_or_tools,quantile_p75_scaled_or_tools,ortools,True,8,18293.0,5.000774383544922,1098.48,0.995,,180,60,True,1163.1102271100574,1164.541932744727,1415.5336601339425,1417.944225661104
X-n190-k8,189,ortools:quantile_p90_scaled_or_tools,quantile_p90_scaled_or_tools,ortools,True,8,18310.0,4.999740362167358,1098.48,0.995,,180,60,True,1163.1102271100574,1164.541932744727,1415.5336601339425,1417.944225661104
X-n190-k8,189,ortools:robust_mean_1std_scaled_or_tools,robust_mean_1std_scaled_or_tools,ortools,True,8,18334.0,4.998222589492798,1098.4799999999996,0.9949999999999996,,180,60,True,1163.1102271100574,1164.541932744727,1415.5336601339425,1417.944225661104
X-n190-k8,189,ortools:robust_mean_2std_scaled_or_tools,robust_mean_2std_scaled_or_tools,ortools,False,0,,0.0,1098.4799999999998,0.9949999999999998,total_load_exceeds_fleet_capacity,180,60,True,1163.1102271100574,1164.541932744727,1415.5336601339425,1417.944225661104
X-n195-k51,194,ortools:nominal_or_tools,nominal_or_tools,ortools,False,0,,5.005271911621094,9208.0,0.9975083956234427,ortools_no_solution,180,60,True,10238.860587675677,10288.356806483622,11994.112443601494,12006.505125394722
X-n195-k51,194,ortools:proxy_mean_or_tools,proxy_mean_or_tools,ortools,False,0,,0.0,10238.860587675676,1.109182167444012,total_load_exceeds_fleet_capacity,180,60,True,10238.860587675677,10288.356806483622,11994.112443601494,12006.505125394722
X-n195-k51,194,ortools:quantile_p75_or_tools,quantile_p75_or_tools,ortools,False,0,,0.0,11948.650928361429,1.2944048237852268,total_load_exceeds_fleet_capacity,180,60,True,10238.860587675677,10288.356806483622,11994.112443601494,12006.505125394722
X-n195-k51,194,ortools:quantile_p90_or_tools,quantile_p90_or_tools,ortools,False,0,,0.0,14431.559498694682,1.563379861195394,total_load_exceeds_fleet_capacity,180,60,True,10238.860587675677,10288.356806483622,11994.112443601494,12006.505125394722
X-n195-k51,194,ortools:robust_mean_1std_or_tools,robust_mean_1std_or_tools,ortools,False,0,,0.0,13480.544555588076,1.4603558179599259,total_load_exceeds_fleet_capacity,180,60,True,10238.860587675677,10288.356806483622,11994.112443601494,12006.505125394722
X-n195-k51,194,ortools:robust_mean_2std_or_tools,robust_mean_2std_or_tools,ortools,False,0,,0.0,16722.228523500475,1.8115294684758396,single_node_exceeds_capacity,180,60,True,10238.860587675677,10288.356806483622,11994.112443601494,12006.505125394722
X-n195-k51,194,ortools:proxy_mean_scaled_or_tools,proxy_mean_scaled_or_tools,ortools,False,0,,5.0018393993377686,9184.845,0.9949999999999999,ortools_no_solution,180,60,True,10238.860587675677,10288.356806483622,11994.112443601494,12006.505125394722
X-n195-k51,194,ortools:quantile_p75_scaled_or_tools,quantile_p75_scaled_or_tools,ortools,False,0,,4.999415874481201,9184.844999999998,0.9949999999999998,ortools_no_solution,180,60,True,10238.860587675677,10288.356806483622,11994.112443601494,12006.505125394722
X-n195-k51,194,ortools:quantile_p90_scaled_or_tools,quantile_p90_scaled_or_tools,ortools,False,0,,4.9991559982299805,9184.845,0.9949999999999999,ortools_no_solution,180,60,True,10238.860587675677,10288.356806483622,11994.112443601494,12006.505125394722
X-n195-k51,194,ortools:robust_mean_1std_scaled_or_tools,robust_mean_1std_scaled_or_tools,ortools,False,0,,5.005694150924683,9184.844999999998,0.9949999999999998,ortools_no_solution,180,60,True,10238.860587675677,10288.356806483622,11994.112443601494,12006.505125394722
X-n195-k51,194,ortools:robust_mean_2std_scaled_or_tools,robust_mean_2std_scaled_or_tools,ortools,False,0,,5.007650136947632,9184.844999999998,0.9949999999999998,ortools_no_solution,180,60,True,10238.860587675677,10288.356806483622,11994.112443601494,12006.505125394722
X-n200-k36,199,ortools:nominal_or_tools,nominal_or_tools,ortools,False,0,,5.000363826751709,14263.0,0.9855583195135434,ortools_no_solution,180,60,True,15848.293578566421,15876.639846372414,18695.25287890013,18726.536824392137
X-n200-k36,199,ortools:proxy_mean_or_tools,proxy_mean_or_tools,ortools,False,0,,0.0,15848.293578566423,1.0951004407522404,total_load_exceeds_fleet_capacity,180,60,True,15848.293578566421,15876.639846372414,18695.25287890013,18726.536824392137
X-n200-k36,199,ortools:quantile_p75_or_tools,quantile_p75_or_tools,ortools,False,0,,0.0,18340.142077375946,1.2672845548214446,total_load_exceeds_fleet_capacity,180,60,True,15848.293578566421,15876.639846372414,18695.25287890013,18726.536824392137
X-n200-k36,199,ortools:quantile_p90_or_tools,quantile_p90_or_tools,ortools,False,0,,0.0,21946.558687562334,1.516484154751405,total_load_exceeds_fleet_capacity,180,60,True,15848.293578566421,15876.639846372414,18695.25287890013,18726.536824392137
X-n200-k36,199,ortools:robust_mean_1std_or_tools,robust_mean_1std_or_tools,ortools,False,0,,0.0,20568.37526650941,1.4212531278682567,total_load_exceeds_fleet_capacity,180,60,True,15848.293578566421,15876.639846372414,18695.25287890013,18726.536824392137
X-n200-k36,199,ortools:robust_mean_2std_or_tools,robust_mean_2std_or_tools,ortools,False,0,,0.0,25288.456954452402,1.7474058149842733,total_load_exceeds_fleet_capacity,180,60,True,15848.293578566421,15876.639846372414,18695.25287890013,18726.536824392137
X-n200-k36,199,ortools:proxy_mean_scaled_or_tools,proxy_mean_scaled_or_tools,ortools,False,0,,5.003911018371582,14399.64,0.995,ortools_no_solution,180,60,True,15848.293578566421,15876.639846372414,18695.25287890013,18726.536824392137
X-n200-k36,199,ortools:quantile_p75_scaled_or_tools,quantile_p75_scaled_or_tools,ortools,False,0,,5.003315448760986,14399.64,0.995,ortools_no_solution,180,60,True,15848.293578566421,15876.639846372414,18695.25287890013,18726.536824392137
X-n200-k36,199,ortools:quantile_p90_scaled_or_tools,quantile_p90_scaled_or_tools,ortools,False,0,,5.002991199493408,14399.639999999998,0.9949999999999999,ortools_no_solution,180,60,True,15848.293578566421,15876.639846372414,18695.25287890013,18726.536824392137
X-n200-k36,199,ortools:robust_mean_1std_scaled_or_tools,robust_mean_1std_scaled_or_tools,ortools,False,0,,5.002138376235962,14399.640000000001,0.9950000000000001,ortools_no_solution,180,60,True,15848.293578566421,15876.639846372414,18695.25287890013,18726.536824392137
X-n200-k36,199,ortools:robust_mean_2std_scaled_or_tools,robust_mean_2std_scaled_or_tools,ortools,False,0,,5.002530336380005,14399.639999999996,0.9949999999999997,ortools_no_solution,180,60,True,15848.293578566421,15876.639846372414,18695.25287890013,18726.536824392137
X-n204-k19,203,ortools:nominal_or_tools,nominal_or_tools,ortools,True,19,21213.0,5.0000481605529785,15135.0,0.9528456308234702,,180,60,True,16657.037292963792,16667.364983390977,19151.0805427942,19176.691727605437
X-n204-k19,203,ortools:proxy_mean_or_tools,proxy_mean_or_tools,ortools,False,0,,0.0,16657.037292963796,1.048667671428091,total_load_exceeds_fleet_capacity,180,60,True,16657.037292963792,16667.364983390977,19151.0805427942,19176.691727605437
X-n204-k19,203,ortools:quantile_p75_or_tools,quantile_p75_or_tools,ortools,False,0,,0.0,19317.547150978186,1.2161638851031342,total_load_exceeds_fleet_capacity,180,60,True,16657.037292963792,16667.364983390977,19151.0805427942,19176.691727605437
X-n204-k19,203,ortools:quantile_p90_or_tools,quantile_p90_or_tools,ortools,False,0,,0.0,22952.859980062887,1.4450302178332213,total_load_exceeds_fleet_capacity,180,60,True,16657.037292963792,16667.364983390977,19151.0805427942,19176.691727605437
X-n204-k19,203,ortools:robust_mean_1std_or_tools,robust_mean_1std_or_tools,ortools,False,0,,0.0,21435.888067441214,1.3495270755125417,total_load_exceeds_fleet_capacity,180,60,True,16657.037292963792,16667.364983390977,19151.0805427942,19176.691727605437
X-n204-k19,203,ortools:robust_mean_2std_or_tools,robust_mean_2std_or_tools,ortools,False,0,,0.0,26214.73884191864,1.6503864795969931,total_load_exceeds_fleet_capacity,180,60,True,16657.037292963792,16667.364983390977,19151.0805427942,19176.691727605437
X-n204-k19,203,ortools:proxy_mean_scaled_or_tools,proxy_mean_scaled_or_tools,ortools,False,0,,5.0017383098602295,15804.579999999996,0.9949999999999998,ortools_no_solution,180,60,True,16657.037292963792,16667.364983390977,19151.0805427942,19176.691727605437
X-n204-k19,203,ortools:quantile_p75_scaled_or_tools,quantile_p75_scaled_or_tools,ortools,False,0,,5.001474380493164,15804.579999999996,0.9949999999999998,ortools_no_solution,180,60,True,16657.037292963792,16667.364983390977,19151.0805427942,19176.691727605437
X-n204-k19,203,ortools:quantile_p90_scaled_or_tools,quantile_p90_scaled_or_tools,ortools,False,0,,5.002617120742798,15804.580000000004,0.9950000000000002,ortools_no_solution,180,60,True,16657.037292963792,16667.364983390977,19151.0805427942,19176.691727605437
X-n204-k19,203,ortools:robust_mean_1std_scaled_or_tools,robust_mean_1std_scaled_or_tools,ortools,False,0,,5.001913070678711,15804.580000000002,0.9950000000000001,ortools_no_solution,180,60,True,16657.037292963792,16667.364983390977,19151.0805427942,19176.691727605437
X-n204-k19,203,ortools:robust_mean_2std_scaled_or_tools,robust_mean_2std_scaled_or_tools,ortools,False,0,,5.001770973205566,15804.579999999998,0.9949999999999999,ortools_no_solution,180,60,True,16657.037292963792,16667.364983390977,19151.0805427942,19176.691727605437
X-n209-k16,208,ortools:nominal_or_tools,nominal_or_tools,ortools,True,16,32468.0,5.000096559524536,1547.0,0.9573019801980198,,180,60,True,1728.5373708196844,1732.707831817492,2088.5534407537966,2090.6974809885087
X-n209-k16,208,ortools:proxy_mean_or_tools,proxy_mean_or_tools,ortools,False,0,,0.0,1728.5373708196846,1.069639462140894,total_load_exceeds_fleet_capacity,180,60,True,1728.5373708196844,1732.707831817492,2088.5534407537966,2090.6974809885087
X-n209-k16,208,ortools:quantile_p75_or_tools,quantile_p75_or_tools,ortools,False,0,,0.0,2000.347262898636,1.2378386527838094,total_load_exceeds_fleet_capacity,180,60,True,1728.5373708196844,1732.707831817492,2088.5534407537966,2090.6974809885087
X-n209-k16,208,ortools:quantile_p90_or_tools,quantile_p90_or_tools,ortools,False,0,,0.0,2397.6571938195757,1.4836987585517176,total_load_exceeds_fleet_capacity,180,60,True,1728.5373708196844,1732.707831817492,2088.5534407537966,2090.6974809885087
X-n209-k16,208,ortools:robust_mean_1std_or_tools,robust_mean_1std_or_tools,ortools,False,0,,0.0,2247.8245849010827,1.3909805599635412,total_load_exceeds_fleet_capacity,180,60,True,1728.5373708196844,1732.707831817492,2088.5534407537966,2090.6974809885087
X-n209-k16,208,ortools:robust_mean_2std_or_tools,robust_mean_2std_or_tools,ortools,False,0,,0.0,2767.1117989824807,1.7123216577861886,total_load_exceeds_fleet_capacity,180,60,True,1728.5373708196844,1732.707831817492,2088.5534407537966,2090.6974809885087
X-n209-k16,208,ortools:proxy_mean_scaled_or_tools,proxy_mean_scaled_or_tools,ortools,True,16,32551.0,5.005264759063721,1607.9200000000003,0.9950000000000002,,180,60,True,1728.5373708196844,1732.707831817492,2088.5534407537966,2090.6974809885087
X-n209-k16,208,ortools:quantile_p75_scaled_or_tools,quantile_p75_scaled_or_tools,ortools,True,16,32916.0,5.008608818054199,1607.92,0.995,,180,60,True,1728.5373708196844,1732.707831817492,2088.5534407537966,2090.6974809885087
X-n209-k16,208,ortools:quantile_p90_scaled_or_tools,quantile_p90_scaled_or_tools,ortools,False,0,,5.0011773109436035,1607.9200000000003,0.9950000000000002,ortools_no_solution,180,60,True,1728.5373708196844,1732.707831817492,2088.5534407537966,2090.6974809885087
X-n209-k16,208,ortools:robust_mean_1std_scaled_or_tools,robust_mean_1std_scaled_or_tools,ortools,False,0,,4.998403549194336,1607.9199999999998,0.9949999999999999,ortools_no_solution,180,60,True,1728.5373708196844,1732.707831817492,2088.5534407537966,2090.6974809885087
X-n209-k16,208,ortools:robust_mean_2std_scaled_or_tools,robust_mean_2std_scaled_or_tools,ortools,False,0,,0.0,1607.9199999999996,0.9949999999999998,total_load_exceeds_fleet_capacity,180,60,True,1728.5373708196844,1732.707831817492,2088.5534407537966,2090.6974809885087
X-n214-k11,213,ortools:nominal_or_tools,nominal_or_tools,ortools,True,11,12859.0,5.000407934188843,10356.0,0.9973035439137135,,180,60,True,11525.098152614886,11542.610363831476,13483.907107768655,13521.958776987056
X-n214-k11,213,ortools:proxy_mean_or_tools,proxy_mean_or_tools,ortools,False,0,,0.0,11525.098152614884,1.1098900378095997,total_load_exceeds_fleet_capacity,180,60,True,11525.098152614886,11542.610363831476,13483.907107768655,13521.958776987056
X-n214-k11,213,ortools:quantile_p75_or_tools,quantile_p75_or_tools,ortools,False,0,,0.0,13448.833125379762,1.295149569085108,total_load_exceeds_fleet_capacity,180,60,True,11525.098152614886,11542.610363831476,13483.907107768655,13521.958776987056
X-n214-k11,213,ortools:quantile_p90_or_tools,quantile_p90_or_tools,ortools,False,0,,0.0,16177.996895508682,1.5579735068864293,total_load_exceeds_fleet_capacity,180,60,True,11525.098152614886,11542.610363831476,13483.907107768655,13521.958776987056
X-n214-k11,213,ortools:robust_mean_1std_or_tools,robust_mean_1std_or_tools,ortools,False,0,,0.0,15093.165872066515,1.453502106323817,total_load_exceeds_fleet_capacity,180,60,True,11525.098152614886,11542.610363831476,13483.907107768655,13521.958776987056
X-n214-k11,213,ortools:robust_mean_2std_or_tools,robust_mean_2std_or_tools,ortools,False,0,,0.0,18661.233591518147,1.7971141748380342,total_load_exceeds_fleet_capacity,180,60,True,11525.098152614886,11542.610363831476,13483.907107768655,13521.958776987056
X-n214-k11,213,ortools:proxy_mean_scaled_or_tools,proxy_mean_scaled_or_tools,ortools,False,0,,5.0017006397247314,10332.080000000002,0.9950000000000002,ortools_no_solution,180,60,True,11525.098152614886,11542.610363831476,13483.907107768655,13521.958776987056
X-n214-k11,213,ortools:quantile_p75_scaled_or_tools,quantile_p75_scaled_or_tools,ortools,True,11,13083.0,4.999176502227783,10332.080000000002,0.9950000000000002,,180,60,True,11525.098152614886,11542.610363831476,13483.907107768655,13521.958776987056
X-n214-k11,213,ortools:quantile_p90_scaled_or_tools,quantile_p90_scaled_or_tools,ortools,True,11,12479.0,4.999559164047241,10332.080000000002,0.9950000000000002,,180,60,True,11525.098152614886,11542.610363831476,13483.907107768655,13521.958776987056
X-n214-k11,213,ortools:robust_mean_1std_scaled_or_tools,robust_mean_1std_scaled_or_tools,ortools,True,11,13723.0,5.000386953353882,10332.079999999998,0.9949999999999998,,180,60,True,11525.098152614886,11542.610363831476,13483.907107768655,13521.958776987056
X-n214-k11,213,ortools:robust_mean_2std_scaled_or_tools,robust_mean_2std_scaled_or_tools,ortools,True,11,13222.0,5.005785942077637,10332.08,0.995,,180,60,True,11525.098152614886,11542.610363831476,13483.907107768655,13521.958776987056
X-n219-k73,218,ortools:nominal_or_tools,nominal_or_tools,ortools,True,73,118409.0,5.000907897949219,218.0,0.9954337899543378,,180,60,True,242.376031709029,242.8534714087248,287.4950894029832,287.6885078827544
X-n219-k73,218,ortools:proxy_mean_or_tools,proxy_mean_or_tools,ortools,True,73,118409.0,5.002730131149292,242.376031709029,1.106739870817484,,180,60,True,242.376031709029,242.8534714087248,287.4950894029832,287.6885078827544
X-n219-k73,218,ortools:quantile_p75_or_tools,quantile_p75_or_tools,ortools,True,73,118409.0,5.004221200942993,279.5538247444189,1.2765014828512278,,180,60,True,242.376031709029,242.8534714087248,287.4950894029832,287.6885078827544
X-n219-k73,218,ortools:quantile_p90_or_tools,quantile_p90_or_tools,ortools,False,0,,0.0,332.0597339942772,1.5162544931245536,total_load_exceeds_fleet_capacity,180,60,True,242.376031709029,242.8534714087248,287.4950894029832,287.6885078827544
X-n219-k73,218,ortools:robust_mean_1std_or_tools,robust_mean_1std_or_tools,ortools,False,0,,0.0,311.5096280828071,1.4224183930721788,total_load_exceeds_fleet_capacity,180,60,True,242.376031709029,242.8534714087248,287.4950894029832,287.6885078827544
X-n219-k73,218,ortools:robust_mean_2std_or_tools,robust_mean_2std_or_tools,ortools,False,0,,0.0,380.64322445658536,1.7380969153268737,total_load_exceeds_fleet_capacity,180,60,True,242.376031709029,242.8534714087248,287.4950894029832,287.6885078827544
X-n219-k73,218,ortools:proxy_mean_scaled_or_tools,proxy_mean_scaled_or_tools,ortools,True,73,118409.0,5.001501560211182,217.90499999999997,0.9949999999999999,,180,60,True,242.376031709029,242.8534714087248,287.4950894029832,287.6885078827544
X-n219-k73,218,ortools:quantile_p75_scaled_or_tools,quantile_p75_scaled_or_tools,ortools,True,73,118409.0,4.995091676712036,217.90499999999997,0.9949999999999999,,180,60,True,242.376031709029,242.8534714087248,287.4950894029832,287.6885078827544
X-n219-k73,218,ortools:quantile_p90_scaled_or_tools,quantile_p90_scaled_or_tools,ortools,True,73,118409.0,4.999610424041748,217.90500000000003,0.9950000000000001,,180,60,True,242.376031709029,242.8534714087248,287.4950894029832,287.6885078827544
X-n219-k73,218,ortools:robust_mean_1std_scaled_or_tools,robust_mean_1std_scaled_or_tools,ortools,True,73,118409.0,4.998801946640015,217.90500000000003,0.9950000000000001,,180,60,True,242.376031709029,242.8534714087248,287.4950894029832,287.6885078827544
X-n219-k73,218,ortools:robust_mean_2std_scaled_or_tools,robust_mean_2std_scaled_or_tools,ortools,True,73,118409.0,4.999521493911743,217.905,0.995,,180,60,True,242.376031709029,242.8534714087248,287.4950894029832,287.6885078827544
X-n223-k34,222,ortools:nominal_or_tools,nominal_or_tools,ortools,True,34,44118.0,5.000498294830322,1234.0,0.9809220985691574,,180,60,True,1378.2518636282953,1385.8779151195247,1599.402231662014,1602.47449459314
X-n223-k34,222,ortools:proxy_mean_or_tools,proxy_mean_or_tools,ortools,False,0,,0.0,1378.2518636282955,1.0955897167156563,total_load_exceeds_fleet_capacity,180,60,True,1378.2518636282953,1385.8779151195247,1599.402231662014,1602.47449459314
X-n223-k34,222,ortools:quantile_p75_or_tools,quantile_p75_or_tools,ortools,False,0,,0.0,1604.1314669543583,1.2751442503611752,total_load_exceeds_fleet_capacity,180,60,True,1378.2518636282953,1385.8779151195247,1599.402231662014,1602.47449459314
X-n223-k34,222,ortools:quantile_p90_or_tools,quantile_p90_or_tools,ortools,False,0,,0.0,1928.6301388005313,1.5330923201912015,total_load_exceeds_fleet_capacity,180,60,True,1378.2518636282953,1385.8779151195247,1599.402231662014,1602.47449459314
X-n223-k34,222,ortools:robust_mean_1std_or_tools,robust_mean_1std_or_tools,ortools,False,0,,0.0,1811.4975966612374,1.4399821913046402,total_load_exceeds_fleet_capacity,180,60,True,1378.2518636282953,1385.8779151195247,1599.402231662014,1602.47449459314
X-n223-k34,222,ortools:robust_mean_2std_or_tools,robust_mean_2std_or_tools,ortools,False,0,,0.0,2244.7433296941795,1.7843746658936244,total_load_exceeds_fleet_capacity,180,60,True,1378.2518636282953,1385.8779151195247,1599.402231662014,1602.47449459314
X-n223-k34,222,ortools:proxy_mean_scaled_or_tools,proxy_mean_scaled_or_tools,ortools,True,34,46581.0,5.000140190124512,1251.71,0.995,,180,60,True,1378.2518636282953,1385.8779151195247,1599.402231662014,1602.47449459314
X-n223-k34,222,ortools:quantile_p75_scaled_or_tools,quantile_p75_scaled_or_tools,ortools,True,34,46188.0,4.999818801879883,1251.71,0.995,,180,60,True,1378.2518636282953,1385.8779151195247,1599.402231662014,1602.47449459314
X-n223-k34,222,ortools:quantile_p90_scaled_or_tools,quantile_p90_scaled_or_tools,ortools,False,0,,0.0,1251.71,0.995,total_load_exceeds_fleet_capacity,180,60,True,1378.2518636282953,1385.8779151195247,1599.402231662014,1602.47449459314
X-n223-k34,222,ortools:robust_mean_1std_scaled_or_tools,robust_mean_1std_scaled_or_tools,ortools,True,34,47633.0,5.000558853149414,1251.7100000000003,0.9950000000000002,,180,60,True,1378.2518636282953,1385.8779151195247,1599.402231662014,1602.47449459314
X-n223-k34,222,ortools:robust_mean_2std_scaled_or_tools,robust_mean_2std_scaled_or_tools,ortools,False,0,,0.0,1251.7100000000003,0.9950000000000002,total_load_exceeds_fleet_capacity,180,60,True,1378.2518636282953,1385.8779151195247,1599.402231662014,1602.47449459314
X-n228-k23,227,ortools:nominal_or_tools,nominal_or_tools,ortools,True,23,30349.0,5.002313137054443,3478.0,0.9819311123658949,,180,60,True,3871.187173963408,3880.369089269405,4574.970830957401,4579.389746009339
X-n228-k23,227,ortools:proxy_mean_or_tools,proxy_mean_or_tools,ortools,False,0,,0.0,3871.187173963407,1.0929382196395843,total_load_exceeds_fleet_capacity,180,60,True,3871.187173963408,3880.369089269405,4574.970830957401,4579.389746009339
X-n228-k23,227,ortools:quantile_p75_or_tools,quantile_p75_or_tools,ortools,False,0,,0.0,4556.243803037865,1.2863477704793522,total_load_exceeds_fleet_capacity,180,60,True,3871.187173963408,3880.369089269405,4574.970830957401,4579.389746009339
X-n228-k23,227,ortools:quantile_p90_or_tools,quantile_p90_or_tools,ortools,False,0,,0.0,5584.6445303042965,1.5766924139763683,single_node_exceeds_capacity,180,60,True,3871.187173963408,3880.369089269405,4574.970830957401,4579.389746009339
X-n228-k23,227,ortools:robust_mean_1std_or_tools,robust_mean_1std_or_tools,ortools,False,0,,0.0,5202.3356349219775,1.4687565315985256,single_node_exceeds_capacity,180,60,True,3871.187173963408,3880.369089269405,4574.970830957401,4579.389746009339
X-n228-k23,227,ortools:robust_mean_2std_or_tools,robust_mean_2std_or_tools,ortools,False,0,,0.0,6533.484095880547,1.8445748435574667,single_node_exceeds_capacity,180,60,True,3871.187173963408,3880.369089269405,4574.970830957401,4579.389746009339
X-n228-k23,227,ortools:proxy_mean_scaled_or_tools,proxy_mean_scaled_or_tools,ortools,True,23,33383.0,4.997942209243774,3524.2900000000004,0.9950000000000001,,180,60,True,3871.187173963408,3880.369089269405,4574.970830957401,4579.389746009339
X-n228-k23,227,ortools:quantile_p75_scaled_or_tools,quantile_p75_scaled_or_tools,ortools,False,0,,4.99816107749939,3524.2899999999995,0.9949999999999999,ortools_no_solution,180,60,True,3871.187173963408,3880.369089269405,4574.970830957401,4579.389746009339
X-n228-k23,227,ortools:quantile_p90_scaled_or_tools,quantile_p90_scaled_or_tools,ortools,False,0,,4.998690843582153,3524.290000000001,0.9950000000000002,ortools_no_solution,180,60,True,3871.187173963408,3880.369089269405,4574.970830957401,4579.389746009339
X-n228-k23,227,ortools:robust_mean_1std_scaled_or_tools,robust_mean_1std_scaled_or_tools,ortools,False,0,,0.0,3524.29,0.995,total_load_exceeds_fleet_capacity,180,60,True,3871.187173963408,3880.369089269405,4574.970830957401,4579.389746009339
X-n228-k23,227,ortools:robust_mean_2std_scaled_or_tools,robust_mean_2std_scaled_or_tools,ortools,False,0,,5.005390167236328,3524.2900000000004,0.9950000000000001,ortools_no_solution,180,60,True,3871.187173963408,3880.369089269405,4574.970830957401,4579.389746009339
X-n233-k16,232,ortools:nominal_or_tools,nominal_or_tools,ortools,False,0,,4.999742269515991,10093.0,0.999702852614897,ortools_no_solution,180,60,True,11334.41800874414,11355.553726611493,13290.364120543143,13318.412455060521
X-n233-k16,232,ortools:proxy_mean_or_tools,proxy_mean_or_tools,ortools,False,0,,0.0,11334.41800874414,1.122664224320933,total_load_exceeds_fleet_capacity,180,60,True,11334.41800874414,11355.553726611493,13290.364120543143,13318.412455060521
X-n233-k16,232,ortools:quantile_p75_or_tools,quantile_p75_or_tools,ortools,False,0,,0.0,13280.05652661881,1.315378023634985,total_load_exceeds_fleet_capacity,180,60,True,11334.41800874414,11355.553726611493,13290.364120543143,13318.412455060521
X-n233-k16,232,ortools:quantile_p90_or_tools,quantile_p90_or_tools,ortools,False,0,,0.0,16005.918678705548,1.5853722938495987,total_load_exceeds_fleet_capacity,180,60,True,11334.41800874414,11355.553726611493,13290.364120543143,13318.412455060521
X-n233-k16,232,ortools:robust_mean_1std_or_tools,robust_mean_1std_or_tools,ortools,False,0,,0.0,14932.769901390266,1.4790778428476887,total_load_exceeds_fleet_capacity,180,60,True,11334.41800874414,11355.553726611493,13290.364120543143,13318.412455060521
X-n233-k16,232,ortools:robust_mean_2std_or_tools,robust_mean_2std_or_tools,ortools,False,0,,0.0,18531.121794036393,1.8354914613744446,total_load_exceeds_fleet_capacity,180,60,True,11334.41800874414,11355.553726611493,13290.364120543143,13318.412455060521
X-n233-k16,232,ortools:proxy_mean_scaled_or_tools,proxy_mean_scaled_or_tools,ortools,True,16,23289.0,5.000923156738281,10045.52,0.995,,180,60,True,11334.41800874414,11355.553726611493,13290.364120543143,13318.412455060521
X-n233-k16,232,ortools:quantile_p75_scaled_or_tools,quantile_p75_scaled_or_tools,ortools,False,0,,4.998972177505493,10045.519999999999,0.9949999999999999,ortools_no_solution,180,60,True,11334.41800874414,11355.553726611493,13290.364120543143,13318.412455060521
X-n233-k16,232,ortools:quantile_p90_scaled_or_tools,quantile_p90_scaled_or_tools,ortools,True,16,23503.0,4.9997875690460205,10045.520000000002,0.9950000000000002,,180,60,True,11334.41800874414,11355.553726611493,13290.364120543143,13318.412455060521
X-n233-k16,232,ortools:robust_mean_1std_scaled_or_tools,robust_mean_1std_scaled_or_tools,ortools,False,0,,5.002592325210571,10045.52,0.995,ortools_no_solution,180,60,True,11334.41800874414,11355.553726611493,13290.364120543143,13318.412455060521
X-n233-k16,232,ortools:robust_mean_2std_scaled_or_tools,robust_mean_2std_scaled_or_tools,ortools,True,16,23942.0,4.998328685760498,10045.52,0.995,,180,60,True,11334.41800874414,11355.553726611493,13290.364120543143,13318.412455060521
X-n237-k14,236,ortools:nominal_or_tools,nominal_or_tools,ortools,True,14,29009.0,4.9983484745025635,236.0,0.9365079365079365,,180,60,True,263.8174816145851,264.3221102784825,313.4568471108956,314.5631472546253
X-n237-k14,236,ortools:proxy_mean_or_tools,proxy_mean_or_tools,ortools,True,14,29009.0,4.998417854309082,263.81748161458506,1.0468947683118455,,180,60,True,263.8174816145851,264.3221102784825,313.4568471108956,314.5631472546253
X-n237-k14,236,ortools:quantile_p75_or_tools,quantile_p75_or_tools,ortools,True,14,29009.0,5.000549554824829,304.6620761982683,1.208976492850271,,180,60,True,263.8174816145851,264.3221102784825,313.4568471108956,314.5631472546253
X-n237-k14,236,ortools:quantile_p90_or_tools,quantile_p90_or_tools,ortools,False,0,,0.0,364.69108357563425,1.4471868395858503,total_load_exceeds_fleet_capacity,180,60,True,263.8174816145851,264.3221102784825,313.4568471108956,314.5631472546253
X-n237-k14,236,ortools:robust_mean_1std_or_tools,robust_mean_1std_or_tools,ortools,False,0,,0.0,342.3667748954358,1.3585983130771262,total_load_exceeds_fleet_capacity,180,60,True,263.8174816145851,264.3221102784825,313.4568471108956,314.5631472546253
X-n237-k14,236,ortools:robust_mean_2std_or_tools,robust_mean_2std_or_tools,ortools,False,0,,0.0,420.91606817628656,1.670301857842407,total_load_exceeds_fleet_capacity,180,60,True,263.8174816145851,264.3221102784825,313.4568471108956,314.5631472546253
X-n237-k14,236,ortools:proxy_mean_scaled_or_tools,proxy_mean_scaled_or_tools,ortools,True,14,29009.0,4.998931169509888,250.74,0.995,,180,60,True,263.8174816145851,264.3221102784825,313.4568471108956,314.5631472546253
X-n237-k14,236,ortools:quantile_p75_scaled_or_tools,quantile_p75_scaled_or_tools,ortools,True,14,29009.0,5.004918098449707,250.73999999999998,0.9949999999999999,,180,60,True,263.8174816145851,264.3221102784825,313.4568471108956,314.5631472546253
X-n237-k14,236,ortools:quantile_p90_scaled_or_tools,quantile_p90_scaled_or_tools,ortools,True,14,29009.0,5.001520872116089,250.74,0.995,,180,60,True,263.8174816145851,264.3221102784825,313.4568471108956,314.5631472546253
X-n237-k14,236,ortools:robust_mean_1std_scaled_or_tools,robust_mean_1std_scaled_or_tools,ortools,True,14,29009.0,4.998744249343872,250.74,0.995,,180,60,True,263.8174816145851,264.3221102784825,313.4568471108956,314.5631472546253
X-n237-k14,236,ortools:robust_mean_2std_scaled_or_tools,robust_mean_2std_scaled_or_tools,ortools,True,14,29009.0,5.005572557449341,250.74,0.995,,180,60,True,263.8174816145851,264.3221102784825,313.4568471108956,314.5631472546253
X-n242-k48,241,ortools:nominal_or_tools,nominal_or_tools,ortools,True,48,86573.0,5.005714416503906,1324.0,0.9851190476190477,,180,60,True,1475.973949221342,1477.1879078045301,1719.0860596616137,1721.4645129425173
X-n242-k48,241,ortools:proxy_mean_or_tools,proxy_mean_or_tools,ortools,False,0,,0.0,1475.973949221342,1.0981949026944509,total_load_exceeds_fleet_capacity,180,60,True,1475.973949221342,1477.1879078045301,1719.0860596616137,1721.4645129425173
X-n242-k48,241,ortools:quantile_p75_or_tools,quantile_p75_or_tools,ortools,False,0,,0.0,1720.4345777020517,1.2800852512664076,total_load_exceeds_fleet_capacity,180,60,True,1475.973949221342,1477.1879078045301,1719.0860596616137,1721.4645129425173
X-n242-k48,241,ortools:quantile_p90_or_tools,quantile_p90_or_tools,ortools,False,0,,0.0,2062.798372470243,1.534820217611788,total_load_exceeds_fleet_capacity,180,60,True,1475.973949221342,1477.1879078045301,1719.0860596616137,1721.4645129425173
X-n242-k48,241,ortools:robust_mean_1std_or_tools,robust_mean_1std_or_tools,ortools,False,0,,0.0,1928.3946869713754,1.4348174754251306,total_load_exceeds_fleet_capacity,180,60,True,1475.973949221342,1477.1879078045301,1719.0860596616137,1721.4645129425173
X-n242-k48,241,ortools:robust_mean_2std_or_tools,robust_mean_2std_or_tools,ortools,False,0,,0.0,2380.815424721409,1.7714400481558101,total_load_exceeds_fleet_capacity,180,60,True,1475.973949221342,1477.1879078045301,1719.0860596616137,1721.4645129425173
X-n242-k48,241,ortools:proxy_mean_scaled_or_tools,proxy_mean_scaled_or_tools,ortools,True,48,88091.0,5.000541925430298,1337.2800000000002,0.9950000000000001,,180,60,True,1475.973949221342,1477.1879078045301,1719.0860596616137,1721.4645129425173
X-n242-k48,241,ortools:quantile_p75_scaled_or_tools,quantile_p75_scaled_or_tools,ortools,True,48,91469.0,4.997962236404419,1337.2800000000002,0.9950000000000001,,180,60,True,1475.973949221342,1477.1879078045301,1719.0860596616137,1721.4645129425173
X-n242-k48,241,ortools:quantile_p90_scaled_or_tools,quantile_p90_scaled_or_tools,ortools,False,0,,0.0,1337.2799999999997,0.9949999999999998,total_load_exceeds_fleet_capacity,180,60,True,1475.973949221342,1477.1879078045301,1719.0860596616137,1721.4645129425173
X-n242-k48,241,ortools:robust_mean_1std_scaled_or_tools,robust_mean_1std_scaled_or_tools,ortools,False,0,,0.0,1337.2799999999997,0.9949999999999998,total_load_exceeds_fleet_capacity,180,60,True,1475.973949221342,1477.1879078045301,1719.0860596616137,1721.4645129425173
X-n242-k48,241,ortools:robust_mean_2std_scaled_or_tools,robust_mean_2std_scaled_or_tools,ortools,False,0,,0.0,1337.2799999999997,0.9949999999999998,total_load_exceeds_fleet_capacity,180,60,True,1475.973949221342,1477.1879078045301,1719.0860596616137,1721.4645129425173
X-n247-k50,246,ortools:nominal_or_tools,nominal_or_tools,ortools,False,0,,5.005738019943237,6200.0,0.9253731343283582,ortools_no_solution,180,60,True,6790.297053471086,6805.254491454063,7900.713418923839,7905.601073607675
X-n247-k50,246,ortools:proxy_mean_or_tools,proxy_mean_or_tools,ortools,False,0,,0.0,6790.297053471086,1.0134771721598634,total_load_exceeds_fleet_capacity,180,60,True,6790.297053471086,6805.254491454063,7900.713418923839,7905.601073607675
X-n247-k50,246,ortools:quantile_p75_or_tools,quantile_p75_or_tools,ortools,False,0,,0.0,7970.457574219065,1.189620533465532,total_load_exceeds_fleet_capacity,180,60,True,6790.297053471086,6805.254491454063,7900.713418923839,7905.601073607675
X-n247-k50,246,ortools:quantile_p90_or_tools,quantile_p90_or_tools,ortools,False,0,,0.0,9754.4345019994,1.4558857465670747,single_node_exceeds_capacity,180,60,True,6790.297053471086,6805.254491454063,7900.713418923839,7905.601073607675
X-n247-k50,246,ortools:robust_mean_1std_or_tools,robust_mean_1std_or_tools,ortools,False,0,,0.0,9051.049511699106,1.3509029121938965,single_node_exceeds_capacity,180,60,True,6790.297053471086,6805.254491454063,7900.713418923839,7905.601073607675
X-n247-k50,246,ortools:robust_mean_2std_or_tools,robust_mean_2std_or_tools,ortools,False,0,,0.0,11311.801969927124,1.688328652227929,single_node_exceeds_capacity,180,60,True,6790.297053471086,6805.254491454063,7900.713418923839,7905.601073607675
X-n247-k50,246,ortools:proxy_mean_scaled_or_tools,proxy_mean_scaled_or_tools,ortools,False,0,,5.0053815841674805,6666.500000000001,0.9950000000000001,ortools_no_solution,180,60,True,6790.297053471086,6805.254491454063,7900.713418923839,7905.601073607675
X-n247-k50,246,ortools:quantile_p75_scaled_or_tools,quantile_p75_scaled_or_tools,ortools,False,0,,5.00317120552063,6666.500000000001,0.9950000000000001,ortools_no_solution,180,60,True,6790.297053471086,6805.254491454063,7900.713418923839,7905.601073607675
X-n247-k50,246,ortools:quantile_p90_scaled_or_tools,quantile_p90_scaled_or_tools,ortools,False,0,,5.001032829284668,6666.499999999999,0.9949999999999999,ortools_no_solution,180,60,True,6790.297053471086,6805.254491454063,7900.713418923839,7905.601073607675
X-n247-k50,246,ortools:robust_mean_1std_scaled_or_tools,robust_mean_1std_scaled_or_tools,ortools,False,0,,5.001366376876831,6666.499999999999,0.9949999999999999,ortools_no_solution,180,60,True,6790.297053471086,6805.254491454063,7900.713418923839,7905.601073607675
X-n247-k50,246,ortools:robust_mean_2std_scaled_or_tools,robust_mean_2std_scaled_or_tools,ortools,False,0,,5.005275011062622,6666.499999999998,0.9949999999999998,ortools_no_solution,180,60,True,6790.297053471086,6805.254491454063,7900.713418923839,7905.601073607675
X-n251-k28,250,ortools:nominal_or_tools,nominal_or_tools,ortools,True,28,40465.0,4.999040126800537,1867.0,0.9663561076604554,,180,60,True,2083.418657642686,2086.52559340612,2424.7257298494433,2425.3478480666686
X-n251-k28,250,ortools:proxy_mean_or_tools,proxy_mean_or_tools,ortools,False,0,,0.0,2083.4186576426864,1.078374046398906,total_load_exceeds_fleet_capacity,180,60,True,2083.418657642686,2086.52559340612,2424.7257298494433,2425.3478480666686
X-n251-k28,250,ortools:quantile_p75_or_tools,quantile_p75_or_tools,ortools,False,0,,0.0,2414.0827511830857,1.2495252335316178,total_load_exceeds_fleet_capacity,180,60,True,2083.418657642686,2086.52559340612,2424.7257298494433,2425.3478480666686
X-n251-k28,250,ortools:quantile_p90_or_tools,quantile_p90_or_tools,ortools,False,0,,0.0,2884.177096927553,1.492845288264779,total_load_exceeds_fleet_capacity,180,60,True,2083.418657642686,2086.52559340612,2424.7257298494433,2425.3478480666686
X-n251-k28,250,ortools:robust_mean_1std_or_tools,robust_mean_1std_or_tools,ortools,False,0,,0.0,2699.811484473962,1.3974179526262744,total_load_exceeds_fleet_capacity,180,60,True,2083.418657642686,2086.52559340612,2424.7257298494433,2425.3478480666686
X-n251-k28,250,ortools:robust_mean_2std_or_tools,robust_mean_2std_or_tools,ortools,False,0,,0.0,3316.204311305238,1.7164618588536429,total_load_exceeds_fleet_capacity,180,60,True,2083.418657642686,2086.52559340612,2424.7257298494433,2425.3478480666686
X-n251-k28,250,ortools:proxy_mean_scaled_or_tools,proxy_mean_scaled_or_tools,ortools,False,0,,5.005282163619995,1922.3399999999997,0.9949999999999999,ortools_no_solution,180,60,True,2083.418657642686,2086.52559340612,2424.7257298494433,2425.3478480666686
X-n251-k28,250,ortools:quantile_p75_scaled_or_tools,quantile_p75_scaled_or_tools,ortools,False,0,,5.004490613937378,1922.3400000000001,0.9950000000000001,ortools_no_solution,180,60,True,2083.418657642686,2086.52559340612,2424.7257298494433,2425.3478480666686
X-n251-k28,250,ortools:quantile_p90_scaled_or_tools,quantile_p90_scaled_or_tools,ortools,False,0,,0.0,1922.34,0.995,total_load_exceeds_fleet_capacity,180,60,True,2083.418657642686,2086.52559340612,2424.7257298494433,2425.3478480666686
X-n251-k28,250,ortools:robust_mean_1std_scaled_or_tools,robust_mean_1std_scaled_or_tools,ortools,False,0,,4.998572111129761,1922.3400000000001,0.9950000000000001,ortools_no_solution,180,60,True,2083.418657642686,2086.52559340612,2424.7257298494433,2425.3478480666686
X-n251-k28,250,ortools:robust_mean_2std_scaled_or_tools,robust_mean_2std_scaled_or_tools,ortools,False,0,,0.0,1922.3399999999997,0.9949999999999999,total_load_exceeds_fleet_capacity,180,60,True,2083.418657642686,2086.52559340612,2424.7257298494433,2425.3478480666686
X-n256-k16,255,ortools:nominal_or_tools,nominal_or_tools,ortools,False,0,,4.998741865158081,19514.0,0.9956122448979592,ortools_no_solution,180,60,True,21883.368907411048,21983.391218502726,25370.31290291748,25410.61753740374
X-n256-k16,255,ortools:proxy_mean_or_tools,proxy_mean_or_tools,ortools,False,0,,0.0,21883.368907411044,1.1164984136434206,total_load_exceeds_fleet_capacity,180,60,True,21883.368907411048,21983.391218502726,25370.31290291748,25410.61753740374
X-n256-k16,255,ortools:quantile_p75_or_tools,quantile_p75_or_tools,ortools,False,0,,0.0,25234.389637025568,1.2874688590319168,total_load_exceeds_fleet_capacity,180,60,True,21883.368907411048,21983.391218502726,25370.31290291748,25410.61753740374
X-n256-k16,255,ortools:quantile_p90_or_tools,quantile_p90_or_tools,ortools,False,0,,0.0,30133.99202680373,1.5374485727961087,total_load_exceeds_fleet_capacity,180,60,True,21883.368907411048,21983.391218502726,25370.31290291748,25410.61753740374
X-n256-k16,255,ortools:robust_mean_1std_or_tools,robust_mean_1std_or_tools,ortools,False,0,,0.0,28267.664075556142,1.442227758956946,total_load_exceeds_fleet_capacity,180,60,True,21883.368907411048,21983.391218502726,25370.31290291748,25410.61753740374
X-n256-k16,255,ortools:robust_mean_2std_or_tools,robust_mean_2std_or_tools,ortools,False,0,,0.0,34651.95924370125,1.7679571042704718,total_load_exceeds_fleet_capacity,180,60,True,21883.368907411048,21983.391218502726,25370.31290291748,25410.61753740374
X-n256-k16,255,ortools:proxy_mean_scaled_or_tools,proxy_mean_scaled_or_tools,ortools,False,0,,5.005485534667969,19502.0,0.995,ortools_no_solution,180,60,True,21883.368907411048,21983.391218502726,25370.31290291748,25410.61753740374
X-n256-k16,255,ortools:quantile_p75_scaled_or_tools,quantile_p75_scaled_or_tools,ortools,False,0,,5.006411790847778,19502.000000000004,0.9950000000000002,ortools_no_solution,180,60,True,21883.368907411048,21983.391218502726,25370.31290291748,25410.61753740374
X-n256-k16,255,ortools:quantile_p90_scaled_or_tools,quantile_p90_scaled_or_tools,ortools,False,0,,5.005773067474365,19502.000000000004,0.9950000000000002,ortools_no_solution,180,60,True,21883.368907411048,21983.391218502726,25370.31290291748,25410.61753740374
X-n256-k16,255,ortools:robust_mean_1std_scaled_or_tools,robust_mean_1std_scaled_or_tools,ortools,False,0,,5.000288248062134,19502.000000000004,0.9950000000000002,ortools_no_solution,180,60,True,21883.368907411048,21983.391218502726,25370.31290291748,25410.61753740374
X-n256-k16,255,ortools:robust_mean_2std_scaled_or_tools,robust_mean_2std_scaled_or_tools,ortools,False,0,,5.000683784484863,19502.0,0.995,ortools_no_solution,180,60,True,21883.368907411048,21983.391218502726,25370.31290291748,25410.61753740374
X-n261-k13,260,ortools:nominal_or_tools,nominal_or_tools,ortools,True,13,29400.0,4.997448205947876,13381.0,0.9521810289617875,,180,60,True,14982.669280417082,15021.029351368781,17862.196299766994,17900.458727447764
X-n261-k13,260,ortools:proxy_mean_or_tools,proxy_mean_or_tools,ortools,False,0,,0.0,14982.669280417082,1.0661545065407445,total_load_exceeds_fleet_capacity,180,60,True,14982.669280417082,15021.029351368781,17862.196299766994,17900.458727447764
X-n261-k13,260,ortools:quantile_p75_or_tools,quantile_p75_or_tools,ortools,False,0,,0.0,17475.904120622596,1.2435710610277233,total_load_exceeds_fleet_capacity,180,60,True,14982.669280417082,15021.029351368781,17862.196299766994,17900.458727447764
X-n261-k13,260,ortools:quantile_p90_or_tools,quantile_p90_or_tools,ortools,False,0,,0.0,21271.899348778796,1.5136909804866432,total_load_exceeds_fleet_capacity,180,60,True,14982.669280417082,15021.029351368781,17862.196299766994,17900.458727447764
X-n261-k13,260,ortools:robust_mean_1std_or_tools,robust_mean_1std_or_tools,ortools,False,0,,0.0,19780.571878001512,1.407569335942611,total_load_exceeds_fleet_capacity,180,60,True,14982.669280417082,15021.029351368781,17862.196299766994,17900.458727447764
X-n261-k13,260,ortools:robust_mean_2std_or_tools,robust_mean_2std_or_tools,ortools,False,0,,0.0,24578.474475585943,1.7489841653444775,total_load_exceeds_fleet_capacity,180,60,True,14982.669280417082,15021.029351368781,17862.196299766994,17900.458727447764
X-n261-k13,260,ortools:proxy_mean_scaled_or_tools,proxy_mean_scaled_or_tools,ortools,True,13,31364.0,4.998934745788574,13982.735000000002,0.9950000000000002,,180,60,True,14982.669280417082,15021.029351368781,17862.196299766994,17900.458727447764
X-n261-k13,260,ortools:quantile_p75_scaled_or_tools,quantile_p75_scaled_or_tools,ortools,True,13,31282.0,5.002207517623901,13982.735,0.995,,180,60,True,14982.669280417082,15021.029351368781,17862.196299766994,17900.458727447764
X-n261-k13,260,ortools:quantile_p90_scaled_or_tools,quantile_p90_scaled_or_tools,ortools,True,13,31580.0,5.000821352005005,13982.734999999999,0.9949999999999999,,180,60,True,14982.669280417082,15021.029351368781,17862.196299766994,17900.458727447764
X-n261-k13,260,ortools:robust_mean_1std_scaled_or_tools,robust_mean_1std_scaled_or_tools,ortools,True,13,31915.0,5.000416278839111,13982.735,0.995,,180,60,True,14982.669280417082,15021.029351368781,17862.196299766994,17900.458727447764
X-n261-k13,260,ortools:robust_mean_2std_scaled_or_tools,robust_mean_2std_scaled_or_tools,ortools,True,13,31963.0,5.002643585205078,13982.735000000002,0.9950000000000002,,180,60,True,14982.669280417082,15021.029351368781,17862.196299766994,17900.458727447764
X-n266-k58,265,ortools:nominal_or_tools,nominal_or_tools,ortools,False,0,,5.005560636520386,2015.0,0.9926108374384236,ortools_no_solution,180,60,True,2224.378262414001,2226.078225706277,2602.7745458647455,2604.041022210825
X-n266-k58,265,ortools:proxy_mean_or_tools,proxy_mean_or_tools,ortools,False,0,,0.0,2224.3782624140013,1.0957528386275868,total_load_exceeds_fleet_capacity,180,60,True,2224.378262414001,2226.078225706277,2602.7745458647455,2604.041022210825
X-n266-k58,265,ortools:quantile_p75_or_tools,quantile_p75_or_tools,ortools,False,0,,0.0,2579.3773761308194,1.2706292493255267,total_load_exceeds_fleet_capacity,180,60,True,2224.378262414001,2226.078225706277,2602.7745458647455,2604.041022210825
X-n266-k58,265,ortools:quantile_p90_or_tools,quantile_p90_or_tools,ortools,False,0,,0.0,3066.6940663187142,1.5106867321767066,total_load_exceeds_fleet_capacity,180,60,True,2224.378262414001,2226.078225706277,2602.7745458647455,2604.041022210825
X-n266-k58,265,ortools:robust_mean_1std_or_tools,robust_mean_1std_or_tools,ortools,False,0,,0.0,2872.6557950280667,1.4151013768611167,total_load_exceeds_fleet_capacity,180,60,True,2224.378262414001,2226.078225706277,2602.7745458647455,2604.041022210825
X-n266-k58,265,ortools:robust_mean_2std_or_tools,robust_mean_2std_or_tools,ortools,False,0,,0.0,3520.933327642133,1.7344499150946469,total_load_exceeds_fleet_capacity,180,60,True,2224.378262414001,2226.078225706277,2602.7745458647455,2604.041022210825
X-n266-k58,265,ortools:proxy_mean_scaled_or_tools,proxy_mean_scaled_or_tools,ortools,False,0,,5.004692792892456,2019.85,0.995,ortools_no_solution,180,60,True,2224.378262414001,2226.078225706277,2602.7745458647455,2604.041022210825
X-n266-k58,265,ortools:quantile_p75_scaled_or_tools,quantile_p75_scaled_or_tools,ortools,False,0,,0.0,2019.8500000000001,0.9950000000000001,total_load_exceeds_fleet_capacity,180,60,True,2224.378262414001,2226.078225706277,2602.7745458647455,2604.041022210825
X-n266-k58,265,ortools:quantile_p90_scaled_or_tools,quantile_p90_scaled_or_tools,ortools,False,0,,0.0,2019.8500000000004,0.9950000000000002,total_load_exceeds_fleet_capacity,180,60,True,2224.378262414001,2226.078225706277,2602.7745458647455,2604.041022210825
X-n266-k58,265,ortools:robust_mean_1std_scaled_or_tools,robust_mean_1std_scaled_or_tools,ortools,False,0,,0.0,2019.8500000000001,0.9950000000000001,total_load_exceeds_fleet_capacity,180,60,True,2224.378262414001,2226.078225706277,2602.7745458647455,2604.041022210825
X-n266-k58,265,ortools:robust_mean_2std_scaled_or_tools,robust_mean_2std_scaled_or_tools,ortools,False,0,,5.0024237632751465,2019.85,0.995,ortools_no_solution,180,60,True,2224.378262414001,2226.078225706277,2602.7745458647455,2604.041022210825
X-n270-k35,269,ortools:nominal_or_tools,nominal_or_tools,ortools,False,0,,5.004937648773193,20419.0,0.9972649572649572,ortools_no_solution,180,60,True,23040.355544311136,23095.523995042688,27375.02728135898,27433.89173048248
X-n270-k35,269,ortools:proxy_mean_or_tools,proxy_mean_or_tools,ortools,False,0,,0.0,23040.355544311136,1.125292090076246,total_load_exceeds_fleet_capacity,180,60,True,23040.355544311136,23095.523995042688,27375.02728135898,27433.89173048248
X-n270-k35,269,ortools:quantile_p75_or_tools,quantile_p75_or_tools,ortools,False,0,,0.0,26713.702051813943,1.304698512909106,total_load_exceeds_fleet_capacity,180,60,True,23040.355544311136,23095.523995042688,27375.02728135898,27433.89173048248
X-n270-k35,269,ortools:quantile_p90_or_tools,quantile_p90_or_tools,ortools,False,0,,0.0,32010.96922277502,1.5634173002576321,total_load_exceeds_fleet_capacity,180,60,True,23040.355544311136,23095.523995042688,27375.02728135898,27433.89173048248
X-n270-k35,269,ortools:robust_mean_1std_or_tools,robust_mean_1std_or_tools,ortools,False,0,,0.0,29994.417017623462,1.464928792069522,total_load_exceeds_fleet_capacity,180,60,True,23040.355544311136,23095.523995042688,27375.02728135898,27433.89173048248
X-n270-k35,269,ortools:robust_mean_2std_or_tools,robust_mean_2std_or_tools,ortools,False,0,,0.0,36948.478490935784,1.8045654940627978,total_load_exceeds_fleet_capacity,180,60,True,23040.355544311136,23095.523995042688,27375.02728135898,27433.89173048248
X-n270-k35,269,ortools:proxy_mean_scaled_or_tools,proxy_mean_scaled_or_tools,ortools,False,0,,5.0059568881988525,20372.625,0.995,ortools_no_solution,180,60,True,23040.355544311136,23095.523995042688,27375.02728135898,27433.89173048248
X-n270-k35,269,ortools:quantile_p75_scaled_or_tools,quantile_p75_scaled_or_tools,ortools,False,0,,5.004715919494629,20372.625,0.995,ortools_no_solution,180,60,True,23040.355544311136,23095.523995042688,27375.02728135898,27433.89173048248
X-n270-k35,269,ortools:quantile_p90_scaled_or_tools,quantile_p90_scaled_or_tools,ortools,False,0,,5.003725528717041,20372.625,0.995,ortools_no_solution,180,60,True,23040.355544311136,23095.523995042688,27375.02728135898,27433.89173048248
X-n270-k35,269,ortools:robust_mean_1std_scaled_or_tools,robust_mean_1std_scaled_or_tools,ortools,False,0,,5.0025551319122314,20372.624999999996,0.9949999999999998,ortools_no_solution,180,60,True,23040.355544311136,23095.523995042688,27375.02728135898,27433.89173048248
X-n270-k35,269,ortools:robust_mean_2std_scaled_or_tools,robust_mean_2std_scaled_or_tools,ortools,False,0,,4.999542474746704,20372.625,0.995,ortools_no_solution,180,60,True,23040.355544311136,23095.523995042688,27375.02728135898,27433.89173048248
X-n275-k28,274,ortools:nominal_or_tools,nominal_or_tools,ortools,True,28,22472.0,4.999546527862549,274.0,0.9785714285714285,,180,60,True,306.89828660604496,307.5660280006758,368.0009655121191,368.3309895522635
X-n275-k28,274,ortools:proxy_mean_or_tools,proxy_mean_or_tools,ortools,True,28,22472.0,5.0003674030303955,306.89828660604496,1.0960653093073034,,180,60,True,306.89828660604496,307.5660280006758,368.0009655121191,368.3309895522635
X-n275-k28,274,ortools:quantile_p75_or_tools,quantile_p75_or_tools,ortools,True,28,22472.0,4.997929811477661,354.23846786519573,1.2651373852328418,,180,60,True,306.89828660604496,307.5660280006758,368.0009655121191,368.3309895522635
X-n275-k28,274,ortools:quantile_p90_or_tools,quantile_p90_or_tools,ortools,False,0,,0.0,420.6868897481655,1.5024531776720198,total_load_exceeds_fleet_capacity,180,60,True,306.89828660604496,307.5660280006758,368.0009655121191,368.3309895522635
X-n275-k28,274,ortools:robust_mean_1std_or_tools,robust_mean_1std_or_tools,ortools,False,0,,0.0,394.6268531649772,1.4093816184463472,total_load_exceeds_fleet_capacity,180,60,True,306.89828660604496,307.5660280006758,368.0009655121191,368.3309895522635
X-n275-k28,274,ortools:robust_mean_2std_or_tools,robust_mean_2std_or_tools,ortools,False,0,,0.0,482.3554197239094,1.7226979275853906,total_load_exceeds_fleet_capacity,180,60,True,306.89828660604496,307.5660280006758,368.0009655121191,368.3309895522635
X-n275-k28,274,ortools:proxy_mean_scaled_or_tools,proxy_mean_scaled_or_tools,ortools,True,28,22472.0,5.0099639892578125,278.6,0.9950000000000001,,180,60,True,306.89828660604496,307.5660280006758,368.0009655121191,368.3309895522635
X-n275-k28,274,ortools:quantile_p75_scaled_or_tools,quantile_p75_scaled_or_tools,ortools,True,28,22472.0,4.996994256973267,278.6,0.9950000000000001,,180,60,True,306.89828660604496,307.5660280006758,368.0009655121191,368.3309895522635
X-n275-k28,274,ortools:quantile_p90_scaled_or_tools,quantile_p90_scaled_or_tools,ortools,True,28,22472.0,4.9956746101379395,278.6000000000001,0.9950000000000003,,180,60,True,306.89828660604496,307.5660280006758,368.0009655121191,368.3309895522635
X-n275-k28,274,ortools:robust_mean_1std_scaled_or_tools,robust_mean_1std_scaled_or_tools,ortools,True,28,22472.0,5.005357027053833,278.59999999999997,0.9949999999999999,,180,60,True,306.89828660604496,307.5660280006758,368.0009655121191,368.3309895522635
X-n275-k28,274,ortools:robust_mean_2std_scaled_or_tools,robust_mean_2std_scaled_or_tools,ortools,True,28,22472.0,4.997766733169556,278.6,0.9950000000000001,,180,60,True,306.89828660604496,307.5660280006758,368.0009655121191,368.3309895522635
X-n280-k17,279,ortools:nominal_or_tools,nominal_or_tools,ortools,True,17,38220.0,5.000722408294678,3233.0,0.9905024509803921,,180,60,True,3569.5494701131493,3575.424894705229,4199.901283616081,4206.345190262546
X-n280-k17,279,ortools:proxy_mean_or_tools,proxy_mean_or_tools,ortools,False,0,,0.0,3569.5494701131493,1.093611970010156,total_load_exceeds_fleet_capacity,180,60,True,3569.5494701131493,3575.424894705229,4199.901283616081,4206.345190262546
X-n280-k17,279,ortools:quantile_p75_or_tools,quantile_p75_or_tools,ortools,False,0,,0.0,4198.362633179833,1.2862630616359783,total_load_exceeds_fleet_capacity,180,60,True,3569.5494701131493,3575.424894705229,4199.901283616081,4206.345190262546
X-n280-k17,279,ortools:quantile_p90_or_tools,quantile_p90_or_tools,ortools,False,0,,0.0,5126.335227470418,1.5705683907691232,total_load_exceeds_fleet_capacity,180,60,True,3569.5494701131493,3575.424894705229,4199.901283616081,4206.345190262546
X-n280-k17,279,ortools:robust_mean_1std_or_tools,robust_mean_1std_or_tools,ortools,False,0,,0.0,4756.69403858521,1.4573204775077238,total_load_exceeds_fleet_capacity,180,60,True,3569.5494701131493,3575.424894705229,4199.901283616081,4206.345190262546
X-n280-k17,279,ortools:robust_mean_2std_or_tools,robust_mean_2std_or_tools,ortools,False,0,,0.0,5943.838607057272,1.8210289850052919,single_node_exceeds_capacity,180,60,True,3569.5494701131493,3575.424894705229,4199.901283616081,4206.345190262546
X-n280-k17,279,ortools:proxy_mean_scaled_or_tools,proxy_mean_scaled_or_tools,ortools,True,17,39074.0,4.998991012573242,3247.6800000000003,0.9950000000000001,,180,60,True,3569.5494701131493,3575.424894705229,4199.901283616081,4206.345190262546
X-n280-k17,279,ortools:quantile_p75_scaled_or_tools,quantile_p75_scaled_or_tools,ortools,False,0,,5.006184339523315,3247.6799999999994,0.9949999999999998,ortools_no_solution,180,60,True,3569.5494701131493,3575.424894705229,4199.901283616081,4206.345190262546
X-n280-k17,279,ortools:quantile_p90_scaled_or_tools,quantile_p90_scaled_or_tools,ortools,False,0,,0.0,3247.6799999999994,0.9949999999999998,total_load_exceeds_fleet_capacity,180,60,True,3569.5494701131493,3575.424894705229,4199.901283616081,4206.345190262546
X-n280-k17,279,ortools:robust_mean_1std_scaled_or_tools,robust_mean_1std_scaled_or_tools,ortools,False,0,,0.0,3247.6800000000003,0.9950000000000001,total_load_exceeds_fleet_capacity,180,60,True,3569.5494701131493,3575.424894705229,4199.901283616081,4206.345190262546
X-n280-k17,279,ortools:robust_mean_2std_scaled_or_tools,robust_mean_2std_scaled_or_tools,ortools,False,0,,0.0,3247.6800000000003,0.9950000000000001,total_load_exceeds_fleet_capacity,180,60,True,3569.5494701131493,3575.424894705229,4199.901283616081,4206.345190262546
X-n284-k15,283,ortools:nominal_or_tools,nominal_or_tools,ortools,True,15,22522.0,4.994700193405151,1527.0,0.9339449541284404,,180,60,True,1690.7465941899184,1691.7378069241554,2011.601490678983,2013.2207644463767
X-n284-k15,283,ortools:proxy_mean_or_tools,proxy_mean_or_tools,ortools,False,0,,0.0,1690.7465941899188,1.0340957762629472,total_load_exceeds_fleet_capacity,180,60,True,1690.7465941899184,1691.7378069241554,2011.601490678983,2013.2207644463767
X-n284-k15,283,ortools:quantile_p75_or_tools,quantile_p75_or_tools,ortools,False,0,,0.0,1974.0553986381892,1.2073733325004214,total_load_exceeds_fleet_capacity,180,60,True,1690.7465941899184,1691.7378069241554,2011.601490678983,2013.2207644463767
X-n284-k15,283,ortools:quantile_p90_or_tools,quantile_p90_or_tools,ortools,False,0,,0.0,2358.0139023713236,1.442210337841788,total_load_exceeds_fleet_capacity,180,60,True,1690.7465941899184,1691.7378069241554,2011.601490678983,2013.2207644463767
X-n284-k15,283,ortools:robust_mean_1std_or_tools,robust_mean_1std_or_tools,ortools,False,0,,0.0,2209.286448239466,1.3512455340914167,total_load_exceeds_fleet_capacity,180,60,True,1690.7465941899184,1691.7378069241554,2011.601490678983,2013.2207644463767
X-n284-k15,283,ortools:robust_mean_2std_or_tools,robust_mean_2std_or_tools,ortools,False,0,,0.0,2727.8263022890133,1.668395291919886,total_load_exceeds_fleet_capacity,180,60,True,1690.7465941899184,1691.7378069241554,2011.601490678983,2013.2207644463767
X-n284-k15,283,ortools:proxy_mean_scaled_or_tools,proxy_mean_scaled_or_tools,ortools,True,15,22663.0,4.9995951652526855,1626.825,0.995,,180,60,True,1690.7465941899184,1691.7378069241554,2011.601490678983,2013.2207644463767
X-n284-k15,283,ortools:quantile_p75_scaled_or_tools,quantile_p75_scaled_or_tools,ortools,True,15,23026.0,4.999897480010986,1626.8250000000003,0.9950000000000002,,180,60,True,1690.7465941899184,1691.7378069241554,2011.601490678983,2013.2207644463767
X-n284-k15,283,ortools:quantile_p90_scaled_or_tools,quantile_p90_scaled_or_tools,ortools,True,15,22673.0,5.0010292530059814,1626.8250000000003,0.9950000000000002,,180,60,True,1690.7465941899184,1691.7378069241554,2011.601490678983,2013.2207644463767
X-n284-k15,283,ortools:robust_mean_1std_scaled_or_tools,robust_mean_1std_scaled_or_tools,ortools,True,15,23151.0,5.00072717666626,1626.8249999999998,0.9949999999999999,,180,60,True,1690.7465941899184,1691.7378069241554,2011.601490678983,2013.2207644463767
X-n284-k15,283,ortools:robust_mean_2std_scaled_or_tools,robust_mean_2std_scaled_or_tools,ortools,True,15,23628.0,4.998699903488159,1626.8249999999998,0.9949999999999999,,180,60,True,1690.7465941899184,1691.7378069241554,2011.601490678983,2013.2207644463767
