Instance,Customers,Domain,Candidate,Route Plan,Routing Provider,Route Feasible,LP Feasible,Candidate Feasible,Route Count,Route Cost,Route Runtime Sec,LP Runtime Sec,Total Runtime Sec,Planned Route Load Total,Planned Route Load Ratio,LP Backend,Score Metric,Score Value,Reason,lp_planning_scenarios_original,lp_planning_scenarios_used,lp_scenario_reduced,lp_original_total_demand_mean,lp_reduced_total_demand_mean,lp_original_total_demand_p90,lp_reduced_total_demand_p90,Objective Value Train,Optimized Load Total,mean_total_cost,p90_total_cost,cvar90_total_cost,mean_shortfall,p90_shortfall,stockout_rate,mean_surplus,mean_domain_loss,mean_load_penalty_loss,Metric,Metric Score Value
X-n106-k14,105,atm,ortools:nominal_or_tools,nominal_or_tools,ortools,True,True,True,14,27182.0,4.99911379814148,0.5392637252807617,5.538377523422241,7864.0,0.9361904761904762,pulp_cbc,mean_total_cost,30121.63981659178,,180,60,True,8678.48886970813,8708.388879095239,10372.84775102459,10379.445766360304,6667.126459423274,8400.000007999999,30121.63981659178,32011.109425330007,33087.8291147906,746.0519876687177,1289.048485150237,0.4023809523809524,1234.4007181841894,2939.639816591785,0.0,cvar90_total_cost,33087.8291147906
X-n106-k14,105,cargo,ortools:nominal_or_tools,nominal_or_tools,ortools,True,True,True,14,27182.0,4.99911379814148,0.4968898296356201,5.4960036277771,7864.0,0.9361904761904762,pulp_cbc,mean_total_cost,29399.197196480152,,180,60,True,8678.48886970813,8708.388879095239,10372.84775102459,10379.445766360304,6053.018468007391,8399.999992000001,29399.197196480152,30846.534779509475,31676.72264768545,748.7036037235138,1270.793755376944,0.4034285714285714,1237.0523182389857,2217.1971964801564,0.0,cvar90_total_cost,31676.72264768545
X-n106-k14,105,cold_chain,ortools:nominal_or_tools,nominal_or_tools,ortools,True,True,True,14,27182.0,4.99911379814148,0.5193181037902832,5.518431901931763,7864.0,0.9361904761904762,pulp_cbc,mean_total_cost,31507.22406377675,,180,60,True,8678.48886970813,8708.388879095239,10372.84775102459,10379.445766360304,7181.491686119698,8255.29003,31507.22406377675,32625.822849894208,33280.96812507401,750.2019494492474,1286.3673605254962,0.4047619047619047,1093.840701964719,2876.708010789284,1448.516052987469,cvar90_total_cost,33280.96812507401
X-n106-k14,105,grocery,ortools:nominal_or_tools,nominal_or_tools,ortools,True,True,True,14,27182.0,4.99911379814148,0.4895277023315429,5.488641500473023,7864.0,0.9361904761904762,pulp_cbc,mean_total_cost,29145.229311287658,,180,60,True,8678.48886970813,8708.388879095239,10372.84775102459,10379.445766360304,3219.316195358524,8282.21132,29145.229311287658,30015.70406876767,30574.761565707577,747.3939800727794,1293.4353895696945,0.4047619047619047,1117.954022588251,1963.2293112876616,0.0,cvar90_total_cost,30574.761565707577
X-n110-k13,109,atm,ortools:nominal_or_tools,nominal_or_tools,ortools,True,True,True,13,15387.0,4.9983298778533936,0.5045957565307617,5.502925634384155,816.0,0.951048951048951,pulp_cbc,mean_total_cost,15771.017049835767,,180,60,True,922.107056749831,926.0446089731709,1096.1448904465033,1097.6485758926672,784.1691188185447,858.0,15771.017049835767,16133.345260065851,16508.303565190985,99.04286376943988,203.91716422881476,0.4331192660550458,112.57085551928638,384.0170498357717,0.0,cvar90_total_cost,16508.303565190985
X-n110-k13,109,cargo,ortools:nominal_or_tools,nominal_or_tools,ortools,True,True,True,13,15387.0,4.9983298778533936,0.5144665241241455,5.512796401977539,816.0,0.951048951048951,pulp_cbc,mean_total_cost,15675.694391370784,,180,60,True,922.107056749831,926.0446089731709,1096.1448904465033,1097.6485758926672,707.8825661664977,858.0000013,15675.694391370784,15954.47608693251,16236.435540208044,99.70885234610644,204.0941139726614,0.4394495412844036,113.23684539595298,288.69439137078496,0.0,cvar90_total_cost,16236.435540208044
X-n110-k13,109,cold_chain,ortools:nominal_or_tools,nominal_or_tools,ortools,True,True,True,13,15387.0,4.9983298778533936,0.5383744239807129,5.536704301834106,816.0,0.951048951048951,pulp_cbc,mean_total_cost,15893.237235238385,,180,60,True,922.107056749831,926.0446089731709,1096.1448904465033,1097.6485758926672,811.2708670469736,851.1476835,15893.237235238385,16107.00212189642,16375.001687934486,99.73086221219144,206.87891332145736,0.4328440366972477,106.40653746203796,352.5618171978078,153.67541804057473,cvar90_total_cost,16375.001687934486
X-n110-k13,109,grocery,ortools:nominal_or_tools,nominal_or_tools,ortools,True,True,True,13,15387.0,4.9983298778533936,0.4962594509124756,5.494589328765869,816.0,0.951048951048951,pulp_cbc,mean_total_cost,15632.00672222644,,180,60,True,922.107056749831,926.0446089731709,1096.1448904465033,1097.6485758926672,372.945215678737,852.0403297,15632.00672222644,15804.376134204698,16006.038629710576,99.41213678591396,205.83336426653997,0.4330275229357798,106.98045823576044,245.0067222264385,0.0,cvar90_total_cost,16006.038629710576
X-n115-k10,114,atm,ortools:nominal_or_tools,nominal_or_tools,ortools,True,True,True,10,13099.0,5.003995418548584,0.5837461948394775,5.5877416133880615,1535.0,0.908284023668639,pulp_cbc,mean_total_cost,13888.043235337062,,180,60,True,1696.498515200886,1698.9645533588098,2024.6258510269995,2026.4340508376151,1387.9930201967934,1690.00001105,13888.043235337062,14612.578257305331,15196.23403509162,191.12834329492475,384.43172304472273,0.3907894736842105,283.93251268223,789.0432353370614,0.0,cvar90_total_cost,15196.23403509162
X-n115-k10,114,cargo,ortools:nominal_or_tools,nominal_or_tools,ortools,True,True,True,10,13099.0,5.003995418548584,0.6016607284545898,5.605656147003174,1535.0,0.908284023668639,pulp_cbc,mean_total_cost,13691.230347302237,,180,60,True,1696.498515200886,1698.9645533588098,2024.6258510269995,2026.4340508376151,1251.9073817414142,1690.00001484,13691.230347302237,14227.539913940604,14687.332806740416,192.51108688542715,381.9357180356367,0.4004385964912281,285.31526006273253,592.2303473022367,0.0,cvar90_total_cost,14687.332806740416
X-n115-k10,114,cold_chain,ortools:nominal_or_tools,nominal_or_tools,ortools,True,True,True,10,13099.0,5.003995418548584,0.5978717803955078,5.601867198944092,1535.0,0.908284023668639,pulp_cbc,mean_total_cost,14177.35576551884,,180,60,True,1696.498515200886,1698.9645533588098,2024.6258510269995,2026.4340508376151,1553.3065079586236,1684.3766313,14177.35576551884,14620.54500688184,15009.641678687014,192.273673417893,387.2365265266701,0.3831578947368421,279.4544630551983,786.6566120546804,291.6991534641582,cvar90_total_cost,15009.641678687014
X-n115-k10,114,grocery,ortools:nominal_or_tools,nominal_or_tools,ortools,True,True,True,10,13099.0,5.003995418548584,0.5860910415649414,5.590086460113525,1535.0,0.908284023668639,pulp_cbc,mean_total_cost,13626.674675992115,,180,60,True,1696.498515200886,1698.9645533588098,2024.6258510269995,2026.4340508376151,692.3372890060228,1690.0000119,13626.674675992115,13980.923156975514,14275.745079012073,191.13393711233812,385.8153074665875,0.3858771929824561,283.9381073496435,527.6746759921159,0.0,cvar90_total_cost,14275.745079012073
X-n120-k6,119,atm,ortools:nominal_or_tools,nominal_or_tools,ortools,True,True,True,6,14034.0,5.004239797592163,0.7788379192352295,5.783077716827393,119.0,0.9444444444444444,pulp_cbc,mean_total_cost,14084.440466728183,,180,60,True,133.52122460451002,133.78447753711538,155.4085028189589,155.70208638891222,105.60603825179771,126.00000003,14084.440466728183,14125.044277061064,14151.147792106878,13.0717933282412,24.73672109046113,0.4289915966386554,17.31646533202953,50.44046672818464,0.0,cvar90_total_cost,14151.147792106878
X-n120-k6,119,cargo,ortools:nominal_or_tools,nominal_or_tools,ortools,True,True,True,6,14034.0,5.004239797592163,0.813718318939209,5.817958116531372,119.0,0.9444444444444444,pulp_cbc,mean_total_cost,14072.622741154588,,180,60,True,133.52122460451002,133.78447753711538,155.4085028189589,155.70208638891222,96.16922462156704,125.99999957,14072.622741154588,14103.771102313593,14124.155158921038,13.190203505420222,24.78263066159108,0.4292436974789916,17.43487504920856,38.62274115458888,0.0,cvar90_total_cost,14124.155158921038
X-n120-k6,119,cold_chain,ortools:nominal_or_tools,nominal_or_tools,ortools,True,True,True,6,14034.0,5.004239797592163,0.8517904281616211,5.856030225753784,119.0,0.9444444444444444,pulp_cbc,mean_total_cost,14103.014175370912,,180,60,True,133.52122460451002,133.78447753711538,155.4085028189589,155.70208638891222,110.92391703632164,123.97941259,14103.014175370912,14127.39108417236,14145.334494239907,13.249015981685568,24.79878139942487,0.432016806722689,15.4731005454739,47.0182204331258,21.995954937787594,cvar90_total_cost,14145.334494239907
X-n120-k6,119,grocery,ortools:nominal_or_tools,nominal_or_tools,ortools,True,True,True,6,14034.0,5.004239797592163,0.7355120182037354,5.739751815795898,119.0,0.9444444444444444,pulp_cbc,mean_total_cost,14066.623888720327,,180,60,True,133.52122460451002,133.78447753711538,155.4085028189589,155.70208638891222,50.86626245262825,124.38679032999998,14066.623888720327,14085.98968493446,14099.851150561848,13.13752691115852,24.72279216029031,0.432016806722689,15.768989214946853,32.623888720329404,0.0,cvar90_total_cost,14099.851150561848
X-n129-k18,128,atm,ortools:nominal_or_tools,nominal_or_tools,ortools,True,True,True,18,30677.0,5.004807949066162,0.6737518310546875,5.67855978012085,665.0,0.9472934472934472,pulp_cbc,mean_total_cost,31021.864449391047,,180,60,True,727.1353695075978,729.545141336595,853.7757199603714,854.5229848707611,645.4216436112231,679.05212775,31021.864449391047,31270.87204174966,31551.51062035572,88.59451706416023,156.65702160571976,0.471171875,80.73357568596097,344.86444939105365,0.0,cvar90_total_cost,31551.51062035572
X-n129-k18,128,cargo,ortools:nominal_or_tools,nominal_or_tools,ortools,True,True,True,18,30677.0,5.004807949066162,0.6992523670196533,5.704060316085815,665.0,0.9472934472934472,pulp_cbc,mean_total_cost,30936.32764338438,,180,60,True,727.1353695075978,729.545141336595,853.7757199603714,854.5229848707611,583.0106142822812,684.6135868199999,30936.32764338438,31125.865117232428,31337.113664973287,88.97416145011725,156.29027560003348,0.4696875,86.674679141918,259.32764338438125,0.0,cvar90_total_cost,31337.113664973287
X-n129-k18,128,cold_chain,ortools:nominal_or_tools,nominal_or_tools,ortools,True,True,True,18,30677.0,5.004807949066162,0.6485977172851562,5.653405666351318,665.0,0.9472934472934472,pulp_cbc,mean_total_cost,31106.32167238129,,180,60,True,727.1353695075978,729.545141336595,853.7757199603714,854.5229848707611,669.4927528839708,674.2713961300001,31106.32167238129,31259.180597263217,31455.17252554757,88.84787400943905,157.40315892932122,0.462578125,76.20620101123977,305.6054501960039,123.71622218529032,cvar90_total_cost,31455.17252554757
X-n129-k18,128,grocery,ortools:nominal_or_tools,nominal_or_tools,ortools,True,True,True,18,30677.0,5.004807949066162,0.5776932239532471,5.582501173019409,665.0,0.9472934472934472,pulp_cbc,mean_total_cost,30890.037831338188,,180,60,True,727.1353695075978,729.545141336595,853.7757199603714,854.5229848707611,301.7522404583505,674.7279610799999,30890.037831338188,31009.36987225105,31160.36910695676,88.59307097339908,157.0510840690904,0.469921875,76.4079629251998,213.03783133818703,0.0,cvar90_total_cost,31160.36910695676
X-n134-k13,133,atm,ortools:nominal_or_tools,nominal_or_tools,ortools,True,True,True,13,13345.0,5.001290559768677,0.5896894931793213,5.590980052947998,8220.0,0.9833712166527095,pulp_cbc,mean_total_cost,17142.03329203635,,180,60,True,9183.395205809104,9198.564456324051,11030.147738079117,11050.704860248838,8182.758718488845,8359.000004099998,17142.03329203635,19554.89584994804,23189.38603055833,994.3474221389253,1687.684711698791,0.4618796992481203,932.4230451074056,3797.033292036345,0.0,cvar90_total_cost,23189.38603055833
X-n134-k13,133,cargo,ortools:nominal_or_tools,nominal_or_tools,ortools,True,True,True,13,13345.0,5.001290559768677,0.5704238414764404,5.571714401245117,8220.0,0.9833712166527095,pulp_cbc,mean_total_cost,16133.880645325393,,180,60,True,9183.395205809104,9198.564456324051,11030.147738079117,11050.704860248838,7248.887995650904,8358.9999894,16133.880645325393,17953.906594645265,20628.714215272303,995.2737669849158,1684.4013702805944,0.4552631578947368,933.3493752533964,2788.8806453253906,0.0,cvar90_total_cost,20628.714215272303
X-n134-k13,133,cold_chain,ortools:nominal_or_tools,nominal_or_tools,ortools,True,True,True,13,13345.0,5.001290559768677,0.5933163166046143,5.594606876373291,8220.0,0.9833712166527095,pulp_cbc,mean_total_cost,18203.338145199945,,180,60,True,9183.395205809104,9198.564456324051,11030.147738079117,11050.704860248838,8254.31167412079,8358.9999962,18203.338145199945,19711.02829239527,22119.48431690842,992.5806311838808,1702.6900460518189,0.4570676691729323,930.6562462523613,3406.0823207562166,1452.2558244437244,cvar90_total_cost,22119.48431690842
X-n134-k13,133,grocery,ortools:nominal_or_tools,nominal_or_tools,ortools,True,True,True,13,13345.0,5.001290559768677,0.5700087547302246,5.571299314498901,8220.0,0.9833712166527095,pulp_cbc,mean_total_cost,15713.694692679994,,180,60,True,9183.395205809104,9198.564456324051,11030.147738079117,11050.704860248838,3794.671416565535,8358.9999971,15713.694692679994,16871.261124253295,18768.380921751148,993.9633297499514,1691.349984439562,0.4583458646616541,932.0389457184316,2368.694692679994,0.0,cvar90_total_cost,18768.380921751148
X-n139-k10,138,atm,ortools:nominal_or_tools,nominal_or_tools,ortools,True,True,True,10,14826.0,5.0046446323394775,0.7796299457550049,5.784274578094482,1039.0,0.980188679245283,pulp_cbc,mean_total_cost,15254.712424182664,,180,60,True,1146.307606641427,1148.216888591183,1334.618975008724,1335.9433230902955,891.7120052975389,1059.9999998,15254.712424182664,15546.773980893136,15906.127550444664,110.99154556308928,192.30319894942173,0.4189130434782608,129.60175923298505,428.7124241826681,0.0,cvar90_total_cost,15906.127550444664
X-n139-k10,138,cargo,ortools:nominal_or_tools,nominal_or_tools,ortools,True,True,True,10,14826.0,5.0046446323394775,0.9582056999206544,5.962850332260132,1039.0,0.980188679245283,pulp_cbc,mean_total_cost,15148.825760118523,,180,60,True,1146.307606641427,1148.216888591183,1334.618975008724,1335.9433230902955,794.6136094851357,1059.9999983000002,15148.825760118523,15373.116953939872,15647.350030235324,112.14847661418293,193.29840657668265,0.421231884057971,130.75868878407874,322.8257601185224,0.0,cvar90_total_cost,15647.350030235324
X-n139-k10,138,cold_chain,ortools:nominal_or_tools,nominal_or_tools,ortools,True,True,True,10,14826.0,5.0046446323394775,0.8400595188140869,5.8447041511535645,1039.0,0.980188679245283,pulp_cbc,mean_total_cost,15424.59716988034,,180,60,True,1146.307606641427,1148.216888591183,1334.618975008724,1335.9433230902955,940.7764380044322,1060.0000006,15424.59716988034,15586.794522692342,15833.456312921891,111.27430625092067,192.08438468720763,0.4131159420289855,129.88452072081645,401.8915189025117,196.705650977827,cvar90_total_cost,15833.456312921891
X-n139-k10,138,grocery,ortools:nominal_or_tools,nominal_or_tools,ortools,True,True,True,10,14826.0,5.0046446323394775,0.7540743350982666,5.758718967437744,1039.0,0.980188679245283,pulp_cbc,mean_total_cost,15103.498338373483,,180,60,True,1146.307606641427,1148.216888591183,1334.618975008724,1335.9433230902955,429.19946449789137,1060.0000001,15103.498338373483,15239.11667859741,15425.283295175284,111.13279572437617,192.60854910479824,0.4184782608695652,129.74300969427196,277.49833837348194,0.0,cvar90_total_cost,15425.283295175284
X-n143-k7,142,atm,ortools:quantile_p75_scaled_or_tools,quantile_p75_scaled_or_tools,ortools,True,True,True,7,17963.0,4.999507665634155,0.7184243202209473,5.717931985855103,8288.35,0.995,pulp_cbc,mean_total_cost,20475.59799679861,,180,60,True,8295.848620495428,8316.617424477572,9916.867451961063,9925.630118934274,5519.496354845388,8330.000013,20475.59799679861,22430.07958965537,25323.92862759616,613.7014750184231,1155.745773810973,0.3119014084507042,1397.0339823190525,2512.597996798611,0.0,cvar90_total_cost,25323.92862759616
X-n143-k7,142,cargo,ortools:nominal_or_tools,nominal_or_tools,ortools,True,True,True,7,16647.0,4.997495174407959,0.8243343830108643,5.821829557418823,7475.0,0.897358943577431,pulp_cbc,mean_total_cost,19135.0922294366,,180,60,True,8295.848620495428,8316.617424477572,9916.867451961063,9925.630118934274,6116.907421292005,8036.4702633,19135.0922294366,20979.610286231014,23270.309814947963,838.8736295151617,1498.099185891386,0.4216197183098591,1328.6763871157905,2488.092229436594,0.0,cvar90_total_cost,23270.309814947963
X-n143-k7,142,cold_chain,ortools:nominal_or_tools,nominal_or_tools,ortools,True,True,True,7,16647.0,4.997495174407959,0.750403881072998,5.747899055480957,7475.0,0.897358943577431,pulp_cbc,mean_total_cost,21304.58940528911,,180,60,True,8295.848620495428,8316.617424477572,9916.867451961063,9925.630118934274,7358.468664672981,7770.392864299999,21304.58940528911,22709.18708927367,24853.17028736613,839.9678908319127,1516.422083173886,0.4073943661971831,1063.6932494325415,3164.8115283780894,1492.777876911022,cvar90_total_cost,24853.17028736613
X-n143-k7,142,grocery,ortools:nominal_or_tools,nominal_or_tools,ortools,True,True,True,7,16647.0,4.997495174407959,0.6792843341827393,5.676779508590698,7475.0,0.897358943577431,pulp_cbc,mean_total_cost,18806.72263989548,,180,60,True,8295.848620495428,8316.617424477572,9916.867451961063,9925.630118934274,3326.395551936623,7801.3521553,18806.72263989548,19921.8493886045,21574.84869546841,834.0369295559663,1493.3080409473455,0.4135211267605634,1088.721579156595,2159.722639895477,0.0,cvar90_total_cost,21574.84869546841
X-n157-k13,156,atm,ortools:nominal_or_tools,nominal_or_tools,ortools,True,True,True,13,17404.0,5.004091501235962,0.8313808441162109,5.835472345352173,156.0,1.0,pulp_cbc,mean_total_cost,17479.25300431866,,180,60,True,171.99406906934314,172.27034686930705,198.0995518853173,198.5245135344457,139.72863067738018,155.99999984,17479.25300431866,17541.77704308251,17598.73491550069,20.05007451055448,38.08508683920552,0.4858333333333333,15.13073078610472,75.25300431865746,0.0,cvar90_total_cost,17598.73491550069
X-n157-k13,156,cargo,ortools:nominal_or_tools,nominal_or_tools,ortools,True,True,True,13,17404.0,5.004091501235962,0.953848123550415,5.957939624786377,156.0,1.0,pulp_cbc,mean_total_cost,17461.156715696787,,180,60,True,171.99406906934314,172.27034686930705,198.0995518853173,198.5245135344457,125.73913654964396,156.00000009,17461.156715696787,17508.679122258494,17552.556374565043,20.09683141085263,37.89464751415766,0.4880128205128205,15.177487936402862,57.15671569678628,0.0,cvar90_total_cost,17552.556374565043
X-n157-k13,156,cold_chain,ortools:nominal_or_tools,nominal_or_tools,ortools,True,True,True,13,17404.0,5.004091501235962,0.850672721862793,5.854764223098755,156.0,1.0,pulp_cbc,mean_total_cost,17497.676471241637,,180,60,True,171.99406906934314,172.27034686930705,198.0995518853173,198.5245135344457,143.382706703696,156.00000021,17497.676471241637,17535.647462839293,17576.108420739114,20.0378359153176,37.87202241648558,0.4846794871794871,15.118492560867836,64.90946400086516,28.76700724077333,cvar90_total_cost,17576.108420739114
X-n157-k13,156,grocery,ortools:nominal_or_tools,nominal_or_tools,ortools,True,True,True,13,17404.0,5.004091501235962,0.7795500755310059,5.783641576766968,156.0,1.0,pulp_cbc,mean_total_cost,17450.07574570221,,180,60,True,171.99406906934314,172.27034686930705,198.0995518853173,198.5245135344457,65.9157640201691,155.99999963,17450.07574570221,17480.704969352133,17510.81615112449,20.03704729800856,38.110260588633054,0.4849358974358974,15.117703363558787,46.07574570220766,0.0,cvar90_total_cost,17510.81615112449
X-n162-k11,161,atm,ortools:nominal_or_tools,nominal_or_tools,ortools,True,True,True,11,14676.0,5.001288414001465,0.7587738037109375,5.760062217712402,12194.0,0.9442465541273036,pulp_cbc,mean_total_cost,19460.500355052507,,180,60,True,14041.602423680102,14059.25864279868,17116.69937454782,17172.81426272881,12140.944531197709,12913.999987,19460.500355052507,22717.5423827828,26118.425226426298,1220.4433651916677,2114.744766996563,0.3960248447204968,1726.9244409578607,4784.500355052503,0.0,cvar90_total_cost,26118.425226426298
X-n162-k11,161,cargo,ortools:nominal_or_tools,nominal_or_tools,ortools,True,True,True,11,14676.0,5.001288414001465,0.8207454681396484,5.822033882141113,12194.0,0.9442465541273036,pulp_cbc,mean_total_cost,18315.10124860861,,180,60,True,14041.602423680102,14059.25864279868,17116.69937454782,17172.81426272881,11043.309569841622,12913.999995,18315.10124860861,20857.133128244488,23413.65267560705,1245.320340917405,2146.1852207710326,0.4049689440993789,1751.8014246835985,3639.101248608613,0.0,cvar90_total_cost,23413.65267560705
X-n162-k11,161,cold_chain,ortools:nominal_or_tools,nominal_or_tools,ortools,True,True,True,11,14676.0,5.001288414001465,0.8322689533233643,5.833557367324829,12194.0,0.9442465541273036,pulp_cbc,mean_total_cost,21763.022668379053,,180,60,True,14041.602423680102,14059.25864279868,17116.69937454782,17172.81426272881,12531.850276852678,12913.99998,21763.022668379053,23666.579427217963,25881.389669429816,1227.3385237975133,2138.53994779824,0.3877018633540373,1733.819592563707,4693.071110755261,2393.951557623791,cvar90_total_cost,25881.389669429816
X-n162-k11,161,grocery,ortools:nominal_or_tools,nominal_or_tools,ortools,True,True,True,11,14676.0,5.001288414001465,0.8082292079925537,5.8095176219940186,12194.0,0.9442465541273036,pulp_cbc,mean_total_cost,17869.441084810645,,180,60,True,14041.602423680102,14059.25864279868,17116.69937454782,17172.81426272881,5694.826362650165,12913.999975,17869.441084810645,19394.39464729739,21119.1569230624,1221.000530527605,2120.9649436904274,0.3943478260869565,1727.4815942937985,3193.4410848106468,0.0,cvar90_total_cost,21119.1569230624
X-n167-k10,166,atm,ortools:nominal_or_tools,nominal_or_tools,ortools,True,True,True,10,22643.0,5.004618644714356,0.7983934879302979,5.803012132644653,1236.0,0.9293233082706768,pulp_cbc,mean_total_cost,23163.24294133509,,180,60,True,1338.4496844448638,1339.8281173836035,1575.9630876437734,1578.5498416441526,940.6715663129336,1329.9999995999997,23163.24294133509,23563.157740280734,23770.99792970313,131.9194145496985,242.8940011921804,0.4179518072289157,200.79202178675956,520.2429413351048,0.0,cvar90_total_cost,23770.99792970313
X-n167-k10,166,cargo,ortools:nominal_or_tools,nominal_or_tools,ortools,True,True,True,10,22643.0,5.004618644714356,0.8332548141479492,5.837873458862305,1236.0,0.9293233082706768,pulp_cbc,mean_total_cost,23039.02601984466,,180,60,True,1338.4496844448638,1339.8281173836035,1575.9630876437734,1578.5498416441526,848.1743185872255,1330.0000014999998,23039.02601984466,23342.279733370397,23508.987710037465,133.0004322797123,243.34616059123687,0.4156626506024096,201.8730414167734,396.02601984466,0.0,cvar90_total_cost,23508.987710037465
X-n167-k10,166,cold_chain,ortools:nominal_or_tools,nominal_or_tools,ortools,True,True,True,10,22643.0,5.004618644714356,0.8749227523803711,5.879541397094727,1236.0,0.9293233082706768,pulp_cbc,mean_total_cost,23377.393308375234,,180,60,True,1338.4496844448638,1339.8281173836035,1575.9630876437734,1578.5498416441526,1066.3955532479397,1297.4679677,23377.393308375234,23615.670365371418,23756.647039986143,133.92845737652704,244.77774644226167,0.4178915662650602,170.26903271358802,496.2015334049773,238.191774970258,cvar90_total_cost,23756.647039986143
X-n167-k10,166,grocery,ortools:nominal_or_tools,nominal_or_tools,ortools,True,True,True,10,22643.0,5.004618644714356,0.8559460639953613,5.860564708709717,1236.0,0.9293233082706768,pulp_cbc,mean_total_cost,22983.964583887257,,180,60,True,1338.4496844448638,1339.8281173836035,1575.9630876437734,1578.5498416441526,467.9930757917623,1302.6125662999998,22983.964583887257,23175.22567632324,23283.24409283473,133.22360185497277,244.53301077198392,0.4216265060240964,174.7087757920338,340.9645838872534,0.0,cvar90_total_cost,23283.24409283473
X-n181-k23,180,atm,ortools:nominal_or_tools,nominal_or_tools,ortools,True,True,True,23,26232.0,5.006552219390869,0.9694437980651855,5.975996017456055,180.0,0.9782608695652174,pulp_cbc,mean_total_cost,26308.672273118093,,180,60,True,197.95924832567653,198.6785845016122,228.80907667940576,229.20917736249467,159.83334841120256,184.00000012,26308.672273118093,26361.429821555957,26429.44821836779,20.134476781116216,35.19385500772312,0.438,21.929824345220723,76.6722731180917,0.0,cvar90_total_cost,26429.44821836779
X-n181-k23,180,cargo,ortools:nominal_or_tools,nominal_or_tools,ortools,True,True,True,23,26232.0,5.006552219390869,1.0548181533813477,6.061370372772217,180.0,0.9782608695652174,pulp_cbc,mean_total_cost,26290.196162415206,,180,60,True,197.95924832567653,198.6785845016122,228.80907667940576,229.20917736249467,145.8125077601529,184.00000007,26290.196162415206,26332.668980639977,26382.99501551019,20.197191538655883,35.32908999299857,0.4393333333333333,21.9925390527604,58.196162415212505,0.0,cvar90_total_cost,26382.99501551019
X-n181-k23,180,cold_chain,ortools:nominal_or_tools,nominal_or_tools,ortools,True,True,True,23,26232.0,5.006552219390869,0.895362377166748,5.901914596557617,180.0,0.9782608695652174,pulp_cbc,mean_total_cost,26335.60558614547,,180,60,True,197.95924832567653,198.6785845016122,228.80907667940576,229.20917736249467,166.65173155008748,184.0,26335.60558614547,26365.283535634757,26412.735213319724,20.13194948273869,35.156517714301714,0.4351111111111111,21.9272969268432,70.38027209030612,33.22531405516114,cvar90_total_cost,26412.735213319724
X-n181-k23,180,grocery,ortools:nominal_or_tools,nominal_or_tools,ortools,True,True,True,23,26232.0,5.006552219390869,0.8405144214630127,5.847066640853882,180.0,0.9782608695652174,pulp_cbc,mean_total_cost,26280.96991929631,,180,60,True,197.95924832567653,198.6785845016122,228.80907667940576,229.20917736249467,75.15426507725716,184.00000018000003,26280.96991929631,26305.40570086752,26341.34450331273,20.07043835433316,35.190443985019286,0.4357777777777777,21.86578597843767,48.96991929630506,0.0,cvar90_total_cost,26341.34450331273
X-n186-k15,185,atm,ortools:nominal_or_tools,nominal_or_tools,ortools,True,True,True,15,25982.0,5.000514984130859,1.1521151065826416,6.152630090713501,13853.0,0.948186173853525,pulp_cbc,mean_total_cost,32112.8356977536,,180,60,True,15309.918049106676,15348.692003297172,18004.971786960705,18023.35742731036,12220.391178127826,14343.799855,32112.8356977536,38226.97655087672,43781.585330017566,1577.7770544373705,3295.1498174657195,0.4124324324324324,1936.0507017146315,6130.835697753599,0.0,cvar90_total_cost,43781.585330017566
X-n186-k15,185,cargo,ortools:nominal_or_tools,nominal_or_tools,ortools,True,True,True,15,25982.0,5.000514984130859,1.214869260787964,6.215384244918823,13853.0,0.948186173853525,pulp_cbc,mean_total_cost,30634.289031294404,,180,60,True,15309.918049106676,15348.692003297172,18004.971786960705,18023.35742731036,11044.80104736954,14389.361477,30634.289031294404,35399.548552649365,39569.73531629684,1582.3717028811595,3290.216458686233,0.412054054054054,1986.20697215842,4652.289031294397,0.0,cvar90_total_cost,39569.73531629684
X-n186-k15,185,cold_chain,ortools:nominal_or_tools,nominal_or_tools,ortools,True,True,True,15,25982.0,5.000514984130859,1.1782708168029783,6.178785800933838,13853.0,0.948186173853525,pulp_cbc,mean_total_cost,34349.420583071915,,180,60,True,15309.918049106676,15348.692003297172,18004.971786960705,18023.35742731036,12906.213090982705,14223.365054000002,34349.420583071915,37977.237133358925,41919.31879284005,1590.0930002231191,3325.337597368472,0.4115675675675675,1827.9318465003796,5729.417079919984,2638.0035031519315,cvar90_total_cost,41919.31879284005
X-n186-k15,185,grocery,ortools:nominal_or_tools,nominal_or_tools,ortools,True,True,True,15,25982.0,5.000514984130859,0.9412171840667723,5.941732168197632,13853.0,0.948186173853525,pulp_cbc,mean_total_cost,29945.522734983788,,180,60,True,15309.918049106676,15348.692003297172,18004.971786960705,18023.35742731036,5832.649495699479,14245.466772,29945.522734983788,32878.45162898503,35834.106381755475,1582.5945774304882,3322.369188731112,0.4128648648648648,1842.5351417077493,3963.522734983785,0.0,cvar90_total_cost,35834.106381755475
X-n190-k8,189,atm,ortools:nominal_or_tools,nominal_or_tools,ortools,True,True,True,8,18122.0,4.99577260017395,1.1315031051635742,6.127275705337524,1043.0,0.9447463768115942,pulp_cbc,mean_total_cost,18646.926906706543,,180,60,True,1163.1102271100574,1164.541932744727,1415.5336601339425,1417.944225661104,961.8985033266662,1103.99999873,18646.926906706543,19095.17775382828,19513.126141123008,132.74381928751717,255.15653368391864,0.4373544973544973,156.63556372071085,524.9269067065385,0.0,cvar90_total_cost,19513.126141123008
X-n190-k8,189,cargo,ortools:nominal_or_tools,nominal_or_tools,ortools,True,True,True,8,18122.0,4.99577260017395,1.168423414230347,6.164196014404297,1043.0,0.9447463768115942,pulp_cbc,mean_total_cost,18522.03791541597,,180,60,True,1163.1102271100574,1164.541932744727,1415.5336601339425,1417.944225661104,874.8315352893057,1104.0000008799998,18522.03791541597,18870.2627981261,19189.185698148543,133.07642489797306,254.4981511348892,0.4373015873015873,156.9681714811667,400.03791541596814,0.0,cvar90_total_cost,19189.185698148543
X-n190-k8,189,cold_chain,ortools:nominal_or_tools,nominal_or_tools,ortools,True,True,True,8,18122.0,4.99577260017395,1.117808818817139,6.113581418991089,1043.0,0.9447463768115942,pulp_cbc,mean_total_cost,18821.077797991693,,180,60,True,1163.1102271100574,1164.541932744727,1415.5336601339425,1417.944225661104,1031.502243782052,1104.00000058,18821.077797991693,19080.84059263589,19375.28188812998,132.93585514798207,254.5441206035008,0.4286772486772486,156.8276014311757,492.4648437992675,206.61295419242416,cvar90_total_cost,19375.28188812998
X-n190-k8,189,grocery,ortools:nominal_or_tools,nominal_or_tools,ortools,True,True,True,8,18122.0,4.99577260017395,0.993028163909912,5.988800764083862,1043.0,0.9447463768115942,pulp_cbc,mean_total_cost,18459.49324779236,,180,60,True,1163.1102271100574,1164.541932744727,1415.5336601339425,1417.944225661104,463.0590066232898,1104.00000073,18459.49324779236,18670.007532013733,18893.426437273643,132.61991425240248,254.93542123469024,0.4332275132275132,156.51166068559618,337.4932477923631,0.0,cvar90_total_cost,18893.426437273643
X-n204-k19,203,atm,ortools:nominal_or_tools,nominal_or_tools,ortools,True,True,True,19,21213.0,5.0000481605529785,1.1762723922729492,6.176320552825928,15135.0,0.9528456308234702,pulp_cbc,mean_total_cost,27832.74427237665,,180,60,True,16657.037292963792,16667.364983390977,19151.0805427942,19176.69172760544,11679.752142882606,15883.999994,27832.74427237665,33661.1271389721,39802.39250675621,1712.1553267546076,3356.079749181097,0.4201970443349753,1995.1364808395365,6619.744272376654,0.0,cvar90_total_cost,39802.39250675621
X-n204-k19,203,cargo,ortools:nominal_or_tools,nominal_or_tools,ortools,True,True,True,19,21213.0,5.0000481605529785,1.3087539672851562,6.308802127838135,15135.0,0.9528456308234702,pulp_cbc,mean_total_cost,26242.80892617275,,180,60,True,16657.037292963792,16667.364983390977,19151.0805427942,19176.69172760544,10466.42422687535,15883.999991,26242.80892617275,30810.639164918462,35389.566552870405,1721.6077881512217,3377.9023594757027,0.4196059113300492,2004.5889392361507,5029.808926172746,0.0,cvar90_total_cost,35389.566552870405
X-n204-k19,203,cold_chain,ortools:nominal_or_tools,nominal_or_tools,ortools,True,True,True,19,21213.0,5.0000481605529785,1.0130696296691897,6.013117790222168,15135.0,0.9528456308234702,pulp_cbc,mean_total_cost,30349.77510188279,,180,60,True,16657.037292963792,16667.364983390977,19151.0805427942,19176.69172760544,12951.501959464737,15884.000013,30349.77510188279,33719.669192612586,37956.876595964924,1713.2096476957406,3343.763937415262,0.4156650246305419,1996.19082078067,6187.095643717875,2949.679458164921,cvar90_total_cost,37956.876595964924
X-n204-k19,203,grocery,ortools:nominal_or_tools,nominal_or_tools,ortools,True,True,True,19,21213.0,5.0000481605529785,1.0173776149749756,6.017425775527954,15135.0,0.9528456308234702,pulp_cbc,mean_total_cost,25480.179713531237,,180,60,True,16657.037292963792,16667.364983390977,19151.0805427942,19176.69172760544,5740.848454917885,15884.000012,25480.179713531237,28255.32763597201,31449.400252192518,1710.8553747607466,3362.2858266737144,0.4196551724137931,1993.8365468456752,4267.179713531227,0.0,cvar90_total_cost,31449.400252192518
X-n209-k16,208,atm,ortools:nominal_or_tools,nominal_or_tools,ortools,True,True,True,16,32468.0,5.000096559524536,1.166332721710205,6.166429281234741,1547.0,0.9573019801980198,pulp_cbc,mean_total_cost,33125.08862281038,,180,60,True,1728.5373708196844,1732.707831817492,2088.5534407537966,2090.6974809885087,1393.196367961813,1616.0,33125.08862281038,33618.254967338566,34145.95434159225,168.98839236560966,309.41665682907075,0.418125,209.73719517061448,657.0886228103674,0.0,cvar90_total_cost,34145.95434159225
X-n209-k16,208,cargo,ortools:nominal_or_tools,nominal_or_tools,ortools,True,True,True,16,32468.0,5.000096559524536,1.2019352912902832,6.202031850814819,1547.0,0.9573019801980198,pulp_cbc,mean_total_cost,32967.88936156392,,180,60,True,1728.5373708196844,1732.707831817492,2088.5534407537966,2090.6974809885087,1268.0271961572364,1615.9999984,32967.88936156392,33350.44114296016,33751.17079314795,169.83330780307003,309.4771114250763,0.4171153846153846,210.58210900807487,499.8893615639117,0.0,cvar90_total_cost,33751.17079314795
X-n209-k16,208,cold_chain,ortools:nominal_or_tools,nominal_or_tools,ortools,True,True,True,16,32468.0,5.000096559524536,1.20863676071167,6.208733320236206,1547.0,0.9573019801980198,pulp_cbc,mean_total_cost,33383.66934647551,,180,60,True,1728.5373708196844,1732.707831817492,2088.5534407537966,2090.6974809885087,1467.642604683375,1615.9999988,33383.66934647551,33664.28004397765,34021.652083240784,169.07571503200307,309.306776340984,0.4119230769230769,209.82451663700792,621.2639202694689,294.40542620604026,cvar90_total_cost,34021.652083240784
X-n209-k16,208,grocery,ortools:nominal_or_tools,nominal_or_tools,ortools,True,True,True,16,32468.0,5.000096559524536,1.0624549388885498,6.062551498413086,1547.0,0.9573019801980198,pulp_cbc,mean_total_cost,32895.282355706266,,180,60,True,1728.5373708196844,1732.707831817492,2088.5534407537966,2090.6974809885087,661.0592210367805,1615.9999977,32895.282355706266,33122.6465154596,33397.24237963702,168.79428169745367,309.5809971317456,0.4157692307692308,209.54308220245852,427.2823557062654,0.0,cvar90_total_cost,33397.24237963702
X-n214-k11,213,atm,ortools:quantile_p90_scaled_or_tools,quantile_p90_scaled_or_tools,ortools,True,True,True,11,12479.0,4.999559164047241,1.234210729598999,6.23376989364624,10332.080000000002,0.9950000000000002,pulp_cbc,mean_total_cost,17836.304401334324,,180,60,True,11525.098152614886,11542.610363831476,13483.907107768657,13521.958776987056,10141.243216124536,10384.000004100002,17836.304401334324,21285.021371317867,24932.58424503276,1376.1252235621546,2331.025481397395,0.4826291079812206,1180.02409069425,5357.304401334325,0.0,cvar90_total_cost,24932.58424503276
X-n214-k11,213,cargo,ortools:quantile_p90_scaled_or_tools,quantile_p90_scaled_or_tools,ortools,True,True,True,11,12479.0,4.999559164047241,1.2715847492218018,6.271143913269043,10332.080000000002,0.9950000000000002,pulp_cbc,mean_total_cost,16503.954249529328,,180,60,True,11525.098152614886,11542.610363831476,13483.907107768657,13521.958776987056,8948.640709374844,10384.0000057,16503.954249529328,19136.734095424286,21868.05131531645,1381.5547558174148,2339.267872353753,0.4827230046948357,1185.4536245495106,4024.95424952933,0.0,cvar90_total_cost,21868.05131531645
X-n214-k11,213,cold_chain,ortools:quantile_p90_scaled_or_tools,quantile_p90_scaled_or_tools,ortools,True,True,True,11,12479.0,4.999559164047241,1.1057028770446775,6.105262041091919,10332.080000000002,0.9950000000000002,pulp_cbc,mean_total_cost,19206.733716022023,,180,60,True,11525.098152614886,11542.610363831476,13483.907107768657,13521.958776987056,10345.505089670874,10384.0000028,19206.733716022023,21302.470724682255,23828.42354998028,1379.888620378997,2327.8216880422287,0.4776056338028169,1183.787486211092,4765.3109420471255,1962.422773974893,cvar90_total_cost,23828.42354998028
X-n214-k11,213,grocery,ortools:quantile_p90_scaled_or_tools,quantile_p90_scaled_or_tools,ortools,True,True,True,11,12479.0,4.999559164047241,1.1221835613250732,6.1217427253723145,10332.080000000002,0.9950000000000002,pulp_cbc,mean_total_cost,15804.02850456377,,180,60,True,11525.098152614886,11542.610363831476,13483.907107768657,13521.958776987056,4868.57238244873,10383.9999995,15804.02850456377,17486.339358945104,19380.30388208715,1374.6117746201985,2329.9903682836484,0.4794366197183098,1178.5106371522938,3325.02850456377,0.0,cvar90_total_cost,19380.30388208715
X-n219-k73,218,atm,ortools:nominal_or_tools,nominal_or_tools,ortools,True,True,True,73,118409.0,5.000907897949219,0.9235210418701172,5.924428939819336,218.0,0.9954337899543378,pulp_cbc,mean_total_cost,118514.15745135758,,180,60,True,242.376031709029,242.8534714087248,287.4950894029832,287.6885078827544,204.24892641199693,218.99999961,118514.15745135758,118611.83669575848,118694.31383813523,27.995285015216176,56.26442195714017,0.4765596330275229,22.945127786931124,105.15745135759056,0.0,cvar90_total_cost,118694.31383813523
X-n219-k73,218,cargo,ortools:nominal_or_tools,nominal_or_tools,ortools,True,True,True,73,118409.0,5.000907897949219,0.9790682792663574,5.979976177215576,218.0,0.9954337899543378,pulp_cbc,mean_total_cost,118488.95994834388,,180,60,True,242.376031709029,242.8534714087248,287.4950894029832,287.6885078827544,185.91736754155025,219.00000009,118488.95994834388,118564.14706487214,118627.5715264486,27.99694825428066,56.16297351072815,0.4738532110091743,22.946791505995613,79.95994834386953,0.0,cvar90_total_cost,118627.5715264486
X-n219-k73,218,cold_chain,ortools:nominal_or_tools,nominal_or_tools,ortools,True,True,True,73,118409.0,5.000907897949219,0.9510834217071532,5.951991319656372,218.0,0.9954337899543378,pulp_cbc,mean_total_cost,118540.77774208732,,180,60,True,242.376031709029,242.8534714087248,287.4950894029832,287.6885078827544,207.2313124099847,218.9537704,118540.77774208732,118600.43667007126,118658.61027817545,27.979400917778847,56.10604474334298,0.4736238532110092,22.8830144794938,91.79799193595645,39.97975015137228,cvar90_total_cost,118658.61027817545
X-n219-k73,218,grocery,ortools:nominal_or_tools,nominal_or_tools,ortools,True,True,True,73,118409.0,5.000907897949219,1.0650577545166016,6.06596565246582,218.0,0.9954337899543378,pulp_cbc,mean_total_cost,118473.914429938,,180,60,True,242.376031709029,242.8534714087248,287.4950894029832,287.6885078827544,94.88264610050318,218.99999979,118473.914429938,118521.28766149963,118565.24410569358,27.97943221724589,56.21660718120898,0.4758715596330275,22.92927516896085,64.91442993801611,0.0,cvar90_total_cost,118565.24410569358
X-n223-k34,222,atm,ortools:nominal_or_tools,nominal_or_tools,ortools,True,True,True,34,44118.0,5.000498294830322,0.9178860187530518,5.918384313583374,1234.0,0.9809220985691574,pulp_cbc,mean_total_cost,44732.09659748648,,180,60,True,1378.2518636282953,1385.8779151195247,1599.402231662014,1602.47449459314,1269.34093466905,1258.0000012199998,44732.09659748648,45191.763424051336,45714.60779443024,157.81109871820317,284.86906269349305,0.4614864864864865,154.0675872648633,614.0965974864771,0.0,cvar90_total_cost,45714.60779443024
X-n223-k34,222,cargo,ortools:nominal_or_tools,nominal_or_tools,ortools,True,True,True,34,44118.0,5.000498294830322,0.9781711101531982,5.9786694049835205,1234.0,0.9809220985691574,pulp_cbc,mean_total_cost,44579.862628027055,,180,60,True,1378.2518636282953,1385.8779151195247,1599.402231662014,1602.47449459314,1145.8756241620874,1258.0000004800002,44579.862628027055,44930.45001771728,45326.61204839687,157.9322097597372,286.4071419403203,0.4519369369369369,154.1886975663973,461.8626280270527,0.0,cvar90_total_cost,45326.61204839687
X-n223-k34,222,cold_chain,ortools:nominal_or_tools,nominal_or_tools,ortools,True,True,True,34,44118.0,5.000498294830322,0.9128329753875732,5.913331270217896,1234.0,0.9809220985691574,pulp_cbc,mean_total_cost,44908.58671415189,,180,60,True,1378.2518636282953,1385.8779151195247,1599.402231662014,1602.47449459314,1291.849726709438,1258.00000196,44908.58671415189,45163.25527622893,45546.83904792575,157.90307877930982,284.4666330843843,0.4543243243243243,154.15956806596998,556.7673911508879,233.819323001008,cvar90_total_cost,45546.83904792575
X-n223-k34,222,grocery,ortools:nominal_or_tools,nominal_or_tools,ortools,True,True,True,34,44118.0,5.000498294830322,0.9162876605987548,5.916785955429077,1234.0,0.9809220985691574,pulp_cbc,mean_total_cost,44503.67418055495,,180,60,True,1378.2518636282953,1385.8779151195247,1599.402231662014,1602.47449459314,590.9029120975586,1257.99999705,44503.67418055495,44715.17914412405,45000.51173330813,157.65766410870248,284.45123057088944,0.4582432432432432,153.9141484853626,385.6741805549469,0.0,cvar90_total_cost,45000.51173330813
X-n228-k23,227,atm,ortools:nominal_or_tools,nominal_or_tools,ortools,True,True,True,23,30349.0,5.002313137054443,1.326369285583496,6.32868242263794,3478.0,0.9819311123658948,pulp_cbc,mean_total_cost,32281.49474340328,,180,60,True,3871.187173963408,3880.369089269405,4574.970830957401,4579.389746009339,3701.579847603631,3541.9999967899994,32281.49474340328,33527.26912305699,34758.772869064625,480.279808805464,803.3319447531271,0.4643612334801762,452.5967457224303,1932.4947434032856,0.0,cvar90_total_cost,34758.772869064625
X-n228-k23,227,cargo,ortools:nominal_or_tools,nominal_or_tools,ortools,True,True,True,23,30349.0,5.002313137054443,1.3193342685699463,6.32164740562439,3478.0,0.9819311123658948,pulp_cbc,mean_total_cost,31801.53193159689,,180,60,True,3871.187173963408,3880.369089269405,4574.970830957401,4579.389746009339,3296.5804808211305,3542.0000015999995,31801.53193159689,32795.49950702219,33678.71290420934,483.3169529166622,808.6677234927962,0.4522026431718061,455.6338946436286,1452.531931596886,0.0,cvar90_total_cost,33678.71290420934
X-n228-k23,227,cold_chain,ortools:nominal_or_tools,nominal_or_tools,ortools,True,True,True,23,30349.0,5.002313137054443,1.2083585262298584,6.210671663284302,3478.0,0.9819311123658948,pulp_cbc,mean_total_cost,32740.61240900832,,180,60,True,3871.187173963408,3880.369089269405,4574.970830957401,4579.389746009339,3767.1863865951536,3541.99999673,32740.61240900832,33492.58907880021,34360.44494836638,480.7003782413628,799.8416031363696,0.4531718061674009,453.0173150983292,1753.5634629357414,638.0489460725779,cvar90_total_cost,34360.44494836638
X-n228-k23,227,grocery,ortools:nominal_or_tools,nominal_or_tools,ortools,True,True,True,23,30349.0,5.002313137054443,1.0652761459350586,6.067589282989502,3478.0,0.9819311123658948,pulp_cbc,mean_total_cost,31558.51074929635,,180,60,True,3871.187173963408,3880.369089269405,4574.970830957401,4579.389746009339,1768.0600270341054,3541.99999582,31558.51074929635,32149.875605177687,32816.21911640059,479.5248825156369,800.260408742767,0.4573568281938326,451.8418184626033,1209.510749296349,0.0,cvar90_total_cost,32816.21911640059
X-n233-k16,232,atm,ortools:proxy_mean_scaled_or_tools,proxy_mean_scaled_or_tools,ortools,True,True,True,16,23289.0,5.000923156738281,1.2291593551635742,6.230082511901856,10045.52,0.995,pulp_cbc,mean_total_cost,28089.46383734408,,180,60,True,11334.41800874414,11355.553726611492,13290.364120543143,13318.41245506052,10611.263932227568,10095.99998662,28089.46383734408,30930.015321821047,33463.96586405596,1220.35067486701,2014.3585366208652,0.4544827586206896,1201.989822055686,4800.463837344079,0.0,cvar90_total_cost,33463.96586405596
X-n233-k16,232,cargo,ortools:proxy_mean_scaled_or_tools,proxy_mean_scaled_or_tools,ortools,True,True,True,16,23289.0,5.000923156738281,1.326101541519165,6.327024698257446,10045.52,0.995,pulp_cbc,mean_total_cost,26886.880661410178,,180,60,True,11334.41800874414,11355.553726611492,13290.364120543143,13318.41245506052,9351.145627289356,10096.00000741,26886.880661410178,29072.631418486897,30941.53371531745,1232.5564822883005,2051.00562527392,0.4596551724137931,1214.1956502669768,3597.880661410173,0.0,cvar90_total_cost,30941.53371531745
X-n233-k16,232,cold_chain,ortools:proxy_mean_scaled_or_tools,proxy_mean_scaled_or_tools,ortools,True,True,True,16,23289.0,5.000923156738281,1.1968581676483154,6.197781324386597,10045.52,0.995,pulp_cbc,mean_total_cost,29382.33127342654,,180,60,True,11334.41800874414,11355.553726611492,13290.364120543143,13318.41245506052,10474.43896912553,10095.99999824,29382.33127342654,31017.03876468916,32797.360725623534,1218.9206332095712,2020.7995254586135,0.4484051724137931,1200.5597920182472,4350.929914762233,1742.4013586643075,cvar90_total_cost,32797.360725623534
X-n233-k16,232,grocery,ortools:proxy_mean_scaled_or_tools,proxy_mean_scaled_or_tools,ortools,True,True,True,16,23289.0,5.000923156738281,1.1187434196472168,6.119666576385498,10045.52,0.995,pulp_cbc,mean_total_cost,26318.40295118345,,180,60,True,11334.41800874414,11355.553726611492,13290.364120543143,13318.41245506052,5038.789133752825,10095.999999,26318.40295118345,27634.12419629182,28995.286234475752,1220.9176853499405,2014.1945732654808,0.4512931034482759,1202.5568449186164,3029.4029511834487,0.0,cvar90_total_cost,28995.286234475752
X-n237-k14,236,atm,ortools:nominal_or_tools,nominal_or_tools,ortools,True,True,True,14,29009.0,4.998348474502564,1.3106403350830078,6.308988809585571,236.0,0.9365079365079364,pulp_cbc,mean_total_cost,29115.920742367078,,180,60,True,263.8174816145851,264.3221102784825,313.4568471108956,314.5631472546253,235.73985390516089,237.72165777,29115.920742367078,29196.709065762,29282.707953472316,28.248184831610534,50.96917353308239,0.4710169491525424,25.47272390457048,106.92074236707346,0.0,cvar90_total_cost,29282.707953472316
X-n237-k14,236,cargo,ortools:nominal_or_tools,nominal_or_tools,ortools,True,True,True,14,29009.0,4.998348474502564,1.4357011318206787,6.434049606323242,236.0,0.9365079365079364,pulp_cbc,mean_total_cost,29090.194384082053,,180,60,True,263.8174816145851,264.3221102784825,313.4568471108956,314.5631472546253,215.80019971805055,237.93170183,29090.194384082053,29152.470973760304,29217.641214743104,28.415642244977384,51.46544790751911,0.4709322033898305,25.850225377937345,81.194384082054,0.0,cvar90_total_cost,29217.641214743104
X-n237-k14,236,cold_chain,ortools:nominal_or_tools,nominal_or_tools,ortools,True,True,True,14,29009.0,4.998348474502564,1.2579069137573242,6.256255388259888,236.0,0.9365079365079364,pulp_cbc,mean_total_cost,29146.56188113991,,180,60,True,263.8174816145851,264.3221102784825,313.4568471108956,314.5631472546253,236.24334280618572,236.90640724,29146.56188113991,29196.037207249312,29254.71078853808,28.346818469494888,50.94759867786966,0.4699576271186441,24.75610701245484,94.39519033063144,43.16669080928282,cvar90_total_cost,29254.71078853808
X-n237-k14,236,grocery,ortools:nominal_or_tools,nominal_or_tools,ortools,True,True,True,14,29009.0,4.998348474502564,1.3295068740844729,6.327855348587036,236.0,0.9365079365079364,pulp_cbc,mean_total_cost,29075.39953275263,,180,60,True,263.8174816145851,264.3221102784825,313.4568471108956,314.5631472546253,108.0657698167562,236.85561266,29075.39953275263,29114.37508360475,29159.42551734444,28.236058433231918,50.82442617402449,0.4696186440677966,24.594552396191865,66.39953275263633,0.0,cvar90_total_cost,29159.42551734444
X-n242-k48,241,atm,ortools:nominal_or_tools,nominal_or_tools,ortools,True,True,True,48,86573.0,5.005714416503906,1.0552756786346436,6.06099009513855,1324.0,0.9851190476190476,pulp_cbc,mean_total_cost,87275.03359201668,,180,60,True,1475.973949221342,1477.18790780453,1719.0860596616135,1721.464512942517,1269.3796391786675,1344.0000006699995,87275.03359201668,87818.7251822911,88296.16995056198,180.6536470109376,331.05581494258274,0.4802904564315353,157.60211157908958,702.0335920166694,0.0,cvar90_total_cost,88296.16995056198
X-n242-k48,241,cargo,ortools:nominal_or_tools,nominal_or_tools,ortools,True,True,True,48,86573.0,5.005714416503906,1.0845849514007568,6.090299367904663,1324.0,0.9851190476190476,pulp_cbc,mean_total_cost,87102.73382507378,,180,60,True,1475.973949221342,1477.18790780453,1719.0860596616135,1721.464512942517,1129.5375130836644,1344.0000014900002,87102.73382507378,87521.97563939655,87881.55478008321,180.72438508769213,331.2729650835191,0.476597510373444,157.6728504758441,529.7338250737972,0.0,cvar90_total_cost,87881.55478008321
X-n242-k48,241,cold_chain,ortools:nominal_or_tools,nominal_or_tools,ortools,True,True,True,48,86573.0,5.005714416503906,1.099147081375122,6.104861497879028,1324.0,0.9851190476190476,pulp_cbc,mean_total_cost,87444.04986508198,,180,60,True,1475.973949221342,1477.18790780453,1719.0860596616135,1721.464512942517,1304.4526383387074,1338.02453143,87444.04986508198,87775.92361054686,88116.30963754952,181.03504339822496,333.794992263919,0.4765560165975103,152.00803872637684,620.3684882245335,250.68137685745293,cvar90_total_cost,88116.30963754952
X-n242-k48,241,grocery,ortools:nominal_or_tools,nominal_or_tools,ortools,True,True,True,48,86573.0,5.005714416503906,0.992523431777954,5.99823784828186,1324.0,0.9851190476190476,pulp_cbc,mean_total_cost,87007.02378996216,,180,60,True,1475.973949221342,1477.18790780453,1719.0860596616135,1721.464512942517,606.4763104936214,1338.84649687,87007.02378996216,87270.02809412946,87527.85860715347,180.84654009045323,333.8352307024457,0.4780082987551867,152.64150085860518,434.023789962162,0.0,cvar90_total_cost,87527.85860715347
X-n251-k28,250,atm,ortools:nominal_or_tools,nominal_or_tools,ortools,True,True,True,28,40465.0,4.999040126800537,1.137425661087036,6.136465787887573,1867.0,0.9663561076604554,pulp_cbc,mean_total_cost,41303.748714238725,,180,60,True,2083.418657642686,2086.52559340612,2424.7257298494437,2425.3478480666686,1696.4652289665305,1932.0000021,41303.748714238725,41931.40251650499,42576.28329455781,217.42323223945456,396.95138801507926,0.43748,239.20005838704037,838.7487142387239,0.0,cvar90_total_cost,42576.28329455781
X-n251-k28,250,cargo,ortools:nominal_or_tools,nominal_or_tools,ortools,True,True,True,28,40465.0,4.999040126800537,1.1725342273712158,6.171574354171753,1867.0,0.9663561076604554,pulp_cbc,mean_total_cost,41099.76694548299,,180,60,True,2083.418657642686,2086.52559340612,2424.7257298494437,2425.3478480666686,1526.6296280112604,1931.9999996,41099.76694548299,41586.256070631534,42068.50801717799,217.9185903460944,397.26578127661816,0.43316,239.6954139936801,634.7669454829879,0.0,cvar90_total_cost,42068.50801717799
X-n251-k28,250,cold_chain,ortools:nominal_or_tools,nominal_or_tools,ortools,True,True,True,28,40465.0,4.999040126800537,1.069691181182861,6.068731307983398,1867.0,0.9663561076604554,pulp_cbc,mean_total_cost,41585.11981963547,,180,60,True,2083.418657642686,2086.52559340612,2424.7257298494437,2425.3478480666686,1770.769658106567,1923.6758217,41585.11981963547,41944.2286100097,42391.98819989876,218.3258188828903,396.4782681195302,0.43368,231.77846463047612,770.3228017741324,349.79701786132966,cvar90_total_cost,42391.98819989876
X-n251-k28,250,grocery,ortools:nominal_or_tools,nominal_or_tools,ortools,True,True,True,28,40465.0,4.999040126800537,1.103945016860962,6.102985143661499,1867.0,0.9663561076604554,pulp_cbc,mean_total_cost,40999.7033977655,,180,60,True,2083.418657642686,2086.52559340612,2424.7257298494437,2425.3478480666686,805.6037943242404,1926.0939971,40999.7033977655,41290.08857671861,41633.85781033521,217.56581676675495,395.7862885693988,0.43736,233.4366379143408,534.703397765502,0.0,cvar90_total_cost,41633.85781033521
X-n261-k13,260,atm,ortools:nominal_or_tools,nominal_or_tools,ortools,True,True,True,13,29400.0,4.997448205947876,1.5691487789154053,6.566596984863281,13381.0,0.9521810289617876,pulp_cbc,mean_total_cost,36539.379719312,,180,60,True,14982.669280417082,15021.02935136878,17862.196299766994,17900.458727447764,13411.517153933544,14002.1914857,36539.379719312,42224.51573945209,47588.60333589073,1819.7780066090977,3383.9799630268512,0.4716923076923077,1952.9323002790388,7139.379719312001,0.0,cvar90_total_cost,47588.60333589073
X-n261-k13,260,cargo,ortools:nominal_or_tools,nominal_or_tools,ortools,True,True,True,13,29400.0,4.997448205947876,1.7780954837799072,6.775543689727783,13381.0,0.9521810289617876,pulp_cbc,mean_total_cost,34795.08124624615,,180,60,True,14982.669280417082,15021.02935136878,17862.196299766994,17900.458727447764,12079.481633349167,14044.51100378,34795.08124624615,39106.1788080085,43217.04713403518,1827.224118543102,3389.378139929159,0.4719615384615385,2002.697930293044,5395.081246246153,0.0,cvar90_total_cost,43217.04713403518
X-n261-k13,260,cold_chain,ortools:nominal_or_tools,nominal_or_tools,ortools,True,True,True,13,29400.0,4.997448205947876,1.58939790725708,6.586846113204956,13381.0,0.9521810289617876,pulp_cbc,mean_total_cost,38482.41610663443,,180,60,True,14982.669280417082,15021.02935136878,17862.196299766994,17900.458727447764,13970.20962167748,13719.0793718,38482.41610663443,42150.04462659556,45768.28700740573,1834.874010820082,3479.43882006118,0.4616923076923077,1684.9161905900237,6415.259558615205,2667.1565480192244,cvar90_total_cost,45768.28700740573
X-n261-k13,260,grocery,ortools:nominal_or_tools,nominal_or_tools,ortools,True,True,True,13,29400.0,4.997448205947876,1.3952786922454834,6.392726898193359,13381.0,0.9521810289617876,pulp_cbc,mean_total_cost,33860.10894522788,,180,60,True,14982.669280417082,15021.02935136878,17862.196299766994,17900.458727447764,6376.568815771133,13743.4380643,33860.10894522788,36775.41967888087,39503.04323029045,1828.84588146365,3475.343173885441,0.469,1703.2467537335915,4460.108945227881,0.0,cvar90_total_cost,39503.04323029045
X-n275-k28,274,atm,ortools:nominal_or_tools,nominal_or_tools,ortools,True,True,True,28,22472.0,4.999546527862549,1.3978550434112549,6.397401571273804,274.0,0.9785714285714284,pulp_cbc,mean_total_cost,22580.613949966333,,180,60,True,306.89828660604496,307.5660280006758,368.0009655121191,368.3309895522635,252.89804395386147,280.00000034,22580.613949966333,22657.01285719522,22757.57048916802,28.27605619715132,50.495112194120736,0.4176642335766423,34.09376522349207,108.61394996633572,0.0,cvar90_total_cost,22757.57048916802
X-n275-k28,274,cargo,ortools:nominal_or_tools,nominal_or_tools,ortools,True,True,True,28,22472.0,4.999546527862549,1.5829246044158936,6.582471132278442,274.0,0.9785714285714284,pulp_cbc,mean_total_cost,22554.79194994005,,180,60,True,306.89828660604496,307.5660280006758,368.0009655121191,368.3309895522635,229.69661452388624,280.00000002,22554.79194994005,22614.005273408657,22691.238420203543,28.387489142974424,50.74635744755972,0.4197810218978102,34.20519784931517,82.79194994005351,0.0,cvar90_total_cost,22691.238420203543
X-n275-k28,274,cold_chain,ortools:nominal_or_tools,nominal_or_tools,ortools,True,True,True,28,22472.0,4.999546527862549,1.3890442848205566,6.3885908126831055,274.0,0.9785714285714284,pulp_cbc,mean_total_cost,22624.421035275744,,180,60,True,306.89828660604496,307.5660280006758,368.0009655121191,368.3309895522635,258.902884590517,279.70825283,22624.421035275744,22667.645066062505,22736.297320707545,28.35438545058692,50.57371319138189,0.416934306569343,33.88034696692766,101.73705906280792,50.683976212935,cvar90_total_cost,22736.297320707545
X-n275-k28,274,grocery,ortools:nominal_or_tools,nominal_or_tools,ortools,True,True,True,28,22472.0,4.999546527862549,1.32436203956604,6.323908567428589,274.0,0.9785714285714284,pulp_cbc,mean_total_cost,22542.509752252903,,180,60,True,306.89828660604496,307.5660280006758,368.0009655121191,368.3309895522635,119.05923885447174,279.97094958,22542.509752252903,22577.9808073307,22630.203535084627,28.2657210754061,50.48675858069855,0.4166423357664233,34.05437934174685,70.50975225290605,0.0,cvar90_total_cost,22630.203535084627
X-n280-k17,279,atm,ortools:nominal_or_tools,nominal_or_tools,ortools,True,True,True,17,38220.0,5.000722408294678,1.5377521514892578,6.538474559783936,3233.0,0.990502450980392,pulp_cbc,mean_total_cost,40027.92980863268,,180,60,True,3569.5494701131493,3575.424894705229,4199.901283616081,4206.345190262546,3283.6004573211867,3264.00000287,40027.92980863268,41088.36352211319,42339.20861903413,449.73230277401706,729.6396680996334,0.452831541218638,397.8666829556453,1807.9298086326828,0.0,cvar90_total_cost,42339.20861903413
X-n280-k17,279,cargo,ortools:nominal_or_tools,nominal_or_tools,ortools,True,True,True,17,38220.0,5.000722408294678,1.4587509632110596,6.459473371505737,3233.0,0.990502450980392,pulp_cbc,mean_total_cost,39580.09082413654,,180,60,True,3569.5494701131493,3575.424894705229,4199.901283616081,4206.345190262546,2911.421639161693,3264.0000001300004,39580.09082413654,40387.984738004525,41333.0069019348,451.5701457112566,732.7247542733594,0.4383870967741936,399.7045231528848,1360.090824136541,0.0,cvar90_total_cost,41333.0069019348
X-n280-k17,279,cold_chain,ortools:nominal_or_tools,nominal_or_tools,ortools,True,True,True,17,38220.0,5.000722408294678,1.5643043518066406,6.565026760101318,3233.0,0.990502450980392,pulp_cbc,mean_total_cost,40419.20537340071,,180,60,True,3569.5494701131493,3575.424894705229,4199.901283616081,4206.345190262546,3346.458363906182,3263.99999941,40419.20537340071,41053.64002720387,41942.628981321504,450.142568409568,728.6320262312765,0.4415770609318996,398.276945131196,1619.5335791703124,579.6717942303974,cvar90_total_cost,41942.628981321504
X-n280-k17,279,grocery,ortools:nominal_or_tools,nominal_or_tools,ortools,True,True,True,17,38220.0,5.000722408294678,1.423553228378296,6.424275636672974,3233.0,0.990502450980392,pulp_cbc,mean_total_cost,39344.30185612533,,180,60,True,3569.5494701131493,3575.424894705229,4199.901283616081,4206.345190262546,1584.479534406315,3264.00000342,39344.30185612533,39866.33051755854,40522.10614436767,449.6955761410903,732.4443001586795,0.4502150537634408,397.8299568727184,1124.3018561253264,0.0,cvar90_total_cost,40522.10614436767
X-n284-k15,283,atm,ortools:nominal_or_tools,nominal_or_tools,ortools,True,True,True,15,22522.0,4.994700193405151,1.6744441986083984,6.66914439201355,1527.0,0.9339449541284404,pulp_cbc,mean_total_cost,23200.949454842663,,180,60,True,1690.7465941899184,1691.7378069241554,2011.601490678983,2013.2207644463767,1243.4394002248116,1635.00000005,23200.949454842663,23719.12069482928,24199.413037788843,170.97596198059932,313.08472658102386,0.4143816254416961,244.34624953734536,678.9494548426666,0.0,cvar90_total_cost,24199.413037788843
X-n284-k15,283,cargo,ortools:nominal_or_tools,nominal_or_tools,ortools,True,True,True,15,22522.0,4.994700193405151,1.840902328491211,6.835602521896362,1527.0,0.9339449541284404,pulp_cbc,mean_total_cost,23034.8680628293,,180,60,True,1690.7465941899184,1691.7378069241554,2011.601490678983,2013.2207644463767,1104.9259187481468,1634.99999918,23034.8680628293,23439.084479079014,23796.679987911968,172.21261425190968,316.2252179601667,0.4130388692579505,245.58290093865568,512.868062829294,0.0,cvar90_total_cost,23796.679987911968
X-n284-k15,283,cold_chain,ortools:nominal_or_tools,nominal_or_tools,ortools,True,True,True,15,22522.0,4.994700193405151,1.5633225440979004,6.558022737503052,1527.0,0.9339449541284404,pulp_cbc,mean_total_cost,23478.334561524254,,180,60,True,1690.7465941899184,1691.7378069241554,2011.601490678983,2013.2207644463767,1379.3091448323037,1627.02914383,23478.334561524254,23788.329297977227,24104.242124575903,171.84256584663325,315.243569300526,0.4068551236749116,237.24199718337928,662.5868656016235,293.7476959226344,cvar90_total_cost,24104.242124575903
X-n284-k15,283,grocery,ortools:nominal_or_tools,nominal_or_tools,ortools,True,True,True,15,22522.0,4.994700193405151,1.4154245853424072,6.410124778747559,1527.0,0.9339449541284404,pulp_cbc,mean_total_cost,22971.50045018467,,180,60,True,1690.7465941899184,1691.7378069241554,2011.601490678983,2013.2207644463767,618.4165696571733,1633.31957234,22971.50045018467,23220.542593862207,23464.100393927863,170.7509623224457,313.65579511502904,0.4137102473498233,242.4408221691917,449.5004501846717,0.0,cvar90_total_cost,23464.100393927863
X-n106-k14,105,atm,ortools:nominal_or_tools,nominal_or_tools,ortools,True,True,True,14,27182.0,4.99911379814148,0.5392637252807617,5.538377523422241,7864.0,0.9361904761904762,pulp_cbc,mean_total_cost,30121.63981659178,,180,60,True,8678.48886970813,8708.388879095239,10372.84775102459,10379.445766360304,6667.126459423274,8400.000007999999,30121.63981659178,32011.109425330007,33087.8291147906,746.0519876687177,1289.048485150237,0.4023809523809524,1234.4007181841894,2939.639816591785,0.0,mean_domain_loss,2939.639816591785
X-n106-k14,105,cargo,ortools:nominal_or_tools,nominal_or_tools,ortools,True,True,True,14,27182.0,4.99911379814148,0.4968898296356201,5.4960036277771,7864.0,0.9361904761904762,pulp_cbc,mean_total_cost,29399.197196480152,,180,60,True,8678.48886970813,8708.388879095239,10372.84775102459,10379.445766360304,6053.018468007391,8399.999992000001,29399.197196480152,30846.534779509475,31676.72264768545,748.7036037235138,1270.793755376944,0.4034285714285714,1237.0523182389857,2217.1971964801564,0.0,mean_domain_loss,2217.1971964801564
X-n106-k14,105,cold_chain,ortools:nominal_or_tools,nominal_or_tools,ortools,True,True,True,14,27182.0,4.99911379814148,0.5193181037902832,5.518431901931763,7864.0,0.9361904761904762,pulp_cbc,mean_total_cost,31507.22406377675,,180,60,True,8678.48886970813,8708.388879095239,10372.84775102459,10379.445766360304,7181.491686119698,8255.29003,31507.22406377675,32625.822849894208,33280.96812507401,750.2019494492474,1286.3673605254962,0.4047619047619047,1093.840701964719,2876.708010789284,1448.516052987469,mean_domain_loss,2876.708010789284
X-n106-k14,105,grocery,ortools:nominal_or_tools,nominal_or_tools,ortools,True,True,True,14,27182.0,4.99911379814148,0.4895277023315429,5.488641500473023,7864.0,0.9361904761904762,pulp_cbc,mean_total_cost,29145.229311287658,,180,60,True,8678.48886970813,8708.388879095239,10372.84775102459,10379.445766360304,3219.316195358524,8282.21132,29145.229311287658,30015.70406876767,30574.761565707577,747.3939800727794,1293.4353895696945,0.4047619047619047,1117.954022588251,1963.2293112876616,0.0,mean_domain_loss,1963.2293112876616
X-n110-k13,109,atm,ortools:proxy_mean_scaled_or_tools,proxy_mean_scaled_or_tools,ortools,True,True,True,13,16426.0,4.999256134033203,0.5194869041442871,5.51874303817749,853.7099999999999,0.995,pulp_cbc,mean_total_cost,16790.17200769339,,180,60,True,922.107056749831,926.0446089731709,1096.1448904465033,1097.6485758926672,757.6800715739269,858.0000006,16790.17200769339,17166.61853704198,17518.77151562033,94.04826789792234,202.87969554081903,0.4194495412844036,107.5762602477688,364.1720076933876,0.0,mean_domain_loss,364.1720076933876
X-n110-k13,109,cargo,ortools:proxy_mean_scaled_or_tools,proxy_mean_scaled_or_tools,ortools,True,True,True,13,16426.0,4.999256134033203,0.5272674560546875,5.526523590087891,853.7099999999999,0.995,pulp_cbc,mean_total_cost,16700.398453726288,,180,60,True,922.107056749831,926.0446089731709,1096.1448904465033,1097.6485758926672,684.8149694455948,857.9999995999999,16700.398453726288,16981.57347062301,17253.9968521034,94.54787139788678,203.43673039925747,0.4241284403669725,108.07586274773328,274.39845372628685,0.0,mean_domain_loss,274.39845372628685
X-n110-k13,109,cold_chain,ortools:proxy_mean_scaled_or_tools,proxy_mean_scaled_or_tools,ortools,True,True,True,13,16426.0,4.999256134033203,0.6018352508544922,5.601091384887695,853.7099999999999,0.995,pulp_cbc,mean_total_cost,16928.66133330754,,180,60,True,922.107056749831,926.0446089731709,1096.1448904465033,1097.6485758926672,797.8184172822768,858.0000010999998,16928.66133330754,17146.217222097173,17396.412901846914,94.46853012462796,202.77321739201363,0.4174311926605504,107.99652297447444,341.1735459316658,161.48778737587574,mean_domain_loss,341.1735459316658
X-n110-k13,109,grocery,ortools:proxy_mean_scaled_or_tools,proxy_mean_scaled_or_tools,ortools,True,True,True,13,16426.0,4.999256134033203,0.4544527530670166,5.45370888710022,853.7099999999999,0.995,pulp_cbc,mean_total_cost,16660.941123649256,,180,60,True,922.107056749831,926.0446089731709,1096.1448904465033,1097.6485758926672,358.79452328607624,858.0000008999999,16660.941123649256,16836.923785188425,17026.80103473115,94.02890383317944,202.24215934081897,0.4165137614678899,107.55689648302598,234.94112364925488,0.0,mean_domain_loss,234.94112364925488
X-n115-k10,114,atm,ortools:nominal_or_tools,nominal_or_tools,ortools,True,True,True,10,13099.0,5.003995418548584,0.5837461948394775,5.5877416133880615,1535.0,0.908284023668639,pulp_cbc,mean_total_cost,13888.043235337062,,180,60,True,1696.498515200886,1698.9645533588098,2024.6258510269995,2026.4340508376151,1387.9930201967934,1690.00001105,13888.043235337062,14612.578257305331,15196.23403509162,191.12834329492475,384.43172304472273,0.3907894736842105,283.93251268223,789.0432353370614,0.0,mean_domain_loss,789.0432353370614
X-n115-k10,114,cargo,ortools:nominal_or_tools,nominal_or_tools,ortools,True,True,True,10,13099.0,5.003995418548584,0.6016607284545898,5.605656147003174,1535.0,0.908284023668639,pulp_cbc,mean_total_cost,13691.230347302237,,180,60,True,1696.498515200886,1698.9645533588098,2024.6258510269995,2026.4340508376151,1251.9073817414142,1690.00001484,13691.230347302237,14227.539913940604,14687.332806740416,192.51108688542715,381.9357180356367,0.4004385964912281,285.31526006273253,592.2303473022367,0.0,mean_domain_loss,592.2303473022367
X-n115-k10,114,cold_chain,ortools:nominal_or_tools,nominal_or_tools,ortools,True,True,True,10,13099.0,5.003995418548584,0.5978717803955078,5.601867198944092,1535.0,0.908284023668639,pulp_cbc,mean_total_cost,14177.35576551884,,180,60,True,1696.498515200886,1698.9645533588098,2024.6258510269995,2026.4340508376151,1553.3065079586236,1684.3766313,14177.35576551884,14620.54500688184,15009.641678687014,192.273673417893,387.2365265266701,0.3831578947368421,279.4544630551983,786.6566120546804,291.6991534641582,mean_domain_loss,786.6566120546804
X-n115-k10,114,grocery,ortools:nominal_or_tools,nominal_or_tools,ortools,True,True,True,10,13099.0,5.003995418548584,0.5860910415649414,5.590086460113525,1535.0,0.908284023668639,pulp_cbc,mean_total_cost,13626.674675992115,,180,60,True,1696.498515200886,1698.9645533588098,2024.6258510269995,2026.4340508376151,692.3372890060228,1690.0000119,13626.674675992115,13980.923156975514,14275.745079012073,191.13393711233812,385.8153074665875,0.3858771929824561,283.9381073496435,527.6746759921159,0.0,mean_domain_loss,527.6746759921159
X-n120-k6,119,atm,ortools:nominal_or_tools,nominal_or_tools,ortools,True,True,True,6,14034.0,5.004239797592163,0.7788379192352295,5.783077716827393,119.0,0.9444444444444444,pulp_cbc,mean_total_cost,14084.440466728183,,180,60,True,133.52122460451002,133.78447753711538,155.4085028189589,155.70208638891222,105.60603825179771,126.00000003,14084.440466728183,14125.044277061064,14151.147792106878,13.0717933282412,24.73672109046113,0.4289915966386554,17.31646533202953,50.44046672818464,0.0,mean_domain_loss,50.44046672818464
X-n120-k6,119,cargo,ortools:nominal_or_tools,nominal_or_tools,ortools,True,True,True,6,14034.0,5.004239797592163,0.813718318939209,5.817958116531372,119.0,0.9444444444444444,pulp_cbc,mean_total_cost,14072.622741154588,,180,60,True,133.52122460451002,133.78447753711538,155.4085028189589,155.70208638891222,96.16922462156704,125.99999957,14072.622741154588,14103.771102313593,14124.155158921038,13.190203505420222,24.78263066159108,0.4292436974789916,17.43487504920856,38.62274115458888,0.0,mean_domain_loss,38.62274115458888
X-n120-k6,119,cold_chain,ortools:nominal_or_tools,nominal_or_tools,ortools,True,True,True,6,14034.0,5.004239797592163,0.8517904281616211,5.856030225753784,119.0,0.9444444444444444,pulp_cbc,mean_total_cost,14103.014175370912,,180,60,True,133.52122460451002,133.78447753711538,155.4085028189589,155.70208638891222,110.92391703632164,123.97941259,14103.014175370912,14127.39108417236,14145.334494239907,13.249015981685568,24.79878139942487,0.432016806722689,15.4731005454739,47.0182204331258,21.995954937787594,mean_domain_loss,47.0182204331258
X-n120-k6,119,grocery,ortools:nominal_or_tools,nominal_or_tools,ortools,True,True,True,6,14034.0,5.004239797592163,0.7355120182037354,5.739751815795898,119.0,0.9444444444444444,pulp_cbc,mean_total_cost,14066.623888720327,,180,60,True,133.52122460451002,133.78447753711538,155.4085028189589,155.70208638891222,50.86626245262825,124.38679032999998,14066.623888720327,14085.98968493446,14099.851150561848,13.13752691115852,24.72279216029031,0.432016806722689,15.768989214946853,32.623888720329404,0.0,mean_domain_loss,32.623888720329404
X-n129-k18,128,atm,ortools:robust_mean_2std_scaled_or_tools,robust_mean_2std_scaled_or_tools,ortools,True,True,True,18,33757.0,4.997440338134766,0.6312220096588135,5.628662347793579,698.4900000000001,0.9950000000000002,pulp_cbc,mean_total_cost,34057.34145103101,,180,60,True,727.1353695075978,729.545141336595,853.7757199603714,854.5229848707611,581.5905891576475,702.0000017899999,34057.34145103101,34280.29955539244,34552.55049725283,76.61181085885876,137.96332178663133,0.42203125,91.69874352065948,300.3414510310033,0.0,mean_domain_loss,300.3414510310033
X-n129-k18,128,cargo,ortools:robust_mean_2std_scaled_or_tools,robust_mean_2std_scaled_or_tools,ortools,True,True,True,18,33757.0,4.997440338134766,0.6740412712097168,5.671481609344482,698.4900000000001,0.9950000000000002,pulp_cbc,mean_total_cost,33979.98350203426,,180,60,True,727.1353695075978,729.545141336595,853.7757199603714,854.5229848707611,524.8954195619019,702.0000006600001,33979.98350203426,34149.544794864174,34352.65168309516,76.89964500257497,137.8564578012109,0.40765625,91.98657653437571,222.98350203425397,0.0,mean_domain_loss,222.98350203425397
X-n129-k18,128,cold_chain,ortools:robust_mean_2std_scaled_or_tools,robust_mean_2std_scaled_or_tools,ortools,True,True,True,18,33757.0,4.997440338134766,0.6424746513366699,5.639914989471436,698.4900000000001,0.9950000000000002,pulp_cbc,mean_total_cost,34178.899058608404,,180,60,True,727.1353695075978,729.545141336595,853.7757199603714,854.5229848707611,644.6507216973544,701.99999996,34178.899058608404,34328.89732608928,34495.031256511065,76.69843133317022,137.96412383165193,0.414453125,91.78536216497098,285.4448212827025,136.4542373257081,mean_domain_loss,285.4448212827025
X-n129-k18,128,grocery,ortools:robust_mean_2std_scaled_or_tools,robust_mean_2std_scaled_or_tools,ortools,True,True,True,18,33757.0,4.997440338134766,0.5916116237640381,5.589051961898804,698.4900000000001,0.9950000000000002,pulp_cbc,mean_total_cost,33951.79288578024,,180,60,True,727.1353695075978,729.545141336595,853.7757199603714,854.5229848707611,276.31810479981743,702.0000008899999,33951.79288578024,34066.92069960439,34199.109770626994,76.47823651291567,138.35126913418802,0.42,91.5651682747164,194.79288578024887,0.0,mean_domain_loss,194.79288578024887
X-n134-k13,133,atm,ortools:quantile_p75_scaled_or_tools,quantile_p75_scaled_or_tools,ortools,True,True,True,13,14712.0,5.000061511993408,0.5567419528961182,5.556803464889526,8317.205,0.995,pulp_cbc,mean_total_cost,18505.66512245416,,180,60,True,9183.395205809104,9198.564456324051,11030.147738079117,11050.704860248838,8177.728090979433,8358.999999,18505.66512245416,20951.220045592272,24540.70108426772,994.73569729163,1697.4112059048407,0.4604511278195489,932.81131516011,3793.665122454151,0.0,mean_domain_loss,3793.665122454151
X-n134-k13,133,cargo,ortools:quantile_p75_scaled_or_tools,quantile_p75_scaled_or_tools,ortools,True,True,True,13,14712.0,5.000061511993408,0.5633425712585449,5.563404083251953,8317.205,0.995,pulp_cbc,mean_total_cost,17495.39892507341,,180,60,True,9183.395205809104,9198.564456324051,11030.147738079117,11050.704860248838,7209.857136983138,8358.9999824,17495.39892507341,19305.65043540815,21958.70511732084,1004.0330591601768,1697.78731242286,0.4484962406015038,942.1086604286572,2783.398925073407,0.0,mean_domain_loss,2783.398925073407
X-n134-k13,133,cold_chain,ortools:nominal_or_tools,nominal_or_tools,ortools,True,True,True,13,13345.0,5.001290559768677,0.5933163166046143,5.594606876373291,8220.0,0.9833712166527095,pulp_cbc,mean_total_cost,18203.338145199945,,180,60,True,9183.395205809104,9198.564456324051,11030.147738079117,11050.704860248838,8254.31167412079,8358.9999962,18203.338145199945,19711.02829239527,22119.48431690842,992.5806311838808,1702.6900460518189,0.4570676691729323,930.6562462523613,3406.0823207562166,1452.2558244437244,mean_domain_loss,3406.0823207562166
X-n134-k13,133,grocery,ortools:nominal_or_tools,nominal_or_tools,ortools,True,True,True,13,13345.0,5.001290559768677,0.5700087547302246,5.571299314498901,8220.0,0.9833712166527095,pulp_cbc,mean_total_cost,15713.694692679994,,180,60,True,9183.395205809104,9198.564456324051,11030.147738079117,11050.704860248838,3794.671416565535,8358.9999971,15713.694692679994,16871.261124253295,18768.380921751148,993.9633297499514,1691.349984439562,0.4583458646616541,932.0389457184316,2368.694692679994,0.0,mean_domain_loss,2368.694692679994
X-n139-k10,138,atm,ortools:nominal_or_tools,nominal_or_tools,ortools,True,True,True,10,14826.0,5.0046446323394775,0.7796299457550049,5.784274578094482,1039.0,0.980188679245283,pulp_cbc,mean_total_cost,15254.712424182664,,180,60,True,1146.307606641427,1148.216888591183,1334.618975008724,1335.9433230902955,891.7120052975389,1059.9999998,15254.712424182664,15546.773980893136,15906.127550444664,110.99154556308928,192.30319894942173,0.4189130434782608,129.60175923298505,428.7124241826681,0.0,mean_domain_loss,428.7124241826681
X-n139-k10,138,cargo,ortools:nominal_or_tools,nominal_or_tools,ortools,True,True,True,10,14826.0,5.0046446323394775,0.9582056999206544,5.962850332260132,1039.0,0.980188679245283,pulp_cbc,mean_total_cost,15148.825760118523,,180,60,True,1146.307606641427,1148.216888591183,1334.618975008724,1335.9433230902955,794.6136094851357,1059.9999983000002,15148.825760118523,15373.116953939872,15647.350030235324,112.14847661418293,193.29840657668265,0.421231884057971,130.75868878407874,322.8257601185224,0.0,mean_domain_loss,322.8257601185224
X-n139-k10,138,cold_chain,ortools:nominal_or_tools,nominal_or_tools,ortools,True,True,True,10,14826.0,5.0046446323394775,0.8400595188140869,5.8447041511535645,1039.0,0.980188679245283,pulp_cbc,mean_total_cost,15424.59716988034,,180,60,True,1146.307606641427,1148.216888591183,1334.618975008724,1335.9433230902955,940.7764380044322,1060.0000006,15424.59716988034,15586.794522692342,15833.456312921891,111.27430625092067,192.08438468720763,0.4131159420289855,129.88452072081645,401.8915189025117,196.705650977827,mean_domain_loss,401.8915189025117
X-n139-k10,138,grocery,ortools:nominal_or_tools,nominal_or_tools,ortools,True,True,True,10,14826.0,5.0046446323394775,0.7540743350982666,5.758718967437744,1039.0,0.980188679245283,pulp_cbc,mean_total_cost,15103.498338373483,,180,60,True,1146.307606641427,1148.216888591183,1334.618975008724,1335.9433230902955,429.19946449789137,1060.0000001,15103.498338373483,15239.11667859741,15425.283295175284,111.13279572437617,192.60854910479824,0.4184782608695652,129.74300969427196,277.49833837348194,0.0,mean_domain_loss,277.49833837348194
X-n143-k7,142,atm,ortools:quantile_p90_scaled_or_tools,quantile_p90_scaled_or_tools,ortools,True,True,True,7,18531.0,4.998933553695679,0.6910908222198486,5.690024375915527,8288.35,0.995,pulp_cbc,mean_total_cost,21042.42952945836,,180,60,True,8295.848620495428,8316.617424477572,9916.867451961063,9925.630118934274,5519.808218076611,8329.9999993,21042.42952945836,22996.93472520195,25891.434794139477,614.8202436507081,1156.9878053660889,0.3140845070422535,1398.1527372513372,2511.429529458361,0.0,mean_domain_loss,2511.429529458361
X-n143-k7,142,cargo,ortools:robust_mean_1std_scaled_or_tools,robust_mean_1std_scaled_or_tools,ortools,True,True,True,7,18293.0,5.007555961608887,0.7783083915710449,5.785864353179932,8288.350000000002,0.9950000000000002,pulp_cbc,mean_total_cost,20153.81576563532,,180,60,True,8295.848620495428,8316.617424477572,9916.867451961063,9925.630118934274,4947.414838176967,8329.9999832,20153.81576563532,21676.407132127857,23817.48486971463,619.1785527963343,1166.4191991702282,0.3084507042253521,1402.511030296963,1860.8157656353171,0.0,mean_domain_loss,1860.8157656353171
X-n143-k7,142,cold_chain,ortools:proxy_mean_or_tools,proxy_mean_or_tools,ortools,True,True,True,7,19116.0,5.000728368759155,0.7572739124298096,5.758002281188965,8295.848620495428,0.9959001945372664,pulp_cbc,mean_total_cost,23496.25355270957,,180,60,True,8295.848620495428,8316.617424477572,9916.867451961063,9925.630118934274,6566.060135897988,8329.9999917,23496.25355270957,24582.746077359265,26363.064802122943,614.6815562549884,1166.2752278470225,0.3009154929577465,1398.0140422556171,2823.607401014029,1556.646151695548,mean_domain_loss,2823.607401014029
X-n143-k7,142,grocery,ortools:quantile_p75_scaled_or_tools,quantile_p75_scaled_or_tools,ortools,True,True,True,7,17963.0,4.999507665634155,0.7295224666595459,5.729030132293701,8288.35,0.995,pulp_cbc,mean_total_cost,19810.75138121201,,180,60,True,8295.848620495428,8316.617424477572,9916.867451961063,9925.630118934274,2777.9183067369777,8330.0000249,19810.75138121201,20682.855646659733,22125.365682379208,612.1468185763147,1155.624758342911,0.3097887323943662,1395.479337776943,1847.7513812120128,0.0,mean_domain_loss,1847.7513812120128
X-n157-k13,156,atm,ortools:nominal_or_tools,nominal_or_tools,ortools,True,True,True,13,17404.0,5.004091501235962,0.8313808441162109,5.835472345352173,156.0,1.0,pulp_cbc,mean_total_cost,17479.25300431866,,180,60,True,171.99406906934314,172.27034686930705,198.0995518853173,198.5245135344457,139.72863067738018,155.99999984,17479.25300431866,17541.77704308251,17598.73491550069,20.05007451055448,38.08508683920552,0.4858333333333333,15.13073078610472,75.25300431865746,0.0,mean_domain_loss,75.25300431865746
X-n157-k13,156,cargo,ortools:nominal_or_tools,nominal_or_tools,ortools,True,True,True,13,17404.0,5.004091501235962,0.953848123550415,5.957939624786377,156.0,1.0,pulp_cbc,mean_total_cost,17461.156715696787,,180,60,True,171.99406906934314,172.27034686930705,198.0995518853173,198.5245135344457,125.73913654964396,156.00000009,17461.156715696787,17508.679122258494,17552.556374565043,20.09683141085263,37.89464751415766,0.4880128205128205,15.177487936402862,57.15671569678628,0.0,mean_domain_loss,57.15671569678628
X-n157-k13,156,cold_chain,ortools:nominal_or_tools,nominal_or_tools,ortools,True,True,True,13,17404.0,5.004091501235962,0.850672721862793,5.854764223098755,156.0,1.0,pulp_cbc,mean_total_cost,17497.676471241637,,180,60,True,171.99406906934314,172.27034686930705,198.0995518853173,198.5245135344457,143.382706703696,156.00000021,17497.676471241637,17535.647462839293,17576.108420739114,20.0378359153176,37.87202241648558,0.4846794871794871,15.118492560867836,64.90946400086516,28.76700724077333,mean_domain_loss,64.90946400086516
X-n157-k13,156,grocery,ortools:nominal_or_tools,nominal_or_tools,ortools,True,True,True,13,17404.0,5.004091501235962,0.7795500755310059,5.783641576766968,156.0,1.0,pulp_cbc,mean_total_cost,17450.07574570221,,180,60,True,171.99406906934314,172.27034686930705,198.0995518853173,198.5245135344457,65.9157640201691,155.99999963,17450.07574570221,17480.704969352133,17510.81615112449,20.03704729800856,38.110260588633054,0.4849358974358974,15.117703363558787,46.07574570220766,0.0,mean_domain_loss,46.07574570220766
X-n162-k11,161,atm,ortools:nominal_or_tools,nominal_or_tools,ortools,True,True,True,11,14676.0,5.001288414001465,0.7587738037109375,5.760062217712402,12194.0,0.9442465541273036,pulp_cbc,mean_total_cost,19460.500355052507,,180,60,True,14041.602423680102,14059.25864279868,17116.69937454782,17172.81426272881,12140.944531197709,12913.999987,19460.500355052507,22717.5423827828,26118.425226426298,1220.4433651916677,2114.744766996563,0.3960248447204968,1726.9244409578607,4784.500355052503,0.0,mean_domain_loss,4784.500355052503
X-n162-k11,161,cargo,ortools:nominal_or_tools,nominal_or_tools,ortools,True,True,True,11,14676.0,5.001288414001465,0.8207454681396484,5.822033882141113,12194.0,0.9442465541273036,pulp_cbc,mean_total_cost,18315.10124860861,,180,60,True,14041.602423680102,14059.25864279868,17116.69937454782,17172.81426272881,11043.309569841622,12913.999995,18315.10124860861,20857.133128244488,23413.65267560705,1245.320340917405,2146.1852207710326,0.4049689440993789,1751.8014246835985,3639.101248608613,0.0,mean_domain_loss,3639.101248608613
X-n162-k11,161,cold_chain,ortools:nominal_or_tools,nominal_or_tools,ortools,True,True,True,11,14676.0,5.001288414001465,0.8322689533233643,5.833557367324829,12194.0,0.9442465541273036,pulp_cbc,mean_total_cost,21763.022668379053,,180,60,True,14041.602423680102,14059.25864279868,17116.69937454782,17172.81426272881,12531.850276852678,12913.99998,21763.022668379053,23666.579427217963,25881.389669429816,1227.3385237975133,2138.53994779824,0.3877018633540373,1733.819592563707,4693.071110755261,2393.951557623791,mean_domain_loss,4693.071110755261
X-n162-k11,161,grocery,ortools:nominal_or_tools,nominal_or_tools,ortools,True,True,True,11,14676.0,5.001288414001465,0.8082292079925537,5.8095176219940186,12194.0,0.9442465541273036,pulp_cbc,mean_total_cost,17869.441084810645,,180,60,True,14041.602423680102,14059.25864279868,17116.69937454782,17172.81426272881,5694.826362650165,12913.999975,17869.441084810645,19394.39464729739,21119.1569230624,1221.000530527605,2120.9649436904274,0.3943478260869565,1727.4815942937985,3193.4410848106468,0.0,mean_domain_loss,3193.4410848106468
X-n167-k10,166,atm,ortools:nominal_or_tools,nominal_or_tools,ortools,True,True,True,10,22643.0,5.004618644714356,0.7983934879302979,5.803012132644653,1236.0,0.9293233082706768,pulp_cbc,mean_total_cost,23163.24294133509,,180,60,True,1338.4496844448638,1339.8281173836035,1575.9630876437734,1578.5498416441526,940.6715663129336,1329.9999995999997,23163.24294133509,23563.157740280734,23770.99792970313,131.9194145496985,242.8940011921804,0.4179518072289157,200.79202178675956,520.2429413351048,0.0,mean_domain_loss,520.2429413351048
X-n167-k10,166,cargo,ortools:nominal_or_tools,nominal_or_tools,ortools,True,True,True,10,22643.0,5.004618644714356,0.8332548141479492,5.837873458862305,1236.0,0.9293233082706768,pulp_cbc,mean_total_cost,23039.02601984466,,180,60,True,1338.4496844448638,1339.8281173836035,1575.9630876437734,1578.5498416441526,848.1743185872255,1330.0000014999998,23039.02601984466,23342.279733370397,23508.987710037465,133.0004322797123,243.34616059123687,0.4156626506024096,201.8730414167734,396.02601984466,0.0,mean_domain_loss,396.02601984466
X-n167-k10,166,cold_chain,ortools:nominal_or_tools,nominal_or_tools,ortools,True,True,True,10,22643.0,5.004618644714356,0.8749227523803711,5.879541397094727,1236.0,0.9293233082706768,pulp_cbc,mean_total_cost,23377.393308375234,,180,60,True,1338.4496844448638,1339.8281173836035,1575.9630876437734,1578.5498416441526,1066.3955532479397,1297.4679677,23377.393308375234,23615.670365371418,23756.647039986143,133.92845737652704,244.77774644226167,0.4178915662650602,170.26903271358802,496.2015334049773,238.191774970258,mean_domain_loss,496.2015334049773
X-n167-k10,166,grocery,ortools:nominal_or_tools,nominal_or_tools,ortools,True,True,True,10,22643.0,5.004618644714356,0.8559460639953613,5.860564708709717,1236.0,0.9293233082706768,pulp_cbc,mean_total_cost,22983.964583887257,,180,60,True,1338.4496844448638,1339.8281173836035,1575.9630876437734,1578.5498416441526,467.9930757917623,1302.6125662999998,22983.964583887257,23175.22567632324,23283.24409283473,133.22360185497277,244.53301077198392,0.4216265060240964,174.7087757920338,340.9645838872534,0.0,mean_domain_loss,340.9645838872534
X-n181-k23,180,atm,ortools:nominal_or_tools,nominal_or_tools,ortools,True,True,True,23,26232.0,5.006552219390869,0.9694437980651855,5.975996017456055,180.0,0.9782608695652174,pulp_cbc,mean_total_cost,26308.672273118093,,180,60,True,197.95924832567653,198.6785845016122,228.80907667940576,229.20917736249467,159.83334841120256,184.00000012,26308.672273118093,26361.429821555957,26429.44821836779,20.134476781116216,35.19385500772312,0.438,21.929824345220723,76.6722731180917,0.0,mean_domain_loss,76.6722731180917
X-n181-k23,180,cargo,ortools:nominal_or_tools,nominal_or_tools,ortools,True,True,True,23,26232.0,5.006552219390869,1.0548181533813477,6.061370372772217,180.0,0.9782608695652174,pulp_cbc,mean_total_cost,26290.196162415206,,180,60,True,197.95924832567653,198.6785845016122,228.80907667940576,229.20917736249467,145.8125077601529,184.00000007,26290.196162415206,26332.668980639977,26382.99501551019,20.197191538655883,35.32908999299857,0.4393333333333333,21.9925390527604,58.196162415212505,0.0,mean_domain_loss,58.196162415212505
X-n181-k23,180,cold_chain,ortools:nominal_or_tools,nominal_or_tools,ortools,True,True,True,23,26232.0,5.006552219390869,0.895362377166748,5.901914596557617,180.0,0.9782608695652174,pulp_cbc,mean_total_cost,26335.60558614547,,180,60,True,197.95924832567653,198.6785845016122,228.80907667940576,229.20917736249467,166.65173155008748,184.0,26335.60558614547,26365.283535634757,26412.735213319724,20.13194948273869,35.156517714301714,0.4351111111111111,21.9272969268432,70.38027209030612,33.22531405516114,mean_domain_loss,70.38027209030612
X-n181-k23,180,grocery,ortools:nominal_or_tools,nominal_or_tools,ortools,True,True,True,23,26232.0,5.006552219390869,0.8405144214630127,5.847066640853882,180.0,0.9782608695652174,pulp_cbc,mean_total_cost,26280.96991929631,,180,60,True,197.95924832567653,198.6785845016122,228.80907667940576,229.20917736249467,75.15426507725716,184.00000018000003,26280.96991929631,26305.40570086752,26341.34450331273,20.07043835433316,35.190443985019286,0.4357777777777777,21.86578597843767,48.96991929630506,0.0,mean_domain_loss,48.96991929630506
X-n186-k15,185,atm,ortools:nominal_or_tools,nominal_or_tools,ortools,True,True,True,15,25982.0,5.000514984130859,1.1521151065826416,6.152630090713501,13853.0,0.948186173853525,pulp_cbc,mean_total_cost,32112.8356977536,,180,60,True,15309.918049106676,15348.692003297172,18004.971786960705,18023.35742731036,12220.391178127826,14343.799855,32112.8356977536,38226.97655087672,43781.585330017566,1577.7770544373705,3295.1498174657195,0.4124324324324324,1936.0507017146315,6130.835697753599,0.0,mean_domain_loss,6130.835697753599
X-n186-k15,185,cargo,ortools:nominal_or_tools,nominal_or_tools,ortools,True,True,True,15,25982.0,5.000514984130859,1.214869260787964,6.215384244918823,13853.0,0.948186173853525,pulp_cbc,mean_total_cost,30634.289031294404,,180,60,True,15309.918049106676,15348.692003297172,18004.971786960705,18023.35742731036,11044.80104736954,14389.361477,30634.289031294404,35399.548552649365,39569.73531629684,1582.3717028811595,3290.216458686233,0.412054054054054,1986.20697215842,4652.289031294397,0.0,mean_domain_loss,4652.289031294397
X-n186-k15,185,cold_chain,ortools:nominal_or_tools,nominal_or_tools,ortools,True,True,True,15,25982.0,5.000514984130859,1.1782708168029783,6.178785800933838,13853.0,0.948186173853525,pulp_cbc,mean_total_cost,34349.420583071915,,180,60,True,15309.918049106676,15348.692003297172,18004.971786960705,18023.35742731036,12906.213090982705,14223.365054000002,34349.420583071915,37977.237133358925,41919.31879284005,1590.0930002231191,3325.337597368472,0.4115675675675675,1827.9318465003796,5729.417079919984,2638.0035031519315,mean_domain_loss,5729.417079919984
X-n186-k15,185,grocery,ortools:nominal_or_tools,nominal_or_tools,ortools,True,True,True,15,25982.0,5.000514984130859,0.9412171840667723,5.941732168197632,13853.0,0.948186173853525,pulp_cbc,mean_total_cost,29945.522734983788,,180,60,True,15309.918049106676,15348.692003297172,18004.971786960705,18023.35742731036,5832.649495699479,14245.466772,29945.522734983788,32878.45162898503,35834.106381755475,1582.5945774304882,3322.369188731112,0.4128648648648648,1842.5351417077493,3963.522734983785,0.0,mean_domain_loss,3963.522734983785
X-n190-k8,189,atm,ortools:robust_mean_1std_scaled_or_tools,robust_mean_1std_scaled_or_tools,ortools,True,True,True,8,18334.0,4.998222589492798,0.9888358116149902,5.987058401107788,1098.4799999999996,0.9949999999999996,pulp_cbc,mean_total_cost,18821.421700742616,,180,60,True,1163.1102271100574,1164.541932744727,1415.5336601339425,1417.944225661104,925.1431600653276,1104.00000099,18821.421700742616,19263.422835263165,19695.2448169821,124.03388249114856,245.4121640561972,0.4222751322751322,147.92562918434226,487.4217007426157,0.0,mean_domain_loss,487.4217007426157
X-n190-k8,189,cargo,ortools:robust_mean_1std_scaled_or_tools,robust_mean_1std_scaled_or_tools,ortools,True,True,True,8,18334.0,4.998222589492798,1.1187825202941897,6.117005109786987,1098.4799999999996,0.9949999999999996,pulp_cbc,mean_total_cost,18700.721914930666,,180,60,True,1163.1102271100574,1164.541932744727,1415.5336601339425,1417.944225661104,834.8705762548043,1103.99999988,18700.721914930666,19044.397050761127,19367.508177742748,124.20578311486392,245.6103748521444,0.4176190476190476,148.0975286980576,366.7219149306594,0.0,mean_domain_loss,366.7219149306594
X-n190-k8,189,cold_chain,ortools:quantile_p90_scaled_or_tools,quantile_p90_scaled_or_tools,ortools,True,True,True,8,18310.0,4.999740362167358,1.0556762218475342,6.055416584014893,1098.48,0.995,pulp_cbc,mean_total_cost,18978.884989148173,,180,60,True,1163.1102271100574,1164.541932744727,1415.5336601339425,1417.944225661104,1002.6266535253448,1104.0000027,18978.884989148173,19233.662150306685,19539.6229283829,124.14995093132475,243.87806613289652,0.4120634920634921,148.04169933451843,460.77602134110816,208.1089678070672,mean_domain_loss,460.77602134110816
X-n190-k8,189,grocery,ortools:robust_mean_1std_scaled_or_tools,robust_mean_1std_scaled_or_tools,ortools,True,True,True,8,18334.0,4.998222589492798,0.9544286727905272,5.952651262283325,1098.4799999999996,0.9949999999999996,pulp_cbc,mean_total_cost,18650.873107663443,,180,60,True,1163.1102271100574,1164.541932744727,1415.5336601339425,1417.944225661104,442.7447380655791,1103.99999784,18650.873107663443,18858.203416844262,19087.60566081231,124.08519014671803,245.27919604806212,0.4201058201058201,147.97693368991173,316.8731076634418,0.0,mean_domain_loss,316.8731076634418
X-n204-k19,203,atm,ortools:nominal_or_tools,nominal_or_tools,ortools,True,True,True,19,21213.0,5.0000481605529785,1.1762723922729492,6.176320552825928,15135.0,0.9528456308234702,pulp_cbc,mean_total_cost,27832.74427237665,,180,60,True,16657.037292963792,16667.364983390977,19151.0805427942,19176.69172760544,11679.752142882606,15883.999994,27832.74427237665,33661.1271389721,39802.39250675621,1712.1553267546076,3356.079749181097,0.4201970443349753,1995.1364808395365,6619.744272376654,0.0,mean_domain_loss,6619.744272376654
X-n204-k19,203,cargo,ortools:nominal_or_tools,nominal_or_tools,ortools,True,True,True,19,21213.0,5.0000481605529785,1.3087539672851562,6.308802127838135,15135.0,0.9528456308234702,pulp_cbc,mean_total_cost,26242.80892617275,,180,60,True,16657.037292963792,16667.364983390977,19151.0805427942,19176.69172760544,10466.42422687535,15883.999991,26242.80892617275,30810.639164918462,35389.566552870405,1721.6077881512217,3377.9023594757027,0.4196059113300492,2004.5889392361507,5029.808926172746,0.0,mean_domain_loss,5029.808926172746
X-n204-k19,203,cold_chain,ortools:nominal_or_tools,nominal_or_tools,ortools,True,True,True,19,21213.0,5.0000481605529785,1.0130696296691897,6.013117790222168,15135.0,0.9528456308234702,pulp_cbc,mean_total_cost,30349.77510188279,,180,60,True,16657.037292963792,16667.364983390977,19151.0805427942,19176.69172760544,12951.501959464737,15884.000013,30349.77510188279,33719.669192612586,37956.876595964924,1713.2096476957406,3343.763937415262,0.4156650246305419,1996.19082078067,6187.095643717875,2949.679458164921,mean_domain_loss,6187.095643717875
X-n204-k19,203,grocery,ortools:nominal_or_tools,nominal_or_tools,ortools,True,True,True,19,21213.0,5.0000481605529785,1.0173776149749756,6.017425775527954,15135.0,0.9528456308234702,pulp_cbc,mean_total_cost,25480.179713531237,,180,60,True,16657.037292963792,16667.364983390977,19151.0805427942,19176.69172760544,5740.848454917885,15884.000012,25480.179713531237,28255.32763597201,31449.400252192518,1710.8553747607466,3362.2858266737144,0.4196551724137931,1993.8365468456752,4267.179713531227,0.0,mean_domain_loss,4267.179713531227
X-n209-k16,208,atm,ortools:quantile_p75_scaled_or_tools,quantile_p75_scaled_or_tools,ortools,True,True,True,16,32916.0,5.008608818054199,1.148585319519043,6.157194137573242,1607.92,0.995,pulp_cbc,mean_total_cost,33554.47978241735,,180,60,True,1728.5373708196844,1732.707831817492,2088.5534407537966,2090.6974809885087,1372.7608797880278,1616.0000003,33554.47978241735,34048.80614275241,34575.71077374397,164.6966475659899,305.7544799668032,0.4148557692307692,205.4454506709948,638.4797824173512,0.0,mean_domain_loss,638.4797824173512
X-n209-k16,208,cargo,ortools:quantile_p75_scaled_or_tools,quantile_p75_scaled_or_tools,ortools,True,True,True,16,32916.0,5.008608818054199,1.2911736965179443,6.299782514572144,1607.92,0.995,pulp_cbc,mean_total_cost,33398.98431994324,,180,60,True,1728.5373708196844,1732.707831817492,2088.5534407537966,2090.6974809885087,1244.2346740515893,1616.0000006,33398.98431994324,33776.20612314468,34177.83898623103,165.34810059709562,304.62658782493634,0.4130288461538461,206.0969040021005,482.98431994324505,0.0,mean_domain_loss,482.98431994324505
X-n209-k16,208,cold_chain,ortools:quantile_p75_scaled_or_tools,quantile_p75_scaled_or_tools,ortools,True,True,True,16,32916.0,5.008608818054199,1.0443341732025146,6.052942991256714,1607.92,0.995,pulp_cbc,mean_total_cost,33819.78072212985,,180,60,True,1728.5373708196844,1732.707831817492,2088.5534407537966,2090.6974809885087,1454.4901354118188,1616.0000005000002,33819.78072212985,34098.349852451065,34456.93051128317,164.45952430373364,305.9029525878623,0.4100961538461538,205.2083276087385,605.8363657254097,297.94435640444294,mean_domain_loss,605.8363657254097
X-n209-k16,208,grocery,ortools:quantile_p75_scaled_or_tools,quantile_p75_scaled_or_tools,ortools,True,True,True,16,32916.0,5.008608818054199,0.9999797344207764,6.008588552474976,1607.92,0.995,pulp_cbc,mean_total_cost,33333.265258023646,,180,60,True,1728.5373708196844,1732.707831817492,2088.5534407537966,2090.6974809885087,650.5867591954891,1615.9999991,33333.265258023646,33560.91413964758,33834.52091618073,164.42448258135653,305.89765702043377,0.4125961538461538,205.1732844863614,417.26525802364966,0.0,mean_domain_loss,417.26525802364966
X-n214-k11,213,atm,ortools:quantile_p75_scaled_or_tools,quantile_p75_scaled_or_tools,ortools,True,True,True,11,13083.0,4.999176502227783,1.1562097072601318,6.155386209487915,10332.080000000002,0.9950000000000002,pulp_cbc,mean_total_cost,18425.1069278803,,180,60,True,11525.098152614886,11542.610363831476,13483.907107768657,13521.958776987056,10128.29476625693,10384.0000082,18425.1069278803,21935.19927262609,25524.004125949898,1370.4754848665968,2340.131276853295,0.4816901408450704,1174.3743560986925,5342.106927880302,0.0,mean_domain_loss,5342.106927880302
X-n214-k11,213,cargo,ortools:robust_mean_1std_scaled_or_tools,robust_mean_1std_scaled_or_tools,ortools,True,True,True,11,13723.0,5.000386953353882,1.6083130836486816,6.608700037002564,10332.079999999998,0.9949999999999998,pulp_cbc,mean_total_cost,17744.17089152008,,180,60,True,11525.098152614886,11542.610363831476,13483.907107768657,13521.958776987056,8952.050227839498,10384.0000064,17744.17089152008,20427.69986670969,23120.83563670019,1377.4601698431804,2351.8158517351103,0.4747417840375587,1181.359039275275,4021.1708915200807,0.0,mean_domain_loss,4021.1708915200807
X-n214-k11,213,cold_chain,ortools:quantile_p75_scaled_or_tools,quantile_p75_scaled_or_tools,ortools,True,True,True,11,13083.0,4.999176502227783,1.261605739593506,6.260782241821289,10332.080000000002,0.9950000000000002,pulp_cbc,mean_total_cost,19824.778113212207,,180,60,True,11525.098152614886,11542.610363831476,13483.907107768657,13521.958776987056,10364.535253651293,10384.0000077,19824.778113212207,21941.17370204615,24428.07096802879,1372.4053530756894,2327.9155702068765,0.4703286384976526,1176.304223807785,4748.078247211247,1993.6998660009608,mean_domain_loss,4748.078247211247
X-n214-k11,213,grocery,ortools:nominal_or_tools,nominal_or_tools,ortools,True,True,True,11,12859.0,5.000407934188843,1.097881317138672,6.098289251327515,10356.0,0.9973035439137136,pulp_cbc,mean_total_cost,16170.1987584756,,180,60,True,11525.098152614886,11542.610363831476,13483.907107768657,13521.958776987056,4858.48890842807,10384.000000200002,16170.1987584756,17857.067670802742,19752.658241888646,1367.897933011216,2335.5390051646605,0.4735211267605634,1171.7967962433115,3311.1987584756025,0.0,mean_domain_loss,3311.1987584756025
X-n219-k73,218,atm,ortools:nominal_or_tools,nominal_or_tools,ortools,True,True,True,73,118409.0,5.000907897949219,0.9235210418701172,5.924428939819336,218.0,0.9954337899543378,pulp_cbc,mean_total_cost,118514.15745135758,,180,60,True,242.376031709029,242.8534714087248,287.4950894029832,287.6885078827544,204.24892641199693,218.99999961,118514.15745135758,118611.83669575848,118694.31383813523,27.995285015216176,56.26442195714017,0.4765596330275229,22.945127786931124,105.15745135759056,0.0,mean_domain_loss,105.15745135759056
X-n219-k73,218,cargo,ortools:nominal_or_tools,nominal_or_tools,ortools,True,True,True,73,118409.0,5.000907897949219,0.9790682792663574,5.979976177215576,218.0,0.9954337899543378,pulp_cbc,mean_total_cost,118488.95994834388,,180,60,True,242.376031709029,242.8534714087248,287.4950894029832,287.6885078827544,185.91736754155025,219.00000009,118488.95994834388,118564.14706487214,118627.5715264486,27.99694825428066,56.16297351072815,0.4738532110091743,22.946791505995613,79.95994834386953,0.0,mean_domain_loss,79.95994834386953
X-n219-k73,218,cold_chain,ortools:nominal_or_tools,nominal_or_tools,ortools,True,True,True,73,118409.0,5.000907897949219,0.9510834217071532,5.951991319656372,218.0,0.9954337899543378,pulp_cbc,mean_total_cost,118540.77774208732,,180,60,True,242.376031709029,242.8534714087248,287.4950894029832,287.6885078827544,207.2313124099847,218.9537704,118540.77774208732,118600.43667007126,118658.61027817545,27.979400917778847,56.10604474334298,0.4736238532110092,22.8830144794938,91.79799193595645,39.97975015137228,mean_domain_loss,91.79799193595645
X-n219-k73,218,grocery,ortools:nominal_or_tools,nominal_or_tools,ortools,True,True,True,73,118409.0,5.000907897949219,1.0650577545166016,6.06596565246582,218.0,0.9954337899543378,pulp_cbc,mean_total_cost,118473.914429938,,180,60,True,242.376031709029,242.8534714087248,287.4950894029832,287.6885078827544,94.88264610050318,218.99999979,118473.914429938,118521.28766149963,118565.24410569358,27.97943221724589,56.21660718120898,0.4758715596330275,22.92927516896085,64.91442993801611,0.0,mean_domain_loss,64.91442993801611
X-n223-k34,222,atm,ortools:robust_mean_1std_scaled_or_tools,robust_mean_1std_scaled_or_tools,ortools,True,True,True,34,47633.0,5.000558853149414,0.9396989345550536,5.940257787704468,1251.7100000000005,0.9950000000000002,pulp_cbc,mean_total_cost,48238.46850996176,,180,60,True,1378.2518636282953,1385.8779151195247,1599.402231662014,1602.47449459314,1259.9890101524925,1258.00000108,48238.46850996176,48702.41318129694,49221.71756516238,155.73458338918837,282.4448502762177,0.4545045045045045,151.99107179584848,605.468509961756,0.0,mean_domain_loss,605.468509961756
X-n223-k34,222,cargo,ortools:robust_mean_1std_scaled_or_tools,robust_mean_1std_scaled_or_tools,ortools,True,True,True,34,47633.0,5.000558853149414,0.9157943725585938,5.916353225708008,1251.7100000000005,0.9950000000000002,pulp_cbc,mean_total_cost,48086.2221092279,,180,60,True,1378.2518636282953,1385.8779151195247,1599.402231662014,1602.47449459314,1133.9010321173682,1258.00000022,48086.2221092279,48435.60582672568,48830.767534054256,155.86393391692275,282.5239361824813,0.4399549549549549,152.1204214635829,453.2221092278894,0.0,mean_domain_loss,453.2221092278894
X-n223-k34,222,cold_chain,ortools:robust_mean_1std_scaled_or_tools,robust_mean_1std_scaled_or_tools,ortools,True,True,True,34,47633.0,5.000558853149414,0.9440426826477052,5.944601535797119,1251.7100000000005,0.9950000000000002,pulp_cbc,mean_total_cost,48424.999761371975,,180,60,True,1378.2518636282953,1385.8779151195247,1599.402231662014,1602.47449459314,1292.5685490313872,1257.99999961,48424.999761371975,48684.445882804896,49064.26089399091,155.79202578393782,282.36922328321214,0.4450900900900901,152.04851272059793,550.1291828704235,241.87057850154997,mean_domain_loss,550.1291828704235
X-n223-k34,222,grocery,ortools:robust_mean_1std_scaled_or_tools,robust_mean_1std_scaled_or_tools,ortools,True,True,True,34,47633.0,5.000558853149414,0.9307382106781006,5.931297063827515,1251.7100000000005,0.9950000000000002,pulp_cbc,mean_total_cost,48014.05016290822,,180,60,True,1378.2518636282953,1385.8779151195247,1599.402231662014,1602.47449459314,586.3297335775185,1257.99999769,48014.05016290822,48227.333541403765,48510.784847867806,155.6225629808054,282.31757717402826,0.4525225225225225,151.87904799746556,381.0501629082252,0.0,mean_domain_loss,381.0501629082252
X-n228-k23,227,atm,ortools:proxy_mean_scaled_or_tools,proxy_mean_scaled_or_tools,ortools,True,True,True,23,33383.0,4.997942209243774,1.1264793872833252,6.1244215965271,3524.2900000000004,0.995,pulp_cbc,mean_total_cost,35314.08685403608,,180,60,True,3871.187173963408,3880.369089269405,4574.970830957401,4579.389746009339,3690.1591800177134,3542.00000391,35314.08685403608,36591.88263581611,37794.38698347174,480.3454253337775,811.3822012937558,0.4742290748898678,452.66236937074376,1931.0868540360768,0.0,mean_domain_loss,1931.0868540360768
X-n228-k23,227,cargo,ortools:proxy_mean_scaled_or_tools,proxy_mean_scaled_or_tools,ortools,True,True,True,23,33383.0,4.997942209243774,1.2021174430847168,6.200059652328491,3524.2900000000004,0.995,pulp_cbc,mean_total_cost,34835.31155724602,,180,60,True,3871.187173963408,3880.369089269405,4574.970830957401,4579.389746009339,3282.699525840719,3541.99999474,34835.31155724602,35834.117259358805,36715.16126441839,484.42517647752817,812.5304730648375,0.4706167400881057,456.7421113444945,1452.3115572460183,0.0,mean_domain_loss,1452.3115572460183
X-n228-k23,227,cold_chain,ortools:proxy_mean_scaled_or_tools,proxy_mean_scaled_or_tools,ortools,True,True,True,23,33383.0,4.997942209243774,1.1039738655090332,6.101916074752808,3524.2900000000004,0.995,pulp_cbc,mean_total_cost,35703.7865983556,,180,60,True,3871.187173963408,3880.369089269405,4574.970830957401,4579.389746009339,3684.697210189243,3542.0000009200003,35703.7865983556,36474.46064509625,37329.80814094097,482.0631548481895,810.6504211584759,0.4716299559471366,454.3800958951558,1750.4527513020262,570.3338470535714,mean_domain_loss,1750.4527513020262
X-n228-k23,227,grocery,ortools:proxy_mean_scaled_or_tools,proxy_mean_scaled_or_tools,ortools,True,True,True,23,33383.0,4.997942209243774,1.0545003414154053,6.05244255065918,3524.2900000000004,0.995,pulp_cbc,mean_total_cost,34591.4218402324,,180,60,True,3871.187173963408,3880.369089269405,4574.970830957401,4579.389746009339,1762.0176232923152,3541.99999892,34591.4218402324,35210.67442526068,35852.52326626371,479.2656645989917,810.1528224832597,0.4694273127753304,451.5826036459582,1208.4218402323977,0.0,mean_domain_loss,1208.4218402323977
X-n233-k16,232,atm,ortools:proxy_mean_scaled_or_tools,proxy_mean_scaled_or_tools,ortools,True,True,True,16,23289.0,5.000923156738281,1.2291593551635742,6.230082511901856,10045.52,0.995,pulp_cbc,mean_total_cost,28089.46383734408,,180,60,True,11334.41800874414,11355.553726611492,13290.364120543143,13318.41245506052,10611.263932227568,10095.99998662,28089.46383734408,30930.015321821047,33463.96586405596,1220.35067486701,2014.3585366208652,0.4544827586206896,1201.989822055686,4800.463837344079,0.0,mean_domain_loss,4800.463837344079
X-n233-k16,232,cargo,ortools:quantile_p90_scaled_or_tools,quantile_p90_scaled_or_tools,ortools,True,True,True,16,23503.0,4.9997875690460205,1.4185059070587158,6.418293476104736,10045.520000000002,0.9950000000000002,pulp_cbc,mean_total_cost,27090.583787226165,,180,60,True,11334.41800874414,11355.553726611492,13290.364120543143,13318.41245506052,9349.14289513451,10095.99999923,27090.583787226165,29252.46655592426,31152.253514587763,1232.7719750412994,2046.434481119194,0.4658189655172414,1214.4111348399756,3587.583787226168,0.0,mean_domain_loss,3587.583787226168
X-n233-k16,232,cold_chain,ortools:proxy_mean_scaled_or_tools,proxy_mean_scaled_or_tools,ortools,True,True,True,16,23289.0,5.000923156738281,1.1968581676483154,6.197781324386597,10045.52,0.995,pulp_cbc,mean_total_cost,29382.33127342654,,180,60,True,11334.41800874414,11355.553726611492,13290.364120543143,13318.41245506052,10474.43896912553,10095.99999824,29382.33127342654,31017.03876468916,32797.360725623534,1218.9206332095712,2020.7995254586135,0.4484051724137931,1200.5597920182472,4350.929914762233,1742.4013586643075,mean_domain_loss,4350.929914762233
X-n233-k16,232,grocery,ortools:proxy_mean_scaled_or_tools,proxy_mean_scaled_or_tools,ortools,True,True,True,16,23289.0,5.000923156738281,1.1187434196472168,6.119666576385498,10045.52,0.995,pulp_cbc,mean_total_cost,26318.40295118345,,180,60,True,11334.41800874414,11355.553726611492,13290.364120543143,13318.41245506052,5038.789133752825,10095.999999,26318.40295118345,27634.12419629182,28995.286234475752,1220.9176853499405,2014.1945732654808,0.4512931034482759,1202.5568449186164,3029.4029511834487,0.0,mean_domain_loss,3029.4029511834487
X-n237-k14,236,atm,ortools:nominal_or_tools,nominal_or_tools,ortools,True,True,True,14,29009.0,4.998348474502564,1.3106403350830078,6.308988809585571,236.0,0.9365079365079364,pulp_cbc,mean_total_cost,29115.920742367078,,180,60,True,263.8174816145851,264.3221102784825,313.4568471108956,314.5631472546253,235.73985390516089,237.72165777,29115.920742367078,29196.709065762,29282.707953472316,28.248184831610534,50.96917353308239,0.4710169491525424,25.47272390457048,106.92074236707346,0.0,mean_domain_loss,106.92074236707346
X-n237-k14,236,cargo,ortools:nominal_or_tools,nominal_or_tools,ortools,True,True,True,14,29009.0,4.998348474502564,1.4357011318206787,6.434049606323242,236.0,0.9365079365079364,pulp_cbc,mean_total_cost,29090.194384082053,,180,60,True,263.8174816145851,264.3221102784825,313.4568471108956,314.5631472546253,215.80019971805055,237.93170183,29090.194384082053,29152.470973760304,29217.641214743104,28.415642244977384,51.46544790751911,0.4709322033898305,25.850225377937345,81.194384082054,0.0,mean_domain_loss,81.194384082054
X-n237-k14,236,cold_chain,ortools:nominal_or_tools,nominal_or_tools,ortools,True,True,True,14,29009.0,4.998348474502564,1.2579069137573242,6.256255388259888,236.0,0.9365079365079364,pulp_cbc,mean_total_cost,29146.56188113991,,180,60,True,263.8174816145851,264.3221102784825,313.4568471108956,314.5631472546253,236.24334280618572,236.90640724,29146.56188113991,29196.037207249312,29254.71078853808,28.346818469494888,50.94759867786966,0.4699576271186441,24.75610701245484,94.39519033063144,43.16669080928282,mean_domain_loss,94.39519033063144
X-n237-k14,236,grocery,ortools:nominal_or_tools,nominal_or_tools,ortools,True,True,True,14,29009.0,4.998348474502564,1.3295068740844729,6.327855348587036,236.0,0.9365079365079364,pulp_cbc,mean_total_cost,29075.39953275263,,180,60,True,263.8174816145851,264.3221102784825,313.4568471108956,314.5631472546253,108.0657698167562,236.85561266,29075.39953275263,29114.37508360475,29159.42551734444,28.236058433231918,50.82442617402449,0.4696186440677966,24.594552396191865,66.39953275263633,0.0,mean_domain_loss,66.39953275263633
X-n242-k48,241,atm,ortools:quantile_p75_scaled_or_tools,quantile_p75_scaled_or_tools,ortools,True,True,True,48,91469.0,4.997962236404419,0.9971532821655272,5.995115518569946,1337.2800000000002,0.995,pulp_cbc,mean_total_cost,92156.39569628796,,180,60,True,1475.973949221342,1477.18790780453,1719.0860596616135,1721.464512942517,1251.738881397905,1343.99999945,92156.39569628796,92700.77846290052,93180.74263638369,177.13332247724492,331.58008118541113,0.4731120331950207,154.08178582539685,687.3956962879548,0.0,mean_domain_loss,687.3956962879548
X-n242-k48,241,cargo,ortools:quantile_p75_scaled_or_tools,quantile_p75_scaled_or_tools,ortools,True,True,True,48,91469.0,4.997962236404419,0.9774625301361084,5.975424766540527,1337.2800000000002,0.995,pulp_cbc,mean_total_cost,91986.20476258302,,180,60,True,1475.973949221342,1477.18790780453,1719.0860596616135,1721.464512942517,1111.2265374509384,1343.99999798,91986.20476258302,92399.60048644766,92763.47563849672,177.30494185176008,331.2668517434766,0.4634439834024896,154.253403729912,517.2047625830602,0.0,mean_domain_loss,517.2047625830602
X-n242-k48,241,cold_chain,ortools:quantile_p75_scaled_or_tools,quantile_p75_scaled_or_tools,ortools,True,True,True,48,91469.0,4.997962236404419,1.007263422012329,6.005225658416748,1337.2800000000002,0.995,pulp_cbc,mean_total_cost,92343.83988810988,,180,60,True,1475.973949221342,1477.18790780453,1719.0860596616135,1721.464512942517,1304.7758998966406,1343.99999798,92343.83988810988,92676.16340513276,93012.24529877976,177.08997936855974,330.99765904991904,0.4662240663900415,154.03844124671173,611.7251740772235,263.114714032666,mean_domain_loss,611.7251740772235
X-n242-k48,241,grocery,ortools:quantile_p75_scaled_or_tools,quantile_p75_scaled_or_tools,ortools,True,True,True,48,91469.0,4.997962236404419,1.0002634525299072,5.998225688934326,1337.2800000000002,0.995,pulp_cbc,mean_total_cost,91895.86618303286,,180,60,True,1475.973949221342,1477.18790780453,1719.0860596616135,1721.464512942517,598.2970867830061,1344.00000129,91895.86618303286,92160.71832143229,92414.819727243,177.03172801102636,331.280439698297,0.4708713692946058,153.9801931991783,426.8661830328656,0.0,mean_domain_loss,426.8661830328656
X-n251-k28,250,atm,ortools:nominal_or_tools,nominal_or_tools,ortools,True,True,True,28,40465.0,4.999040126800537,1.137425661087036,6.136465787887573,1867.0,0.9663561076604554,pulp_cbc,mean_total_cost,41303.748714238725,,180,60,True,2083.418657642686,2086.52559340612,2424.7257298494437,2425.3478480666686,1696.4652289665305,1932.0000021,41303.748714238725,41931.40251650499,42576.28329455781,217.42323223945456,396.95138801507926,0.43748,239.20005838704037,838.7487142387239,0.0,mean_domain_loss,838.7487142387239
X-n251-k28,250,cargo,ortools:nominal_or_tools,nominal_or_tools,ortools,True,True,True,28,40465.0,4.999040126800537,1.1725342273712158,6.171574354171753,1867.0,0.9663561076604554,pulp_cbc,mean_total_cost,41099.76694548299,,180,60,True,2083.418657642686,2086.52559340612,2424.7257298494437,2425.3478480666686,1526.6296280112604,1931.9999996,41099.76694548299,41586.256070631534,42068.50801717799,217.9185903460944,397.26578127661816,0.43316,239.6954139936801,634.7669454829879,0.0,mean_domain_loss,634.7669454829879
X-n251-k28,250,cold_chain,ortools:nominal_or_tools,nominal_or_tools,ortools,True,True,True,28,40465.0,4.999040126800537,1.069691181182861,6.068731307983398,1867.0,0.9663561076604554,pulp_cbc,mean_total_cost,41585.11981963547,,180,60,True,2083.418657642686,2086.52559340612,2424.7257298494437,2425.3478480666686,1770.769658106567,1923.6758217,41585.11981963547,41944.2286100097,42391.98819989876,218.3258188828903,396.4782681195302,0.43368,231.77846463047612,770.3228017741324,349.79701786132966,mean_domain_loss,770.3228017741324
X-n251-k28,250,grocery,ortools:nominal_or_tools,nominal_or_tools,ortools,True,True,True,28,40465.0,4.999040126800537,1.103945016860962,6.102985143661499,1867.0,0.9663561076604554,pulp_cbc,mean_total_cost,40999.7033977655,,180,60,True,2083.418657642686,2086.52559340612,2424.7257298494437,2425.3478480666686,805.6037943242404,1926.0939971,40999.7033977655,41290.08857671861,41633.85781033521,217.56581676675495,395.7862885693988,0.43736,233.4366379143408,534.703397765502,0.0,mean_domain_loss,534.703397765502
X-n261-k13,260,atm,ortools:quantile_p75_scaled_or_tools,quantile_p75_scaled_or_tools,ortools,True,True,True,13,31282.0,5.002207517623901,1.56876802444458,6.5709755420684814,13982.735,0.995,pulp_cbc,mean_total_cost,37749.14390662604,,180,60,True,14982.669280417082,15021.02935136878,17862.196299766994,17900.458727447764,12471.465910790594,14052.9999758,37749.14390662604,43540.55038462132,48478.60380649354,1648.0365962666838,3235.052842096612,0.4328846153846153,1831.999380036625,6467.14390662604,0.0,mean_domain_loss,6467.14390662604
X-n261-k13,260,cargo,ortools:robust_mean_2std_scaled_or_tools,robust_mean_2std_scaled_or_tools,ortools,True,True,True,13,31963.0,5.002643585205078,1.7690420150756836,6.771685600280762,13982.735000000002,0.9950000000000002,pulp_cbc,mean_total_cost,36804.91495043435,,180,60,True,14982.669280417082,15021.02935136878,17862.196299766994,17900.458727447764,11209.532760811588,14052.99997271,36804.91495043435,41108.272419719,44941.075538606776,1660.8733273769308,3232.158747275028,0.4326153846153846,1844.8361080568727,4841.914950434352,0.0,mean_domain_loss,4841.914950434352
X-n261-k13,260,cold_chain,ortools:proxy_mean_scaled_or_tools,proxy_mean_scaled_or_tools,ortools,True,True,True,13,31364.0,4.998934745788574,1.5237538814544678,6.522688627243042,13982.735000000002,0.9950000000000002,pulp_cbc,mean_total_cost,40101.29195624335,,180,60,True,14982.669280417082,15021.02935136878,17862.196299766994,17900.458727447764,13319.109097908844,14052.9999888,40101.29195624335,43626.48649548242,47018.54182638342,1646.9191017350165,3233.256012489825,0.4230384615384615,1830.881898504959,6025.565164466592,2711.726791776756,mean_domain_loss,6025.565164466592
X-n261-k13,260,grocery,ortools:quantile_p75_scaled_or_tools,quantile_p75_scaled_or_tools,ortools,True,True,True,13,31282.0,5.002207517623901,1.3974206447601318,6.399628162384033,13982.735,0.995,pulp_cbc,mean_total_cost,35431.221740114925,,180,60,True,14982.669280417082,15021.02935136878,17862.196299766994,17900.458727447764,5927.505497933556,14052.9999838,35431.221740114925,38254.05900245982,40816.82964170847,1645.9395046078953,3231.12639723885,0.4296923076923077,1829.9022963778368,4149.221740114921,0.0,mean_domain_loss,4149.221740114921
X-n275-k28,274,atm,ortools:nominal_or_tools,nominal_or_tools,ortools,True,True,True,28,22472.0,4.999546527862549,1.3978550434112549,6.397401571273804,274.0,0.9785714285714284,pulp_cbc,mean_total_cost,22580.613949966333,,180,60,True,306.89828660604496,307.5660280006758,368.0009655121191,368.3309895522635,252.89804395386147,280.00000034,22580.613949966333,22657.01285719522,22757.57048916802,28.27605619715132,50.495112194120736,0.4176642335766423,34.09376522349207,108.61394996633572,0.0,mean_domain_loss,108.61394996633572
X-n275-k28,274,cargo,ortools:nominal_or_tools,nominal_or_tools,ortools,True,True,True,28,22472.0,4.999546527862549,1.5829246044158936,6.582471132278442,274.0,0.9785714285714284,pulp_cbc,mean_total_cost,22554.79194994005,,180,60,True,306.89828660604496,307.5660280006758,368.0009655121191,368.3309895522635,229.69661452388624,280.00000002,22554.79194994005,22614.005273408657,22691.238420203543,28.387489142974424,50.74635744755972,0.4197810218978102,34.20519784931517,82.79194994005351,0.0,mean_domain_loss,82.79194994005351
X-n275-k28,274,cold_chain,ortools:nominal_or_tools,nominal_or_tools,ortools,True,True,True,28,22472.0,4.999546527862549,1.3890442848205566,6.3885908126831055,274.0,0.9785714285714284,pulp_cbc,mean_total_cost,22624.421035275744,,180,60,True,306.89828660604496,307.5660280006758,368.0009655121191,368.3309895522635,258.902884590517,279.70825283,22624.421035275744,22667.645066062505,22736.297320707545,28.35438545058692,50.57371319138189,0.416934306569343,33.88034696692766,101.73705906280792,50.683976212935,mean_domain_loss,101.73705906280792
X-n275-k28,274,grocery,ortools:nominal_or_tools,nominal_or_tools,ortools,True,True,True,28,22472.0,4.999546527862549,1.32436203956604,6.323908567428589,274.0,0.9785714285714284,pulp_cbc,mean_total_cost,22542.509752252903,,180,60,True,306.89828660604496,307.5660280006758,368.0009655121191,368.3309895522635,119.05923885447174,279.97094958,22542.509752252903,22577.9808073307,22630.203535084627,28.2657210754061,50.48675858069855,0.4166423357664233,34.05437934174685,70.50975225290605,0.0,mean_domain_loss,70.50975225290605
X-n280-k17,279,atm,ortools:proxy_mean_scaled_or_tools,proxy_mean_scaled_or_tools,ortools,True,True,True,17,39074.0,4.998991012573242,1.4789924621582031,6.477983474731445,3247.6800000000003,0.995,pulp_cbc,mean_total_cost,40879.786214554,,180,60,True,3569.5494701131493,3575.424894705229,4199.901283616081,4206.345190262546,3279.8954029221936,3264.00000171,40879.786214554,41977.35385406688,43199.06415135153,449.59265111939095,738.4170906287045,0.4613978494623656,397.72703014101927,1805.786214553996,0.0,mean_domain_loss,1805.786214553996
X-n280-k17,279,cargo,ortools:proxy_mean_scaled_or_tools,proxy_mean_scaled_or_tools,ortools,True,True,True,17,39074.0,4.998991012573242,1.591503620147705,6.590494632720947,3247.6800000000003,0.995,pulp_cbc,mean_total_cost,40431.99127791273,,180,60,True,3569.5494701131493,3575.424894705229,4199.901283616081,4206.345190262546,2908.2929208910546,3263.99999645,40431.99127791273,41270.55972742524,42190.64960066848,451.4956243486384,741.9972080727051,0.4465232974910394,399.62999811026646,1357.9912779127317,0.0,mean_domain_loss,1357.9912779127317
X-n280-k17,279,cold_chain,ortools:nominal_or_tools,nominal_or_tools,ortools,True,True,True,17,38220.0,5.000722408294678,1.5643043518066406,6.565026760101318,3233.0,0.990502450980392,pulp_cbc,mean_total_cost,40419.20537340071,,180,60,True,3569.5494701131493,3575.424894705229,4199.901283616081,4206.345190262546,3346.458363906182,3263.99999941,40419.20537340071,41053.64002720387,41942.628981321504,450.142568409568,728.6320262312765,0.4415770609318996,398.276945131196,1619.5335791703124,579.6717942303974,mean_domain_loss,1619.5335791703124
X-n280-k17,279,grocery,ortools:proxy_mean_scaled_or_tools,proxy_mean_scaled_or_tools,ortools,True,True,True,17,39074.0,4.998991012573242,1.4226469993591309,6.421638011932373,3247.6800000000003,0.995,pulp_cbc,mean_total_cost,40196.050117868086,,180,60,True,3569.5494701131493,3575.424894705229,4199.901283616081,4206.345190262546,1582.260559463142,3264.0000057300003,40196.050117868086,40740.50299530134,41378.08234898148,449.076083658079,740.2617946171356,0.4562724014336917,397.2104666997072,1122.0501178680888,0.0,mean_domain_loss,1122.0501178680888
X-n284-k15,283,atm,ortools:robust_mean_2std_scaled_or_tools,robust_mean_2std_scaled_or_tools,ortools,True,True,True,15,23628.0,4.998699903488159,1.809117317199707,6.807817220687866,1626.8249999999998,0.995,pulp_cbc,mean_total_cost,24260.18864900812,,180,60,True,1690.7465941899184,1691.7378069241554,2011.601490678983,2013.2207644463767,1190.7032246425324,1634.99999962,24260.18864900812,24785.9737763554,25249.83885870485,159.71400210059974,306.41068166670715,0.3952650176678445,233.08428922734572,632.1886490081176,0.0,mean_domain_loss,632.1886490081176
X-n284-k15,283,cargo,ortools:robust_mean_2std_scaled_or_tools,robust_mean_2std_scaled_or_tools,ortools,True,True,True,15,23628.0,4.998699903488159,1.9094510078430176,6.908150911331177,1626.8249999999998,0.995,pulp_cbc,mean_total_cost,24099.038004357368,,180,60,True,1690.7465941899184,1691.7378069241554,2011.601490678983,2013.2207644463767,1049.4517162202703,1634.9999999499998,24099.038004357368,24500.24577317995,24850.007407483303,160.344667608306,307.47687164912526,0.3902826855123675,233.714955065052,471.0380043573678,0.0,mean_domain_loss,471.0380043573678
X-n284-k15,283,cold_chain,ortools:robust_mean_2std_scaled_or_tools,robust_mean_2std_scaled_or_tools,ortools,True,True,True,15,23628.0,4.998699903488159,1.6514716148376465,6.650171518325806,1626.8249999999998,0.995,pulp_cbc,mean_total_cost,24566.60920983193,,180,60,True,1690.7465941899184,1691.7378069241554,2011.601490678983,2013.2207644463767,1352.0506187215994,1634.9999999799998,24566.60920983193,24874.301748434136,25179.087510657504,159.77004157967792,305.3531379736467,0.3837809187279152,233.140329066424,627.7363060098996,310.87290382203844,mean_domain_loss,627.7363060098996
X-n284-k15,283,grocery,ortools:robust_mean_2std_scaled_or_tools,robust_mean_2std_scaled_or_tools,ortools,True,True,True,15,23628.0,4.998699903488159,1.4511325359344482,6.449832439422607,1626.8249999999998,0.995,pulp_cbc,mean_total_cost,24051.755407431872,,180,60,True,1690.7465941899184,1691.7378069241554,2011.601490678983,2013.2207644463767,591.0313266219346,1635.00000142,24051.755407431872,24297.30083614186,24537.176923600346,159.46755725611897,305.8250882063436,0.3946996466431095,232.83784618286492,423.755407431865,0.0,mean_domain_loss,423.755407431865
X-n106-k14,105,atm,ortools:nominal_or_tools,nominal_or_tools,ortools,True,True,True,14,27182.0,4.99911379814148,0.5392637252807617,5.538377523422241,7864.0,0.9361904761904762,pulp_cbc,mean_total_cost,30121.63981659178,,180,60,True,8678.48886970813,8708.388879095239,10372.84775102459,10379.445766360304,6667.126459423274,8400.000007999999,30121.63981659178,32011.109425330007,33087.8291147906,746.0519876687177,1289.048485150237,0.4023809523809524,1234.4007181841894,2939.639816591785,0.0,mean_shortfall,746.0519876687177
X-n106-k14,105,cargo,ortools:nominal_or_tools,nominal_or_tools,ortools,True,True,True,14,27182.0,4.99911379814148,0.4968898296356201,5.4960036277771,7864.0,0.9361904761904762,pulp_cbc,mean_total_cost,29399.197196480152,,180,60,True,8678.48886970813,8708.388879095239,10372.84775102459,10379.445766360304,6053.018468007391,8399.999992000001,29399.197196480152,30846.534779509475,31676.72264768545,748.7036037235138,1270.793755376944,0.4034285714285714,1237.0523182389857,2217.1971964801564,0.0,mean_shortfall,748.7036037235138
X-n106-k14,105,cold_chain,ortools:nominal_or_tools,nominal_or_tools,ortools,True,True,True,14,27182.0,4.99911379814148,0.5193181037902832,5.518431901931763,7864.0,0.9361904761904762,pulp_cbc,mean_total_cost,31507.22406377675,,180,60,True,8678.48886970813,8708.388879095239,10372.84775102459,10379.445766360304,7181.491686119698,8255.29003,31507.22406377675,32625.822849894208,33280.96812507401,750.2019494492474,1286.3673605254962,0.4047619047619047,1093.840701964719,2876.708010789284,1448.516052987469,mean_shortfall,750.2019494492474
X-n106-k14,105,grocery,ortools:nominal_or_tools,nominal_or_tools,ortools,True,True,True,14,27182.0,4.99911379814148,0.4895277023315429,5.488641500473023,7864.0,0.9361904761904762,pulp_cbc,mean_total_cost,29145.229311287658,,180,60,True,8678.48886970813,8708.388879095239,10372.84775102459,10379.445766360304,3219.316195358524,8282.21132,29145.229311287658,30015.70406876767,30574.761565707577,747.3939800727794,1293.4353895696945,0.4047619047619047,1117.954022588251,1963.2293112876616,0.0,mean_shortfall,747.3939800727794
X-n110-k13,109,atm,ortools:proxy_mean_scaled_or_tools,proxy_mean_scaled_or_tools,ortools,True,True,True,13,16426.0,4.999256134033203,0.5194869041442871,5.51874303817749,853.7099999999999,0.995,pulp_cbc,mean_total_cost,16790.17200769339,,180,60,True,922.107056749831,926.0446089731709,1096.1448904465033,1097.6485758926672,757.6800715739269,858.0000006,16790.17200769339,17166.61853704198,17518.77151562033,94.04826789792234,202.87969554081903,0.4194495412844036,107.5762602477688,364.1720076933876,0.0,mean_shortfall,94.04826789792234
X-n110-k13,109,cargo,ortools:proxy_mean_scaled_or_tools,proxy_mean_scaled_or_tools,ortools,True,True,True,13,16426.0,4.999256134033203,0.5272674560546875,5.526523590087891,853.7099999999999,0.995,pulp_cbc,mean_total_cost,16700.398453726288,,180,60,True,922.107056749831,926.0446089731709,1096.1448904465033,1097.6485758926672,684.8149694455948,857.9999995999999,16700.398453726288,16981.57347062301,17253.9968521034,94.54787139788678,203.43673039925747,0.4241284403669725,108.07586274773328,274.39845372628685,0.0,mean_shortfall,94.54787139788678
X-n110-k13,109,cold_chain,ortools:proxy_mean_scaled_or_tools,proxy_mean_scaled_or_tools,ortools,True,True,True,13,16426.0,4.999256134033203,0.6018352508544922,5.601091384887695,853.7099999999999,0.995,pulp_cbc,mean_total_cost,16928.66133330754,,180,60,True,922.107056749831,926.0446089731709,1096.1448904465033,1097.6485758926672,797.8184172822768,858.0000010999998,16928.66133330754,17146.217222097173,17396.412901846914,94.46853012462796,202.77321739201363,0.4174311926605504,107.99652297447444,341.1735459316658,161.48778737587574,mean_shortfall,94.46853012462796
X-n110-k13,109,grocery,ortools:proxy_mean_scaled_or_tools,proxy_mean_scaled_or_tools,ortools,True,True,True,13,16426.0,4.999256134033203,0.4544527530670166,5.45370888710022,853.7099999999999,0.995,pulp_cbc,mean_total_cost,16660.941123649256,,180,60,True,922.107056749831,926.0446089731709,1096.1448904465033,1097.6485758926672,358.79452328607624,858.0000008999999,16660.941123649256,16836.923785188425,17026.80103473115,94.02890383317944,202.24215934081897,0.4165137614678899,107.55689648302598,234.94112364925488,0.0,mean_shortfall,94.02890383317944
X-n115-k10,114,atm,ortools:nominal_or_tools,nominal_or_tools,ortools,True,True,True,10,13099.0,5.003995418548584,0.5837461948394775,5.5877416133880615,1535.0,0.908284023668639,pulp_cbc,mean_total_cost,13888.043235337062,,180,60,True,1696.498515200886,1698.9645533588098,2024.6258510269995,2026.4340508376151,1387.9930201967934,1690.00001105,13888.043235337062,14612.578257305331,15196.23403509162,191.12834329492475,384.43172304472273,0.3907894736842105,283.93251268223,789.0432353370614,0.0,mean_shortfall,191.12834329492475
X-n115-k10,114,cargo,ortools:nominal_or_tools,nominal_or_tools,ortools,True,True,True,10,13099.0,5.003995418548584,0.6016607284545898,5.605656147003174,1535.0,0.908284023668639,pulp_cbc,mean_total_cost,13691.230347302237,,180,60,True,1696.498515200886,1698.9645533588098,2024.6258510269995,2026.4340508376151,1251.9073817414142,1690.00001484,13691.230347302237,14227.539913940604,14687.332806740416,192.51108688542715,381.9357180356367,0.4004385964912281,285.31526006273253,592.2303473022367,0.0,mean_shortfall,192.51108688542715
X-n115-k10,114,cold_chain,ortools:nominal_or_tools,nominal_or_tools,ortools,True,True,True,10,13099.0,5.003995418548584,0.5978717803955078,5.601867198944092,1535.0,0.908284023668639,pulp_cbc,mean_total_cost,14177.35576551884,,180,60,True,1696.498515200886,1698.9645533588098,2024.6258510269995,2026.4340508376151,1553.3065079586236,1684.3766313,14177.35576551884,14620.54500688184,15009.641678687014,192.273673417893,387.2365265266701,0.3831578947368421,279.4544630551983,786.6566120546804,291.6991534641582,mean_shortfall,192.273673417893
X-n115-k10,114,grocery,ortools:nominal_or_tools,nominal_or_tools,ortools,True,True,True,10,13099.0,5.003995418548584,0.5860910415649414,5.590086460113525,1535.0,0.908284023668639,pulp_cbc,mean_total_cost,13626.674675992115,,180,60,True,1696.498515200886,1698.9645533588098,2024.6258510269995,2026.4340508376151,692.3372890060228,1690.0000119,13626.674675992115,13980.923156975514,14275.745079012073,191.13393711233812,385.8153074665875,0.3858771929824561,283.9381073496435,527.6746759921159,0.0,mean_shortfall,191.13393711233812
X-n120-k6,119,atm,ortools:nominal_or_tools,nominal_or_tools,ortools,True,True,True,6,14034.0,5.004239797592163,0.7788379192352295,5.783077716827393,119.0,0.9444444444444444,pulp_cbc,mean_total_cost,14084.440466728183,,180,60,True,133.52122460451002,133.78447753711538,155.4085028189589,155.70208638891222,105.60603825179771,126.00000003,14084.440466728183,14125.044277061064,14151.147792106878,13.0717933282412,24.73672109046113,0.4289915966386554,17.31646533202953,50.44046672818464,0.0,mean_shortfall,13.0717933282412
X-n120-k6,119,cargo,ortools:nominal_or_tools,nominal_or_tools,ortools,True,True,True,6,14034.0,5.004239797592163,0.813718318939209,5.817958116531372,119.0,0.9444444444444444,pulp_cbc,mean_total_cost,14072.622741154588,,180,60,True,133.52122460451002,133.78447753711538,155.4085028189589,155.70208638891222,96.16922462156704,125.99999957,14072.622741154588,14103.771102313593,14124.155158921038,13.190203505420222,24.78263066159108,0.4292436974789916,17.43487504920856,38.62274115458888,0.0,mean_shortfall,13.190203505420222
X-n120-k6,119,cold_chain,ortools:nominal_or_tools,nominal_or_tools,ortools,True,True,True,6,14034.0,5.004239797592163,0.8517904281616211,5.856030225753784,119.0,0.9444444444444444,pulp_cbc,mean_total_cost,14103.014175370912,,180,60,True,133.52122460451002,133.78447753711538,155.4085028189589,155.70208638891222,110.92391703632164,123.97941259,14103.014175370912,14127.39108417236,14145.334494239907,13.249015981685568,24.79878139942487,0.432016806722689,15.4731005454739,47.0182204331258,21.995954937787594,mean_shortfall,13.249015981685568
X-n120-k6,119,grocery,ortools:nominal_or_tools,nominal_or_tools,ortools,True,True,True,6,14034.0,5.004239797592163,0.7355120182037354,5.739751815795898,119.0,0.9444444444444444,pulp_cbc,mean_total_cost,14066.623888720327,,180,60,True,133.52122460451002,133.78447753711538,155.4085028189589,155.70208638891222,50.86626245262825,124.38679032999998,14066.623888720327,14085.98968493446,14099.851150561848,13.13752691115852,24.72279216029031,0.432016806722689,15.768989214946853,32.623888720329404,0.0,mean_shortfall,13.13752691115852
X-n129-k18,128,atm,ortools:robust_mean_2std_scaled_or_tools,robust_mean_2std_scaled_or_tools,ortools,True,True,True,18,33757.0,4.997440338134766,0.6312220096588135,5.628662347793579,698.4900000000001,0.9950000000000002,pulp_cbc,mean_total_cost,34057.34145103101,,180,60,True,727.1353695075978,729.545141336595,853.7757199603714,854.5229848707611,581.5905891576475,702.0000017899999,34057.34145103101,34280.29955539244,34552.55049725283,76.61181085885876,137.96332178663133,0.42203125,91.69874352065948,300.3414510310033,0.0,mean_shortfall,76.61181085885876
X-n129-k18,128,cargo,ortools:robust_mean_2std_scaled_or_tools,robust_mean_2std_scaled_or_tools,ortools,True,True,True,18,33757.0,4.997440338134766,0.6740412712097168,5.671481609344482,698.4900000000001,0.9950000000000002,pulp_cbc,mean_total_cost,33979.98350203426,,180,60,True,727.1353695075978,729.545141336595,853.7757199603714,854.5229848707611,524.8954195619019,702.0000006600001,33979.98350203426,34149.544794864174,34352.65168309516,76.89964500257497,137.8564578012109,0.40765625,91.98657653437571,222.98350203425397,0.0,mean_shortfall,76.89964500257497
X-n129-k18,128,cold_chain,ortools:robust_mean_2std_scaled_or_tools,robust_mean_2std_scaled_or_tools,ortools,True,True,True,18,33757.0,4.997440338134766,0.6424746513366699,5.639914989471436,698.4900000000001,0.9950000000000002,pulp_cbc,mean_total_cost,34178.899058608404,,180,60,True,727.1353695075978,729.545141336595,853.7757199603714,854.5229848707611,644.6507216973544,701.99999996,34178.899058608404,34328.89732608928,34495.031256511065,76.69843133317022,137.96412383165193,0.414453125,91.78536216497098,285.4448212827025,136.4542373257081,mean_shortfall,76.69843133317022
X-n129-k18,128,grocery,ortools:robust_mean_2std_scaled_or_tools,robust_mean_2std_scaled_or_tools,ortools,True,True,True,18,33757.0,4.997440338134766,0.5916116237640381,5.589051961898804,698.4900000000001,0.9950000000000002,pulp_cbc,mean_total_cost,33951.79288578024,,180,60,True,727.1353695075978,729.545141336595,853.7757199603714,854.5229848707611,276.31810479981743,702.0000008899999,33951.79288578024,34066.92069960439,34199.109770626994,76.47823651291567,138.35126913418802,0.42,91.5651682747164,194.79288578024887,0.0,mean_shortfall,76.47823651291567
X-n134-k13,133,atm,ortools:nominal_or_tools,nominal_or_tools,ortools,True,True,True,13,13345.0,5.001290559768677,0.5896894931793213,5.590980052947998,8220.0,0.9833712166527095,pulp_cbc,mean_total_cost,17142.03329203635,,180,60,True,9183.395205809104,9198.564456324051,11030.147738079117,11050.704860248838,8182.758718488845,8359.000004099998,17142.03329203635,19554.89584994804,23189.38603055833,994.3474221389253,1687.684711698791,0.4618796992481203,932.4230451074056,3797.033292036345,0.0,mean_shortfall,994.3474221389253
X-n134-k13,133,cargo,ortools:nominal_or_tools,nominal_or_tools,ortools,True,True,True,13,13345.0,5.001290559768677,0.5704238414764404,5.571714401245117,8220.0,0.9833712166527095,pulp_cbc,mean_total_cost,16133.880645325393,,180,60,True,9183.395205809104,9198.564456324051,11030.147738079117,11050.704860248838,7248.887995650904,8358.9999894,16133.880645325393,17953.906594645265,20628.714215272303,995.2737669849158,1684.4013702805944,0.4552631578947368,933.3493752533964,2788.8806453253906,0.0,mean_shortfall,995.2737669849158
X-n134-k13,133,cold_chain,ortools:nominal_or_tools,nominal_or_tools,ortools,True,True,True,13,13345.0,5.001290559768677,0.5933163166046143,5.594606876373291,8220.0,0.9833712166527095,pulp_cbc,mean_total_cost,18203.338145199945,,180,60,True,9183.395205809104,9198.564456324051,11030.147738079117,11050.704860248838,8254.31167412079,8358.9999962,18203.338145199945,19711.02829239527,22119.48431690842,992.5806311838808,1702.6900460518189,0.4570676691729323,930.6562462523613,3406.0823207562166,1452.2558244437244,mean_shortfall,992.5806311838808
X-n134-k13,133,grocery,ortools:nominal_or_tools,nominal_or_tools,ortools,True,True,True,13,13345.0,5.001290559768677,0.5700087547302246,5.571299314498901,8220.0,0.9833712166527095,pulp_cbc,mean_total_cost,15713.694692679994,,180,60,True,9183.395205809104,9198.564456324051,11030.147738079117,11050.704860248838,3794.671416565535,8358.9999971,15713.694692679994,16871.261124253295,18768.380921751148,993.9633297499514,1691.349984439562,0.4583458646616541,932.0389457184316,2368.694692679994,0.0,mean_shortfall,993.9633297499514
X-n139-k10,138,atm,ortools:nominal_or_tools,nominal_or_tools,ortools,True,True,True,10,14826.0,5.0046446323394775,0.7796299457550049,5.784274578094482,1039.0,0.980188679245283,pulp_cbc,mean_total_cost,15254.712424182664,,180,60,True,1146.307606641427,1148.216888591183,1334.618975008724,1335.9433230902955,891.7120052975389,1059.9999998,15254.712424182664,15546.773980893136,15906.127550444664,110.99154556308928,192.30319894942173,0.4189130434782608,129.60175923298505,428.7124241826681,0.0,mean_shortfall,110.99154556308928
X-n139-k10,138,cargo,ortools:nominal_or_tools,nominal_or_tools,ortools,True,True,True,10,14826.0,5.0046446323394775,0.9582056999206544,5.962850332260132,1039.0,0.980188679245283,pulp_cbc,mean_total_cost,15148.825760118523,,180,60,True,1146.307606641427,1148.216888591183,1334.618975008724,1335.9433230902955,794.6136094851357,1059.9999983000002,15148.825760118523,15373.116953939872,15647.350030235324,112.14847661418293,193.29840657668265,0.421231884057971,130.75868878407874,322.8257601185224,0.0,mean_shortfall,112.14847661418293
X-n139-k10,138,cold_chain,ortools:nominal_or_tools,nominal_or_tools,ortools,True,True,True,10,14826.0,5.0046446323394775,0.8400595188140869,5.8447041511535645,1039.0,0.980188679245283,pulp_cbc,mean_total_cost,15424.59716988034,,180,60,True,1146.307606641427,1148.216888591183,1334.618975008724,1335.9433230902955,940.7764380044322,1060.0000006,15424.59716988034,15586.794522692342,15833.456312921891,111.27430625092067,192.08438468720763,0.4131159420289855,129.88452072081645,401.8915189025117,196.705650977827,mean_shortfall,111.27430625092067
X-n139-k10,138,grocery,ortools:nominal_or_tools,nominal_or_tools,ortools,True,True,True,10,14826.0,5.0046446323394775,0.7540743350982666,5.758718967437744,1039.0,0.980188679245283,pulp_cbc,mean_total_cost,15103.498338373483,,180,60,True,1146.307606641427,1148.216888591183,1334.618975008724,1335.9433230902955,429.19946449789137,1060.0000001,15103.498338373483,15239.11667859741,15425.283295175284,111.13279572437617,192.60854910479824,0.4184782608695652,129.74300969427196,277.49833837348194,0.0,mean_shortfall,111.13279572437617
X-n143-k7,142,atm,ortools:proxy_mean_or_tools,proxy_mean_or_tools,ortools,True,True,True,7,19116.0,5.000728368759155,0.6938064098358154,5.694534778594971,8295.848620495428,0.9959001945372664,pulp_cbc,mean_total_cost,21627.50330304653,,180,60,True,8295.848620495428,8316.617424477572,9916.867451961063,9925.630118934274,5518.433377982808,8329.9999913,21627.50330304653,23576.11141597489,26465.16316112149,612.5951656097127,1158.8493336286067,0.3092957746478873,1395.9276512103418,2511.5033030465343,0.0,mean_shortfall,612.5951656097127
X-n143-k7,142,cargo,ortools:proxy_mean_scaled_or_tools,proxy_mean_scaled_or_tools,ortools,True,True,True,7,18707.0,4.997139930725098,0.7899661064147949,5.787106037139893,8288.349999999999,0.9949999999999998,pulp_cbc,mean_total_cost,20575.60750517133,,180,60,True,8295.848620495428,8316.617424477572,9916.867451961063,9925.630118934274,4971.143153901269,8330.000021000002,20575.60750517133,22105.707483736027,24247.49864708182,618.1470526315593,1157.2466697413008,0.310281690140845,1401.4795679321885,1868.6075051713296,0.0,mean_shortfall,618.1470526315593
X-n143-k7,142,cold_chain,ortools:proxy_mean_or_tools,proxy_mean_or_tools,ortools,True,True,True,7,19116.0,5.000728368759155,0.7572739124298096,5.758002281188965,8295.848620495428,0.9959001945372664,pulp_cbc,mean_total_cost,23496.25355270957,,180,60,True,8295.848620495428,8316.617424477572,9916.867451961063,9925.630118934274,6566.060135897988,8329.9999917,23496.25355270957,24582.746077359265,26363.064802122943,614.6815562549884,1166.2752278470225,0.3009154929577465,1398.0140422556171,2823.607401014029,1556.646151695548,mean_shortfall,614.6815562549884
X-n143-k7,142,grocery,ortools:quantile_p75_scaled_or_tools,quantile_p75_scaled_or_tools,ortools,True,True,True,7,17963.0,4.999507665634155,0.7295224666595459,5.729030132293701,8288.35,0.995,pulp_cbc,mean_total_cost,19810.75138121201,,180,60,True,8295.848620495428,8316.617424477572,9916.867451961063,9925.630118934274,2777.9183067369777,8330.0000249,19810.75138121201,20682.855646659733,22125.365682379208,612.1468185763147,1155.624758342911,0.3097887323943662,1395.479337776943,1847.7513812120128,0.0,mean_shortfall,612.1468185763147
X-n157-k13,156,atm,ortools:nominal_or_tools,nominal_or_tools,ortools,True,True,True,13,17404.0,5.004091501235962,0.8313808441162109,5.835472345352173,156.0,1.0,pulp_cbc,mean_total_cost,17479.25300431866,,180,60,True,171.99406906934314,172.27034686930705,198.0995518853173,198.5245135344457,139.72863067738018,155.99999984,17479.25300431866,17541.77704308251,17598.73491550069,20.05007451055448,38.08508683920552,0.4858333333333333,15.13073078610472,75.25300431865746,0.0,mean_shortfall,20.05007451055448
X-n157-k13,156,cargo,ortools:nominal_or_tools,nominal_or_tools,ortools,True,True,True,13,17404.0,5.004091501235962,0.953848123550415,5.957939624786377,156.0,1.0,pulp_cbc,mean_total_cost,17461.156715696787,,180,60,True,171.99406906934314,172.27034686930705,198.0995518853173,198.5245135344457,125.73913654964396,156.00000009,17461.156715696787,17508.679122258494,17552.556374565043,20.09683141085263,37.89464751415766,0.4880128205128205,15.177487936402862,57.15671569678628,0.0,mean_shortfall,20.09683141085263
X-n157-k13,156,cold_chain,ortools:nominal_or_tools,nominal_or_tools,ortools,True,True,True,13,17404.0,5.004091501235962,0.850672721862793,5.854764223098755,156.0,1.0,pulp_cbc,mean_total_cost,17497.676471241637,,180,60,True,171.99406906934314,172.27034686930705,198.0995518853173,198.5245135344457,143.382706703696,156.00000021,17497.676471241637,17535.647462839293,17576.108420739114,20.0378359153176,37.87202241648558,0.4846794871794871,15.118492560867836,64.90946400086516,28.76700724077333,mean_shortfall,20.0378359153176
X-n157-k13,156,grocery,ortools:nominal_or_tools,nominal_or_tools,ortools,True,True,True,13,17404.0,5.004091501235962,0.7795500755310059,5.783641576766968,156.0,1.0,pulp_cbc,mean_total_cost,17450.07574570221,,180,60,True,171.99406906934314,172.27034686930705,198.0995518853173,198.5245135344457,65.9157640201691,155.99999963,17450.07574570221,17480.704969352133,17510.81615112449,20.03704729800856,38.110260588633054,0.4849358974358974,15.117703363558787,46.07574570220766,0.0,mean_shortfall,20.03704729800856
X-n162-k11,161,atm,ortools:nominal_or_tools,nominal_or_tools,ortools,True,True,True,11,14676.0,5.001288414001465,0.7587738037109375,5.760062217712402,12194.0,0.9442465541273036,pulp_cbc,mean_total_cost,19460.500355052507,,180,60,True,14041.602423680102,14059.25864279868,17116.69937454782,17172.81426272881,12140.944531197709,12913.999987,19460.500355052507,22717.5423827828,26118.425226426298,1220.4433651916677,2114.744766996563,0.3960248447204968,1726.9244409578607,4784.500355052503,0.0,mean_shortfall,1220.4433651916677
X-n162-k11,161,cargo,ortools:nominal_or_tools,nominal_or_tools,ortools,True,True,True,11,14676.0,5.001288414001465,0.8207454681396484,5.822033882141113,12194.0,0.9442465541273036,pulp_cbc,mean_total_cost,18315.10124860861,,180,60,True,14041.602423680102,14059.25864279868,17116.69937454782,17172.81426272881,11043.309569841622,12913.999995,18315.10124860861,20857.133128244488,23413.65267560705,1245.320340917405,2146.1852207710326,0.4049689440993789,1751.8014246835985,3639.101248608613,0.0,mean_shortfall,1245.320340917405
X-n162-k11,161,cold_chain,ortools:nominal_or_tools,nominal_or_tools,ortools,True,True,True,11,14676.0,5.001288414001465,0.8322689533233643,5.833557367324829,12194.0,0.9442465541273036,pulp_cbc,mean_total_cost,21763.022668379053,,180,60,True,14041.602423680102,14059.25864279868,17116.69937454782,17172.81426272881,12531.850276852678,12913.99998,21763.022668379053,23666.579427217963,25881.389669429816,1227.3385237975133,2138.53994779824,0.3877018633540373,1733.819592563707,4693.071110755261,2393.951557623791,mean_shortfall,1227.3385237975133
X-n162-k11,161,grocery,ortools:nominal_or_tools,nominal_or_tools,ortools,True,True,True,11,14676.0,5.001288414001465,0.8082292079925537,5.8095176219940186,12194.0,0.9442465541273036,pulp_cbc,mean_total_cost,17869.441084810645,,180,60,True,14041.602423680102,14059.25864279868,17116.69937454782,17172.81426272881,5694.826362650165,12913.999975,17869.441084810645,19394.39464729739,21119.1569230624,1221.000530527605,2120.9649436904274,0.3943478260869565,1727.4815942937985,3193.4410848106468,0.0,mean_shortfall,1221.000530527605
X-n167-k10,166,atm,ortools:nominal_or_tools,nominal_or_tools,ortools,True,True,True,10,22643.0,5.004618644714356,0.7983934879302979,5.803012132644653,1236.0,0.9293233082706768,pulp_cbc,mean_total_cost,23163.24294133509,,180,60,True,1338.4496844448638,1339.8281173836035,1575.9630876437734,1578.5498416441526,940.6715663129336,1329.9999995999997,23163.24294133509,23563.157740280734,23770.99792970313,131.9194145496985,242.8940011921804,0.4179518072289157,200.79202178675956,520.2429413351048,0.0,mean_shortfall,131.9194145496985
X-n167-k10,166,cargo,ortools:nominal_or_tools,nominal_or_tools,ortools,True,True,True,10,22643.0,5.004618644714356,0.8332548141479492,5.837873458862305,1236.0,0.9293233082706768,pulp_cbc,mean_total_cost,23039.02601984466,,180,60,True,1338.4496844448638,1339.8281173836035,1575.9630876437734,1578.5498416441526,848.1743185872255,1330.0000014999998,23039.02601984466,23342.279733370397,23508.987710037465,133.0004322797123,243.34616059123687,0.4156626506024096,201.8730414167734,396.02601984466,0.0,mean_shortfall,133.0004322797123
X-n167-k10,166,cold_chain,ortools:nominal_or_tools,nominal_or_tools,ortools,True,True,True,10,22643.0,5.004618644714356,0.8749227523803711,5.879541397094727,1236.0,0.9293233082706768,pulp_cbc,mean_total_cost,23377.393308375234,,180,60,True,1338.4496844448638,1339.8281173836035,1575.9630876437734,1578.5498416441526,1066.3955532479397,1297.4679677,23377.393308375234,23615.670365371418,23756.647039986143,133.92845737652704,244.77774644226167,0.4178915662650602,170.26903271358802,496.2015334049773,238.191774970258,mean_shortfall,133.92845737652704
X-n167-k10,166,grocery,ortools:nominal_or_tools,nominal_or_tools,ortools,True,True,True,10,22643.0,5.004618644714356,0.8559460639953613,5.860564708709717,1236.0,0.9293233082706768,pulp_cbc,mean_total_cost,22983.964583887257,,180,60,True,1338.4496844448638,1339.8281173836035,1575.9630876437734,1578.5498416441526,467.9930757917623,1302.6125662999998,22983.964583887257,23175.22567632324,23283.24409283473,133.22360185497277,244.53301077198392,0.4216265060240964,174.7087757920338,340.9645838872534,0.0,mean_shortfall,133.22360185497277
X-n181-k23,180,atm,ortools:nominal_or_tools,nominal_or_tools,ortools,True,True,True,23,26232.0,5.006552219390869,0.9694437980651855,5.975996017456055,180.0,0.9782608695652174,pulp_cbc,mean_total_cost,26308.672273118093,,180,60,True,197.95924832567653,198.6785845016122,228.80907667940576,229.20917736249467,159.83334841120256,184.00000012,26308.672273118093,26361.429821555957,26429.44821836779,20.134476781116216,35.19385500772312,0.438,21.929824345220723,76.6722731180917,0.0,mean_shortfall,20.134476781116216
X-n181-k23,180,cargo,ortools:nominal_or_tools,nominal_or_tools,ortools,True,True,True,23,26232.0,5.006552219390869,1.0548181533813477,6.061370372772217,180.0,0.9782608695652174,pulp_cbc,mean_total_cost,26290.196162415206,,180,60,True,197.95924832567653,198.6785845016122,228.80907667940576,229.20917736249467,145.8125077601529,184.00000007,26290.196162415206,26332.668980639977,26382.99501551019,20.197191538655883,35.32908999299857,0.4393333333333333,21.9925390527604,58.196162415212505,0.0,mean_shortfall,20.197191538655883
X-n181-k23,180,cold_chain,ortools:nominal_or_tools,nominal_or_tools,ortools,True,True,True,23,26232.0,5.006552219390869,0.895362377166748,5.901914596557617,180.0,0.9782608695652174,pulp_cbc,mean_total_cost,26335.60558614547,,180,60,True,197.95924832567653,198.6785845016122,228.80907667940576,229.20917736249467,166.65173155008748,184.0,26335.60558614547,26365.283535634757,26412.735213319724,20.13194948273869,35.156517714301714,0.4351111111111111,21.9272969268432,70.38027209030612,33.22531405516114,mean_shortfall,20.13194948273869
X-n181-k23,180,grocery,ortools:nominal_or_tools,nominal_or_tools,ortools,True,True,True,23,26232.0,5.006552219390869,0.8405144214630127,5.847066640853882,180.0,0.9782608695652174,pulp_cbc,mean_total_cost,26280.96991929631,,180,60,True,197.95924832567653,198.6785845016122,228.80907667940576,229.20917736249467,75.15426507725716,184.00000018000003,26280.96991929631,26305.40570086752,26341.34450331273,20.07043835433316,35.190443985019286,0.4357777777777777,21.86578597843767,48.96991929630506,0.0,mean_shortfall,20.07043835433316
X-n186-k15,185,atm,ortools:nominal_or_tools,nominal_or_tools,ortools,True,True,True,15,25982.0,5.000514984130859,1.1521151065826416,6.152630090713501,13853.0,0.948186173853525,pulp_cbc,mean_total_cost,32112.8356977536,,180,60,True,15309.918049106676,15348.692003297172,18004.971786960705,18023.35742731036,12220.391178127826,14343.799855,32112.8356977536,38226.97655087672,43781.585330017566,1577.7770544373705,3295.1498174657195,0.4124324324324324,1936.0507017146315,6130.835697753599,0.0,mean_shortfall,1577.7770544373705
X-n186-k15,185,cargo,ortools:nominal_or_tools,nominal_or_tools,ortools,True,True,True,15,25982.0,5.000514984130859,1.214869260787964,6.215384244918823,13853.0,0.948186173853525,pulp_cbc,mean_total_cost,30634.289031294404,,180,60,True,15309.918049106676,15348.692003297172,18004.971786960705,18023.35742731036,11044.80104736954,14389.361477,30634.289031294404,35399.548552649365,39569.73531629684,1582.3717028811595,3290.216458686233,0.412054054054054,1986.20697215842,4652.289031294397,0.0,mean_shortfall,1582.3717028811595
X-n186-k15,185,cold_chain,ortools:nominal_or_tools,nominal_or_tools,ortools,True,True,True,15,25982.0,5.000514984130859,1.1782708168029783,6.178785800933838,13853.0,0.948186173853525,pulp_cbc,mean_total_cost,34349.420583071915,,180,60,True,15309.918049106676,15348.692003297172,18004.971786960705,18023.35742731036,12906.213090982705,14223.365054000002,34349.420583071915,37977.237133358925,41919.31879284005,1590.0930002231191,3325.337597368472,0.4115675675675675,1827.9318465003796,5729.417079919984,2638.0035031519315,mean_shortfall,1590.0930002231191
X-n186-k15,185,grocery,ortools:nominal_or_tools,nominal_or_tools,ortools,True,True,True,15,25982.0,5.000514984130859,0.9412171840667723,5.941732168197632,13853.0,0.948186173853525,pulp_cbc,mean_total_cost,29945.522734983788,,180,60,True,15309.918049106676,15348.692003297172,18004.971786960705,18023.35742731036,5832.649495699479,14245.466772,29945.522734983788,32878.45162898503,35834.106381755475,1582.5945774304882,3322.369188731112,0.4128648648648648,1842.5351417077493,3963.522734983785,0.0,mean_shortfall,1582.5945774304882
X-n190-k8,189,atm,ortools:robust_mean_1std_scaled_or_tools,robust_mean_1std_scaled_or_tools,ortools,True,True,True,8,18334.0,4.998222589492798,0.9888358116149902,5.987058401107788,1098.4799999999996,0.9949999999999996,pulp_cbc,mean_total_cost,18821.421700742616,,180,60,True,1163.1102271100574,1164.541932744727,1415.5336601339425,1417.944225661104,925.1431600653276,1104.00000099,18821.421700742616,19263.422835263165,19695.2448169821,124.03388249114856,245.4121640561972,0.4222751322751322,147.92562918434226,487.4217007426157,0.0,mean_shortfall,124.03388249114856
X-n190-k8,189,cargo,ortools:quantile_p90_scaled_or_tools,quantile_p90_scaled_or_tools,ortools,True,True,True,8,18310.0,4.999740362167358,1.069913625717163,6.0696539878845215,1098.48,0.995,pulp_cbc,mean_total_cost,18676.834276723952,,180,60,True,1163.1102271100574,1164.541932744727,1415.5336601339425,1417.944225661104,835.2443291891569,1104.0000004300002,18676.834276723952,19018.76074456756,19343.57396262585,124.17591846811038,244.09348205823707,0.4184656084656085,148.06766460130405,366.8342767239485,0.0,mean_shortfall,124.17591846811038
X-n190-k8,189,cold_chain,ortools:quantile_p90_scaled_or_tools,quantile_p90_scaled_or_tools,ortools,True,True,True,8,18310.0,4.999740362167358,1.0556762218475342,6.055416584014893,1098.48,0.995,pulp_cbc,mean_total_cost,18978.884989148173,,180,60,True,1163.1102271100574,1164.541932744727,1415.5336601339425,1417.944225661104,1002.6266535253448,1104.0000027,18978.884989148173,19233.662150306685,19539.6229283829,124.14995093132475,243.87806613289652,0.4120634920634921,148.04169933451843,460.77602134110816,208.1089678070672,mean_shortfall,124.14995093132475
X-n190-k8,189,grocery,ortools:robust_mean_1std_scaled_or_tools,robust_mean_1std_scaled_or_tools,ortools,True,True,True,8,18334.0,4.998222589492798,0.9544286727905272,5.952651262283325,1098.4799999999996,0.9949999999999996,pulp_cbc,mean_total_cost,18650.873107663443,,180,60,True,1163.1102271100574,1164.541932744727,1415.5336601339425,1417.944225661104,442.7447380655791,1103.99999784,18650.873107663443,18858.203416844262,19087.60566081231,124.08519014671803,245.27919604806212,0.4201058201058201,147.97693368991173,316.8731076634418,0.0,mean_shortfall,124.08519014671803
X-n204-k19,203,atm,ortools:nominal_or_tools,nominal_or_tools,ortools,True,True,True,19,21213.0,5.0000481605529785,1.1762723922729492,6.176320552825928,15135.0,0.9528456308234702,pulp_cbc,mean_total_cost,27832.74427237665,,180,60,True,16657.037292963792,16667.364983390977,19151.0805427942,19176.69172760544,11679.752142882606,15883.999994,27832.74427237665,33661.1271389721,39802.39250675621,1712.1553267546076,3356.079749181097,0.4201970443349753,1995.1364808395365,6619.744272376654,0.0,mean_shortfall,1712.1553267546076
X-n204-k19,203,cargo,ortools:nominal_or_tools,nominal_or_tools,ortools,True,True,True,19,21213.0,5.0000481605529785,1.3087539672851562,6.308802127838135,15135.0,0.9528456308234702,pulp_cbc,mean_total_cost,26242.80892617275,,180,60,True,16657.037292963792,16667.364983390977,19151.0805427942,19176.69172760544,10466.42422687535,15883.999991,26242.80892617275,30810.639164918462,35389.566552870405,1721.6077881512217,3377.9023594757027,0.4196059113300492,2004.5889392361507,5029.808926172746,0.0,mean_shortfall,1721.6077881512217
X-n204-k19,203,cold_chain,ortools:nominal_or_tools,nominal_or_tools,ortools,True,True,True,19,21213.0,5.0000481605529785,1.0130696296691897,6.013117790222168,15135.0,0.9528456308234702,pulp_cbc,mean_total_cost,30349.77510188279,,180,60,True,16657.037292963792,16667.364983390977,19151.0805427942,19176.69172760544,12951.501959464737,15884.000013,30349.77510188279,33719.669192612586,37956.876595964924,1713.2096476957406,3343.763937415262,0.4156650246305419,1996.19082078067,6187.095643717875,2949.679458164921,mean_shortfall,1713.2096476957406
X-n204-k19,203,grocery,ortools:nominal_or_tools,nominal_or_tools,ortools,True,True,True,19,21213.0,5.0000481605529785,1.0173776149749756,6.017425775527954,15135.0,0.9528456308234702,pulp_cbc,mean_total_cost,25480.179713531237,,180,60,True,16657.037292963792,16667.364983390977,19151.0805427942,19176.69172760544,5740.848454917885,15884.000012,25480.179713531237,28255.32763597201,31449.400252192518,1710.8553747607466,3362.2858266737144,0.4196551724137931,1993.8365468456752,4267.179713531227,0.0,mean_shortfall,1710.8553747607466
X-n209-k16,208,atm,ortools:quantile_p75_scaled_or_tools,quantile_p75_scaled_or_tools,ortools,True,True,True,16,32916.0,5.008608818054199,1.148585319519043,6.157194137573242,1607.92,0.995,pulp_cbc,mean_total_cost,33554.47978241735,,180,60,True,1728.5373708196844,1732.707831817492,2088.5534407537966,2090.6974809885087,1372.7608797880278,1616.0000003,33554.47978241735,34048.80614275241,34575.71077374397,164.6966475659899,305.7544799668032,0.4148557692307692,205.4454506709948,638.4797824173512,0.0,mean_shortfall,164.6966475659899
X-n209-k16,208,cargo,ortools:quantile_p75_scaled_or_tools,quantile_p75_scaled_or_tools,ortools,True,True,True,16,32916.0,5.008608818054199,1.2911736965179443,6.299782514572144,1607.92,0.995,pulp_cbc,mean_total_cost,33398.98431994324,,180,60,True,1728.5373708196844,1732.707831817492,2088.5534407537966,2090.6974809885087,1244.2346740515893,1616.0000006,33398.98431994324,33776.20612314468,34177.83898623103,165.34810059709562,304.62658782493634,0.4130288461538461,206.0969040021005,482.98431994324505,0.0,mean_shortfall,165.34810059709562
X-n209-k16,208,cold_chain,ortools:quantile_p75_scaled_or_tools,quantile_p75_scaled_or_tools,ortools,True,True,True,16,32916.0,5.008608818054199,1.0443341732025146,6.052942991256714,1607.92,0.995,pulp_cbc,mean_total_cost,33819.78072212985,,180,60,True,1728.5373708196844,1732.707831817492,2088.5534407537966,2090.6974809885087,1454.4901354118188,1616.0000005000002,33819.78072212985,34098.349852451065,34456.93051128317,164.45952430373364,305.9029525878623,0.4100961538461538,205.2083276087385,605.8363657254097,297.94435640444294,mean_shortfall,164.45952430373364
X-n209-k16,208,grocery,ortools:quantile_p75_scaled_or_tools,quantile_p75_scaled_or_tools,ortools,True,True,True,16,32916.0,5.008608818054199,0.9999797344207764,6.008588552474976,1607.92,0.995,pulp_cbc,mean_total_cost,33333.265258023646,,180,60,True,1728.5373708196844,1732.707831817492,2088.5534407537966,2090.6974809885087,650.5867591954891,1615.9999991,33333.265258023646,33560.91413964758,33834.52091618073,164.42448258135653,305.89765702043377,0.4125961538461538,205.1732844863614,417.26525802364966,0.0,mean_shortfall,164.42448258135653
X-n214-k11,213,atm,ortools:nominal_or_tools,nominal_or_tools,ortools,True,True,True,11,12859.0,5.000407934188843,1.206658124923706,6.207066059112549,10356.0,0.9973035439137136,pulp_cbc,mean_total_cost,18201.16621537105,,180,60,True,11525.098152614886,11542.610363831476,13483.907107768657,13521.958776987056,10130.654527545415,10384.0000042,18201.16621537105,21704.70869820564,25290.817214572413,1369.3717065889737,2339.8941806974185,0.478075117370892,1173.2705738210689,5342.166215371047,0.0,mean_shortfall,1369.3717065889737
X-n214-k11,213,cargo,ortools:nominal_or_tools,nominal_or_tools,ortools,True,True,True,11,12859.0,5.000407934188843,1.361911058425903,6.362318992614746,10356.0,0.9973035439137136,pulp_cbc,mean_total_cost,16893.23050208723,,180,60,True,11525.098152614886,11542.610363831476,13483.907107768657,13521.958776987056,8980.469089730848,10383.9999994,16893.23050208723,19516.086779106437,22285.174260146887,1371.2302147575006,2339.5669533812584,0.4735211267605634,1175.1290771895956,4034.2305020872304,0.0,mean_shortfall,1371.2302147575006
X-n214-k11,213,cold_chain,ortools:nominal_or_tools,nominal_or_tools,ortools,True,True,True,11,12859.0,5.000407934188843,1.0594532489776611,6.059861183166504,10356.0,0.9973035439137136,pulp_cbc,mean_total_cost,19654.590315645022,,180,60,True,11525.098152614886,11542.610363831476,13483.907107768657,13521.958776987056,10420.895308515355,10383.9999947,19654.590315645022,21764.44362557188,24246.47279330733,1370.741134015342,2329.864734684948,0.4686854460093896,1174.6399917474375,4748.905863541237,2046.684452103785,mean_shortfall,1370.741134015342
X-n214-k11,213,grocery,ortools:nominal_or_tools,nominal_or_tools,ortools,True,True,True,11,12859.0,5.000407934188843,1.097881317138672,6.098289251327515,10356.0,0.9973035439137136,pulp_cbc,mean_total_cost,16170.1987584756,,180,60,True,11525.098152614886,11542.610363831476,13483.907107768657,13521.958776987056,4858.48890842807,10384.000000200002,16170.1987584756,17857.067670802742,19752.658241888646,1367.897933011216,2335.5390051646605,0.4735211267605634,1171.7967962433115,3311.1987584756025,0.0,mean_shortfall,1367.897933011216
X-n219-k73,218,atm,ortools:nominal_or_tools,nominal_or_tools,ortools,True,True,True,73,118409.0,5.000907897949219,0.9235210418701172,5.924428939819336,218.0,0.9954337899543378,pulp_cbc,mean_total_cost,118514.15745135758,,180,60,True,242.376031709029,242.8534714087248,287.4950894029832,287.6885078827544,204.24892641199693,218.99999961,118514.15745135758,118611.83669575848,118694.31383813523,27.995285015216176,56.26442195714017,0.4765596330275229,22.945127786931124,105.15745135759056,0.0,mean_shortfall,27.995285015216176
X-n219-k73,218,cargo,ortools:nominal_or_tools,nominal_or_tools,ortools,True,True,True,73,118409.0,5.000907897949219,0.9790682792663574,5.979976177215576,218.0,0.9954337899543378,pulp_cbc,mean_total_cost,118488.95994834388,,180,60,True,242.376031709029,242.8534714087248,287.4950894029832,287.6885078827544,185.91736754155025,219.00000009,118488.95994834388,118564.14706487214,118627.5715264486,27.99694825428066,56.16297351072815,0.4738532110091743,22.946791505995613,79.95994834386953,0.0,mean_shortfall,27.99694825428066
X-n219-k73,218,cold_chain,ortools:nominal_or_tools,nominal_or_tools,ortools,True,True,True,73,118409.0,5.000907897949219,0.9510834217071532,5.951991319656372,218.0,0.9954337899543378,pulp_cbc,mean_total_cost,118540.77774208732,,180,60,True,242.376031709029,242.8534714087248,287.4950894029832,287.6885078827544,207.2313124099847,218.9537704,118540.77774208732,118600.43667007126,118658.61027817545,27.979400917778847,56.10604474334298,0.4736238532110092,22.8830144794938,91.79799193595645,39.97975015137228,mean_shortfall,27.979400917778847
X-n219-k73,218,grocery,ortools:nominal_or_tools,nominal_or_tools,ortools,True,True,True,73,118409.0,5.000907897949219,1.0650577545166016,6.06596565246582,218.0,0.9954337899543378,pulp_cbc,mean_total_cost,118473.914429938,,180,60,True,242.376031709029,242.8534714087248,287.4950894029832,287.6885078827544,94.88264610050318,218.99999979,118473.914429938,118521.28766149963,118565.24410569358,27.97943221724589,56.21660718120898,0.4758715596330275,22.92927516896085,64.91442993801611,0.0,mean_shortfall,27.97943221724589
X-n223-k34,222,atm,ortools:robust_mean_1std_scaled_or_tools,robust_mean_1std_scaled_or_tools,ortools,True,True,True,34,47633.0,5.000558853149414,0.9396989345550536,5.940257787704468,1251.7100000000005,0.9950000000000002,pulp_cbc,mean_total_cost,48238.46850996176,,180,60,True,1378.2518636282953,1385.8779151195247,1599.402231662014,1602.47449459314,1259.9890101524925,1258.00000108,48238.46850996176,48702.41318129694,49221.71756516238,155.73458338918837,282.4448502762177,0.4545045045045045,151.99107179584848,605.468509961756,0.0,mean_shortfall,155.73458338918837
X-n223-k34,222,cargo,ortools:robust_mean_1std_scaled_or_tools,robust_mean_1std_scaled_or_tools,ortools,True,True,True,34,47633.0,5.000558853149414,0.9157943725585938,5.916353225708008,1251.7100000000005,0.9950000000000002,pulp_cbc,mean_total_cost,48086.2221092279,,180,60,True,1378.2518636282953,1385.8779151195247,1599.402231662014,1602.47449459314,1133.9010321173682,1258.00000022,48086.2221092279,48435.60582672568,48830.767534054256,155.86393391692275,282.5239361824813,0.4399549549549549,152.1204214635829,453.2221092278894,0.0,mean_shortfall,155.86393391692275
X-n223-k34,222,cold_chain,ortools:robust_mean_1std_scaled_or_tools,robust_mean_1std_scaled_or_tools,ortools,True,True,True,34,47633.0,5.000558853149414,0.9440426826477052,5.944601535797119,1251.7100000000005,0.9950000000000002,pulp_cbc,mean_total_cost,48424.999761371975,,180,60,True,1378.2518636282953,1385.8779151195247,1599.402231662014,1602.47449459314,1292.5685490313872,1257.99999961,48424.999761371975,48684.445882804896,49064.26089399091,155.79202578393782,282.36922328321214,0.4450900900900901,152.04851272059793,550.1291828704235,241.87057850154997,mean_shortfall,155.79202578393782
X-n223-k34,222,grocery,ortools:robust_mean_1std_scaled_or_tools,robust_mean_1std_scaled_or_tools,ortools,True,True,True,34,47633.0,5.000558853149414,0.9307382106781006,5.931297063827515,1251.7100000000005,0.9950000000000002,pulp_cbc,mean_total_cost,48014.05016290822,,180,60,True,1378.2518636282953,1385.8779151195247,1599.402231662014,1602.47449459314,586.3297335775185,1257.99999769,48014.05016290822,48227.333541403765,48510.784847867806,155.6225629808054,282.31757717402826,0.4525225225225225,151.87904799746556,381.0501629082252,0.0,mean_shortfall,155.6225629808054
X-n228-k23,227,atm,ortools:nominal_or_tools,nominal_or_tools,ortools,True,True,True,23,30349.0,5.002313137054443,1.326369285583496,6.32868242263794,3478.0,0.9819311123658948,pulp_cbc,mean_total_cost,32281.49474340328,,180,60,True,3871.187173963408,3880.369089269405,4574.970830957401,4579.389746009339,3701.579847603631,3541.9999967899994,32281.49474340328,33527.26912305699,34758.772869064625,480.279808805464,803.3319447531271,0.4643612334801762,452.5967457224303,1932.4947434032856,0.0,mean_shortfall,480.279808805464
X-n228-k23,227,cargo,ortools:nominal_or_tools,nominal_or_tools,ortools,True,True,True,23,30349.0,5.002313137054443,1.3193342685699463,6.32164740562439,3478.0,0.9819311123658948,pulp_cbc,mean_total_cost,31801.53193159689,,180,60,True,3871.187173963408,3880.369089269405,4574.970830957401,4579.389746009339,3296.5804808211305,3542.0000015999995,31801.53193159689,32795.49950702219,33678.71290420934,483.3169529166622,808.6677234927962,0.4522026431718061,455.6338946436286,1452.531931596886,0.0,mean_shortfall,483.3169529166622
X-n228-k23,227,cold_chain,ortools:nominal_or_tools,nominal_or_tools,ortools,True,True,True,23,30349.0,5.002313137054443,1.2083585262298584,6.210671663284302,3478.0,0.9819311123658948,pulp_cbc,mean_total_cost,32740.61240900832,,180,60,True,3871.187173963408,3880.369089269405,4574.970830957401,4579.389746009339,3767.1863865951536,3541.99999673,32740.61240900832,33492.58907880021,34360.44494836638,480.7003782413628,799.8416031363696,0.4531718061674009,453.0173150983292,1753.5634629357414,638.0489460725779,mean_shortfall,480.7003782413628
X-n228-k23,227,grocery,ortools:proxy_mean_scaled_or_tools,proxy_mean_scaled_or_tools,ortools,True,True,True,23,33383.0,4.997942209243774,1.0545003414154053,6.05244255065918,3524.2900000000004,0.995,pulp_cbc,mean_total_cost,34591.4218402324,,180,60,True,3871.187173963408,3880.369089269405,4574.970830957401,4579.389746009339,1762.0176232923152,3541.99999892,34591.4218402324,35210.67442526068,35852.52326626371,479.2656645989917,810.1528224832597,0.4694273127753304,451.5826036459582,1208.4218402323977,0.0,mean_shortfall,479.2656645989917
X-n233-k16,232,atm,ortools:proxy_mean_scaled_or_tools,proxy_mean_scaled_or_tools,ortools,True,True,True,16,23289.0,5.000923156738281,1.2291593551635742,6.230082511901856,10045.52,0.995,pulp_cbc,mean_total_cost,28089.46383734408,,180,60,True,11334.41800874414,11355.553726611492,13290.364120543143,13318.41245506052,10611.263932227568,10095.99998662,28089.46383734408,30930.015321821047,33463.96586405596,1220.35067486701,2014.3585366208652,0.4544827586206896,1201.989822055686,4800.463837344079,0.0,mean_shortfall,1220.35067486701
X-n233-k16,232,cargo,ortools:proxy_mean_scaled_or_tools,proxy_mean_scaled_or_tools,ortools,True,True,True,16,23289.0,5.000923156738281,1.326101541519165,6.327024698257446,10045.52,0.995,pulp_cbc,mean_total_cost,26886.880661410178,,180,60,True,11334.41800874414,11355.553726611492,13290.364120543143,13318.41245506052,9351.145627289356,10096.00000741,26886.880661410178,29072.631418486897,30941.53371531745,1232.5564822883005,2051.00562527392,0.4596551724137931,1214.1956502669768,3597.880661410173,0.0,mean_shortfall,1232.5564822883005
X-n233-k16,232,cold_chain,ortools:proxy_mean_scaled_or_tools,proxy_mean_scaled_or_tools,ortools,True,True,True,16,23289.0,5.000923156738281,1.1968581676483154,6.197781324386597,10045.52,0.995,pulp_cbc,mean_total_cost,29382.33127342654,,180,60,True,11334.41800874414,11355.553726611492,13290.364120543143,13318.41245506052,10474.43896912553,10095.99999824,29382.33127342654,31017.03876468916,32797.360725623534,1218.9206332095712,2020.7995254586135,0.4484051724137931,1200.5597920182472,4350.929914762233,1742.4013586643075,mean_shortfall,1218.9206332095712
X-n233-k16,232,grocery,ortools:proxy_mean_scaled_or_tools,proxy_mean_scaled_or_tools,ortools,True,True,True,16,23289.0,5.000923156738281,1.1187434196472168,6.119666576385498,10045.52,0.995,pulp_cbc,mean_total_cost,26318.40295118345,,180,60,True,11334.41800874414,11355.553726611492,13290.364120543143,13318.41245506052,5038.789133752825,10095.999999,26318.40295118345,27634.12419629182,28995.286234475752,1220.9176853499405,2014.1945732654808,0.4512931034482759,1202.5568449186164,3029.4029511834487,0.0,mean_shortfall,1220.9176853499405
X-n237-k14,236,atm,ortools:nominal_or_tools,nominal_or_tools,ortools,True,True,True,14,29009.0,4.998348474502564,1.3106403350830078,6.308988809585571,236.0,0.9365079365079364,pulp_cbc,mean_total_cost,29115.920742367078,,180,60,True,263.8174816145851,264.3221102784825,313.4568471108956,314.5631472546253,235.73985390516089,237.72165777,29115.920742367078,29196.709065762,29282.707953472316,28.248184831610534,50.96917353308239,0.4710169491525424,25.47272390457048,106.92074236707346,0.0,mean_shortfall,28.248184831610534
X-n237-k14,236,cargo,ortools:nominal_or_tools,nominal_or_tools,ortools,True,True,True,14,29009.0,4.998348474502564,1.4357011318206787,6.434049606323242,236.0,0.9365079365079364,pulp_cbc,mean_total_cost,29090.194384082053,,180,60,True,263.8174816145851,264.3221102784825,313.4568471108956,314.5631472546253,215.80019971805055,237.93170183,29090.194384082053,29152.470973760304,29217.641214743104,28.415642244977384,51.46544790751911,0.4709322033898305,25.850225377937345,81.194384082054,0.0,mean_shortfall,28.415642244977384
X-n237-k14,236,cold_chain,ortools:nominal_or_tools,nominal_or_tools,ortools,True,True,True,14,29009.0,4.998348474502564,1.2579069137573242,6.256255388259888,236.0,0.9365079365079364,pulp_cbc,mean_total_cost,29146.56188113991,,180,60,True,263.8174816145851,264.3221102784825,313.4568471108956,314.5631472546253,236.24334280618572,236.90640724,29146.56188113991,29196.037207249312,29254.71078853808,28.346818469494888,50.94759867786966,0.4699576271186441,24.75610701245484,94.39519033063144,43.16669080928282,mean_shortfall,28.346818469494888
X-n237-k14,236,grocery,ortools:nominal_or_tools,nominal_or_tools,ortools,True,True,True,14,29009.0,4.998348474502564,1.3295068740844729,6.327855348587036,236.0,0.9365079365079364,pulp_cbc,mean_total_cost,29075.39953275263,,180,60,True,263.8174816145851,264.3221102784825,313.4568471108956,314.5631472546253,108.0657698167562,236.85561266,29075.39953275263,29114.37508360475,29159.42551734444,28.236058433231918,50.82442617402449,0.4696186440677966,24.594552396191865,66.39953275263633,0.0,mean_shortfall,28.236058433231918
X-n242-k48,241,atm,ortools:quantile_p75_scaled_or_tools,quantile_p75_scaled_or_tools,ortools,True,True,True,48,91469.0,4.997962236404419,0.9971532821655272,5.995115518569946,1337.2800000000002,0.995,pulp_cbc,mean_total_cost,92156.39569628796,,180,60,True,1475.973949221342,1477.18790780453,1719.0860596616135,1721.464512942517,1251.738881397905,1343.99999945,92156.39569628796,92700.77846290052,93180.74263638369,177.13332247724492,331.58008118541113,0.4731120331950207,154.08178582539685,687.3956962879548,0.0,mean_shortfall,177.13332247724492
X-n242-k48,241,cargo,ortools:quantile_p75_scaled_or_tools,quantile_p75_scaled_or_tools,ortools,True,True,True,48,91469.0,4.997962236404419,0.9774625301361084,5.975424766540527,1337.2800000000002,0.995,pulp_cbc,mean_total_cost,91986.20476258302,,180,60,True,1475.973949221342,1477.18790780453,1719.0860596616135,1721.464512942517,1111.2265374509384,1343.99999798,91986.20476258302,92399.60048644766,92763.47563849672,177.30494185176008,331.2668517434766,0.4634439834024896,154.253403729912,517.2047625830602,0.0,mean_shortfall,177.30494185176008
X-n242-k48,241,cold_chain,ortools:quantile_p75_scaled_or_tools,quantile_p75_scaled_or_tools,ortools,True,True,True,48,91469.0,4.997962236404419,1.007263422012329,6.005225658416748,1337.2800000000002,0.995,pulp_cbc,mean_total_cost,92343.83988810988,,180,60,True,1475.973949221342,1477.18790780453,1719.0860596616135,1721.464512942517,1304.7758998966406,1343.99999798,92343.83988810988,92676.16340513276,93012.24529877976,177.08997936855974,330.99765904991904,0.4662240663900415,154.03844124671173,611.7251740772235,263.114714032666,mean_shortfall,177.08997936855974
X-n242-k48,241,grocery,ortools:quantile_p75_scaled_or_tools,quantile_p75_scaled_or_tools,ortools,True,True,True,48,91469.0,4.997962236404419,1.0002634525299072,5.998225688934326,1337.2800000000002,0.995,pulp_cbc,mean_total_cost,91895.86618303286,,180,60,True,1475.973949221342,1477.18790780453,1719.0860596616135,1721.464512942517,598.2970867830061,1344.00000129,91895.86618303286,92160.71832143229,92414.819727243,177.03172801102636,331.280439698297,0.4708713692946058,153.9801931991783,426.8661830328656,0.0,mean_shortfall,177.03172801102636
X-n251-k28,250,atm,ortools:nominal_or_tools,nominal_or_tools,ortools,True,True,True,28,40465.0,4.999040126800537,1.137425661087036,6.136465787887573,1867.0,0.9663561076604554,pulp_cbc,mean_total_cost,41303.748714238725,,180,60,True,2083.418657642686,2086.52559340612,2424.7257298494437,2425.3478480666686,1696.4652289665305,1932.0000021,41303.748714238725,41931.40251650499,42576.28329455781,217.42323223945456,396.95138801507926,0.43748,239.20005838704037,838.7487142387239,0.0,mean_shortfall,217.42323223945456
X-n251-k28,250,cargo,ortools:nominal_or_tools,nominal_or_tools,ortools,True,True,True,28,40465.0,4.999040126800537,1.1725342273712158,6.171574354171753,1867.0,0.9663561076604554,pulp_cbc,mean_total_cost,41099.76694548299,,180,60,True,2083.418657642686,2086.52559340612,2424.7257298494437,2425.3478480666686,1526.6296280112604,1931.9999996,41099.76694548299,41586.256070631534,42068.50801717799,217.9185903460944,397.26578127661816,0.43316,239.6954139936801,634.7669454829879,0.0,mean_shortfall,217.9185903460944
X-n251-k28,250,cold_chain,ortools:nominal_or_tools,nominal_or_tools,ortools,True,True,True,28,40465.0,4.999040126800537,1.069691181182861,6.068731307983398,1867.0,0.9663561076604554,pulp_cbc,mean_total_cost,41585.11981963547,,180,60,True,2083.418657642686,2086.52559340612,2424.7257298494437,2425.3478480666686,1770.769658106567,1923.6758217,41585.11981963547,41944.2286100097,42391.98819989876,218.3258188828903,396.4782681195302,0.43368,231.77846463047612,770.3228017741324,349.79701786132966,mean_shortfall,218.3258188828903
X-n251-k28,250,grocery,ortools:nominal_or_tools,nominal_or_tools,ortools,True,True,True,28,40465.0,4.999040126800537,1.103945016860962,6.102985143661499,1867.0,0.9663561076604554,pulp_cbc,mean_total_cost,40999.7033977655,,180,60,True,2083.418657642686,2086.52559340612,2424.7257298494437,2425.3478480666686,805.6037943242404,1926.0939971,40999.7033977655,41290.08857671861,41633.85781033521,217.56581676675495,395.7862885693988,0.43736,233.4366379143408,534.703397765502,0.0,mean_shortfall,217.56581676675495
X-n261-k13,260,atm,ortools:quantile_p75_scaled_or_tools,quantile_p75_scaled_or_tools,ortools,True,True,True,13,31282.0,5.002207517623901,1.56876802444458,6.5709755420684814,13982.735,0.995,pulp_cbc,mean_total_cost,37749.14390662604,,180,60,True,14982.669280417082,15021.02935136878,17862.196299766994,17900.458727447764,12471.465910790594,14052.9999758,37749.14390662604,43540.55038462132,48478.60380649354,1648.0365962666838,3235.052842096612,0.4328846153846153,1831.999380036625,6467.14390662604,0.0,mean_shortfall,1648.0365962666838
X-n261-k13,260,cargo,ortools:quantile_p75_scaled_or_tools,quantile_p75_scaled_or_tools,ortools,True,True,True,13,31282.0,5.002207517623901,1.7700145244598389,6.77222204208374,13982.735,0.995,pulp_cbc,mean_total_cost,36129.06471471703,,180,60,True,14982.669280417082,15021.02935136878,17862.196299766994,17900.458727447764,11230.265848673416,14052.99998221,36129.06471471703,40486.1956435281,44276.61293030521,1650.5300337339513,3229.302249885722,0.4260769230769231,1834.4928239138928,4847.0647147170375,0.0,mean_shortfall,1650.5300337339513
X-n261-k13,260,cold_chain,ortools:proxy_mean_scaled_or_tools,proxy_mean_scaled_or_tools,ortools,True,True,True,13,31364.0,4.998934745788574,1.5237538814544678,6.522688627243042,13982.735000000002,0.9950000000000002,pulp_cbc,mean_total_cost,40101.29195624335,,180,60,True,14982.669280417082,15021.02935136878,17862.196299766994,17900.458727447764,13319.109097908844,14052.9999888,40101.29195624335,43626.48649548242,47018.54182638342,1646.9191017350165,3233.256012489825,0.4230384615384615,1830.881898504959,6025.565164466592,2711.726791776756,mean_shortfall,1646.9191017350165
X-n261-k13,260,grocery,ortools:quantile_p75_scaled_or_tools,quantile_p75_scaled_or_tools,ortools,True,True,True,13,31282.0,5.002207517623901,1.3974206447601318,6.399628162384033,13982.735,0.995,pulp_cbc,mean_total_cost,35431.221740114925,,180,60,True,14982.669280417082,15021.02935136878,17862.196299766994,17900.458727447764,5927.505497933556,14052.9999838,35431.221740114925,38254.05900245982,40816.82964170847,1645.9395046078953,3231.12639723885,0.4296923076923077,1829.9022963778368,4149.221740114921,0.0,mean_shortfall,1645.9395046078953
X-n275-k28,274,atm,ortools:nominal_or_tools,nominal_or_tools,ortools,True,True,True,28,22472.0,4.999546527862549,1.3978550434112549,6.397401571273804,274.0,0.9785714285714284,pulp_cbc,mean_total_cost,22580.613949966333,,180,60,True,306.89828660604496,307.5660280006758,368.0009655121191,368.3309895522635,252.89804395386147,280.00000034,22580.613949966333,22657.01285719522,22757.57048916802,28.27605619715132,50.495112194120736,0.4176642335766423,34.09376522349207,108.61394996633572,0.0,mean_shortfall,28.27605619715132
X-n275-k28,274,cargo,ortools:nominal_or_tools,nominal_or_tools,ortools,True,True,True,28,22472.0,4.999546527862549,1.5829246044158936,6.582471132278442,274.0,0.9785714285714284,pulp_cbc,mean_total_cost,22554.79194994005,,180,60,True,306.89828660604496,307.5660280006758,368.0009655121191,368.3309895522635,229.69661452388624,280.00000002,22554.79194994005,22614.005273408657,22691.238420203543,28.387489142974424,50.74635744755972,0.4197810218978102,34.20519784931517,82.79194994005351,0.0,mean_shortfall,28.387489142974424
X-n275-k28,274,cold_chain,ortools:nominal_or_tools,nominal_or_tools,ortools,True,True,True,28,22472.0,4.999546527862549,1.3890442848205566,6.3885908126831055,274.0,0.9785714285714284,pulp_cbc,mean_total_cost,22624.421035275744,,180,60,True,306.89828660604496,307.5660280006758,368.0009655121191,368.3309895522635,258.902884590517,279.70825283,22624.421035275744,22667.645066062505,22736.297320707545,28.35438545058692,50.57371319138189,0.416934306569343,33.88034696692766,101.73705906280792,50.683976212935,mean_shortfall,28.35438545058692
X-n275-k28,274,grocery,ortools:nominal_or_tools,nominal_or_tools,ortools,True,True,True,28,22472.0,4.999546527862549,1.32436203956604,6.323908567428589,274.0,0.9785714285714284,pulp_cbc,mean_total_cost,22542.509752252903,,180,60,True,306.89828660604496,307.5660280006758,368.0009655121191,368.3309895522635,119.05923885447174,279.97094958,22542.509752252903,22577.9808073307,22630.203535084627,28.2657210754061,50.48675858069855,0.4166423357664233,34.05437934174685,70.50975225290605,0.0,mean_shortfall,28.2657210754061
X-n280-k17,279,atm,ortools:proxy_mean_scaled_or_tools,proxy_mean_scaled_or_tools,ortools,True,True,True,17,39074.0,4.998991012573242,1.4789924621582031,6.477983474731445,3247.6800000000003,0.995,pulp_cbc,mean_total_cost,40879.786214554,,180,60,True,3569.5494701131493,3575.424894705229,4199.901283616081,4206.345190262546,3279.8954029221936,3264.00000171,40879.786214554,41977.35385406688,43199.06415135153,449.59265111939095,738.4170906287045,0.4613978494623656,397.72703014101927,1805.786214553996,0.0,mean_shortfall,449.59265111939095
X-n280-k17,279,cargo,ortools:proxy_mean_scaled_or_tools,proxy_mean_scaled_or_tools,ortools,True,True,True,17,39074.0,4.998991012573242,1.591503620147705,6.590494632720947,3247.6800000000003,0.995,pulp_cbc,mean_total_cost,40431.99127791273,,180,60,True,3569.5494701131493,3575.424894705229,4199.901283616081,4206.345190262546,2908.2929208910546,3263.99999645,40431.99127791273,41270.55972742524,42190.64960066848,451.4956243486384,741.9972080727051,0.4465232974910394,399.62999811026646,1357.9912779127317,0.0,mean_shortfall,451.4956243486384
X-n280-k17,279,cold_chain,ortools:proxy_mean_scaled_or_tools,proxy_mean_scaled_or_tools,ortools,True,True,True,17,39074.0,4.998991012573242,1.5694422721862793,6.5684332847595215,3247.6800000000003,0.995,pulp_cbc,mean_total_cost,41371.92351451938,,180,60,True,3569.5494701131493,3575.424894705229,4199.901283616081,4206.345190262546,3443.709034898083,3264.0000003200003,41371.92351451938,42039.46727402439,42901.40763119443,449.59067254794223,736.7501440568813,0.4452329749103942,397.7250501795703,1624.0940179459865,673.8294965733971,mean_shortfall,449.59067254794223
X-n280-k17,279,grocery,ortools:proxy_mean_scaled_or_tools,proxy_mean_scaled_or_tools,ortools,True,True,True,17,39074.0,4.998991012573242,1.4226469993591309,6.421638011932373,3247.6800000000003,0.995,pulp_cbc,mean_total_cost,40196.050117868086,,180,60,True,3569.5494701131493,3575.424894705229,4199.901283616081,4206.345190262546,1582.260559463142,3264.0000057300003,40196.050117868086,40740.50299530134,41378.08234898148,449.076083658079,740.2617946171356,0.4562724014336917,397.2104666997072,1122.0501178680888,0.0,mean_shortfall,449.076083658079
X-n284-k15,283,atm,ortools:robust_mean_2std_scaled_or_tools,robust_mean_2std_scaled_or_tools,ortools,True,True,True,15,23628.0,4.998699903488159,1.809117317199707,6.807817220687866,1626.8249999999998,0.995,pulp_cbc,mean_total_cost,24260.18864900812,,180,60,True,1690.7465941899184,1691.7378069241554,2011.601490678983,2013.2207644463767,1190.7032246425324,1634.99999962,24260.18864900812,24785.9737763554,25249.83885870485,159.71400210059974,306.41068166670715,0.3952650176678445,233.08428922734572,632.1886490081176,0.0,mean_shortfall,159.71400210059974
X-n284-k15,283,cargo,ortools:robust_mean_1std_scaled_or_tools,robust_mean_1std_scaled_or_tools,ortools,True,True,True,15,23151.0,5.00072717666626,1.81896448135376,6.81969165802002,1626.8249999999998,0.995,pulp_cbc,mean_total_cost,23623.7503851201,,180,60,True,1690.7465941899184,1691.7378069241554,2011.601490678983,2013.2207644463767,1051.9142743034804,1635.00000055,23623.7503851201,24031.71708103608,24372.461290063045,160.27008775322238,307.16348845712434,0.3880918727915194,233.6403758099684,472.7503851201091,0.0,mean_shortfall,160.27008775322238
X-n284-k15,283,cold_chain,ortools:robust_mean_2std_scaled_or_tools,robust_mean_2std_scaled_or_tools,ortools,True,True,True,15,23628.0,4.998699903488159,1.6514716148376465,6.650171518325806,1626.8249999999998,0.995,pulp_cbc,mean_total_cost,24566.60920983193,,180,60,True,1690.7465941899184,1691.7378069241554,2011.601490678983,2013.2207644463767,1352.0506187215994,1634.9999999799998,24566.60920983193,24874.301748434136,25179.087510657504,159.77004157967792,305.3531379736467,0.3837809187279152,233.140329066424,627.7363060098996,310.87290382203844,mean_shortfall,159.77004157967792
X-n284-k15,283,grocery,ortools:robust_mean_2std_scaled_or_tools,robust_mean_2std_scaled_or_tools,ortools,True,True,True,15,23628.0,4.998699903488159,1.4511325359344482,6.449832439422607,1626.8249999999998,0.995,pulp_cbc,mean_total_cost,24051.755407431872,,180,60,True,1690.7465941899184,1691.7378069241554,2011.601490678983,2013.2207644463767,591.0313266219346,1635.00000142,24051.755407431872,24297.30083614186,24537.176923600346,159.46755725611897,305.8250882063436,0.3946996466431095,232.83784618286492,423.755407431865,0.0,mean_shortfall,159.46755725611897
X-n106-k14,105,atm,ortools:nominal_or_tools,nominal_or_tools,ortools,True,True,True,14,27182.0,4.99911379814148,0.5392637252807617,5.538377523422241,7864.0,0.9361904761904762,pulp_cbc,mean_total_cost,30121.63981659178,,180,60,True,8678.48886970813,8708.388879095239,10372.84775102459,10379.445766360304,6667.126459423274,8400.000007999999,30121.63981659178,32011.109425330007,33087.8291147906,746.0519876687177,1289.048485150237,0.4023809523809524,1234.4007181841894,2939.639816591785,0.0,mean_total_cost,30121.63981659178
X-n106-k14,105,cargo,ortools:nominal_or_tools,nominal_or_tools,ortools,True,True,True,14,27182.0,4.99911379814148,0.4968898296356201,5.4960036277771,7864.0,0.9361904761904762,pulp_cbc,mean_total_cost,29399.197196480152,,180,60,True,8678.48886970813,8708.388879095239,10372.84775102459,10379.445766360304,6053.018468007391,8399.999992000001,29399.197196480152,30846.534779509475,31676.72264768545,748.7036037235138,1270.793755376944,0.4034285714285714,1237.0523182389857,2217.1971964801564,0.0,mean_total_cost,29399.197196480152
X-n106-k14,105,cold_chain,ortools:nominal_or_tools,nominal_or_tools,ortools,True,True,True,14,27182.0,4.99911379814148,0.5193181037902832,5.518431901931763,7864.0,0.9361904761904762,pulp_cbc,mean_total_cost,31507.22406377675,,180,60,True,8678.48886970813,8708.388879095239,10372.84775102459,10379.445766360304,7181.491686119698,8255.29003,31507.22406377675,32625.822849894208,33280.96812507401,750.2019494492474,1286.3673605254962,0.4047619047619047,1093.840701964719,2876.708010789284,1448.516052987469,mean_total_cost,31507.22406377675
X-n106-k14,105,grocery,ortools:nominal_or_tools,nominal_or_tools,ortools,True,True,True,14,27182.0,4.99911379814148,0.4895277023315429,5.488641500473023,7864.0,0.9361904761904762,pulp_cbc,mean_total_cost,29145.229311287658,,180,60,True,8678.48886970813,8708.388879095239,10372.84775102459,10379.445766360304,3219.316195358524,8282.21132,29145.229311287658,30015.70406876767,30574.761565707577,747.3939800727794,1293.4353895696945,0.4047619047619047,1117.954022588251,1963.2293112876616,0.0,mean_total_cost,29145.229311287658
X-n110-k13,109,atm,ortools:nominal_or_tools,nominal_or_tools,ortools,True,True,True,13,15387.0,4.9983298778533936,0.5045957565307617,5.502925634384155,816.0,0.951048951048951,pulp_cbc,mean_total_cost,15771.017049835767,,180,60,True,922.107056749831,926.0446089731709,1096.1448904465033,1097.6485758926672,784.1691188185447,858.0,15771.017049835767,16133.345260065851,16508.303565190985,99.04286376943988,203.91716422881476,0.4331192660550458,112.57085551928638,384.0170498357717,0.0,mean_total_cost,15771.017049835767
X-n110-k13,109,cargo,ortools:nominal_or_tools,nominal_or_tools,ortools,True,True,True,13,15387.0,4.9983298778533936,0.5144665241241455,5.512796401977539,816.0,0.951048951048951,pulp_cbc,mean_total_cost,15675.694391370784,,180,60,True,922.107056749831,926.0446089731709,1096.1448904465033,1097.6485758926672,707.8825661664977,858.0000013,15675.694391370784,15954.47608693251,16236.435540208044,99.70885234610644,204.0941139726614,0.4394495412844036,113.23684539595298,288.69439137078496,0.0,mean_total_cost,15675.694391370784
X-n110-k13,109,cold_chain,ortools:nominal_or_tools,nominal_or_tools,ortools,True,True,True,13,15387.0,4.9983298778533936,0.5383744239807129,5.536704301834106,816.0,0.951048951048951,pulp_cbc,mean_total_cost,15893.237235238385,,180,60,True,922.107056749831,926.0446089731709,1096.1448904465033,1097.6485758926672,811.2708670469736,851.1476835,15893.237235238385,16107.00212189642,16375.001687934486,99.73086221219144,206.87891332145736,0.4328440366972477,106.40653746203796,352.5618171978078,153.67541804057473,mean_total_cost,15893.237235238385
X-n110-k13,109,grocery,ortools:nominal_or_tools,nominal_or_tools,ortools,True,True,True,13,15387.0,4.9983298778533936,0.4962594509124756,5.494589328765869,816.0,0.951048951048951,pulp_cbc,mean_total_cost,15632.00672222644,,180,60,True,922.107056749831,926.0446089731709,1096.1448904465033,1097.6485758926672,372.945215678737,852.0403297,15632.00672222644,15804.376134204698,16006.038629710576,99.41213678591396,205.83336426653997,0.4330275229357798,106.98045823576044,245.0067222264385,0.0,mean_total_cost,15632.00672222644
X-n115-k10,114,atm,ortools:nominal_or_tools,nominal_or_tools,ortools,True,True,True,10,13099.0,5.003995418548584,0.5837461948394775,5.5877416133880615,1535.0,0.908284023668639,pulp_cbc,mean_total_cost,13888.043235337062,,180,60,True,1696.498515200886,1698.9645533588098,2024.6258510269995,2026.4340508376151,1387.9930201967934,1690.00001105,13888.043235337062,14612.578257305331,15196.23403509162,191.12834329492475,384.43172304472273,0.3907894736842105,283.93251268223,789.0432353370614,0.0,mean_total_cost,13888.043235337062
X-n115-k10,114,cargo,ortools:nominal_or_tools,nominal_or_tools,ortools,True,True,True,10,13099.0,5.003995418548584,0.6016607284545898,5.605656147003174,1535.0,0.908284023668639,pulp_cbc,mean_total_cost,13691.230347302237,,180,60,True,1696.498515200886,1698.9645533588098,2024.6258510269995,2026.4340508376151,1251.9073817414142,1690.00001484,13691.230347302237,14227.539913940604,14687.332806740416,192.51108688542715,381.9357180356367,0.4004385964912281,285.31526006273253,592.2303473022367,0.0,mean_total_cost,13691.230347302237
X-n115-k10,114,cold_chain,ortools:nominal_or_tools,nominal_or_tools,ortools,True,True,True,10,13099.0,5.003995418548584,0.5978717803955078,5.601867198944092,1535.0,0.908284023668639,pulp_cbc,mean_total_cost,14177.35576551884,,180,60,True,1696.498515200886,1698.9645533588098,2024.6258510269995,2026.4340508376151,1553.3065079586236,1684.3766313,14177.35576551884,14620.54500688184,15009.641678687014,192.273673417893,387.2365265266701,0.3831578947368421,279.4544630551983,786.6566120546804,291.6991534641582,mean_total_cost,14177.35576551884
X-n115-k10,114,grocery,ortools:nominal_or_tools,nominal_or_tools,ortools,True,True,True,10,13099.0,5.003995418548584,0.5860910415649414,5.590086460113525,1535.0,0.908284023668639,pulp_cbc,mean_total_cost,13626.674675992115,,180,60,True,1696.498515200886,1698.9645533588098,2024.6258510269995,2026.4340508376151,692.3372890060228,1690.0000119,13626.674675992115,13980.923156975514,14275.745079012073,191.13393711233812,385.8153074665875,0.3858771929824561,283.9381073496435,527.6746759921159,0.0,mean_total_cost,13626.674675992115
X-n120-k6,119,atm,ortools:nominal_or_tools,nominal_or_tools,ortools,True,True,True,6,14034.0,5.004239797592163,0.7788379192352295,5.783077716827393,119.0,0.9444444444444444,pulp_cbc,mean_total_cost,14084.440466728183,,180,60,True,133.52122460451002,133.78447753711538,155.4085028189589,155.70208638891222,105.60603825179771,126.00000003,14084.440466728183,14125.044277061064,14151.147792106878,13.0717933282412,24.73672109046113,0.4289915966386554,17.31646533202953,50.44046672818464,0.0,mean_total_cost,14084.440466728183
X-n120-k6,119,cargo,ortools:nominal_or_tools,nominal_or_tools,ortools,True,True,True,6,14034.0,5.004239797592163,0.813718318939209,5.817958116531372,119.0,0.9444444444444444,pulp_cbc,mean_total_cost,14072.622741154588,,180,60,True,133.52122460451002,133.78447753711538,155.4085028189589,155.70208638891222,96.16922462156704,125.99999957,14072.622741154588,14103.771102313593,14124.155158921038,13.190203505420222,24.78263066159108,0.4292436974789916,17.43487504920856,38.62274115458888,0.0,mean_total_cost,14072.622741154588
X-n120-k6,119,cold_chain,ortools:nominal_or_tools,nominal_or_tools,ortools,True,True,True,6,14034.0,5.004239797592163,0.8517904281616211,5.856030225753784,119.0,0.9444444444444444,pulp_cbc,mean_total_cost,14103.014175370912,,180,60,True,133.52122460451002,133.78447753711538,155.4085028189589,155.70208638891222,110.92391703632164,123.97941259,14103.014175370912,14127.39108417236,14145.334494239907,13.249015981685568,24.79878139942487,0.432016806722689,15.4731005454739,47.0182204331258,21.995954937787594,mean_total_cost,14103.014175370912
X-n120-k6,119,grocery,ortools:nominal_or_tools,nominal_or_tools,ortools,True,True,True,6,14034.0,5.004239797592163,0.7355120182037354,5.739751815795898,119.0,0.9444444444444444,pulp_cbc,mean_total_cost,14066.623888720327,,180,60,True,133.52122460451002,133.78447753711538,155.4085028189589,155.70208638891222,50.86626245262825,124.38679032999998,14066.623888720327,14085.98968493446,14099.851150561848,13.13752691115852,24.72279216029031,0.432016806722689,15.768989214946853,32.623888720329404,0.0,mean_total_cost,14066.623888720327
X-n129-k18,128,atm,ortools:nominal_or_tools,nominal_or_tools,ortools,True,True,True,18,30677.0,5.004807949066162,0.6737518310546875,5.67855978012085,665.0,0.9472934472934472,pulp_cbc,mean_total_cost,31021.864449391047,,180,60,True,727.1353695075978,729.545141336595,853.7757199603714,854.5229848707611,645.4216436112231,679.05212775,31021.864449391047,31270.87204174966,31551.51062035572,88.59451706416023,156.65702160571976,0.471171875,80.73357568596097,344.86444939105365,0.0,mean_total_cost,31021.864449391047
X-n129-k18,128,cargo,ortools:nominal_or_tools,nominal_or_tools,ortools,True,True,True,18,30677.0,5.004807949066162,0.6992523670196533,5.704060316085815,665.0,0.9472934472934472,pulp_cbc,mean_total_cost,30936.32764338438,,180,60,True,727.1353695075978,729.545141336595,853.7757199603714,854.5229848707611,583.0106142822812,684.6135868199999,30936.32764338438,31125.865117232428,31337.113664973287,88.97416145011725,156.29027560003348,0.4696875,86.674679141918,259.32764338438125,0.0,mean_total_cost,30936.32764338438
X-n129-k18,128,cold_chain,ortools:nominal_or_tools,nominal_or_tools,ortools,True,True,True,18,30677.0,5.004807949066162,0.6485977172851562,5.653405666351318,665.0,0.9472934472934472,pulp_cbc,mean_total_cost,31106.32167238129,,180,60,True,727.1353695075978,729.545141336595,853.7757199603714,854.5229848707611,669.4927528839708,674.2713961300001,31106.32167238129,31259.180597263217,31455.17252554757,88.84787400943905,157.40315892932122,0.462578125,76.20620101123977,305.6054501960039,123.71622218529032,mean_total_cost,31106.32167238129
X-n129-k18,128,grocery,ortools:nominal_or_tools,nominal_or_tools,ortools,True,True,True,18,30677.0,5.004807949066162,0.5776932239532471,5.582501173019409,665.0,0.9472934472934472,pulp_cbc,mean_total_cost,30890.037831338188,,180,60,True,727.1353695075978,729.545141336595,853.7757199603714,854.5229848707611,301.7522404583505,674.7279610799999,30890.037831338188,31009.36987225105,31160.36910695676,88.59307097339908,157.0510840690904,0.469921875,76.4079629251998,213.03783133818703,0.0,mean_total_cost,30890.037831338188
X-n134-k13,133,atm,ortools:nominal_or_tools,nominal_or_tools,ortools,True,True,True,13,13345.0,5.001290559768677,0.5896894931793213,5.590980052947998,8220.0,0.9833712166527095,pulp_cbc,mean_total_cost,17142.03329203635,,180,60,True,9183.395205809104,9198.564456324051,11030.147738079117,11050.704860248838,8182.758718488845,8359.000004099998,17142.03329203635,19554.89584994804,23189.38603055833,994.3474221389253,1687.684711698791,0.4618796992481203,932.4230451074056,3797.033292036345,0.0,mean_total_cost,17142.03329203635
X-n134-k13,133,cargo,ortools:nominal_or_tools,nominal_or_tools,ortools,True,True,True,13,13345.0,5.001290559768677,0.5704238414764404,5.571714401245117,8220.0,0.9833712166527095,pulp_cbc,mean_total_cost,16133.880645325393,,180,60,True,9183.395205809104,9198.564456324051,11030.147738079117,11050.704860248838,7248.887995650904,8358.9999894,16133.880645325393,17953.906594645265,20628.714215272303,995.2737669849158,1684.4013702805944,0.4552631578947368,933.3493752533964,2788.8806453253906,0.0,mean_total_cost,16133.880645325393
X-n134-k13,133,cold_chain,ortools:nominal_or_tools,nominal_or_tools,ortools,True,True,True,13,13345.0,5.001290559768677,0.5933163166046143,5.594606876373291,8220.0,0.9833712166527095,pulp_cbc,mean_total_cost,18203.338145199945,,180,60,True,9183.395205809104,9198.564456324051,11030.147738079117,11050.704860248838,8254.31167412079,8358.9999962,18203.338145199945,19711.02829239527,22119.48431690842,992.5806311838808,1702.6900460518189,0.4570676691729323,930.6562462523613,3406.0823207562166,1452.2558244437244,mean_total_cost,18203.338145199945
X-n134-k13,133,grocery,ortools:nominal_or_tools,nominal_or_tools,ortools,True,True,True,13,13345.0,5.001290559768677,0.5700087547302246,5.571299314498901,8220.0,0.9833712166527095,pulp_cbc,mean_total_cost,15713.694692679994,,180,60,True,9183.395205809104,9198.564456324051,11030.147738079117,11050.704860248838,3794.671416565535,8358.9999971,15713.694692679994,16871.261124253295,18768.380921751148,993.9633297499514,1691.349984439562,0.4583458646616541,932.0389457184316,2368.694692679994,0.0,mean_total_cost,15713.694692679994
X-n139-k10,138,atm,ortools:nominal_or_tools,nominal_or_tools,ortools,True,True,True,10,14826.0,5.0046446323394775,0.7796299457550049,5.784274578094482,1039.0,0.980188679245283,pulp_cbc,mean_total_cost,15254.712424182664,,180,60,True,1146.307606641427,1148.216888591183,1334.618975008724,1335.9433230902955,891.7120052975389,1059.9999998,15254.712424182664,15546.773980893136,15906.127550444664,110.99154556308928,192.30319894942173,0.4189130434782608,129.60175923298505,428.7124241826681,0.0,mean_total_cost,15254.712424182664
X-n139-k10,138,cargo,ortools:nominal_or_tools,nominal_or_tools,ortools,True,True,True,10,14826.0,5.0046446323394775,0.9582056999206544,5.962850332260132,1039.0,0.980188679245283,pulp_cbc,mean_total_cost,15148.825760118523,,180,60,True,1146.307606641427,1148.216888591183,1334.618975008724,1335.9433230902955,794.6136094851357,1059.9999983000002,15148.825760118523,15373.116953939872,15647.350030235324,112.14847661418293,193.29840657668265,0.421231884057971,130.75868878407874,322.8257601185224,0.0,mean_total_cost,15148.825760118523
X-n139-k10,138,cold_chain,ortools:nominal_or_tools,nominal_or_tools,ortools,True,True,True,10,14826.0,5.0046446323394775,0.8400595188140869,5.8447041511535645,1039.0,0.980188679245283,pulp_cbc,mean_total_cost,15424.59716988034,,180,60,True,1146.307606641427,1148.216888591183,1334.618975008724,1335.9433230902955,940.7764380044322,1060.0000006,15424.59716988034,15586.794522692342,15833.456312921891,111.27430625092067,192.08438468720763,0.4131159420289855,129.88452072081645,401.8915189025117,196.705650977827,mean_total_cost,15424.59716988034
X-n139-k10,138,grocery,ortools:nominal_or_tools,nominal_or_tools,ortools,True,True,True,10,14826.0,5.0046446323394775,0.7540743350982666,5.758718967437744,1039.0,0.980188679245283,pulp_cbc,mean_total_cost,15103.498338373483,,180,60,True,1146.307606641427,1148.216888591183,1334.618975008724,1335.9433230902955,429.19946449789137,1060.0000001,15103.498338373483,15239.11667859741,15425.283295175284,111.13279572437617,192.60854910479824,0.4184782608695652,129.74300969427196,277.49833837348194,0.0,mean_total_cost,15103.498338373483
X-n143-k7,142,atm,ortools:nominal_or_tools,nominal_or_tools,ortools,True,True,True,7,16647.0,4.997495174407959,0.7632842063903809,5.76077938079834,7475.0,0.897358943577431,pulp_cbc,mean_total_cost,19948.30384636408,,180,60,True,8295.848620495428,8316.617424477572,9916.867451961063,9925.630118934274,6830.15758836943,7970.1642286,19948.30384636408,22331.5984104919,25391.355129194108,828.984086857628,1486.3732397893032,0.4138028169014084,1252.4808097582568,3301.303846364084,0.0,mean_total_cost,19948.30384636408
X-n143-k7,142,cargo,ortools:nominal_or_tools,nominal_or_tools,ortools,True,True,True,7,16647.0,4.997495174407959,0.8243343830108643,5.821829557418823,7475.0,0.897358943577431,pulp_cbc,mean_total_cost,19135.0922294366,,180,60,True,8295.848620495428,8316.617424477572,9916.867451961063,9925.630118934274,6116.907421292005,8036.4702633,19135.0922294366,20979.610286231014,23270.309814947963,838.8736295151617,1498.099185891386,0.4216197183098591,1328.6763871157905,2488.092229436594,0.0,mean_total_cost,19135.0922294366
X-n143-k7,142,cold_chain,ortools:nominal_or_tools,nominal_or_tools,ortools,True,True,True,7,16647.0,4.997495174407959,0.750403881072998,5.747899055480957,7475.0,0.897358943577431,pulp_cbc,mean_total_cost,21304.58940528911,,180,60,True,8295.848620495428,8316.617424477572,9916.867451961063,9925.630118934274,7358.468664672981,7770.392864299999,21304.58940528911,22709.18708927367,24853.17028736613,839.9678908319127,1516.422083173886,0.4073943661971831,1063.6932494325415,3164.8115283780894,1492.777876911022,mean_total_cost,21304.58940528911
X-n143-k7,142,grocery,ortools:nominal_or_tools,nominal_or_tools,ortools,True,True,True,7,16647.0,4.997495174407959,0.6792843341827393,5.676779508590698,7475.0,0.897358943577431,pulp_cbc,mean_total_cost,18806.72263989548,,180,60,True,8295.848620495428,8316.617424477572,9916.867451961063,9925.630118934274,3326.395551936623,7801.3521553,18806.72263989548,19921.8493886045,21574.84869546841,834.0369295559663,1493.3080409473455,0.4135211267605634,1088.721579156595,2159.722639895477,0.0,mean_total_cost,18806.72263989548
X-n157-k13,156,atm,ortools:nominal_or_tools,nominal_or_tools,ortools,True,True,True,13,17404.0,5.004091501235962,0.8313808441162109,5.835472345352173,156.0,1.0,pulp_cbc,mean_total_cost,17479.25300431866,,180,60,True,171.99406906934314,172.27034686930705,198.0995518853173,198.5245135344457,139.72863067738018,155.99999984,17479.25300431866,17541.77704308251,17598.73491550069,20.05007451055448,38.08508683920552,0.4858333333333333,15.13073078610472,75.25300431865746,0.0,mean_total_cost,17479.25300431866
X-n157-k13,156,cargo,ortools:nominal_or_tools,nominal_or_tools,ortools,True,True,True,13,17404.0,5.004091501235962,0.953848123550415,5.957939624786377,156.0,1.0,pulp_cbc,mean_total_cost,17461.156715696787,,180,60,True,171.99406906934314,172.27034686930705,198.0995518853173,198.5245135344457,125.73913654964396,156.00000009,17461.156715696787,17508.679122258494,17552.556374565043,20.09683141085263,37.89464751415766,0.4880128205128205,15.177487936402862,57.15671569678628,0.0,mean_total_cost,17461.156715696787
X-n157-k13,156,cold_chain,ortools:nominal_or_tools,nominal_or_tools,ortools,True,True,True,13,17404.0,5.004091501235962,0.850672721862793,5.854764223098755,156.0,1.0,pulp_cbc,mean_total_cost,17497.676471241637,,180,60,True,171.99406906934314,172.27034686930705,198.0995518853173,198.5245135344457,143.382706703696,156.00000021,17497.676471241637,17535.647462839293,17576.108420739114,20.0378359153176,37.87202241648558,0.4846794871794871,15.118492560867836,64.90946400086516,28.76700724077333,mean_total_cost,17497.676471241637
X-n157-k13,156,grocery,ortools:nominal_or_tools,nominal_or_tools,ortools,True,True,True,13,17404.0,5.004091501235962,0.7795500755310059,5.783641576766968,156.0,1.0,pulp_cbc,mean_total_cost,17450.07574570221,,180,60,True,171.99406906934314,172.27034686930705,198.0995518853173,198.5245135344457,65.9157640201691,155.99999963,17450.07574570221,17480.704969352133,17510.81615112449,20.03704729800856,38.110260588633054,0.4849358974358974,15.117703363558787,46.07574570220766,0.0,mean_total_cost,17450.07574570221
X-n162-k11,161,atm,ortools:nominal_or_tools,nominal_or_tools,ortools,True,True,True,11,14676.0,5.001288414001465,0.7587738037109375,5.760062217712402,12194.0,0.9442465541273036,pulp_cbc,mean_total_cost,19460.500355052507,,180,60,True,14041.602423680102,14059.25864279868,17116.69937454782,17172.81426272881,12140.944531197709,12913.999987,19460.500355052507,22717.5423827828,26118.425226426298,1220.4433651916677,2114.744766996563,0.3960248447204968,1726.9244409578607,4784.500355052503,0.0,mean_total_cost,19460.500355052507
X-n162-k11,161,cargo,ortools:nominal_or_tools,nominal_or_tools,ortools,True,True,True,11,14676.0,5.001288414001465,0.8207454681396484,5.822033882141113,12194.0,0.9442465541273036,pulp_cbc,mean_total_cost,18315.10124860861,,180,60,True,14041.602423680102,14059.25864279868,17116.69937454782,17172.81426272881,11043.309569841622,12913.999995,18315.10124860861,20857.133128244488,23413.65267560705,1245.320340917405,2146.1852207710326,0.4049689440993789,1751.8014246835985,3639.101248608613,0.0,mean_total_cost,18315.10124860861
X-n162-k11,161,cold_chain,ortools:nominal_or_tools,nominal_or_tools,ortools,True,True,True,11,14676.0,5.001288414001465,0.8322689533233643,5.833557367324829,12194.0,0.9442465541273036,pulp_cbc,mean_total_cost,21763.022668379053,,180,60,True,14041.602423680102,14059.25864279868,17116.69937454782,17172.81426272881,12531.850276852678,12913.99998,21763.022668379053,23666.579427217963,25881.389669429816,1227.3385237975133,2138.53994779824,0.3877018633540373,1733.819592563707,4693.071110755261,2393.951557623791,mean_total_cost,21763.022668379053
X-n162-k11,161,grocery,ortools:nominal_or_tools,nominal_or_tools,ortools,True,True,True,11,14676.0,5.001288414001465,0.8082292079925537,5.8095176219940186,12194.0,0.9442465541273036,pulp_cbc,mean_total_cost,17869.441084810645,,180,60,True,14041.602423680102,14059.25864279868,17116.69937454782,17172.81426272881,5694.826362650165,12913.999975,17869.441084810645,19394.39464729739,21119.1569230624,1221.000530527605,2120.9649436904274,0.3943478260869565,1727.4815942937985,3193.4410848106468,0.0,mean_total_cost,17869.441084810645
X-n167-k10,166,atm,ortools:nominal_or_tools,nominal_or_tools,ortools,True,True,True,10,22643.0,5.004618644714356,0.7983934879302979,5.803012132644653,1236.0,0.9293233082706768,pulp_cbc,mean_total_cost,23163.24294133509,,180,60,True,1338.4496844448638,1339.8281173836035,1575.9630876437734,1578.5498416441526,940.6715663129336,1329.9999995999997,23163.24294133509,23563.157740280734,23770.99792970313,131.9194145496985,242.8940011921804,0.4179518072289157,200.79202178675956,520.2429413351048,0.0,mean_total_cost,23163.24294133509
X-n167-k10,166,cargo,ortools:nominal_or_tools,nominal_or_tools,ortools,True,True,True,10,22643.0,5.004618644714356,0.8332548141479492,5.837873458862305,1236.0,0.9293233082706768,pulp_cbc,mean_total_cost,23039.02601984466,,180,60,True,1338.4496844448638,1339.8281173836035,1575.9630876437734,1578.5498416441526,848.1743185872255,1330.0000014999998,23039.02601984466,23342.279733370397,23508.987710037465,133.0004322797123,243.34616059123687,0.4156626506024096,201.8730414167734,396.02601984466,0.0,mean_total_cost,23039.02601984466
X-n167-k10,166,cold_chain,ortools:nominal_or_tools,nominal_or_tools,ortools,True,True,True,10,22643.0,5.004618644714356,0.8749227523803711,5.879541397094727,1236.0,0.9293233082706768,pulp_cbc,mean_total_cost,23377.393308375234,,180,60,True,1338.4496844448638,1339.8281173836035,1575.9630876437734,1578.5498416441526,1066.3955532479397,1297.4679677,23377.393308375234,23615.670365371418,23756.647039986143,133.92845737652704,244.77774644226167,0.4178915662650602,170.26903271358802,496.2015334049773,238.191774970258,mean_total_cost,23377.393308375234
X-n167-k10,166,grocery,ortools:nominal_or_tools,nominal_or_tools,ortools,True,True,True,10,22643.0,5.004618644714356,0.8559460639953613,5.860564708709717,1236.0,0.9293233082706768,pulp_cbc,mean_total_cost,22983.964583887257,,180,60,True,1338.4496844448638,1339.8281173836035,1575.9630876437734,1578.5498416441526,467.9930757917623,1302.6125662999998,22983.964583887257,23175.22567632324,23283.24409283473,133.22360185497277,244.53301077198392,0.4216265060240964,174.7087757920338,340.9645838872534,0.0,mean_total_cost,22983.964583887257
X-n181-k23,180,atm,ortools:nominal_or_tools,nominal_or_tools,ortools,True,True,True,23,26232.0,5.006552219390869,0.9694437980651855,5.975996017456055,180.0,0.9782608695652174,pulp_cbc,mean_total_cost,26308.672273118093,,180,60,True,197.95924832567653,198.6785845016122,228.80907667940576,229.20917736249467,159.83334841120256,184.00000012,26308.672273118093,26361.429821555957,26429.44821836779,20.134476781116216,35.19385500772312,0.438,21.929824345220723,76.6722731180917,0.0,mean_total_cost,26308.672273118093
X-n181-k23,180,cargo,ortools:nominal_or_tools,nominal_or_tools,ortools,True,True,True,23,26232.0,5.006552219390869,1.0548181533813477,6.061370372772217,180.0,0.9782608695652174,pulp_cbc,mean_total_cost,26290.196162415206,,180,60,True,197.95924832567653,198.6785845016122,228.80907667940576,229.20917736249467,145.8125077601529,184.00000007,26290.196162415206,26332.668980639977,26382.99501551019,20.197191538655883,35.32908999299857,0.4393333333333333,21.9925390527604,58.196162415212505,0.0,mean_total_cost,26290.196162415206
X-n181-k23,180,cold_chain,ortools:nominal_or_tools,nominal_or_tools,ortools,True,True,True,23,26232.0,5.006552219390869,0.895362377166748,5.901914596557617,180.0,0.9782608695652174,pulp_cbc,mean_total_cost,26335.60558614547,,180,60,True,197.95924832567653,198.6785845016122,228.80907667940576,229.20917736249467,166.65173155008748,184.0,26335.60558614547,26365.283535634757,26412.735213319724,20.13194948273869,35.156517714301714,0.4351111111111111,21.9272969268432,70.38027209030612,33.22531405516114,mean_total_cost,26335.60558614547
X-n181-k23,180,grocery,ortools:nominal_or_tools,nominal_or_tools,ortools,True,True,True,23,26232.0,5.006552219390869,0.8405144214630127,5.847066640853882,180.0,0.9782608695652174,pulp_cbc,mean_total_cost,26280.96991929631,,180,60,True,197.95924832567653,198.6785845016122,228.80907667940576,229.20917736249467,75.15426507725716,184.00000018000003,26280.96991929631,26305.40570086752,26341.34450331273,20.07043835433316,35.190443985019286,0.4357777777777777,21.86578597843767,48.96991929630506,0.0,mean_total_cost,26280.96991929631
X-n186-k15,185,atm,ortools:nominal_or_tools,nominal_or_tools,ortools,True,True,True,15,25982.0,5.000514984130859,1.1521151065826416,6.152630090713501,13853.0,0.948186173853525,pulp_cbc,mean_total_cost,32112.8356977536,,180,60,True,15309.918049106676,15348.692003297172,18004.971786960705,18023.35742731036,12220.391178127826,14343.799855,32112.8356977536,38226.97655087672,43781.585330017566,1577.7770544373705,3295.1498174657195,0.4124324324324324,1936.0507017146315,6130.835697753599,0.0,mean_total_cost,32112.8356977536
X-n186-k15,185,cargo,ortools:nominal_or_tools,nominal_or_tools,ortools,True,True,True,15,25982.0,5.000514984130859,1.214869260787964,6.215384244918823,13853.0,0.948186173853525,pulp_cbc,mean_total_cost,30634.289031294404,,180,60,True,15309.918049106676,15348.692003297172,18004.971786960705,18023.35742731036,11044.80104736954,14389.361477,30634.289031294404,35399.548552649365,39569.73531629684,1582.3717028811595,3290.216458686233,0.412054054054054,1986.20697215842,4652.289031294397,0.0,mean_total_cost,30634.289031294404
X-n186-k15,185,cold_chain,ortools:nominal_or_tools,nominal_or_tools,ortools,True,True,True,15,25982.0,5.000514984130859,1.1782708168029783,6.178785800933838,13853.0,0.948186173853525,pulp_cbc,mean_total_cost,34349.420583071915,,180,60,True,15309.918049106676,15348.692003297172,18004.971786960705,18023.35742731036,12906.213090982705,14223.365054000002,34349.420583071915,37977.237133358925,41919.31879284005,1590.0930002231191,3325.337597368472,0.4115675675675675,1827.9318465003796,5729.417079919984,2638.0035031519315,mean_total_cost,34349.420583071915
X-n186-k15,185,grocery,ortools:nominal_or_tools,nominal_or_tools,ortools,True,True,True,15,25982.0,5.000514984130859,0.9412171840667723,5.941732168197632,13853.0,0.948186173853525,pulp_cbc,mean_total_cost,29945.522734983788,,180,60,True,15309.918049106676,15348.692003297172,18004.971786960705,18023.35742731036,5832.649495699479,14245.466772,29945.522734983788,32878.45162898503,35834.106381755475,1582.5945774304882,3322.369188731112,0.4128648648648648,1842.5351417077493,3963.522734983785,0.0,mean_total_cost,29945.522734983788
X-n190-k8,189,atm,ortools:nominal_or_tools,nominal_or_tools,ortools,True,True,True,8,18122.0,4.99577260017395,1.1315031051635742,6.127275705337524,1043.0,0.9447463768115942,pulp_cbc,mean_total_cost,18646.926906706543,,180,60,True,1163.1102271100574,1164.541932744727,1415.5336601339425,1417.944225661104,961.8985033266662,1103.99999873,18646.926906706543,19095.17775382828,19513.126141123008,132.74381928751717,255.15653368391864,0.4373544973544973,156.63556372071085,524.9269067065385,0.0,mean_total_cost,18646.926906706543
X-n190-k8,189,cargo,ortools:nominal_or_tools,nominal_or_tools,ortools,True,True,True,8,18122.0,4.99577260017395,1.168423414230347,6.164196014404297,1043.0,0.9447463768115942,pulp_cbc,mean_total_cost,18522.03791541597,,180,60,True,1163.1102271100574,1164.541932744727,1415.5336601339425,1417.944225661104,874.8315352893057,1104.0000008799998,18522.03791541597,18870.2627981261,19189.185698148543,133.07642489797306,254.4981511348892,0.4373015873015873,156.9681714811667,400.03791541596814,0.0,mean_total_cost,18522.03791541597
X-n190-k8,189,cold_chain,ortools:nominal_or_tools,nominal_or_tools,ortools,True,True,True,8,18122.0,4.99577260017395,1.117808818817139,6.113581418991089,1043.0,0.9447463768115942,pulp_cbc,mean_total_cost,18821.077797991693,,180,60,True,1163.1102271100574,1164.541932744727,1415.5336601339425,1417.944225661104,1031.502243782052,1104.00000058,18821.077797991693,19080.84059263589,19375.28188812998,132.93585514798207,254.5441206035008,0.4286772486772486,156.8276014311757,492.4648437992675,206.61295419242416,mean_total_cost,18821.077797991693
X-n190-k8,189,grocery,ortools:nominal_or_tools,nominal_or_tools,ortools,True,True,True,8,18122.0,4.99577260017395,0.993028163909912,5.988800764083862,1043.0,0.9447463768115942,pulp_cbc,mean_total_cost,18459.49324779236,,180,60,True,1163.1102271100574,1164.541932744727,1415.5336601339425,1417.944225661104,463.0590066232898,1104.00000073,18459.49324779236,18670.007532013733,18893.426437273643,132.61991425240248,254.93542123469024,0.4332275132275132,156.51166068559618,337.4932477923631,0.0,mean_total_cost,18459.49324779236
X-n204-k19,203,atm,ortools:nominal_or_tools,nominal_or_tools,ortools,True,True,True,19,21213.0,5.0000481605529785,1.1762723922729492,6.176320552825928,15135.0,0.9528456308234702,pulp_cbc,mean_total_cost,27832.74427237665,,180,60,True,16657.037292963792,16667.364983390977,19151.0805427942,19176.69172760544,11679.752142882606,15883.999994,27832.74427237665,33661.1271389721,39802.39250675621,1712.1553267546076,3356.079749181097,0.4201970443349753,1995.1364808395365,6619.744272376654,0.0,mean_total_cost,27832.74427237665
X-n204-k19,203,cargo,ortools:nominal_or_tools,nominal_or_tools,ortools,True,True,True,19,21213.0,5.0000481605529785,1.3087539672851562,6.308802127838135,15135.0,0.9528456308234702,pulp_cbc,mean_total_cost,26242.80892617275,,180,60,True,16657.037292963792,16667.364983390977,19151.0805427942,19176.69172760544,10466.42422687535,15883.999991,26242.80892617275,30810.639164918462,35389.566552870405,1721.6077881512217,3377.9023594757027,0.4196059113300492,2004.5889392361507,5029.808926172746,0.0,mean_total_cost,26242.80892617275
X-n204-k19,203,cold_chain,ortools:nominal_or_tools,nominal_or_tools,ortools,True,True,True,19,21213.0,5.0000481605529785,1.0130696296691897,6.013117790222168,15135.0,0.9528456308234702,pulp_cbc,mean_total_cost,30349.77510188279,,180,60,True,16657.037292963792,16667.364983390977,19151.0805427942,19176.69172760544,12951.501959464737,15884.000013,30349.77510188279,33719.669192612586,37956.876595964924,1713.2096476957406,3343.763937415262,0.4156650246305419,1996.19082078067,6187.095643717875,2949.679458164921,mean_total_cost,30349.77510188279
X-n204-k19,203,grocery,ortools:nominal_or_tools,nominal_or_tools,ortools,True,True,True,19,21213.0,5.0000481605529785,1.0173776149749756,6.017425775527954,15135.0,0.9528456308234702,pulp_cbc,mean_total_cost,25480.179713531237,,180,60,True,16657.037292963792,16667.364983390977,19151.0805427942,19176.69172760544,5740.848454917885,15884.000012,25480.179713531237,28255.32763597201,31449.400252192518,1710.8553747607466,3362.2858266737144,0.4196551724137931,1993.8365468456752,4267.179713531227,0.0,mean_total_cost,25480.179713531237
X-n209-k16,208,atm,ortools:nominal_or_tools,nominal_or_tools,ortools,True,True,True,16,32468.0,5.000096559524536,1.166332721710205,6.166429281234741,1547.0,0.9573019801980198,pulp_cbc,mean_total_cost,33125.08862281038,,180,60,True,1728.5373708196844,1732.707831817492,2088.5534407537966,2090.6974809885087,1393.196367961813,1616.0,33125.08862281038,33618.254967338566,34145.95434159225,168.98839236560966,309.41665682907075,0.418125,209.73719517061448,657.0886228103674,0.0,mean_total_cost,33125.08862281038
X-n209-k16,208,cargo,ortools:nominal_or_tools,nominal_or_tools,ortools,True,True,True,16,32468.0,5.000096559524536,1.2019352912902832,6.202031850814819,1547.0,0.9573019801980198,pulp_cbc,mean_total_cost,32967.88936156392,,180,60,True,1728.5373708196844,1732.707831817492,2088.5534407537966,2090.6974809885087,1268.0271961572364,1615.9999984,32967.88936156392,33350.44114296016,33751.17079314795,169.83330780307003,309.4771114250763,0.4171153846153846,210.58210900807487,499.8893615639117,0.0,mean_total_cost,32967.88936156392
X-n209-k16,208,cold_chain,ortools:nominal_or_tools,nominal_or_tools,ortools,True,True,True,16,32468.0,5.000096559524536,1.20863676071167,6.208733320236206,1547.0,0.9573019801980198,pulp_cbc,mean_total_cost,33383.66934647551,,180,60,True,1728.5373708196844,1732.707831817492,2088.5534407537966,2090.6974809885087,1467.642604683375,1615.9999988,33383.66934647551,33664.28004397765,34021.652083240784,169.07571503200307,309.306776340984,0.4119230769230769,209.82451663700792,621.2639202694689,294.40542620604026,mean_total_cost,33383.66934647551
X-n209-k16,208,grocery,ortools:nominal_or_tools,nominal_or_tools,ortools,True,True,True,16,32468.0,5.000096559524536,1.0624549388885498,6.062551498413086,1547.0,0.9573019801980198,pulp_cbc,mean_total_cost,32895.282355706266,,180,60,True,1728.5373708196844,1732.707831817492,2088.5534407537966,2090.6974809885087,661.0592210367805,1615.9999977,32895.282355706266,33122.6465154596,33397.24237963702,168.79428169745367,309.5809971317456,0.4157692307692308,209.54308220245852,427.2823557062654,0.0,mean_total_cost,32895.282355706266
X-n214-k11,213,atm,ortools:quantile_p90_scaled_or_tools,quantile_p90_scaled_or_tools,ortools,True,True,True,11,12479.0,4.999559164047241,1.234210729598999,6.23376989364624,10332.080000000002,0.9950000000000002,pulp_cbc,mean_total_cost,17836.304401334324,,180,60,True,11525.098152614886,11542.610363831476,13483.907107768657,13521.958776987056,10141.243216124536,10384.000004100002,17836.304401334324,21285.021371317867,24932.58424503276,1376.1252235621546,2331.025481397395,0.4826291079812206,1180.02409069425,5357.304401334325,0.0,mean_total_cost,17836.304401334324
X-n214-k11,213,cargo,ortools:quantile_p90_scaled_or_tools,quantile_p90_scaled_or_tools,ortools,True,True,True,11,12479.0,4.999559164047241,1.2715847492218018,6.271143913269043,10332.080000000002,0.9950000000000002,pulp_cbc,mean_total_cost,16503.954249529328,,180,60,True,11525.098152614886,11542.610363831476,13483.907107768657,13521.958776987056,8948.640709374844,10384.0000057,16503.954249529328,19136.734095424286,21868.05131531645,1381.5547558174148,2339.267872353753,0.4827230046948357,1185.4536245495106,4024.95424952933,0.0,mean_total_cost,16503.954249529328
X-n214-k11,213,cold_chain,ortools:quantile_p90_scaled_or_tools,quantile_p90_scaled_or_tools,ortools,True,True,True,11,12479.0,4.999559164047241,1.1057028770446775,6.105262041091919,10332.080000000002,0.9950000000000002,pulp_cbc,mean_total_cost,19206.733716022023,,180,60,True,11525.098152614886,11542.610363831476,13483.907107768657,13521.958776987056,10345.505089670874,10384.0000028,19206.733716022023,21302.470724682255,23828.42354998028,1379.888620378997,2327.8216880422287,0.4776056338028169,1183.787486211092,4765.3109420471255,1962.422773974893,mean_total_cost,19206.733716022023
X-n214-k11,213,grocery,ortools:quantile_p90_scaled_or_tools,quantile_p90_scaled_or_tools,ortools,True,True,True,11,12479.0,4.999559164047241,1.1221835613250732,6.1217427253723145,10332.080000000002,0.9950000000000002,pulp_cbc,mean_total_cost,15804.02850456377,,180,60,True,11525.098152614886,11542.610363831476,13483.907107768657,13521.958776987056,4868.57238244873,10383.9999995,15804.02850456377,17486.339358945104,19380.30388208715,1374.6117746201985,2329.9903682836484,0.4794366197183098,1178.5106371522938,3325.02850456377,0.0,mean_total_cost,15804.02850456377
X-n219-k73,218,atm,ortools:nominal_or_tools,nominal_or_tools,ortools,True,True,True,73,118409.0,5.000907897949219,0.9235210418701172,5.924428939819336,218.0,0.9954337899543378,pulp_cbc,mean_total_cost,118514.15745135758,,180,60,True,242.376031709029,242.8534714087248,287.4950894029832,287.6885078827544,204.24892641199693,218.99999961,118514.15745135758,118611.83669575848,118694.31383813523,27.995285015216176,56.26442195714017,0.4765596330275229,22.945127786931124,105.15745135759056,0.0,mean_total_cost,118514.15745135758
X-n219-k73,218,cargo,ortools:nominal_or_tools,nominal_or_tools,ortools,True,True,True,73,118409.0,5.000907897949219,0.9790682792663574,5.979976177215576,218.0,0.9954337899543378,pulp_cbc,mean_total_cost,118488.95994834388,,180,60,True,242.376031709029,242.8534714087248,287.4950894029832,287.6885078827544,185.91736754155025,219.00000009,118488.95994834388,118564.14706487214,118627.5715264486,27.99694825428066,56.16297351072815,0.4738532110091743,22.946791505995613,79.95994834386953,0.0,mean_total_cost,118488.95994834388
X-n219-k73,218,cold_chain,ortools:nominal_or_tools,nominal_or_tools,ortools,True,True,True,73,118409.0,5.000907897949219,0.9510834217071532,5.951991319656372,218.0,0.9954337899543378,pulp_cbc,mean_total_cost,118540.77774208732,,180,60,True,242.376031709029,242.8534714087248,287.4950894029832,287.6885078827544,207.2313124099847,218.9537704,118540.77774208732,118600.43667007126,118658.61027817545,27.979400917778847,56.10604474334298,0.4736238532110092,22.8830144794938,91.79799193595645,39.97975015137228,mean_total_cost,118540.77774208732
X-n219-k73,218,grocery,ortools:nominal_or_tools,nominal_or_tools,ortools,True,True,True,73,118409.0,5.000907897949219,1.0650577545166016,6.06596565246582,218.0,0.9954337899543378,pulp_cbc,mean_total_cost,118473.914429938,,180,60,True,242.376031709029,242.8534714087248,287.4950894029832,287.6885078827544,94.88264610050318,218.99999979,118473.914429938,118521.28766149963,118565.24410569358,27.97943221724589,56.21660718120898,0.4758715596330275,22.92927516896085,64.91442993801611,0.0,mean_total_cost,118473.914429938
X-n223-k34,222,atm,ortools:nominal_or_tools,nominal_or_tools,ortools,True,True,True,34,44118.0,5.000498294830322,0.9178860187530518,5.918384313583374,1234.0,0.9809220985691574,pulp_cbc,mean_total_cost,44732.09659748648,,180,60,True,1378.2518636282953,1385.8779151195247,1599.402231662014,1602.47449459314,1269.34093466905,1258.0000012199998,44732.09659748648,45191.763424051336,45714.60779443024,157.81109871820317,284.86906269349305,0.4614864864864865,154.0675872648633,614.0965974864771,0.0,mean_total_cost,44732.09659748648
X-n223-k34,222,cargo,ortools:nominal_or_tools,nominal_or_tools,ortools,True,True,True,34,44118.0,5.000498294830322,0.9781711101531982,5.9786694049835205,1234.0,0.9809220985691574,pulp_cbc,mean_total_cost,44579.862628027055,,180,60,True,1378.2518636282953,1385.8779151195247,1599.402231662014,1602.47449459314,1145.8756241620874,1258.0000004800002,44579.862628027055,44930.45001771728,45326.61204839687,157.9322097597372,286.4071419403203,0.4519369369369369,154.1886975663973,461.8626280270527,0.0,mean_total_cost,44579.862628027055
X-n223-k34,222,cold_chain,ortools:nominal_or_tools,nominal_or_tools,ortools,True,True,True,34,44118.0,5.000498294830322,0.9128329753875732,5.913331270217896,1234.0,0.9809220985691574,pulp_cbc,mean_total_cost,44908.58671415189,,180,60,True,1378.2518636282953,1385.8779151195247,1599.402231662014,1602.47449459314,1291.849726709438,1258.00000196,44908.58671415189,45163.25527622893,45546.83904792575,157.90307877930982,284.4666330843843,0.4543243243243243,154.15956806596998,556.7673911508879,233.819323001008,mean_total_cost,44908.58671415189
X-n223-k34,222,grocery,ortools:nominal_or_tools,nominal_or_tools,ortools,True,True,True,34,44118.0,5.000498294830322,0.9162876605987548,5.916785955429077,1234.0,0.9809220985691574,pulp_cbc,mean_total_cost,44503.67418055495,,180,60,True,1378.2518636282953,1385.8779151195247,1599.402231662014,1602.47449459314,590.9029120975586,1257.99999705,44503.67418055495,44715.17914412405,45000.51173330813,157.65766410870248,284.45123057088944,0.4582432432432432,153.9141484853626,385.6741805549469,0.0,mean_total_cost,44503.67418055495
X-n228-k23,227,atm,ortools:nominal_or_tools,nominal_or_tools,ortools,True,True,True,23,30349.0,5.002313137054443,1.326369285583496,6.32868242263794,3478.0,0.9819311123658948,pulp_cbc,mean_total_cost,32281.49474340328,,180,60,True,3871.187173963408,3880.369089269405,4574.970830957401,4579.389746009339,3701.579847603631,3541.9999967899994,32281.49474340328,33527.26912305699,34758.772869064625,480.279808805464,803.3319447531271,0.4643612334801762,452.5967457224303,1932.4947434032856,0.0,mean_total_cost,32281.49474340328
X-n228-k23,227,cargo,ortools:nominal_or_tools,nominal_or_tools,ortools,True,True,True,23,30349.0,5.002313137054443,1.3193342685699463,6.32164740562439,3478.0,0.9819311123658948,pulp_cbc,mean_total_cost,31801.53193159689,,180,60,True,3871.187173963408,3880.369089269405,4574.970830957401,4579.389746009339,3296.5804808211305,3542.0000015999995,31801.53193159689,32795.49950702219,33678.71290420934,483.3169529166622,808.6677234927962,0.4522026431718061,455.6338946436286,1452.531931596886,0.0,mean_total_cost,31801.53193159689
X-n228-k23,227,cold_chain,ortools:nominal_or_tools,nominal_or_tools,ortools,True,True,True,23,30349.0,5.002313137054443,1.2083585262298584,6.210671663284302,3478.0,0.9819311123658948,pulp_cbc,mean_total_cost,32740.61240900832,,180,60,True,3871.187173963408,3880.369089269405,4574.970830957401,4579.389746009339,3767.1863865951536,3541.99999673,32740.61240900832,33492.58907880021,34360.44494836638,480.7003782413628,799.8416031363696,0.4531718061674009,453.0173150983292,1753.5634629357414,638.0489460725779,mean_total_cost,32740.61240900832
X-n228-k23,227,grocery,ortools:nominal_or_tools,nominal_or_tools,ortools,True,True,True,23,30349.0,5.002313137054443,1.0652761459350586,6.067589282989502,3478.0,0.9819311123658948,pulp_cbc,mean_total_cost,31558.51074929635,,180,60,True,3871.187173963408,3880.369089269405,4574.970830957401,4579.389746009339,1768.0600270341054,3541.99999582,31558.51074929635,32149.875605177687,32816.21911640059,479.5248825156369,800.260408742767,0.4573568281938326,451.8418184626033,1209.510749296349,0.0,mean_total_cost,31558.51074929635
X-n233-k16,232,atm,ortools:proxy_mean_scaled_or_tools,proxy_mean_scaled_or_tools,ortools,True,True,True,16,23289.0,5.000923156738281,1.2291593551635742,6.230082511901856,10045.52,0.995,pulp_cbc,mean_total_cost,28089.46383734408,,180,60,True,11334.41800874414,11355.553726611492,13290.364120543143,13318.41245506052,10611.263932227568,10095.99998662,28089.46383734408,30930.015321821047,33463.96586405596,1220.35067486701,2014.3585366208652,0.4544827586206896,1201.989822055686,4800.463837344079,0.0,mean_total_cost,28089.46383734408
X-n233-k16,232,cargo,ortools:proxy_mean_scaled_or_tools,proxy_mean_scaled_or_tools,ortools,True,True,True,16,23289.0,5.000923156738281,1.326101541519165,6.327024698257446,10045.52,0.995,pulp_cbc,mean_total_cost,26886.880661410178,,180,60,True,11334.41800874414,11355.553726611492,13290.364120543143,13318.41245506052,9351.145627289356,10096.00000741,26886.880661410178,29072.631418486897,30941.53371531745,1232.5564822883005,2051.00562527392,0.4596551724137931,1214.1956502669768,3597.880661410173,0.0,mean_total_cost,26886.880661410178
X-n233-k16,232,cold_chain,ortools:proxy_mean_scaled_or_tools,proxy_mean_scaled_or_tools,ortools,True,True,True,16,23289.0,5.000923156738281,1.1968581676483154,6.197781324386597,10045.52,0.995,pulp_cbc,mean_total_cost,29382.33127342654,,180,60,True,11334.41800874414,11355.553726611492,13290.364120543143,13318.41245506052,10474.43896912553,10095.99999824,29382.33127342654,31017.03876468916,32797.360725623534,1218.9206332095712,2020.7995254586135,0.4484051724137931,1200.5597920182472,4350.929914762233,1742.4013586643075,mean_total_cost,29382.33127342654
X-n233-k16,232,grocery,ortools:proxy_mean_scaled_or_tools,proxy_mean_scaled_or_tools,ortools,True,True,True,16,23289.0,5.000923156738281,1.1187434196472168,6.119666576385498,10045.52,0.995,pulp_cbc,mean_total_cost,26318.40295118345,,180,60,True,11334.41800874414,11355.553726611492,13290.364120543143,13318.41245506052,5038.789133752825,10095.999999,26318.40295118345,27634.12419629182,28995.286234475752,1220.9176853499405,2014.1945732654808,0.4512931034482759,1202.5568449186164,3029.4029511834487,0.0,mean_total_cost,26318.40295118345
X-n237-k14,236,atm,ortools:nominal_or_tools,nominal_or_tools,ortools,True,True,True,14,29009.0,4.998348474502564,1.3106403350830078,6.308988809585571,236.0,0.9365079365079364,pulp_cbc,mean_total_cost,29115.920742367078,,180,60,True,263.8174816145851,264.3221102784825,313.4568471108956,314.5631472546253,235.73985390516089,237.72165777,29115.920742367078,29196.709065762,29282.707953472316,28.248184831610534,50.96917353308239,0.4710169491525424,25.47272390457048,106.92074236707346,0.0,mean_total_cost,29115.920742367078
X-n237-k14,236,cargo,ortools:nominal_or_tools,nominal_or_tools,ortools,True,True,True,14,29009.0,4.998348474502564,1.4357011318206787,6.434049606323242,236.0,0.9365079365079364,pulp_cbc,mean_total_cost,29090.194384082053,,180,60,True,263.8174816145851,264.3221102784825,313.4568471108956,314.5631472546253,215.80019971805055,237.93170183,29090.194384082053,29152.470973760304,29217.641214743104,28.415642244977384,51.46544790751911,0.4709322033898305,25.850225377937345,81.194384082054,0.0,mean_total_cost,29090.194384082053
X-n237-k14,236,cold_chain,ortools:nominal_or_tools,nominal_or_tools,ortools,True,True,True,14,29009.0,4.998348474502564,1.2579069137573242,6.256255388259888,236.0,0.9365079365079364,pulp_cbc,mean_total_cost,29146.56188113991,,180,60,True,263.8174816145851,264.3221102784825,313.4568471108956,314.5631472546253,236.24334280618572,236.90640724,29146.56188113991,29196.037207249312,29254.71078853808,28.346818469494888,50.94759867786966,0.4699576271186441,24.75610701245484,94.39519033063144,43.16669080928282,mean_total_cost,29146.56188113991
X-n237-k14,236,grocery,ortools:nominal_or_tools,nominal_or_tools,ortools,True,True,True,14,29009.0,4.998348474502564,1.3295068740844729,6.327855348587036,236.0,0.9365079365079364,pulp_cbc,mean_total_cost,29075.39953275263,,180,60,True,263.8174816145851,264.3221102784825,313.4568471108956,314.5631472546253,108.0657698167562,236.85561266,29075.39953275263,29114.37508360475,29159.42551734444,28.236058433231918,50.82442617402449,0.4696186440677966,24.594552396191865,66.39953275263633,0.0,mean_total_cost,29075.39953275263
X-n242-k48,241,atm,ortools:nominal_or_tools,nominal_or_tools,ortools,True,True,True,48,86573.0,5.005714416503906,1.0552756786346436,6.06099009513855,1324.0,0.9851190476190476,pulp_cbc,mean_total_cost,87275.03359201668,,180,60,True,1475.973949221342,1477.18790780453,1719.0860596616135,1721.464512942517,1269.3796391786675,1344.0000006699995,87275.03359201668,87818.7251822911,88296.16995056198,180.6536470109376,331.05581494258274,0.4802904564315353,157.60211157908958,702.0335920166694,0.0,mean_total_cost,87275.03359201668
X-n242-k48,241,cargo,ortools:nominal_or_tools,nominal_or_tools,ortools,True,True,True,48,86573.0,5.005714416503906,1.0845849514007568,6.090299367904663,1324.0,0.9851190476190476,pulp_cbc,mean_total_cost,87102.73382507378,,180,60,True,1475.973949221342,1477.18790780453,1719.0860596616135,1721.464512942517,1129.5375130836644,1344.0000014900002,87102.73382507378,87521.97563939655,87881.55478008321,180.72438508769213,331.2729650835191,0.476597510373444,157.6728504758441,529.7338250737972,0.0,mean_total_cost,87102.73382507378
X-n242-k48,241,cold_chain,ortools:nominal_or_tools,nominal_or_tools,ortools,True,True,True,48,86573.0,5.005714416503906,1.099147081375122,6.104861497879028,1324.0,0.9851190476190476,pulp_cbc,mean_total_cost,87444.04986508198,,180,60,True,1475.973949221342,1477.18790780453,1719.0860596616135,1721.464512942517,1304.4526383387074,1338.02453143,87444.04986508198,87775.92361054686,88116.30963754952,181.03504339822496,333.794992263919,0.4765560165975103,152.00803872637684,620.3684882245335,250.68137685745293,mean_total_cost,87444.04986508198
X-n242-k48,241,grocery,ortools:nominal_or_tools,nominal_or_tools,ortools,True,True,True,48,86573.0,5.005714416503906,0.992523431777954,5.99823784828186,1324.0,0.9851190476190476,pulp_cbc,mean_total_cost,87007.02378996216,,180,60,True,1475.973949221342,1477.18790780453,1719.0860596616135,1721.464512942517,606.4763104936214,1338.84649687,87007.02378996216,87270.02809412946,87527.85860715347,180.84654009045323,333.8352307024457,0.4780082987551867,152.64150085860518,434.023789962162,0.0,mean_total_cost,87007.02378996216
X-n251-k28,250,atm,ortools:nominal_or_tools,nominal_or_tools,ortools,True,True,True,28,40465.0,4.999040126800537,1.137425661087036,6.136465787887573,1867.0,0.9663561076604554,pulp_cbc,mean_total_cost,41303.748714238725,,180,60,True,2083.418657642686,2086.52559340612,2424.7257298494437,2425.3478480666686,1696.4652289665305,1932.0000021,41303.748714238725,41931.40251650499,42576.28329455781,217.42323223945456,396.95138801507926,0.43748,239.20005838704037,838.7487142387239,0.0,mean_total_cost,41303.748714238725
X-n251-k28,250,cargo,ortools:nominal_or_tools,nominal_or_tools,ortools,True,True,True,28,40465.0,4.999040126800537,1.1725342273712158,6.171574354171753,1867.0,0.9663561076604554,pulp_cbc,mean_total_cost,41099.76694548299,,180,60,True,2083.418657642686,2086.52559340612,2424.7257298494437,2425.3478480666686,1526.6296280112604,1931.9999996,41099.76694548299,41586.256070631534,42068.50801717799,217.9185903460944,397.26578127661816,0.43316,239.6954139936801,634.7669454829879,0.0,mean_total_cost,41099.76694548299
X-n251-k28,250,cold_chain,ortools:nominal_or_tools,nominal_or_tools,ortools,True,True,True,28,40465.0,4.999040126800537,1.069691181182861,6.068731307983398,1867.0,0.9663561076604554,pulp_cbc,mean_total_cost,41585.11981963547,,180,60,True,2083.418657642686,2086.52559340612,2424.7257298494437,2425.3478480666686,1770.769658106567,1923.6758217,41585.11981963547,41944.2286100097,42391.98819989876,218.3258188828903,396.4782681195302,0.43368,231.77846463047612,770.3228017741324,349.79701786132966,mean_total_cost,41585.11981963547
X-n251-k28,250,grocery,ortools:nominal_or_tools,nominal_or_tools,ortools,True,True,True,28,40465.0,4.999040126800537,1.103945016860962,6.102985143661499,1867.0,0.9663561076604554,pulp_cbc,mean_total_cost,40999.7033977655,,180,60,True,2083.418657642686,2086.52559340612,2424.7257298494437,2425.3478480666686,805.6037943242404,1926.0939971,40999.7033977655,41290.08857671861,41633.85781033521,217.56581676675495,395.7862885693988,0.43736,233.4366379143408,534.703397765502,0.0,mean_total_cost,40999.7033977655
X-n261-k13,260,atm,ortools:nominal_or_tools,nominal_or_tools,ortools,True,True,True,13,29400.0,4.997448205947876,1.5691487789154053,6.566596984863281,13381.0,0.9521810289617876,pulp_cbc,mean_total_cost,36539.379719312,,180,60,True,14982.669280417082,15021.02935136878,17862.196299766994,17900.458727447764,13411.517153933544,14002.1914857,36539.379719312,42224.51573945209,47588.60333589073,1819.7780066090977,3383.9799630268512,0.4716923076923077,1952.9323002790388,7139.379719312001,0.0,mean_total_cost,36539.379719312
X-n261-k13,260,cargo,ortools:nominal_or_tools,nominal_or_tools,ortools,True,True,True,13,29400.0,4.997448205947876,1.7780954837799072,6.775543689727783,13381.0,0.9521810289617876,pulp_cbc,mean_total_cost,34795.08124624615,,180,60,True,14982.669280417082,15021.02935136878,17862.196299766994,17900.458727447764,12079.481633349167,14044.51100378,34795.08124624615,39106.1788080085,43217.04713403518,1827.224118543102,3389.378139929159,0.4719615384615385,2002.697930293044,5395.081246246153,0.0,mean_total_cost,34795.08124624615
X-n261-k13,260,cold_chain,ortools:nominal_or_tools,nominal_or_tools,ortools,True,True,True,13,29400.0,4.997448205947876,1.58939790725708,6.586846113204956,13381.0,0.9521810289617876,pulp_cbc,mean_total_cost,38482.41610663443,,180,60,True,14982.669280417082,15021.02935136878,17862.196299766994,17900.458727447764,13970.20962167748,13719.0793718,38482.41610663443,42150.04462659556,45768.28700740573,1834.874010820082,3479.43882006118,0.4616923076923077,1684.9161905900237,6415.259558615205,2667.1565480192244,mean_total_cost,38482.41610663443
X-n261-k13,260,grocery,ortools:nominal_or_tools,nominal_or_tools,ortools,True,True,True,13,29400.0,4.997448205947876,1.3952786922454834,6.392726898193359,13381.0,0.9521810289617876,pulp_cbc,mean_total_cost,33860.10894522788,,180,60,True,14982.669280417082,15021.02935136878,17862.196299766994,17900.458727447764,6376.568815771133,13743.4380643,33860.10894522788,36775.41967888087,39503.04323029045,1828.84588146365,3475.343173885441,0.469,1703.2467537335915,4460.108945227881,0.0,mean_total_cost,33860.10894522788
X-n275-k28,274,atm,ortools:nominal_or_tools,nominal_or_tools,ortools,True,True,True,28,22472.0,4.999546527862549,1.3978550434112549,6.397401571273804,274.0,0.9785714285714284,pulp_cbc,mean_total_cost,22580.613949966333,,180,60,True,306.89828660604496,307.5660280006758,368.0009655121191,368.3309895522635,252.89804395386147,280.00000034,22580.613949966333,22657.01285719522,22757.57048916802,28.27605619715132,50.495112194120736,0.4176642335766423,34.09376522349207,108.61394996633572,0.0,mean_total_cost,22580.613949966333
X-n275-k28,274,cargo,ortools:nominal_or_tools,nominal_or_tools,ortools,True,True,True,28,22472.0,4.999546527862549,1.5829246044158936,6.582471132278442,274.0,0.9785714285714284,pulp_cbc,mean_total_cost,22554.79194994005,,180,60,True,306.89828660604496,307.5660280006758,368.0009655121191,368.3309895522635,229.69661452388624,280.00000002,22554.79194994005,22614.005273408657,22691.238420203543,28.387489142974424,50.74635744755972,0.4197810218978102,34.20519784931517,82.79194994005351,0.0,mean_total_cost,22554.79194994005
X-n275-k28,274,cold_chain,ortools:nominal_or_tools,nominal_or_tools,ortools,True,True,True,28,22472.0,4.999546527862549,1.3890442848205566,6.3885908126831055,274.0,0.9785714285714284,pulp_cbc,mean_total_cost,22624.421035275744,,180,60,True,306.89828660604496,307.5660280006758,368.0009655121191,368.3309895522635,258.902884590517,279.70825283,22624.421035275744,22667.645066062505,22736.297320707545,28.35438545058692,50.57371319138189,0.416934306569343,33.88034696692766,101.73705906280792,50.683976212935,mean_total_cost,22624.421035275744
X-n275-k28,274,grocery,ortools:nominal_or_tools,nominal_or_tools,ortools,True,True,True,28,22472.0,4.999546527862549,1.32436203956604,6.323908567428589,274.0,0.9785714285714284,pulp_cbc,mean_total_cost,22542.509752252903,,180,60,True,306.89828660604496,307.5660280006758,368.0009655121191,368.3309895522635,119.05923885447174,279.97094958,22542.509752252903,22577.9808073307,22630.203535084627,28.2657210754061,50.48675858069855,0.4166423357664233,34.05437934174685,70.50975225290605,0.0,mean_total_cost,22542.509752252903
X-n280-k17,279,atm,ortools:nominal_or_tools,nominal_or_tools,ortools,True,True,True,17,38220.0,5.000722408294678,1.5377521514892578,6.538474559783936,3233.0,0.990502450980392,pulp_cbc,mean_total_cost,40027.92980863268,,180,60,True,3569.5494701131493,3575.424894705229,4199.901283616081,4206.345190262546,3283.6004573211867,3264.00000287,40027.92980863268,41088.36352211319,42339.20861903413,449.73230277401706,729.6396680996334,0.452831541218638,397.8666829556453,1807.9298086326828,0.0,mean_total_cost,40027.92980863268
X-n280-k17,279,cargo,ortools:nominal_or_tools,nominal_or_tools,ortools,True,True,True,17,38220.0,5.000722408294678,1.4587509632110596,6.459473371505737,3233.0,0.990502450980392,pulp_cbc,mean_total_cost,39580.09082413654,,180,60,True,3569.5494701131493,3575.424894705229,4199.901283616081,4206.345190262546,2911.421639161693,3264.0000001300004,39580.09082413654,40387.984738004525,41333.0069019348,451.5701457112566,732.7247542733594,0.4383870967741936,399.7045231528848,1360.090824136541,0.0,mean_total_cost,39580.09082413654
X-n280-k17,279,cold_chain,ortools:nominal_or_tools,nominal_or_tools,ortools,True,True,True,17,38220.0,5.000722408294678,1.5643043518066406,6.565026760101318,3233.0,0.990502450980392,pulp_cbc,mean_total_cost,40419.20537340071,,180,60,True,3569.5494701131493,3575.424894705229,4199.901283616081,4206.345190262546,3346.458363906182,3263.99999941,40419.20537340071,41053.64002720387,41942.628981321504,450.142568409568,728.6320262312765,0.4415770609318996,398.276945131196,1619.5335791703124,579.6717942303974,mean_total_cost,40419.20537340071
X-n280-k17,279,grocery,ortools:nominal_or_tools,nominal_or_tools,ortools,True,True,True,17,38220.0,5.000722408294678,1.423553228378296,6.424275636672974,3233.0,0.990502450980392,pulp_cbc,mean_total_cost,39344.30185612533,,180,60,True,3569.5494701131493,3575.424894705229,4199.901283616081,4206.345190262546,1584.479534406315,3264.00000342,39344.30185612533,39866.33051755854,40522.10614436767,449.6955761410903,732.4443001586795,0.4502150537634408,397.8299568727184,1124.3018561253264,0.0,mean_total_cost,39344.30185612533
X-n284-k15,283,atm,ortools:nominal_or_tools,nominal_or_tools,ortools,True,True,True,15,22522.0,4.994700193405151,1.6744441986083984,6.66914439201355,1527.0,0.9339449541284404,pulp_cbc,mean_total_cost,23200.949454842663,,180,60,True,1690.7465941899184,1691.7378069241554,2011.601490678983,2013.2207644463767,1243.4394002248116,1635.00000005,23200.949454842663,23719.12069482928,24199.413037788843,170.97596198059932,313.08472658102386,0.4143816254416961,244.34624953734536,678.9494548426666,0.0,mean_total_cost,23200.949454842663
X-n284-k15,283,cargo,ortools:nominal_or_tools,nominal_or_tools,ortools,True,True,True,15,22522.0,4.994700193405151,1.840902328491211,6.835602521896362,1527.0,0.9339449541284404,pulp_cbc,mean_total_cost,23034.8680628293,,180,60,True,1690.7465941899184,1691.7378069241554,2011.601490678983,2013.2207644463767,1104.9259187481468,1634.99999918,23034.8680628293,23439.084479079014,23796.679987911968,172.21261425190968,316.2252179601667,0.4130388692579505,245.58290093865568,512.868062829294,0.0,mean_total_cost,23034.8680628293
X-n284-k15,283,cold_chain,ortools:nominal_or_tools,nominal_or_tools,ortools,True,True,True,15,22522.0,4.994700193405151,1.5633225440979004,6.558022737503052,1527.0,0.9339449541284404,pulp_cbc,mean_total_cost,23478.334561524254,,180,60,True,1690.7465941899184,1691.7378069241554,2011.601490678983,2013.2207644463767,1379.3091448323037,1627.02914383,23478.334561524254,23788.329297977227,24104.242124575903,171.84256584663325,315.243569300526,0.4068551236749116,237.24199718337928,662.5868656016235,293.7476959226344,mean_total_cost,23478.334561524254
X-n284-k15,283,grocery,ortools:nominal_or_tools,nominal_or_tools,ortools,True,True,True,15,22522.0,4.994700193405151,1.4154245853424072,6.410124778747559,1527.0,0.9339449541284404,pulp_cbc,mean_total_cost,22971.50045018467,,180,60,True,1690.7465941899184,1691.7378069241554,2011.601490678983,2013.2207644463767,618.4165696571733,1633.31957234,22971.50045018467,23220.542593862207,23464.100393927863,170.7509623224457,313.65579511502904,0.4137102473498233,242.4408221691917,449.5004501846717,0.0,mean_total_cost,22971.50045018467
X-n106-k14,105,atm,ortools:nominal_or_tools,nominal_or_tools,ortools,True,True,True,14,27182.0,4.99911379814148,0.5392637252807617,5.538377523422241,7864.0,0.9361904761904762,pulp_cbc,mean_total_cost,30121.63981659178,,180,60,True,8678.48886970813,8708.388879095239,10372.84775102459,10379.445766360304,6667.126459423274,8400.000007999999,30121.63981659178,32011.109425330007,33087.8291147906,746.0519876687177,1289.048485150237,0.4023809523809524,1234.4007181841894,2939.639816591785,0.0,p90_total_cost,32011.109425330007
X-n106-k14,105,cargo,ortools:nominal_or_tools,nominal_or_tools,ortools,True,True,True,14,27182.0,4.99911379814148,0.4968898296356201,5.4960036277771,7864.0,0.9361904761904762,pulp_cbc,mean_total_cost,29399.197196480152,,180,60,True,8678.48886970813,8708.388879095239,10372.84775102459,10379.445766360304,6053.018468007391,8399.999992000001,29399.197196480152,30846.534779509475,31676.72264768545,748.7036037235138,1270.793755376944,0.4034285714285714,1237.0523182389857,2217.1971964801564,0.0,p90_total_cost,30846.534779509475
X-n106-k14,105,cold_chain,ortools:nominal_or_tools,nominal_or_tools,ortools,True,True,True,14,27182.0,4.99911379814148,0.5193181037902832,5.518431901931763,7864.0,0.9361904761904762,pulp_cbc,mean_total_cost,31507.22406377675,,180,60,True,8678.48886970813,8708.388879095239,10372.84775102459,10379.445766360304,7181.491686119698,8255.29003,31507.22406377675,32625.822849894208,33280.96812507401,750.2019494492474,1286.3673605254962,0.4047619047619047,1093.840701964719,2876.708010789284,1448.516052987469,p90_total_cost,32625.822849894208
X-n106-k14,105,grocery,ortools:nominal_or_tools,nominal_or_tools,ortools,True,True,True,14,27182.0,4.99911379814148,0.4895277023315429,5.488641500473023,7864.0,0.9361904761904762,pulp_cbc,mean_total_cost,29145.229311287658,,180,60,True,8678.48886970813,8708.388879095239,10372.84775102459,10379.445766360304,3219.316195358524,8282.21132,29145.229311287658,30015.70406876767,30574.761565707577,747.3939800727794,1293.4353895696945,0.4047619047619047,1117.954022588251,1963.2293112876616,0.0,p90_total_cost,30015.70406876767
X-n110-k13,109,atm,ortools:nominal_or_tools,nominal_or_tools,ortools,True,True,True,13,15387.0,4.9983298778533936,0.5045957565307617,5.502925634384155,816.0,0.951048951048951,pulp_cbc,mean_total_cost,15771.017049835767,,180,60,True,922.107056749831,926.0446089731709,1096.1448904465033,1097.6485758926672,784.1691188185447,858.0,15771.017049835767,16133.345260065851,16508.303565190985,99.04286376943988,203.91716422881476,0.4331192660550458,112.57085551928638,384.0170498357717,0.0,p90_total_cost,16133.345260065851
X-n110-k13,109,cargo,ortools:nominal_or_tools,nominal_or_tools,ortools,True,True,True,13,15387.0,4.9983298778533936,0.5144665241241455,5.512796401977539,816.0,0.951048951048951,pulp_cbc,mean_total_cost,15675.694391370784,,180,60,True,922.107056749831,926.0446089731709,1096.1448904465033,1097.6485758926672,707.8825661664977,858.0000013,15675.694391370784,15954.47608693251,16236.435540208044,99.70885234610644,204.0941139726614,0.4394495412844036,113.23684539595298,288.69439137078496,0.0,p90_total_cost,15954.47608693251
X-n110-k13,109,cold_chain,ortools:nominal_or_tools,nominal_or_tools,ortools,True,True,True,13,15387.0,4.9983298778533936,0.5383744239807129,5.536704301834106,816.0,0.951048951048951,pulp_cbc,mean_total_cost,15893.237235238385,,180,60,True,922.107056749831,926.0446089731709,1096.1448904465033,1097.6485758926672,811.2708670469736,851.1476835,15893.237235238385,16107.00212189642,16375.001687934486,99.73086221219144,206.87891332145736,0.4328440366972477,106.40653746203796,352.5618171978078,153.67541804057473,p90_total_cost,16107.00212189642
X-n110-k13,109,grocery,ortools:nominal_or_tools,nominal_or_tools,ortools,True,True,True,13,15387.0,4.9983298778533936,0.4962594509124756,5.494589328765869,816.0,0.951048951048951,pulp_cbc,mean_total_cost,15632.00672222644,,180,60,True,922.107056749831,926.0446089731709,1096.1448904465033,1097.6485758926672,372.945215678737,852.0403297,15632.00672222644,15804.376134204698,16006.038629710576,99.41213678591396,205.83336426653997,0.4330275229357798,106.98045823576044,245.0067222264385,0.0,p90_total_cost,15804.376134204698
X-n115-k10,114,atm,ortools:nominal_or_tools,nominal_or_tools,ortools,True,True,True,10,13099.0,5.003995418548584,0.5837461948394775,5.5877416133880615,1535.0,0.908284023668639,pulp_cbc,mean_total_cost,13888.043235337062,,180,60,True,1696.498515200886,1698.9645533588098,2024.6258510269995,2026.4340508376151,1387.9930201967934,1690.00001105,13888.043235337062,14612.578257305331,15196.23403509162,191.12834329492475,384.43172304472273,0.3907894736842105,283.93251268223,789.0432353370614,0.0,p90_total_cost,14612.578257305331
X-n115-k10,114,cargo,ortools:nominal_or_tools,nominal_or_tools,ortools,True,True,True,10,13099.0,5.003995418548584,0.6016607284545898,5.605656147003174,1535.0,0.908284023668639,pulp_cbc,mean_total_cost,13691.230347302237,,180,60,True,1696.498515200886,1698.9645533588098,2024.6258510269995,2026.4340508376151,1251.9073817414142,1690.00001484,13691.230347302237,14227.539913940604,14687.332806740416,192.51108688542715,381.9357180356367,0.4004385964912281,285.31526006273253,592.2303473022367,0.0,p90_total_cost,14227.539913940604
X-n115-k10,114,cold_chain,ortools:nominal_or_tools,nominal_or_tools,ortools,True,True,True,10,13099.0,5.003995418548584,0.5978717803955078,5.601867198944092,1535.0,0.908284023668639,pulp_cbc,mean_total_cost,14177.35576551884,,180,60,True,1696.498515200886,1698.9645533588098,2024.6258510269995,2026.4340508376151,1553.3065079586236,1684.3766313,14177.35576551884,14620.54500688184,15009.641678687014,192.273673417893,387.2365265266701,0.3831578947368421,279.4544630551983,786.6566120546804,291.6991534641582,p90_total_cost,14620.54500688184
X-n115-k10,114,grocery,ortools:nominal_or_tools,nominal_or_tools,ortools,True,True,True,10,13099.0,5.003995418548584,0.5860910415649414,5.590086460113525,1535.0,0.908284023668639,pulp_cbc,mean_total_cost,13626.674675992115,,180,60,True,1696.498515200886,1698.9645533588098,2024.6258510269995,2026.4340508376151,692.3372890060228,1690.0000119,13626.674675992115,13980.923156975514,14275.745079012073,191.13393711233812,385.8153074665875,0.3858771929824561,283.9381073496435,527.6746759921159,0.0,p90_total_cost,13980.923156975514
X-n120-k6,119,atm,ortools:nominal_or_tools,nominal_or_tools,ortools,True,True,True,6,14034.0,5.004239797592163,0.7788379192352295,5.783077716827393,119.0,0.9444444444444444,pulp_cbc,mean_total_cost,14084.440466728183,,180,60,True,133.52122460451002,133.78447753711538,155.4085028189589,155.70208638891222,105.60603825179771,126.00000003,14084.440466728183,14125.044277061064,14151.147792106878,13.0717933282412,24.73672109046113,0.4289915966386554,17.31646533202953,50.44046672818464,0.0,p90_total_cost,14125.044277061064
X-n120-k6,119,cargo,ortools:nominal_or_tools,nominal_or_tools,ortools,True,True,True,6,14034.0,5.004239797592163,0.813718318939209,5.817958116531372,119.0,0.9444444444444444,pulp_cbc,mean_total_cost,14072.622741154588,,180,60,True,133.52122460451002,133.78447753711538,155.4085028189589,155.70208638891222,96.16922462156704,125.99999957,14072.622741154588,14103.771102313593,14124.155158921038,13.190203505420222,24.78263066159108,0.4292436974789916,17.43487504920856,38.62274115458888,0.0,p90_total_cost,14103.771102313593
X-n120-k6,119,cold_chain,ortools:nominal_or_tools,nominal_or_tools,ortools,True,True,True,6,14034.0,5.004239797592163,0.8517904281616211,5.856030225753784,119.0,0.9444444444444444,pulp_cbc,mean_total_cost,14103.014175370912,,180,60,True,133.52122460451002,133.78447753711538,155.4085028189589,155.70208638891222,110.92391703632164,123.97941259,14103.014175370912,14127.39108417236,14145.334494239907,13.249015981685568,24.79878139942487,0.432016806722689,15.4731005454739,47.0182204331258,21.995954937787594,p90_total_cost,14127.39108417236
X-n120-k6,119,grocery,ortools:nominal_or_tools,nominal_or_tools,ortools,True,True,True,6,14034.0,5.004239797592163,0.7355120182037354,5.739751815795898,119.0,0.9444444444444444,pulp_cbc,mean_total_cost,14066.623888720327,,180,60,True,133.52122460451002,133.78447753711538,155.4085028189589,155.70208638891222,50.86626245262825,124.38679032999998,14066.623888720327,14085.98968493446,14099.851150561848,13.13752691115852,24.72279216029031,0.432016806722689,15.768989214946853,32.623888720329404,0.0,p90_total_cost,14085.98968493446
X-n129-k18,128,atm,ortools:nominal_or_tools,nominal_or_tools,ortools,True,True,True,18,30677.0,5.004807949066162,0.6737518310546875,5.67855978012085,665.0,0.9472934472934472,pulp_cbc,mean_total_cost,31021.864449391047,,180,60,True,727.1353695075978,729.545141336595,853.7757199603714,854.5229848707611,645.4216436112231,679.05212775,31021.864449391047,31270.87204174966,31551.51062035572,88.59451706416023,156.65702160571976,0.471171875,80.73357568596097,344.86444939105365,0.0,p90_total_cost,31270.87204174966
X-n129-k18,128,cargo,ortools:nominal_or_tools,nominal_or_tools,ortools,True,True,True,18,30677.0,5.004807949066162,0.6992523670196533,5.704060316085815,665.0,0.9472934472934472,pulp_cbc,mean_total_cost,30936.32764338438,,180,60,True,727.1353695075978,729.545141336595,853.7757199603714,854.5229848707611,583.0106142822812,684.6135868199999,30936.32764338438,31125.865117232428,31337.113664973287,88.97416145011725,156.29027560003348,0.4696875,86.674679141918,259.32764338438125,0.0,p90_total_cost,31125.865117232428
X-n129-k18,128,cold_chain,ortools:nominal_or_tools,nominal_or_tools,ortools,True,True,True,18,30677.0,5.004807949066162,0.6485977172851562,5.653405666351318,665.0,0.9472934472934472,pulp_cbc,mean_total_cost,31106.32167238129,,180,60,True,727.1353695075978,729.545141336595,853.7757199603714,854.5229848707611,669.4927528839708,674.2713961300001,31106.32167238129,31259.180597263217,31455.17252554757,88.84787400943905,157.40315892932122,0.462578125,76.20620101123977,305.6054501960039,123.71622218529032,p90_total_cost,31259.180597263217
X-n129-k18,128,grocery,ortools:nominal_or_tools,nominal_or_tools,ortools,True,True,True,18,30677.0,5.004807949066162,0.5776932239532471,5.582501173019409,665.0,0.9472934472934472,pulp_cbc,mean_total_cost,30890.037831338188,,180,60,True,727.1353695075978,729.545141336595,853.7757199603714,854.5229848707611,301.7522404583505,674.7279610799999,30890.037831338188,31009.36987225105,31160.36910695676,88.59307097339908,157.0510840690904,0.469921875,76.4079629251998,213.03783133818703,0.0,p90_total_cost,31009.36987225105
X-n134-k13,133,atm,ortools:nominal_or_tools,nominal_or_tools,ortools,True,True,True,13,13345.0,5.001290559768677,0.5896894931793213,5.590980052947998,8220.0,0.9833712166527095,pulp_cbc,mean_total_cost,17142.03329203635,,180,60,True,9183.395205809104,9198.564456324051,11030.147738079117,11050.704860248838,8182.758718488845,8359.000004099998,17142.03329203635,19554.89584994804,23189.38603055833,994.3474221389253,1687.684711698791,0.4618796992481203,932.4230451074056,3797.033292036345,0.0,p90_total_cost,19554.89584994804
X-n134-k13,133,cargo,ortools:nominal_or_tools,nominal_or_tools,ortools,True,True,True,13,13345.0,5.001290559768677,0.5704238414764404,5.571714401245117,8220.0,0.9833712166527095,pulp_cbc,mean_total_cost,16133.880645325393,,180,60,True,9183.395205809104,9198.564456324051,11030.147738079117,11050.704860248838,7248.887995650904,8358.9999894,16133.880645325393,17953.906594645265,20628.714215272303,995.2737669849158,1684.4013702805944,0.4552631578947368,933.3493752533964,2788.8806453253906,0.0,p90_total_cost,17953.906594645265
X-n134-k13,133,cold_chain,ortools:nominal_or_tools,nominal_or_tools,ortools,True,True,True,13,13345.0,5.001290559768677,0.5933163166046143,5.594606876373291,8220.0,0.9833712166527095,pulp_cbc,mean_total_cost,18203.338145199945,,180,60,True,9183.395205809104,9198.564456324051,11030.147738079117,11050.704860248838,8254.31167412079,8358.9999962,18203.338145199945,19711.02829239527,22119.48431690842,992.5806311838808,1702.6900460518189,0.4570676691729323,930.6562462523613,3406.0823207562166,1452.2558244437244,p90_total_cost,19711.02829239527
X-n134-k13,133,grocery,ortools:nominal_or_tools,nominal_or_tools,ortools,True,True,True,13,13345.0,5.001290559768677,0.5700087547302246,5.571299314498901,8220.0,0.9833712166527095,pulp_cbc,mean_total_cost,15713.694692679994,,180,60,True,9183.395205809104,9198.564456324051,11030.147738079117,11050.704860248838,3794.671416565535,8358.9999971,15713.694692679994,16871.261124253295,18768.380921751148,993.9633297499514,1691.349984439562,0.4583458646616541,932.0389457184316,2368.694692679994,0.0,p90_total_cost,16871.261124253295
X-n139-k10,138,atm,ortools:nominal_or_tools,nominal_or_tools,ortools,True,True,True,10,14826.0,5.0046446323394775,0.7796299457550049,5.784274578094482,1039.0,0.980188679245283,pulp_cbc,mean_total_cost,15254.712424182664,,180,60,True,1146.307606641427,1148.216888591183,1334.618975008724,1335.9433230902955,891.7120052975389,1059.9999998,15254.712424182664,15546.773980893136,15906.127550444664,110.99154556308928,192.30319894942173,0.4189130434782608,129.60175923298505,428.7124241826681,0.0,p90_total_cost,15546.773980893136
X-n139-k10,138,cargo,ortools:nominal_or_tools,nominal_or_tools,ortools,True,True,True,10,14826.0,5.0046446323394775,0.9582056999206544,5.962850332260132,1039.0,0.980188679245283,pulp_cbc,mean_total_cost,15148.825760118523,,180,60,True,1146.307606641427,1148.216888591183,1334.618975008724,1335.9433230902955,794.6136094851357,1059.9999983000002,15148.825760118523,15373.116953939872,15647.350030235324,112.14847661418293,193.29840657668265,0.421231884057971,130.75868878407874,322.8257601185224,0.0,p90_total_cost,15373.116953939872
X-n139-k10,138,cold_chain,ortools:nominal_or_tools,nominal_or_tools,ortools,True,True,True,10,14826.0,5.0046446323394775,0.8400595188140869,5.8447041511535645,1039.0,0.980188679245283,pulp_cbc,mean_total_cost,15424.59716988034,,180,60,True,1146.307606641427,1148.216888591183,1334.618975008724,1335.9433230902955,940.7764380044322,1060.0000006,15424.59716988034,15586.794522692342,15833.456312921891,111.27430625092067,192.08438468720763,0.4131159420289855,129.88452072081645,401.8915189025117,196.705650977827,p90_total_cost,15586.794522692342
X-n139-k10,138,grocery,ortools:nominal_or_tools,nominal_or_tools,ortools,True,True,True,10,14826.0,5.0046446323394775,0.7540743350982666,5.758718967437744,1039.0,0.980188679245283,pulp_cbc,mean_total_cost,15103.498338373483,,180,60,True,1146.307606641427,1148.216888591183,1334.618975008724,1335.9433230902955,429.19946449789137,1060.0000001,15103.498338373483,15239.11667859741,15425.283295175284,111.13279572437617,192.60854910479824,0.4184782608695652,129.74300969427196,277.49833837348194,0.0,p90_total_cost,15239.11667859741
X-n143-k7,142,atm,ortools:nominal_or_tools,nominal_or_tools,ortools,True,True,True,7,16647.0,4.997495174407959,0.7632842063903809,5.76077938079834,7475.0,0.897358943577431,pulp_cbc,mean_total_cost,19948.30384636408,,180,60,True,8295.848620495428,8316.617424477572,9916.867451961063,9925.630118934274,6830.15758836943,7970.1642286,19948.30384636408,22331.5984104919,25391.355129194108,828.984086857628,1486.3732397893032,0.4138028169014084,1252.4808097582568,3301.303846364084,0.0,p90_total_cost,22331.5984104919
X-n143-k7,142,cargo,ortools:nominal_or_tools,nominal_or_tools,ortools,True,True,True,7,16647.0,4.997495174407959,0.8243343830108643,5.821829557418823,7475.0,0.897358943577431,pulp_cbc,mean_total_cost,19135.0922294366,,180,60,True,8295.848620495428,8316.617424477572,9916.867451961063,9925.630118934274,6116.907421292005,8036.4702633,19135.0922294366,20979.610286231014,23270.309814947963,838.8736295151617,1498.099185891386,0.4216197183098591,1328.6763871157905,2488.092229436594,0.0,p90_total_cost,20979.610286231014
X-n143-k7,142,cold_chain,ortools:nominal_or_tools,nominal_or_tools,ortools,True,True,True,7,16647.0,4.997495174407959,0.750403881072998,5.747899055480957,7475.0,0.897358943577431,pulp_cbc,mean_total_cost,21304.58940528911,,180,60,True,8295.848620495428,8316.617424477572,9916.867451961063,9925.630118934274,7358.468664672981,7770.392864299999,21304.58940528911,22709.18708927367,24853.17028736613,839.9678908319127,1516.422083173886,0.4073943661971831,1063.6932494325415,3164.8115283780894,1492.777876911022,p90_total_cost,22709.18708927367
X-n143-k7,142,grocery,ortools:nominal_or_tools,nominal_or_tools,ortools,True,True,True,7,16647.0,4.997495174407959,0.6792843341827393,5.676779508590698,7475.0,0.897358943577431,pulp_cbc,mean_total_cost,18806.72263989548,,180,60,True,8295.848620495428,8316.617424477572,9916.867451961063,9925.630118934274,3326.395551936623,7801.3521553,18806.72263989548,19921.8493886045,21574.84869546841,834.0369295559663,1493.3080409473455,0.4135211267605634,1088.721579156595,2159.722639895477,0.0,p90_total_cost,19921.8493886045
X-n157-k13,156,atm,ortools:nominal_or_tools,nominal_or_tools,ortools,True,True,True,13,17404.0,5.004091501235962,0.8313808441162109,5.835472345352173,156.0,1.0,pulp_cbc,mean_total_cost,17479.25300431866,,180,60,True,171.99406906934314,172.27034686930705,198.0995518853173,198.5245135344457,139.72863067738018,155.99999984,17479.25300431866,17541.77704308251,17598.73491550069,20.05007451055448,38.08508683920552,0.4858333333333333,15.13073078610472,75.25300431865746,0.0,p90_total_cost,17541.77704308251
X-n157-k13,156,cargo,ortools:nominal_or_tools,nominal_or_tools,ortools,True,True,True,13,17404.0,5.004091501235962,0.953848123550415,5.957939624786377,156.0,1.0,pulp_cbc,mean_total_cost,17461.156715696787,,180,60,True,171.99406906934314,172.27034686930705,198.0995518853173,198.5245135344457,125.73913654964396,156.00000009,17461.156715696787,17508.679122258494,17552.556374565043,20.09683141085263,37.89464751415766,0.4880128205128205,15.177487936402862,57.15671569678628,0.0,p90_total_cost,17508.679122258494
X-n157-k13,156,cold_chain,ortools:nominal_or_tools,nominal_or_tools,ortools,True,True,True,13,17404.0,5.004091501235962,0.850672721862793,5.854764223098755,156.0,1.0,pulp_cbc,mean_total_cost,17497.676471241637,,180,60,True,171.99406906934314,172.27034686930705,198.0995518853173,198.5245135344457,143.382706703696,156.00000021,17497.676471241637,17535.647462839293,17576.108420739114,20.0378359153176,37.87202241648558,0.4846794871794871,15.118492560867836,64.90946400086516,28.76700724077333,p90_total_cost,17535.647462839293
X-n157-k13,156,grocery,ortools:nominal_or_tools,nominal_or_tools,ortools,True,True,True,13,17404.0,5.004091501235962,0.7795500755310059,5.783641576766968,156.0,1.0,pulp_cbc,mean_total_cost,17450.07574570221,,180,60,True,171.99406906934314,172.27034686930705,198.0995518853173,198.5245135344457,65.9157640201691,155.99999963,17450.07574570221,17480.704969352133,17510.81615112449,20.03704729800856,38.110260588633054,0.4849358974358974,15.117703363558787,46.07574570220766,0.0,p90_total_cost,17480.704969352133
X-n162-k11,161,atm,ortools:nominal_or_tools,nominal_or_tools,ortools,True,True,True,11,14676.0,5.001288414001465,0.7587738037109375,5.760062217712402,12194.0,0.9442465541273036,pulp_cbc,mean_total_cost,19460.500355052507,,180,60,True,14041.602423680102,14059.25864279868,17116.69937454782,17172.81426272881,12140.944531197709,12913.999987,19460.500355052507,22717.5423827828,26118.425226426298,1220.4433651916677,2114.744766996563,0.3960248447204968,1726.9244409578607,4784.500355052503,0.0,p90_total_cost,22717.5423827828
X-n162-k11,161,cargo,ortools:nominal_or_tools,nominal_or_tools,ortools,True,True,True,11,14676.0,5.001288414001465,0.8207454681396484,5.822033882141113,12194.0,0.9442465541273036,pulp_cbc,mean_total_cost,18315.10124860861,,180,60,True,14041.602423680102,14059.25864279868,17116.69937454782,17172.81426272881,11043.309569841622,12913.999995,18315.10124860861,20857.133128244488,23413.65267560705,1245.320340917405,2146.1852207710326,0.4049689440993789,1751.8014246835985,3639.101248608613,0.0,p90_total_cost,20857.133128244488
X-n162-k11,161,cold_chain,ortools:nominal_or_tools,nominal_or_tools,ortools,True,True,True,11,14676.0,5.001288414001465,0.8322689533233643,5.833557367324829,12194.0,0.9442465541273036,pulp_cbc,mean_total_cost,21763.022668379053,,180,60,True,14041.602423680102,14059.25864279868,17116.69937454782,17172.81426272881,12531.850276852678,12913.99998,21763.022668379053,23666.579427217963,25881.389669429816,1227.3385237975133,2138.53994779824,0.3877018633540373,1733.819592563707,4693.071110755261,2393.951557623791,p90_total_cost,23666.579427217963
X-n162-k11,161,grocery,ortools:nominal_or_tools,nominal_or_tools,ortools,True,True,True,11,14676.0,5.001288414001465,0.8082292079925537,5.8095176219940186,12194.0,0.9442465541273036,pulp_cbc,mean_total_cost,17869.441084810645,,180,60,True,14041.602423680102,14059.25864279868,17116.69937454782,17172.81426272881,5694.826362650165,12913.999975,17869.441084810645,19394.39464729739,21119.1569230624,1221.000530527605,2120.9649436904274,0.3943478260869565,1727.4815942937985,3193.4410848106468,0.0,p90_total_cost,19394.39464729739
X-n167-k10,166,atm,ortools:nominal_or_tools,nominal_or_tools,ortools,True,True,True,10,22643.0,5.004618644714356,0.7983934879302979,5.803012132644653,1236.0,0.9293233082706768,pulp_cbc,mean_total_cost,23163.24294133509,,180,60,True,1338.4496844448638,1339.8281173836035,1575.9630876437734,1578.5498416441526,940.6715663129336,1329.9999995999997,23163.24294133509,23563.157740280734,23770.99792970313,131.9194145496985,242.8940011921804,0.4179518072289157,200.79202178675956,520.2429413351048,0.0,p90_total_cost,23563.157740280734
X-n167-k10,166,cargo,ortools:nominal_or_tools,nominal_or_tools,ortools,True,True,True,10,22643.0,5.004618644714356,0.8332548141479492,5.837873458862305,1236.0,0.9293233082706768,pulp_cbc,mean_total_cost,23039.02601984466,,180,60,True,1338.4496844448638,1339.8281173836035,1575.9630876437734,1578.5498416441526,848.1743185872255,1330.0000014999998,23039.02601984466,23342.279733370397,23508.987710037465,133.0004322797123,243.34616059123687,0.4156626506024096,201.8730414167734,396.02601984466,0.0,p90_total_cost,23342.279733370397
X-n167-k10,166,cold_chain,ortools:nominal_or_tools,nominal_or_tools,ortools,True,True,True,10,22643.0,5.004618644714356,0.8749227523803711,5.879541397094727,1236.0,0.9293233082706768,pulp_cbc,mean_total_cost,23377.393308375234,,180,60,True,1338.4496844448638,1339.8281173836035,1575.9630876437734,1578.5498416441526,1066.3955532479397,1297.4679677,23377.393308375234,23615.670365371418,23756.647039986143,133.92845737652704,244.77774644226167,0.4178915662650602,170.26903271358802,496.2015334049773,238.191774970258,p90_total_cost,23615.670365371418
X-n167-k10,166,grocery,ortools:nominal_or_tools,nominal_or_tools,ortools,True,True,True,10,22643.0,5.004618644714356,0.8559460639953613,5.860564708709717,1236.0,0.9293233082706768,pulp_cbc,mean_total_cost,22983.964583887257,,180,60,True,1338.4496844448638,1339.8281173836035,1575.9630876437734,1578.5498416441526,467.9930757917623,1302.6125662999998,22983.964583887257,23175.22567632324,23283.24409283473,133.22360185497277,244.53301077198392,0.4216265060240964,174.7087757920338,340.9645838872534,0.0,p90_total_cost,23175.22567632324
X-n181-k23,180,atm,ortools:nominal_or_tools,nominal_or_tools,ortools,True,True,True,23,26232.0,5.006552219390869,0.9694437980651855,5.975996017456055,180.0,0.9782608695652174,pulp_cbc,mean_total_cost,26308.672273118093,,180,60,True,197.95924832567653,198.6785845016122,228.80907667940576,229.20917736249467,159.83334841120256,184.00000012,26308.672273118093,26361.429821555957,26429.44821836779,20.134476781116216,35.19385500772312,0.438,21.929824345220723,76.6722731180917,0.0,p90_total_cost,26361.429821555957
X-n181-k23,180,cargo,ortools:nominal_or_tools,nominal_or_tools,ortools,True,True,True,23,26232.0,5.006552219390869,1.0548181533813477,6.061370372772217,180.0,0.9782608695652174,pulp_cbc,mean_total_cost,26290.196162415206,,180,60,True,197.95924832567653,198.6785845016122,228.80907667940576,229.20917736249467,145.8125077601529,184.00000007,26290.196162415206,26332.668980639977,26382.99501551019,20.197191538655883,35.32908999299857,0.4393333333333333,21.9925390527604,58.196162415212505,0.0,p90_total_cost,26332.668980639977
X-n181-k23,180,cold_chain,ortools:nominal_or_tools,nominal_or_tools,ortools,True,True,True,23,26232.0,5.006552219390869,0.895362377166748,5.901914596557617,180.0,0.9782608695652174,pulp_cbc,mean_total_cost,26335.60558614547,,180,60,True,197.95924832567653,198.6785845016122,228.80907667940576,229.20917736249467,166.65173155008748,184.0,26335.60558614547,26365.283535634757,26412.735213319724,20.13194948273869,35.156517714301714,0.4351111111111111,21.9272969268432,70.38027209030612,33.22531405516114,p90_total_cost,26365.283535634757
X-n181-k23,180,grocery,ortools:nominal_or_tools,nominal_or_tools,ortools,True,True,True,23,26232.0,5.006552219390869,0.8405144214630127,5.847066640853882,180.0,0.9782608695652174,pulp_cbc,mean_total_cost,26280.96991929631,,180,60,True,197.95924832567653,198.6785845016122,228.80907667940576,229.20917736249467,75.15426507725716,184.00000018000003,26280.96991929631,26305.40570086752,26341.34450331273,20.07043835433316,35.190443985019286,0.4357777777777777,21.86578597843767,48.96991929630506,0.0,p90_total_cost,26305.40570086752
X-n186-k15,185,atm,ortools:nominal_or_tools,nominal_or_tools,ortools,True,True,True,15,25982.0,5.000514984130859,1.1521151065826416,6.152630090713501,13853.0,0.948186173853525,pulp_cbc,mean_total_cost,32112.8356977536,,180,60,True,15309.918049106676,15348.692003297172,18004.971786960705,18023.35742731036,12220.391178127826,14343.799855,32112.8356977536,38226.97655087672,43781.585330017566,1577.7770544373705,3295.1498174657195,0.4124324324324324,1936.0507017146315,6130.835697753599,0.0,p90_total_cost,38226.97655087672
X-n186-k15,185,cargo,ortools:nominal_or_tools,nominal_or_tools,ortools,True,True,True,15,25982.0,5.000514984130859,1.214869260787964,6.215384244918823,13853.0,0.948186173853525,pulp_cbc,mean_total_cost,30634.289031294404,,180,60,True,15309.918049106676,15348.692003297172,18004.971786960705,18023.35742731036,11044.80104736954,14389.361477,30634.289031294404,35399.548552649365,39569.73531629684,1582.3717028811595,3290.216458686233,0.412054054054054,1986.20697215842,4652.289031294397,0.0,p90_total_cost,35399.548552649365
X-n186-k15,185,cold_chain,ortools:nominal_or_tools,nominal_or_tools,ortools,True,True,True,15,25982.0,5.000514984130859,1.1782708168029783,6.178785800933838,13853.0,0.948186173853525,pulp_cbc,mean_total_cost,34349.420583071915,,180,60,True,15309.918049106676,15348.692003297172,18004.971786960705,18023.35742731036,12906.213090982705,14223.365054000002,34349.420583071915,37977.237133358925,41919.31879284005,1590.0930002231191,3325.337597368472,0.4115675675675675,1827.9318465003796,5729.417079919984,2638.0035031519315,p90_total_cost,37977.237133358925
X-n186-k15,185,grocery,ortools:nominal_or_tools,nominal_or_tools,ortools,True,True,True,15,25982.0,5.000514984130859,0.9412171840667723,5.941732168197632,13853.0,0.948186173853525,pulp_cbc,mean_total_cost,29945.522734983788,,180,60,True,15309.918049106676,15348.692003297172,18004.971786960705,18023.35742731036,5832.649495699479,14245.466772,29945.522734983788,32878.45162898503,35834.106381755475,1582.5945774304882,3322.369188731112,0.4128648648648648,1842.5351417077493,3963.522734983785,0.0,p90_total_cost,32878.45162898503
X-n190-k8,189,atm,ortools:nominal_or_tools,nominal_or_tools,ortools,True,True,True,8,18122.0,4.99577260017395,1.1315031051635742,6.127275705337524,1043.0,0.9447463768115942,pulp_cbc,mean_total_cost,18646.926906706543,,180,60,True,1163.1102271100574,1164.541932744727,1415.5336601339425,1417.944225661104,961.8985033266662,1103.99999873,18646.926906706543,19095.17775382828,19513.126141123008,132.74381928751717,255.15653368391864,0.4373544973544973,156.63556372071085,524.9269067065385,0.0,p90_total_cost,19095.17775382828
X-n190-k8,189,cargo,ortools:nominal_or_tools,nominal_or_tools,ortools,True,True,True,8,18122.0,4.99577260017395,1.168423414230347,6.164196014404297,1043.0,0.9447463768115942,pulp_cbc,mean_total_cost,18522.03791541597,,180,60,True,1163.1102271100574,1164.541932744727,1415.5336601339425,1417.944225661104,874.8315352893057,1104.0000008799998,18522.03791541597,18870.2627981261,19189.185698148543,133.07642489797306,254.4981511348892,0.4373015873015873,156.9681714811667,400.03791541596814,0.0,p90_total_cost,18870.2627981261
X-n190-k8,189,cold_chain,ortools:nominal_or_tools,nominal_or_tools,ortools,True,True,True,8,18122.0,4.99577260017395,1.117808818817139,6.113581418991089,1043.0,0.9447463768115942,pulp_cbc,mean_total_cost,18821.077797991693,,180,60,True,1163.1102271100574,1164.541932744727,1415.5336601339425,1417.944225661104,1031.502243782052,1104.00000058,18821.077797991693,19080.84059263589,19375.28188812998,132.93585514798207,254.5441206035008,0.4286772486772486,156.8276014311757,492.4648437992675,206.61295419242416,p90_total_cost,19080.84059263589
X-n190-k8,189,grocery,ortools:nominal_or_tools,nominal_or_tools,ortools,True,True,True,8,18122.0,4.99577260017395,0.993028163909912,5.988800764083862,1043.0,0.9447463768115942,pulp_cbc,mean_total_cost,18459.49324779236,,180,60,True,1163.1102271100574,1164.541932744727,1415.5336601339425,1417.944225661104,463.0590066232898,1104.00000073,18459.49324779236,18670.007532013733,18893.426437273643,132.61991425240248,254.93542123469024,0.4332275132275132,156.51166068559618,337.4932477923631,0.0,p90_total_cost,18670.007532013733
X-n204-k19,203,atm,ortools:nominal_or_tools,nominal_or_tools,ortools,True,True,True,19,21213.0,5.0000481605529785,1.1762723922729492,6.176320552825928,15135.0,0.9528456308234702,pulp_cbc,mean_total_cost,27832.74427237665,,180,60,True,16657.037292963792,16667.364983390977,19151.0805427942,19176.69172760544,11679.752142882606,15883.999994,27832.74427237665,33661.1271389721,39802.39250675621,1712.1553267546076,3356.079749181097,0.4201970443349753,1995.1364808395365,6619.744272376654,0.0,p90_total_cost,33661.1271389721
X-n204-k19,203,cargo,ortools:nominal_or_tools,nominal_or_tools,ortools,True,True,True,19,21213.0,5.0000481605529785,1.3087539672851562,6.308802127838135,15135.0,0.9528456308234702,pulp_cbc,mean_total_cost,26242.80892617275,,180,60,True,16657.037292963792,16667.364983390977,19151.0805427942,19176.69172760544,10466.42422687535,15883.999991,26242.80892617275,30810.639164918462,35389.566552870405,1721.6077881512217,3377.9023594757027,0.4196059113300492,2004.5889392361507,5029.808926172746,0.0,p90_total_cost,30810.639164918462
X-n204-k19,203,cold_chain,ortools:nominal_or_tools,nominal_or_tools,ortools,True,True,True,19,21213.0,5.0000481605529785,1.0130696296691897,6.013117790222168,15135.0,0.9528456308234702,pulp_cbc,mean_total_cost,30349.77510188279,,180,60,True,16657.037292963792,16667.364983390977,19151.0805427942,19176.69172760544,12951.501959464737,15884.000013,30349.77510188279,33719.669192612586,37956.876595964924,1713.2096476957406,3343.763937415262,0.4156650246305419,1996.19082078067,6187.095643717875,2949.679458164921,p90_total_cost,33719.669192612586
X-n204-k19,203,grocery,ortools:nominal_or_tools,nominal_or_tools,ortools,True,True,True,19,21213.0,5.0000481605529785,1.0173776149749756,6.017425775527954,15135.0,0.9528456308234702,pulp_cbc,mean_total_cost,25480.179713531237,,180,60,True,16657.037292963792,16667.364983390977,19151.0805427942,19176.69172760544,5740.848454917885,15884.000012,25480.179713531237,28255.32763597201,31449.400252192518,1710.8553747607466,3362.2858266737144,0.4196551724137931,1993.8365468456752,4267.179713531227,0.0,p90_total_cost,28255.32763597201
X-n209-k16,208,atm,ortools:nominal_or_tools,nominal_or_tools,ortools,True,True,True,16,32468.0,5.000096559524536,1.166332721710205,6.166429281234741,1547.0,0.9573019801980198,pulp_cbc,mean_total_cost,33125.08862281038,,180,60,True,1728.5373708196844,1732.707831817492,2088.5534407537966,2090.6974809885087,1393.196367961813,1616.0,33125.08862281038,33618.254967338566,34145.95434159225,168.98839236560966,309.41665682907075,0.418125,209.73719517061448,657.0886228103674,0.0,p90_total_cost,33618.254967338566
X-n209-k16,208,cargo,ortools:nominal_or_tools,nominal_or_tools,ortools,True,True,True,16,32468.0,5.000096559524536,1.2019352912902832,6.202031850814819,1547.0,0.9573019801980198,pulp_cbc,mean_total_cost,32967.88936156392,,180,60,True,1728.5373708196844,1732.707831817492,2088.5534407537966,2090.6974809885087,1268.0271961572364,1615.9999984,32967.88936156392,33350.44114296016,33751.17079314795,169.83330780307003,309.4771114250763,0.4171153846153846,210.58210900807487,499.8893615639117,0.0,p90_total_cost,33350.44114296016
X-n209-k16,208,cold_chain,ortools:nominal_or_tools,nominal_or_tools,ortools,True,True,True,16,32468.0,5.000096559524536,1.20863676071167,6.208733320236206,1547.0,0.9573019801980198,pulp_cbc,mean_total_cost,33383.66934647551,,180,60,True,1728.5373708196844,1732.707831817492,2088.5534407537966,2090.6974809885087,1467.642604683375,1615.9999988,33383.66934647551,33664.28004397765,34021.652083240784,169.07571503200307,309.306776340984,0.4119230769230769,209.82451663700792,621.2639202694689,294.40542620604026,p90_total_cost,33664.28004397765
X-n209-k16,208,grocery,ortools:nominal_or_tools,nominal_or_tools,ortools,True,True,True,16,32468.0,5.000096559524536,1.0624549388885498,6.062551498413086,1547.0,0.9573019801980198,pulp_cbc,mean_total_cost,32895.282355706266,,180,60,True,1728.5373708196844,1732.707831817492,2088.5534407537966,2090.6974809885087,661.0592210367805,1615.9999977,32895.282355706266,33122.6465154596,33397.24237963702,168.79428169745367,309.5809971317456,0.4157692307692308,209.54308220245852,427.2823557062654,0.0,p90_total_cost,33122.6465154596
X-n214-k11,213,atm,ortools:quantile_p90_scaled_or_tools,quantile_p90_scaled_or_tools,ortools,True,True,True,11,12479.0,4.999559164047241,1.234210729598999,6.23376989364624,10332.080000000002,0.9950000000000002,pulp_cbc,mean_total_cost,17836.304401334324,,180,60,True,11525.098152614886,11542.610363831476,13483.907107768657,13521.958776987056,10141.243216124536,10384.000004100002,17836.304401334324,21285.021371317867,24932.58424503276,1376.1252235621546,2331.025481397395,0.4826291079812206,1180.02409069425,5357.304401334325,0.0,p90_total_cost,21285.021371317867
X-n214-k11,213,cargo,ortools:quantile_p90_scaled_or_tools,quantile_p90_scaled_or_tools,ortools,True,True,True,11,12479.0,4.999559164047241,1.2715847492218018,6.271143913269043,10332.080000000002,0.9950000000000002,pulp_cbc,mean_total_cost,16503.954249529328,,180,60,True,11525.098152614886,11542.610363831476,13483.907107768657,13521.958776987056,8948.640709374844,10384.0000057,16503.954249529328,19136.734095424286,21868.05131531645,1381.5547558174148,2339.267872353753,0.4827230046948357,1185.4536245495106,4024.95424952933,0.0,p90_total_cost,19136.734095424286
X-n214-k11,213,cold_chain,ortools:quantile_p90_scaled_or_tools,quantile_p90_scaled_or_tools,ortools,True,True,True,11,12479.0,4.999559164047241,1.1057028770446775,6.105262041091919,10332.080000000002,0.9950000000000002,pulp_cbc,mean_total_cost,19206.733716022023,,180,60,True,11525.098152614886,11542.610363831476,13483.907107768657,13521.958776987056,10345.505089670874,10384.0000028,19206.733716022023,21302.470724682255,23828.42354998028,1379.888620378997,2327.8216880422287,0.4776056338028169,1183.787486211092,4765.3109420471255,1962.422773974893,p90_total_cost,21302.470724682255
X-n214-k11,213,grocery,ortools:quantile_p90_scaled_or_tools,quantile_p90_scaled_or_tools,ortools,True,True,True,11,12479.0,4.999559164047241,1.1221835613250732,6.1217427253723145,10332.080000000002,0.9950000000000002,pulp_cbc,mean_total_cost,15804.02850456377,,180,60,True,11525.098152614886,11542.610363831476,13483.907107768657,13521.958776987056,4868.57238244873,10383.9999995,15804.02850456377,17486.339358945104,19380.30388208715,1374.6117746201985,2329.9903682836484,0.4794366197183098,1178.5106371522938,3325.02850456377,0.0,p90_total_cost,17486.339358945104
X-n219-k73,218,atm,ortools:nominal_or_tools,nominal_or_tools,ortools,True,True,True,73,118409.0,5.000907897949219,0.9235210418701172,5.924428939819336,218.0,0.9954337899543378,pulp_cbc,mean_total_cost,118514.15745135758,,180,60,True,242.376031709029,242.8534714087248,287.4950894029832,287.6885078827544,204.24892641199693,218.99999961,118514.15745135758,118611.83669575848,118694.31383813523,27.995285015216176,56.26442195714017,0.4765596330275229,22.945127786931124,105.15745135759056,0.0,p90_total_cost,118611.83669575848
X-n219-k73,218,cargo,ortools:nominal_or_tools,nominal_or_tools,ortools,True,True,True,73,118409.0,5.000907897949219,0.9790682792663574,5.979976177215576,218.0,0.9954337899543378,pulp_cbc,mean_total_cost,118488.95994834388,,180,60,True,242.376031709029,242.8534714087248,287.4950894029832,287.6885078827544,185.91736754155025,219.00000009,118488.95994834388,118564.14706487214,118627.5715264486,27.99694825428066,56.16297351072815,0.4738532110091743,22.946791505995613,79.95994834386953,0.0,p90_total_cost,118564.14706487214
X-n219-k73,218,cold_chain,ortools:nominal_or_tools,nominal_or_tools,ortools,True,True,True,73,118409.0,5.000907897949219,0.9510834217071532,5.951991319656372,218.0,0.9954337899543378,pulp_cbc,mean_total_cost,118540.77774208732,,180,60,True,242.376031709029,242.8534714087248,287.4950894029832,287.6885078827544,207.2313124099847,218.9537704,118540.77774208732,118600.43667007126,118658.61027817545,27.979400917778847,56.10604474334298,0.4736238532110092,22.8830144794938,91.79799193595645,39.97975015137228,p90_total_cost,118600.43667007126
X-n219-k73,218,grocery,ortools:nominal_or_tools,nominal_or_tools,ortools,True,True,True,73,118409.0,5.000907897949219,1.0650577545166016,6.06596565246582,218.0,0.9954337899543378,pulp_cbc,mean_total_cost,118473.914429938,,180,60,True,242.376031709029,242.8534714087248,287.4950894029832,287.6885078827544,94.88264610050318,218.99999979,118473.914429938,118521.28766149963,118565.24410569358,27.97943221724589,56.21660718120898,0.4758715596330275,22.92927516896085,64.91442993801611,0.0,p90_total_cost,118521.28766149963
X-n223-k34,222,atm,ortools:nominal_or_tools,nominal_or_tools,ortools,True,True,True,34,44118.0,5.000498294830322,0.9178860187530518,5.918384313583374,1234.0,0.9809220985691574,pulp_cbc,mean_total_cost,44732.09659748648,,180,60,True,1378.2518636282953,1385.8779151195247,1599.402231662014,1602.47449459314,1269.34093466905,1258.0000012199998,44732.09659748648,45191.763424051336,45714.60779443024,157.81109871820317,284.86906269349305,0.4614864864864865,154.0675872648633,614.0965974864771,0.0,p90_total_cost,45191.763424051336
X-n223-k34,222,cargo,ortools:nominal_or_tools,nominal_or_tools,ortools,True,True,True,34,44118.0,5.000498294830322,0.9781711101531982,5.9786694049835205,1234.0,0.9809220985691574,pulp_cbc,mean_total_cost,44579.862628027055,,180,60,True,1378.2518636282953,1385.8779151195247,1599.402231662014,1602.47449459314,1145.8756241620874,1258.0000004800002,44579.862628027055,44930.45001771728,45326.61204839687,157.9322097597372,286.4071419403203,0.4519369369369369,154.1886975663973,461.8626280270527,0.0,p90_total_cost,44930.45001771728
X-n223-k34,222,cold_chain,ortools:nominal_or_tools,nominal_or_tools,ortools,True,True,True,34,44118.0,5.000498294830322,0.9128329753875732,5.913331270217896,1234.0,0.9809220985691574,pulp_cbc,mean_total_cost,44908.58671415189,,180,60,True,1378.2518636282953,1385.8779151195247,1599.402231662014,1602.47449459314,1291.849726709438,1258.00000196,44908.58671415189,45163.25527622893,45546.83904792575,157.90307877930982,284.4666330843843,0.4543243243243243,154.15956806596998,556.7673911508879,233.819323001008,p90_total_cost,45163.25527622893
X-n223-k34,222,grocery,ortools:nominal_or_tools,nominal_or_tools,ortools,True,True,True,34,44118.0,5.000498294830322,0.9162876605987548,5.916785955429077,1234.0,0.9809220985691574,pulp_cbc,mean_total_cost,44503.67418055495,,180,60,True,1378.2518636282953,1385.8779151195247,1599.402231662014,1602.47449459314,590.9029120975586,1257.99999705,44503.67418055495,44715.17914412405,45000.51173330813,157.65766410870248,284.45123057088944,0.4582432432432432,153.9141484853626,385.6741805549469,0.0,p90_total_cost,44715.17914412405
X-n228-k23,227,atm,ortools:nominal_or_tools,nominal_or_tools,ortools,True,True,True,23,30349.0,5.002313137054443,1.326369285583496,6.32868242263794,3478.0,0.9819311123658948,pulp_cbc,mean_total_cost,32281.49474340328,,180,60,True,3871.187173963408,3880.369089269405,4574.970830957401,4579.389746009339,3701.579847603631,3541.9999967899994,32281.49474340328,33527.26912305699,34758.772869064625,480.279808805464,803.3319447531271,0.4643612334801762,452.5967457224303,1932.4947434032856,0.0,p90_total_cost,33527.26912305699
X-n228-k23,227,cargo,ortools:nominal_or_tools,nominal_or_tools,ortools,True,True,True,23,30349.0,5.002313137054443,1.3193342685699463,6.32164740562439,3478.0,0.9819311123658948,pulp_cbc,mean_total_cost,31801.53193159689,,180,60,True,3871.187173963408,3880.369089269405,4574.970830957401,4579.389746009339,3296.5804808211305,3542.0000015999995,31801.53193159689,32795.49950702219,33678.71290420934,483.3169529166622,808.6677234927962,0.4522026431718061,455.6338946436286,1452.531931596886,0.0,p90_total_cost,32795.49950702219
X-n228-k23,227,cold_chain,ortools:nominal_or_tools,nominal_or_tools,ortools,True,True,True,23,30349.0,5.002313137054443,1.2083585262298584,6.210671663284302,3478.0,0.9819311123658948,pulp_cbc,mean_total_cost,32740.61240900832,,180,60,True,3871.187173963408,3880.369089269405,4574.970830957401,4579.389746009339,3767.1863865951536,3541.99999673,32740.61240900832,33492.58907880021,34360.44494836638,480.7003782413628,799.8416031363696,0.4531718061674009,453.0173150983292,1753.5634629357414,638.0489460725779,p90_total_cost,33492.58907880021
X-n228-k23,227,grocery,ortools:nominal_or_tools,nominal_or_tools,ortools,True,True,True,23,30349.0,5.002313137054443,1.0652761459350586,6.067589282989502,3478.0,0.9819311123658948,pulp_cbc,mean_total_cost,31558.51074929635,,180,60,True,3871.187173963408,3880.369089269405,4574.970830957401,4579.389746009339,1768.0600270341054,3541.99999582,31558.51074929635,32149.875605177687,32816.21911640059,479.5248825156369,800.260408742767,0.4573568281938326,451.8418184626033,1209.510749296349,0.0,p90_total_cost,32149.875605177687
X-n233-k16,232,atm,ortools:proxy_mean_scaled_or_tools,proxy_mean_scaled_or_tools,ortools,True,True,True,16,23289.0,5.000923156738281,1.2291593551635742,6.230082511901856,10045.52,0.995,pulp_cbc,mean_total_cost,28089.46383734408,,180,60,True,11334.41800874414,11355.553726611492,13290.364120543143,13318.41245506052,10611.263932227568,10095.99998662,28089.46383734408,30930.015321821047,33463.96586405596,1220.35067486701,2014.3585366208652,0.4544827586206896,1201.989822055686,4800.463837344079,0.0,p90_total_cost,30930.015321821047
X-n233-k16,232,cargo,ortools:proxy_mean_scaled_or_tools,proxy_mean_scaled_or_tools,ortools,True,True,True,16,23289.0,5.000923156738281,1.326101541519165,6.327024698257446,10045.52,0.995,pulp_cbc,mean_total_cost,26886.880661410178,,180,60,True,11334.41800874414,11355.553726611492,13290.364120543143,13318.41245506052,9351.145627289356,10096.00000741,26886.880661410178,29072.631418486897,30941.53371531745,1232.5564822883005,2051.00562527392,0.4596551724137931,1214.1956502669768,3597.880661410173,0.0,p90_total_cost,29072.631418486897
X-n233-k16,232,cold_chain,ortools:proxy_mean_scaled_or_tools,proxy_mean_scaled_or_tools,ortools,True,True,True,16,23289.0,5.000923156738281,1.1968581676483154,6.197781324386597,10045.52,0.995,pulp_cbc,mean_total_cost,29382.33127342654,,180,60,True,11334.41800874414,11355.553726611492,13290.364120543143,13318.41245506052,10474.43896912553,10095.99999824,29382.33127342654,31017.03876468916,32797.360725623534,1218.9206332095712,2020.7995254586135,0.4484051724137931,1200.5597920182472,4350.929914762233,1742.4013586643075,p90_total_cost,31017.03876468916
X-n233-k16,232,grocery,ortools:proxy_mean_scaled_or_tools,proxy_mean_scaled_or_tools,ortools,True,True,True,16,23289.0,5.000923156738281,1.1187434196472168,6.119666576385498,10045.52,0.995,pulp_cbc,mean_total_cost,26318.40295118345,,180,60,True,11334.41800874414,11355.553726611492,13290.364120543143,13318.41245506052,5038.789133752825,10095.999999,26318.40295118345,27634.12419629182,28995.286234475752,1220.9176853499405,2014.1945732654808,0.4512931034482759,1202.5568449186164,3029.4029511834487,0.0,p90_total_cost,27634.12419629182
X-n237-k14,236,atm,ortools:nominal_or_tools,nominal_or_tools,ortools,True,True,True,14,29009.0,4.998348474502564,1.3106403350830078,6.308988809585571,236.0,0.9365079365079364,pulp_cbc,mean_total_cost,29115.920742367078,,180,60,True,263.8174816145851,264.3221102784825,313.4568471108956,314.5631472546253,235.73985390516089,237.72165777,29115.920742367078,29196.709065762,29282.707953472316,28.248184831610534,50.96917353308239,0.4710169491525424,25.47272390457048,106.92074236707346,0.0,p90_total_cost,29196.709065762
X-n237-k14,236,cargo,ortools:nominal_or_tools,nominal_or_tools,ortools,True,True,True,14,29009.0,4.998348474502564,1.4357011318206787,6.434049606323242,236.0,0.9365079365079364,pulp_cbc,mean_total_cost,29090.194384082053,,180,60,True,263.8174816145851,264.3221102784825,313.4568471108956,314.5631472546253,215.80019971805055,237.93170183,29090.194384082053,29152.470973760304,29217.641214743104,28.415642244977384,51.46544790751911,0.4709322033898305,25.850225377937345,81.194384082054,0.0,p90_total_cost,29152.470973760304
X-n237-k14,236,cold_chain,ortools:nominal_or_tools,nominal_or_tools,ortools,True,True,True,14,29009.0,4.998348474502564,1.2579069137573242,6.256255388259888,236.0,0.9365079365079364,pulp_cbc,mean_total_cost,29146.56188113991,,180,60,True,263.8174816145851,264.3221102784825,313.4568471108956,314.5631472546253,236.24334280618572,236.90640724,29146.56188113991,29196.037207249312,29254.71078853808,28.346818469494888,50.94759867786966,0.4699576271186441,24.75610701245484,94.39519033063144,43.16669080928282,p90_total_cost,29196.037207249312
X-n237-k14,236,grocery,ortools:nominal_or_tools,nominal_or_tools,ortools,True,True,True,14,29009.0,4.998348474502564,1.3295068740844729,6.327855348587036,236.0,0.9365079365079364,pulp_cbc,mean_total_cost,29075.39953275263,,180,60,True,263.8174816145851,264.3221102784825,313.4568471108956,314.5631472546253,108.0657698167562,236.85561266,29075.39953275263,29114.37508360475,29159.42551734444,28.236058433231918,50.82442617402449,0.4696186440677966,24.594552396191865,66.39953275263633,0.0,p90_total_cost,29114.37508360475
X-n242-k48,241,atm,ortools:nominal_or_tools,nominal_or_tools,ortools,True,True,True,48,86573.0,5.005714416503906,1.0552756786346436,6.06099009513855,1324.0,0.9851190476190476,pulp_cbc,mean_total_cost,87275.03359201668,,180,60,True,1475.973949221342,1477.18790780453,1719.0860596616135,1721.464512942517,1269.3796391786675,1344.0000006699995,87275.03359201668,87818.7251822911,88296.16995056198,180.6536470109376,331.05581494258274,0.4802904564315353,157.60211157908958,702.0335920166694,0.0,p90_total_cost,87818.7251822911
X-n242-k48,241,cargo,ortools:nominal_or_tools,nominal_or_tools,ortools,True,True,True,48,86573.0,5.005714416503906,1.0845849514007568,6.090299367904663,1324.0,0.9851190476190476,pulp_cbc,mean_total_cost,87102.73382507378,,180,60,True,1475.973949221342,1477.18790780453,1719.0860596616135,1721.464512942517,1129.5375130836644,1344.0000014900002,87102.73382507378,87521.97563939655,87881.55478008321,180.72438508769213,331.2729650835191,0.476597510373444,157.6728504758441,529.7338250737972,0.0,p90_total_cost,87521.97563939655
X-n242-k48,241,cold_chain,ortools:nominal_or_tools,nominal_or_tools,ortools,True,True,True,48,86573.0,5.005714416503906,1.099147081375122,6.104861497879028,1324.0,0.9851190476190476,pulp_cbc,mean_total_cost,87444.04986508198,,180,60,True,1475.973949221342,1477.18790780453,1719.0860596616135,1721.464512942517,1304.4526383387074,1338.02453143,87444.04986508198,87775.92361054686,88116.30963754952,181.03504339822496,333.794992263919,0.4765560165975103,152.00803872637684,620.3684882245335,250.68137685745293,p90_total_cost,87775.92361054686
X-n242-k48,241,grocery,ortools:nominal_or_tools,nominal_or_tools,ortools,True,True,True,48,86573.0,5.005714416503906,0.992523431777954,5.99823784828186,1324.0,0.9851190476190476,pulp_cbc,mean_total_cost,87007.02378996216,,180,60,True,1475.973949221342,1477.18790780453,1719.0860596616135,1721.464512942517,606.4763104936214,1338.84649687,87007.02378996216,87270.02809412946,87527.85860715347,180.84654009045323,333.8352307024457,0.4780082987551867,152.64150085860518,434.023789962162,0.0,p90_total_cost,87270.02809412946
X-n251-k28,250,atm,ortools:nominal_or_tools,nominal_or_tools,ortools,True,True,True,28,40465.0,4.999040126800537,1.137425661087036,6.136465787887573,1867.0,0.9663561076604554,pulp_cbc,mean_total_cost,41303.748714238725,,180,60,True,2083.418657642686,2086.52559340612,2424.7257298494437,2425.3478480666686,1696.4652289665305,1932.0000021,41303.748714238725,41931.40251650499,42576.28329455781,217.42323223945456,396.95138801507926,0.43748,239.20005838704037,838.7487142387239,0.0,p90_total_cost,41931.40251650499
X-n251-k28,250,cargo,ortools:nominal_or_tools,nominal_or_tools,ortools,True,True,True,28,40465.0,4.999040126800537,1.1725342273712158,6.171574354171753,1867.0,0.9663561076604554,pulp_cbc,mean_total_cost,41099.76694548299,,180,60,True,2083.418657642686,2086.52559340612,2424.7257298494437,2425.3478480666686,1526.6296280112604,1931.9999996,41099.76694548299,41586.256070631534,42068.50801717799,217.9185903460944,397.26578127661816,0.43316,239.6954139936801,634.7669454829879,0.0,p90_total_cost,41586.256070631534
X-n251-k28,250,cold_chain,ortools:nominal_or_tools,nominal_or_tools,ortools,True,True,True,28,40465.0,4.999040126800537,1.069691181182861,6.068731307983398,1867.0,0.9663561076604554,pulp_cbc,mean_total_cost,41585.11981963547,,180,60,True,2083.418657642686,2086.52559340612,2424.7257298494437,2425.3478480666686,1770.769658106567,1923.6758217,41585.11981963547,41944.2286100097,42391.98819989876,218.3258188828903,396.4782681195302,0.43368,231.77846463047612,770.3228017741324,349.79701786132966,p90_total_cost,41944.2286100097
X-n251-k28,250,grocery,ortools:nominal_or_tools,nominal_or_tools,ortools,True,True,True,28,40465.0,4.999040126800537,1.103945016860962,6.102985143661499,1867.0,0.9663561076604554,pulp_cbc,mean_total_cost,40999.7033977655,,180,60,True,2083.418657642686,2086.52559340612,2424.7257298494437,2425.3478480666686,805.6037943242404,1926.0939971,40999.7033977655,41290.08857671861,41633.85781033521,217.56581676675495,395.7862885693988,0.43736,233.4366379143408,534.703397765502,0.0,p90_total_cost,41290.08857671861
X-n261-k13,260,atm,ortools:nominal_or_tools,nominal_or_tools,ortools,True,True,True,13,29400.0,4.997448205947876,1.5691487789154053,6.566596984863281,13381.0,0.9521810289617876,pulp_cbc,mean_total_cost,36539.379719312,,180,60,True,14982.669280417082,15021.02935136878,17862.196299766994,17900.458727447764,13411.517153933544,14002.1914857,36539.379719312,42224.51573945209,47588.60333589073,1819.7780066090977,3383.9799630268512,0.4716923076923077,1952.9323002790388,7139.379719312001,0.0,p90_total_cost,42224.51573945209
X-n261-k13,260,cargo,ortools:nominal_or_tools,nominal_or_tools,ortools,True,True,True,13,29400.0,4.997448205947876,1.7780954837799072,6.775543689727783,13381.0,0.9521810289617876,pulp_cbc,mean_total_cost,34795.08124624615,,180,60,True,14982.669280417082,15021.02935136878,17862.196299766994,17900.458727447764,12079.481633349167,14044.51100378,34795.08124624615,39106.1788080085,43217.04713403518,1827.224118543102,3389.378139929159,0.4719615384615385,2002.697930293044,5395.081246246153,0.0,p90_total_cost,39106.1788080085
X-n261-k13,260,cold_chain,ortools:nominal_or_tools,nominal_or_tools,ortools,True,True,True,13,29400.0,4.997448205947876,1.58939790725708,6.586846113204956,13381.0,0.9521810289617876,pulp_cbc,mean_total_cost,38482.41610663443,,180,60,True,14982.669280417082,15021.02935136878,17862.196299766994,17900.458727447764,13970.20962167748,13719.0793718,38482.41610663443,42150.04462659556,45768.28700740573,1834.874010820082,3479.43882006118,0.4616923076923077,1684.9161905900237,6415.259558615205,2667.1565480192244,p90_total_cost,42150.04462659556
X-n261-k13,260,grocery,ortools:nominal_or_tools,nominal_or_tools,ortools,True,True,True,13,29400.0,4.997448205947876,1.3952786922454834,6.392726898193359,13381.0,0.9521810289617876,pulp_cbc,mean_total_cost,33860.10894522788,,180,60,True,14982.669280417082,15021.02935136878,17862.196299766994,17900.458727447764,6376.568815771133,13743.4380643,33860.10894522788,36775.41967888087,39503.04323029045,1828.84588146365,3475.343173885441,0.469,1703.2467537335915,4460.108945227881,0.0,p90_total_cost,36775.41967888087
X-n275-k28,274,atm,ortools:nominal_or_tools,nominal_or_tools,ortools,True,True,True,28,22472.0,4.999546527862549,1.3978550434112549,6.397401571273804,274.0,0.9785714285714284,pulp_cbc,mean_total_cost,22580.613949966333,,180,60,True,306.89828660604496,307.5660280006758,368.0009655121191,368.3309895522635,252.89804395386147,280.00000034,22580.613949966333,22657.01285719522,22757.57048916802,28.27605619715132,50.495112194120736,0.4176642335766423,34.09376522349207,108.61394996633572,0.0,p90_total_cost,22657.01285719522
X-n275-k28,274,cargo,ortools:nominal_or_tools,nominal_or_tools,ortools,True,True,True,28,22472.0,4.999546527862549,1.5829246044158936,6.582471132278442,274.0,0.9785714285714284,pulp_cbc,mean_total_cost,22554.79194994005,,180,60,True,306.89828660604496,307.5660280006758,368.0009655121191,368.3309895522635,229.69661452388624,280.00000002,22554.79194994005,22614.005273408657,22691.238420203543,28.387489142974424,50.74635744755972,0.4197810218978102,34.20519784931517,82.79194994005351,0.0,p90_total_cost,22614.005273408657
X-n275-k28,274,cold_chain,ortools:nominal_or_tools,nominal_or_tools,ortools,True,True,True,28,22472.0,4.999546527862549,1.3890442848205566,6.3885908126831055,274.0,0.9785714285714284,pulp_cbc,mean_total_cost,22624.421035275744,,180,60,True,306.89828660604496,307.5660280006758,368.0009655121191,368.3309895522635,258.902884590517,279.70825283,22624.421035275744,22667.645066062505,22736.297320707545,28.35438545058692,50.57371319138189,0.416934306569343,33.88034696692766,101.73705906280792,50.683976212935,p90_total_cost,22667.645066062505
X-n275-k28,274,grocery,ortools:nominal_or_tools,nominal_or_tools,ortools,True,True,True,28,22472.0,4.999546527862549,1.32436203956604,6.323908567428589,274.0,0.9785714285714284,pulp_cbc,mean_total_cost,22542.509752252903,,180,60,True,306.89828660604496,307.5660280006758,368.0009655121191,368.3309895522635,119.05923885447174,279.97094958,22542.509752252903,22577.9808073307,22630.203535084627,28.2657210754061,50.48675858069855,0.4166423357664233,34.05437934174685,70.50975225290605,0.0,p90_total_cost,22577.9808073307
X-n280-k17,279,atm,ortools:nominal_or_tools,nominal_or_tools,ortools,True,True,True,17,38220.0,5.000722408294678,1.5377521514892578,6.538474559783936,3233.0,0.990502450980392,pulp_cbc,mean_total_cost,40027.92980863268,,180,60,True,3569.5494701131493,3575.424894705229,4199.901283616081,4206.345190262546,3283.6004573211867,3264.00000287,40027.92980863268,41088.36352211319,42339.20861903413,449.73230277401706,729.6396680996334,0.452831541218638,397.8666829556453,1807.9298086326828,0.0,p90_total_cost,41088.36352211319
X-n280-k17,279,cargo,ortools:nominal_or_tools,nominal_or_tools,ortools,True,True,True,17,38220.0,5.000722408294678,1.4587509632110596,6.459473371505737,3233.0,0.990502450980392,pulp_cbc,mean_total_cost,39580.09082413654,,180,60,True,3569.5494701131493,3575.424894705229,4199.901283616081,4206.345190262546,2911.421639161693,3264.0000001300004,39580.09082413654,40387.984738004525,41333.0069019348,451.5701457112566,732.7247542733594,0.4383870967741936,399.7045231528848,1360.090824136541,0.0,p90_total_cost,40387.984738004525
X-n280-k17,279,cold_chain,ortools:nominal_or_tools,nominal_or_tools,ortools,True,True,True,17,38220.0,5.000722408294678,1.5643043518066406,6.565026760101318,3233.0,0.990502450980392,pulp_cbc,mean_total_cost,40419.20537340071,,180,60,True,3569.5494701131493,3575.424894705229,4199.901283616081,4206.345190262546,3346.458363906182,3263.99999941,40419.20537340071,41053.64002720387,41942.628981321504,450.142568409568,728.6320262312765,0.4415770609318996,398.276945131196,1619.5335791703124,579.6717942303974,p90_total_cost,41053.64002720387
X-n280-k17,279,grocery,ortools:nominal_or_tools,nominal_or_tools,ortools,True,True,True,17,38220.0,5.000722408294678,1.423553228378296,6.424275636672974,3233.0,0.990502450980392,pulp_cbc,mean_total_cost,39344.30185612533,,180,60,True,3569.5494701131493,3575.424894705229,4199.901283616081,4206.345190262546,1584.479534406315,3264.00000342,39344.30185612533,39866.33051755854,40522.10614436767,449.6955761410903,732.4443001586795,0.4502150537634408,397.8299568727184,1124.3018561253264,0.0,p90_total_cost,39866.33051755854
X-n284-k15,283,atm,ortools:nominal_or_tools,nominal_or_tools,ortools,True,True,True,15,22522.0,4.994700193405151,1.6744441986083984,6.66914439201355,1527.0,0.9339449541284404,pulp_cbc,mean_total_cost,23200.949454842663,,180,60,True,1690.7465941899184,1691.7378069241554,2011.601490678983,2013.2207644463767,1243.4394002248116,1635.00000005,23200.949454842663,23719.12069482928,24199.413037788843,170.97596198059932,313.08472658102386,0.4143816254416961,244.34624953734536,678.9494548426666,0.0,p90_total_cost,23719.12069482928
X-n284-k15,283,cargo,ortools:nominal_or_tools,nominal_or_tools,ortools,True,True,True,15,22522.0,4.994700193405151,1.840902328491211,6.835602521896362,1527.0,0.9339449541284404,pulp_cbc,mean_total_cost,23034.8680628293,,180,60,True,1690.7465941899184,1691.7378069241554,2011.601490678983,2013.2207644463767,1104.9259187481468,1634.99999918,23034.8680628293,23439.084479079014,23796.679987911968,172.21261425190968,316.2252179601667,0.4130388692579505,245.58290093865568,512.868062829294,0.0,p90_total_cost,23439.084479079014
X-n284-k15,283,cold_chain,ortools:nominal_or_tools,nominal_or_tools,ortools,True,True,True,15,22522.0,4.994700193405151,1.5633225440979004,6.558022737503052,1527.0,0.9339449541284404,pulp_cbc,mean_total_cost,23478.334561524254,,180,60,True,1690.7465941899184,1691.7378069241554,2011.601490678983,2013.2207644463767,1379.3091448323037,1627.02914383,23478.334561524254,23788.329297977227,24104.242124575903,171.84256584663325,315.243569300526,0.4068551236749116,237.24199718337928,662.5868656016235,293.7476959226344,p90_total_cost,23788.329297977227
X-n284-k15,283,grocery,ortools:nominal_or_tools,nominal_or_tools,ortools,True,True,True,15,22522.0,4.994700193405151,1.4154245853424072,6.410124778747559,1527.0,0.9339449541284404,pulp_cbc,mean_total_cost,22971.50045018467,,180,60,True,1690.7465941899184,1691.7378069241554,2011.601490678983,2013.2207644463767,618.4165696571733,1633.31957234,22971.50045018467,23220.542593862207,23464.100393927863,170.7509623224457,313.65579511502904,0.4137102473498233,242.4408221691917,449.5004501846717,0.0,p90_total_cost,23220.542593862207
X-n106-k14,105,atm,ortools:nominal_or_tools,nominal_or_tools,ortools,True,True,True,14,27182.0,4.99911379814148,0.5392637252807617,5.538377523422241,7864.0,0.9361904761904762,pulp_cbc,mean_total_cost,30121.63981659178,,180,60,True,8678.48886970813,8708.388879095239,10372.84775102459,10379.445766360304,6667.126459423274,8400.000007999999,30121.63981659178,32011.109425330007,33087.8291147906,746.0519876687177,1289.048485150237,0.4023809523809524,1234.4007181841894,2939.639816591785,0.0,stockout_rate,0.4023809523809524
X-n106-k14,105,cargo,ortools:nominal_or_tools,nominal_or_tools,ortools,True,True,True,14,27182.0,4.99911379814148,0.4968898296356201,5.4960036277771,7864.0,0.9361904761904762,pulp_cbc,mean_total_cost,29399.197196480152,,180,60,True,8678.48886970813,8708.388879095239,10372.84775102459,10379.445766360304,6053.018468007391,8399.999992000001,29399.197196480152,30846.534779509475,31676.72264768545,748.7036037235138,1270.793755376944,0.4034285714285714,1237.0523182389857,2217.1971964801564,0.0,stockout_rate,0.4034285714285714
X-n106-k14,105,cold_chain,ortools:nominal_or_tools,nominal_or_tools,ortools,True,True,True,14,27182.0,4.99911379814148,0.5193181037902832,5.518431901931763,7864.0,0.9361904761904762,pulp_cbc,mean_total_cost,31507.22406377675,,180,60,True,8678.48886970813,8708.388879095239,10372.84775102459,10379.445766360304,7181.491686119698,8255.29003,31507.22406377675,32625.822849894208,33280.96812507401,750.2019494492474,1286.3673605254962,0.4047619047619047,1093.840701964719,2876.708010789284,1448.516052987469,stockout_rate,0.4047619047619047
X-n106-k14,105,grocery,ortools:nominal_or_tools,nominal_or_tools,ortools,True,True,True,14,27182.0,4.99911379814148,0.4895277023315429,5.488641500473023,7864.0,0.9361904761904762,pulp_cbc,mean_total_cost,29145.229311287658,,180,60,True,8678.48886970813,8708.388879095239,10372.84775102459,10379.445766360304,3219.316195358524,8282.21132,29145.229311287658,30015.70406876767,30574.761565707577,747.3939800727794,1293.4353895696945,0.4047619047619047,1117.954022588251,1963.2293112876616,0.0,stockout_rate,0.4047619047619047
X-n110-k13,109,atm,ortools:proxy_mean_scaled_or_tools,proxy_mean_scaled_or_tools,ortools,True,True,True,13,16426.0,4.999256134033203,0.5194869041442871,5.51874303817749,853.7099999999999,0.995,pulp_cbc,mean_total_cost,16790.17200769339,,180,60,True,922.107056749831,926.0446089731709,1096.1448904465033,1097.6485758926672,757.6800715739269,858.0000006,16790.17200769339,17166.61853704198,17518.77151562033,94.04826789792234,202.87969554081903,0.4194495412844036,107.5762602477688,364.1720076933876,0.0,stockout_rate,0.4194495412844036
X-n110-k13,109,cargo,ortools:proxy_mean_scaled_or_tools,proxy_mean_scaled_or_tools,ortools,True,True,True,13,16426.0,4.999256134033203,0.5272674560546875,5.526523590087891,853.7099999999999,0.995,pulp_cbc,mean_total_cost,16700.398453726288,,180,60,True,922.107056749831,926.0446089731709,1096.1448904465033,1097.6485758926672,684.8149694455948,857.9999995999999,16700.398453726288,16981.57347062301,17253.9968521034,94.54787139788678,203.43673039925747,0.4241284403669725,108.07586274773328,274.39845372628685,0.0,stockout_rate,0.4241284403669725
X-n110-k13,109,cold_chain,ortools:proxy_mean_scaled_or_tools,proxy_mean_scaled_or_tools,ortools,True,True,True,13,16426.0,4.999256134033203,0.6018352508544922,5.601091384887695,853.7099999999999,0.995,pulp_cbc,mean_total_cost,16928.66133330754,,180,60,True,922.107056749831,926.0446089731709,1096.1448904465033,1097.6485758926672,797.8184172822768,858.0000010999998,16928.66133330754,17146.217222097173,17396.412901846914,94.46853012462796,202.77321739201363,0.4174311926605504,107.99652297447444,341.1735459316658,161.48778737587574,stockout_rate,0.4174311926605504
X-n110-k13,109,grocery,ortools:proxy_mean_scaled_or_tools,proxy_mean_scaled_or_tools,ortools,True,True,True,13,16426.0,4.999256134033203,0.4544527530670166,5.45370888710022,853.7099999999999,0.995,pulp_cbc,mean_total_cost,16660.941123649256,,180,60,True,922.107056749831,926.0446089731709,1096.1448904465033,1097.6485758926672,358.79452328607624,858.0000008999999,16660.941123649256,16836.923785188425,17026.80103473115,94.02890383317944,202.24215934081897,0.4165137614678899,107.55689648302598,234.94112364925488,0.0,stockout_rate,0.4165137614678899
X-n115-k10,114,atm,ortools:nominal_or_tools,nominal_or_tools,ortools,True,True,True,10,13099.0,5.003995418548584,0.5837461948394775,5.5877416133880615,1535.0,0.908284023668639,pulp_cbc,mean_total_cost,13888.043235337062,,180,60,True,1696.498515200886,1698.9645533588098,2024.6258510269995,2026.4340508376151,1387.9930201967934,1690.00001105,13888.043235337062,14612.578257305331,15196.23403509162,191.12834329492475,384.43172304472273,0.3907894736842105,283.93251268223,789.0432353370614,0.0,stockout_rate,0.3907894736842105
X-n115-k10,114,cargo,ortools:nominal_or_tools,nominal_or_tools,ortools,True,True,True,10,13099.0,5.003995418548584,0.6016607284545898,5.605656147003174,1535.0,0.908284023668639,pulp_cbc,mean_total_cost,13691.230347302237,,180,60,True,1696.498515200886,1698.9645533588098,2024.6258510269995,2026.4340508376151,1251.9073817414142,1690.00001484,13691.230347302237,14227.539913940604,14687.332806740416,192.51108688542715,381.9357180356367,0.4004385964912281,285.31526006273253,592.2303473022367,0.0,stockout_rate,0.4004385964912281
X-n115-k10,114,cold_chain,ortools:nominal_or_tools,nominal_or_tools,ortools,True,True,True,10,13099.0,5.003995418548584,0.5978717803955078,5.601867198944092,1535.0,0.908284023668639,pulp_cbc,mean_total_cost,14177.35576551884,,180,60,True,1696.498515200886,1698.9645533588098,2024.6258510269995,2026.4340508376151,1553.3065079586236,1684.3766313,14177.35576551884,14620.54500688184,15009.641678687014,192.273673417893,387.2365265266701,0.3831578947368421,279.4544630551983,786.6566120546804,291.6991534641582,stockout_rate,0.3831578947368421
X-n115-k10,114,grocery,ortools:nominal_or_tools,nominal_or_tools,ortools,True,True,True,10,13099.0,5.003995418548584,0.5860910415649414,5.590086460113525,1535.0,0.908284023668639,pulp_cbc,mean_total_cost,13626.674675992115,,180,60,True,1696.498515200886,1698.9645533588098,2024.6258510269995,2026.4340508376151,692.3372890060228,1690.0000119,13626.674675992115,13980.923156975514,14275.745079012073,191.13393711233812,385.8153074665875,0.3858771929824561,283.9381073496435,527.6746759921159,0.0,stockout_rate,0.3858771929824561
X-n120-k6,119,atm,ortools:nominal_or_tools,nominal_or_tools,ortools,True,True,True,6,14034.0,5.004239797592163,0.7788379192352295,5.783077716827393,119.0,0.9444444444444444,pulp_cbc,mean_total_cost,14084.440466728183,,180,60,True,133.52122460451002,133.78447753711538,155.4085028189589,155.70208638891222,105.60603825179771,126.00000003,14084.440466728183,14125.044277061064,14151.147792106878,13.0717933282412,24.73672109046113,0.4289915966386554,17.31646533202953,50.44046672818464,0.0,stockout_rate,0.4289915966386554
X-n120-k6,119,cargo,ortools:nominal_or_tools,nominal_or_tools,ortools,True,True,True,6,14034.0,5.004239797592163,0.813718318939209,5.817958116531372,119.0,0.9444444444444444,pulp_cbc,mean_total_cost,14072.622741154588,,180,60,True,133.52122460451002,133.78447753711538,155.4085028189589,155.70208638891222,96.16922462156704,125.99999957,14072.622741154588,14103.771102313593,14124.155158921038,13.190203505420222,24.78263066159108,0.4292436974789916,17.43487504920856,38.62274115458888,0.0,stockout_rate,0.4292436974789916
X-n120-k6,119,cold_chain,ortools:nominal_or_tools,nominal_or_tools,ortools,True,True,True,6,14034.0,5.004239797592163,0.8517904281616211,5.856030225753784,119.0,0.9444444444444444,pulp_cbc,mean_total_cost,14103.014175370912,,180,60,True,133.52122460451002,133.78447753711538,155.4085028189589,155.70208638891222,110.92391703632164,123.97941259,14103.014175370912,14127.39108417236,14145.334494239907,13.249015981685568,24.79878139942487,0.432016806722689,15.4731005454739,47.0182204331258,21.995954937787594,stockout_rate,0.432016806722689
X-n120-k6,119,grocery,ortools:nominal_or_tools,nominal_or_tools,ortools,True,True,True,6,14034.0,5.004239797592163,0.7355120182037354,5.739751815795898,119.0,0.9444444444444444,pulp_cbc,mean_total_cost,14066.623888720327,,180,60,True,133.52122460451002,133.78447753711538,155.4085028189589,155.70208638891222,50.86626245262825,124.38679032999998,14066.623888720327,14085.98968493446,14099.851150561848,13.13752691115852,24.72279216029031,0.432016806722689,15.768989214946853,32.623888720329404,0.0,stockout_rate,0.432016806722689
X-n129-k18,128,atm,ortools:quantile_p75_scaled_or_tools,quantile_p75_scaled_or_tools,ortools,True,True,True,18,31451.0,4.998423099517822,0.7005598545074463,5.6989829540252686,698.49,0.995,pulp_cbc,mean_total_cost,31756.31175293718,,180,60,True,727.1353695075978,729.545141336595,853.7757199603714,854.5229848707611,586.0652584360392,702.00000065,31756.31175293718,31972.376446574577,32256.95974851316,77.62412126461571,137.27131097442305,0.41609375,92.71105278641645,305.3117529371788,0.0,stockout_rate,0.41609375
X-n129-k18,128,cargo,ortools:quantile_p90_scaled_or_tools,quantile_p90_scaled_or_tools,ortools,True,True,True,18,33039.0,4.997389316558838,0.7208764553070068,5.718265771865845,698.49,0.995,pulp_cbc,mean_total_cost,33262.48416944449,,180,60,True,727.1353695075978,729.545141336595,853.7757199603714,854.5229848707611,524.4533381366634,702.0000007,33262.48416944449,33430.330181940706,33635.61255920569,77.01660542014778,137.26206345552632,0.4059375,92.10353699194847,223.48416944449392,0.0,stockout_rate,0.4059375
X-n129-k18,128,cold_chain,ortools:quantile_p75_scaled_or_tools,quantile_p75_scaled_or_tools,ortools,True,True,True,18,31451.0,4.998423099517822,0.7079203128814697,5.706343412399292,698.49,0.995,pulp_cbc,mean_total_cost,31871.153720409173,,180,60,True,727.1353695075978,729.545141336595,853.7757199603714,854.5229848707611,641.6166340179011,702.00000011,31871.153720409173,31998.81885125708,32191.73406151878,77.89414563121554,136.34118029052956,0.4065625,92.98107661301628,289.5100141952425,130.64370621393164,stockout_rate,0.4065625
X-n129-k18,128,grocery,ortools:quantile_p75_scaled_or_tools,quantile_p75_scaled_or_tools,ortools,True,True,True,18,31451.0,4.998423099517822,0.5524065494537354,5.550829648971558,698.49,0.995,pulp_cbc,mean_total_cost,31648.46402425078,,180,60,True,727.1353695075978,729.545141336595,853.7757199603714,854.5229848707611,278.72961603012214,702.00000032,31648.46402425078,31749.887582306,31899.23334461955,77.58351106929699,136.98325676525815,0.416328125,92.67044226109772,197.46402425078645,0.0,stockout_rate,0.416328125
X-n134-k13,133,atm,ortools:quantile_p75_scaled_or_tools,quantile_p75_scaled_or_tools,ortools,True,True,True,13,14712.0,5.000061511993408,0.5567419528961182,5.556803464889526,8317.205,0.995,pulp_cbc,mean_total_cost,18505.66512245416,,180,60,True,9183.395205809104,9198.564456324051,11030.147738079117,11050.704860248838,8177.728090979433,8358.999999,18505.66512245416,20951.220045592272,24540.70108426772,994.73569729163,1697.4112059048407,0.4604511278195489,932.81131516011,3793.665122454151,0.0,stockout_rate,0.4604511278195489
X-n134-k13,133,cargo,ortools:quantile_p75_scaled_or_tools,quantile_p75_scaled_or_tools,ortools,True,True,True,13,14712.0,5.000061511993408,0.5633425712585449,5.563404083251953,8317.205,0.995,pulp_cbc,mean_total_cost,17495.39892507341,,180,60,True,9183.395205809104,9198.564456324051,11030.147738079117,11050.704860248838,7209.857136983138,8358.9999824,17495.39892507341,19305.65043540815,21958.70511732084,1004.0330591601768,1697.78731242286,0.4484962406015038,942.1086604286572,2783.398925073407,0.0,stockout_rate,0.4484962406015038
X-n134-k13,133,cold_chain,ortools:quantile_p75_scaled_or_tools,quantile_p75_scaled_or_tools,ortools,True,True,True,13,14712.0,5.000061511993408,0.5752134323120117,5.57527494430542,8317.205,0.995,pulp_cbc,mean_total_cost,19605.10594783722,,180,60,True,9183.395205809104,9198.564456324051,11030.147738079117,11050.704860248838,8278.369856817091,8359.0000057,19605.10594783722,21052.908612960247,23514.16938372134,995.3957709244564,1687.0446049488537,0.4543609022556391,933.4713954929368,3414.5400289340123,1478.5659189032046,stockout_rate,0.4543609022556391
X-n134-k13,133,grocery,ortools:nominal_or_tools,nominal_or_tools,ortools,True,True,True,13,13345.0,5.001290559768677,0.5700087547302246,5.571299314498901,8220.0,0.9833712166527095,pulp_cbc,mean_total_cost,15713.694692679994,,180,60,True,9183.395205809104,9198.564456324051,11030.147738079117,11050.704860248838,3794.671416565535,8358.9999971,15713.694692679994,16871.261124253295,18768.380921751148,993.9633297499514,1691.349984439562,0.4583458646616541,932.0389457184316,2368.694692679994,0.0,stockout_rate,0.4583458646616541
X-n139-k10,138,atm,ortools:nominal_or_tools,nominal_or_tools,ortools,True,True,True,10,14826.0,5.0046446323394775,0.7796299457550049,5.784274578094482,1039.0,0.980188679245283,pulp_cbc,mean_total_cost,15254.712424182664,,180,60,True,1146.307606641427,1148.216888591183,1334.618975008724,1335.9433230902955,891.7120052975389,1059.9999998,15254.712424182664,15546.773980893136,15906.127550444664,110.99154556308928,192.30319894942173,0.4189130434782608,129.60175923298505,428.7124241826681,0.0,stockout_rate,0.4189130434782608
X-n139-k10,138,cargo,ortools:nominal_or_tools,nominal_or_tools,ortools,True,True,True,10,14826.0,5.0046446323394775,0.9582056999206544,5.962850332260132,1039.0,0.980188679245283,pulp_cbc,mean_total_cost,15148.825760118523,,180,60,True,1146.307606641427,1148.216888591183,1334.618975008724,1335.9433230902955,794.6136094851357,1059.9999983000002,15148.825760118523,15373.116953939872,15647.350030235324,112.14847661418293,193.29840657668265,0.421231884057971,130.75868878407874,322.8257601185224,0.0,stockout_rate,0.421231884057971
X-n139-k10,138,cold_chain,ortools:nominal_or_tools,nominal_or_tools,ortools,True,True,True,10,14826.0,5.0046446323394775,0.8400595188140869,5.8447041511535645,1039.0,0.980188679245283,pulp_cbc,mean_total_cost,15424.59716988034,,180,60,True,1146.307606641427,1148.216888591183,1334.618975008724,1335.9433230902955,940.7764380044322,1060.0000006,15424.59716988034,15586.794522692342,15833.456312921891,111.27430625092067,192.08438468720763,0.4131159420289855,129.88452072081645,401.8915189025117,196.705650977827,stockout_rate,0.4131159420289855
X-n139-k10,138,grocery,ortools:nominal_or_tools,nominal_or_tools,ortools,True,True,True,10,14826.0,5.0046446323394775,0.7540743350982666,5.758718967437744,1039.0,0.980188679245283,pulp_cbc,mean_total_cost,15103.498338373483,,180,60,True,1146.307606641427,1148.216888591183,1334.618975008724,1335.9433230902955,429.19946449789137,1060.0000001,15103.498338373483,15239.11667859741,15425.283295175284,111.13279572437617,192.60854910479824,0.4184782608695652,129.74300969427196,277.49833837348194,0.0,stockout_rate,0.4184782608695652
X-n143-k7,142,atm,ortools:proxy_mean_or_tools,proxy_mean_or_tools,ortools,True,True,True,7,19116.0,5.000728368759155,0.6938064098358154,5.694534778594971,8295.848620495428,0.9959001945372664,pulp_cbc,mean_total_cost,21627.50330304653,,180,60,True,8295.848620495428,8316.617424477572,9916.867451961063,9925.630118934274,5518.433377982808,8329.9999913,21627.50330304653,23576.11141597489,26465.16316112149,612.5951656097127,1158.8493336286067,0.3092957746478873,1395.9276512103418,2511.5033030465343,0.0,stockout_rate,0.3092957746478873
X-n143-k7,142,cargo,ortools:quantile_p90_scaled_or_tools,quantile_p90_scaled_or_tools,ortools,True,True,True,7,18531.0,4.998933553695679,0.804455041885376,5.803388595581055,8288.35,0.995,pulp_cbc,mean_total_cost,20394.47723166736,,180,60,True,8295.848620495428,8316.617424477572,9916.867451961063,9925.630118934274,4945.253310179838,8330.0000072,20394.47723166736,21925.702217927163,24054.041328400406,621.5307161626498,1167.530173012411,0.3080985915492957,1404.8632176632789,1863.4772316673584,0.0,stockout_rate,0.3080985915492957
X-n143-k7,142,cold_chain,ortools:proxy_mean_or_tools,proxy_mean_or_tools,ortools,True,True,True,7,19116.0,5.000728368759155,0.7572739124298096,5.758002281188965,8295.848620495428,0.9959001945372664,pulp_cbc,mean_total_cost,23496.25355270957,,180,60,True,8295.848620495428,8316.617424477572,9916.867451961063,9925.630118934274,6566.060135897988,8329.9999917,23496.25355270957,24582.746077359265,26363.064802122943,614.6815562549884,1166.2752278470225,0.3009154929577465,1398.0140422556171,2823.607401014029,1556.646151695548,stockout_rate,0.3009154929577465
X-n143-k7,142,grocery,ortools:proxy_mean_or_tools,proxy_mean_or_tools,ortools,True,True,True,7,19116.0,5.000728368759155,0.6948738098144531,5.695602178573608,8295.848620495428,0.9959001945372664,pulp_cbc,mean_total_cost,20964.28372084032,,180,60,True,8295.848620495428,8316.617424477572,9916.867451961063,9925.630118934274,2775.968747133349,8329.9999935,20964.28372084032,21845.25741631077,23268.41683404092,612.1776904530635,1160.5363053023414,0.3065492957746479,1395.5101782536926,1848.2837208403223,0.0,stockout_rate,0.3065492957746479
X-n157-k13,156,atm,ortools:nominal_or_tools,nominal_or_tools,ortools,True,True,True,13,17404.0,5.004091501235962,0.8313808441162109,5.835472345352173,156.0,1.0,pulp_cbc,mean_total_cost,17479.25300431866,,180,60,True,171.99406906934314,172.27034686930705,198.0995518853173,198.5245135344457,139.72863067738018,155.99999984,17479.25300431866,17541.77704308251,17598.73491550069,20.05007451055448,38.08508683920552,0.4858333333333333,15.13073078610472,75.25300431865746,0.0,stockout_rate,0.4858333333333333
X-n157-k13,156,cargo,ortools:nominal_or_tools,nominal_or_tools,ortools,True,True,True,13,17404.0,5.004091501235962,0.953848123550415,5.957939624786377,156.0,1.0,pulp_cbc,mean_total_cost,17461.156715696787,,180,60,True,171.99406906934314,172.27034686930705,198.0995518853173,198.5245135344457,125.73913654964396,156.00000009,17461.156715696787,17508.679122258494,17552.556374565043,20.09683141085263,37.89464751415766,0.4880128205128205,15.177487936402862,57.15671569678628,0.0,stockout_rate,0.4880128205128205
X-n157-k13,156,cold_chain,ortools:nominal_or_tools,nominal_or_tools,ortools,True,True,True,13,17404.0,5.004091501235962,0.850672721862793,5.854764223098755,156.0,1.0,pulp_cbc,mean_total_cost,17497.676471241637,,180,60,True,171.99406906934314,172.27034686930705,198.0995518853173,198.5245135344457,143.382706703696,156.00000021,17497.676471241637,17535.647462839293,17576.108420739114,20.0378359153176,37.87202241648558,0.4846794871794871,15.118492560867836,64.90946400086516,28.76700724077333,stockout_rate,0.4846794871794871
X-n157-k13,156,grocery,ortools:nominal_or_tools,nominal_or_tools,ortools,True,True,True,13,17404.0,5.004091501235962,0.7795500755310059,5.783641576766968,156.0,1.0,pulp_cbc,mean_total_cost,17450.07574570221,,180,60,True,171.99406906934314,172.27034686930705,198.0995518853173,198.5245135344457,65.9157640201691,155.99999963,17450.07574570221,17480.704969352133,17510.81615112449,20.03704729800856,38.110260588633054,0.4849358974358974,15.117703363558787,46.07574570220766,0.0,stockout_rate,0.4849358974358974
X-n162-k11,161,atm,ortools:nominal_or_tools,nominal_or_tools,ortools,True,True,True,11,14676.0,5.001288414001465,0.7587738037109375,5.760062217712402,12194.0,0.9442465541273036,pulp_cbc,mean_total_cost,19460.500355052507,,180,60,True,14041.602423680102,14059.25864279868,17116.69937454782,17172.81426272881,12140.944531197709,12913.999987,19460.500355052507,22717.5423827828,26118.425226426298,1220.4433651916677,2114.744766996563,0.3960248447204968,1726.9244409578607,4784.500355052503,0.0,stockout_rate,0.3960248447204968
X-n162-k11,161,cargo,ortools:nominal_or_tools,nominal_or_tools,ortools,True,True,True,11,14676.0,5.001288414001465,0.8207454681396484,5.822033882141113,12194.0,0.9442465541273036,pulp_cbc,mean_total_cost,18315.10124860861,,180,60,True,14041.602423680102,14059.25864279868,17116.69937454782,17172.81426272881,11043.309569841622,12913.999995,18315.10124860861,20857.133128244488,23413.65267560705,1245.320340917405,2146.1852207710326,0.4049689440993789,1751.8014246835985,3639.101248608613,0.0,stockout_rate,0.4049689440993789
X-n162-k11,161,cold_chain,ortools:nominal_or_tools,nominal_or_tools,ortools,True,True,True,11,14676.0,5.001288414001465,0.8322689533233643,5.833557367324829,12194.0,0.9442465541273036,pulp_cbc,mean_total_cost,21763.022668379053,,180,60,True,14041.602423680102,14059.25864279868,17116.69937454782,17172.81426272881,12531.850276852678,12913.99998,21763.022668379053,23666.579427217963,25881.389669429816,1227.3385237975133,2138.53994779824,0.3877018633540373,1733.819592563707,4693.071110755261,2393.951557623791,stockout_rate,0.3877018633540373
X-n162-k11,161,grocery,ortools:nominal_or_tools,nominal_or_tools,ortools,True,True,True,11,14676.0,5.001288414001465,0.8082292079925537,5.8095176219940186,12194.0,0.9442465541273036,pulp_cbc,mean_total_cost,17869.441084810645,,180,60,True,14041.602423680102,14059.25864279868,17116.69937454782,17172.81426272881,5694.826362650165,12913.999975,17869.441084810645,19394.39464729739,21119.1569230624,1221.000530527605,2120.9649436904274,0.3943478260869565,1727.4815942937985,3193.4410848106468,0.0,stockout_rate,0.3943478260869565
X-n167-k10,166,atm,ortools:nominal_or_tools,nominal_or_tools,ortools,True,True,True,10,22643.0,5.004618644714356,0.7983934879302979,5.803012132644653,1236.0,0.9293233082706768,pulp_cbc,mean_total_cost,23163.24294133509,,180,60,True,1338.4496844448638,1339.8281173836035,1575.9630876437734,1578.5498416441526,940.6715663129336,1329.9999995999997,23163.24294133509,23563.157740280734,23770.99792970313,131.9194145496985,242.8940011921804,0.4179518072289157,200.79202178675956,520.2429413351048,0.0,stockout_rate,0.4179518072289157
X-n167-k10,166,cargo,ortools:nominal_or_tools,nominal_or_tools,ortools,True,True,True,10,22643.0,5.004618644714356,0.8332548141479492,5.837873458862305,1236.0,0.9293233082706768,pulp_cbc,mean_total_cost,23039.02601984466,,180,60,True,1338.4496844448638,1339.8281173836035,1575.9630876437734,1578.5498416441526,848.1743185872255,1330.0000014999998,23039.02601984466,23342.279733370397,23508.987710037465,133.0004322797123,243.34616059123687,0.4156626506024096,201.8730414167734,396.02601984466,0.0,stockout_rate,0.4156626506024096
X-n167-k10,166,cold_chain,ortools:nominal_or_tools,nominal_or_tools,ortools,True,True,True,10,22643.0,5.004618644714356,0.8749227523803711,5.879541397094727,1236.0,0.9293233082706768,pulp_cbc,mean_total_cost,23377.393308375234,,180,60,True,1338.4496844448638,1339.8281173836035,1575.9630876437734,1578.5498416441526,1066.3955532479397,1297.4679677,23377.393308375234,23615.670365371418,23756.647039986143,133.92845737652704,244.77774644226167,0.4178915662650602,170.26903271358802,496.2015334049773,238.191774970258,stockout_rate,0.4178915662650602
X-n167-k10,166,grocery,ortools:nominal_or_tools,nominal_or_tools,ortools,True,True,True,10,22643.0,5.004618644714356,0.8559460639953613,5.860564708709717,1236.0,0.9293233082706768,pulp_cbc,mean_total_cost,22983.964583887257,,180,60,True,1338.4496844448638,1339.8281173836035,1575.9630876437734,1578.5498416441526,467.9930757917623,1302.6125662999998,22983.964583887257,23175.22567632324,23283.24409283473,133.22360185497277,244.53301077198392,0.4216265060240964,174.7087757920338,340.9645838872534,0.0,stockout_rate,0.4216265060240964
X-n181-k23,180,atm,ortools:nominal_or_tools,nominal_or_tools,ortools,True,True,True,23,26232.0,5.006552219390869,0.9694437980651855,5.975996017456055,180.0,0.9782608695652174,pulp_cbc,mean_total_cost,26308.672273118093,,180,60,True,197.95924832567653,198.6785845016122,228.80907667940576,229.20917736249467,159.83334841120256,184.00000012,26308.672273118093,26361.429821555957,26429.44821836779,20.134476781116216,35.19385500772312,0.438,21.929824345220723,76.6722731180917,0.0,stockout_rate,0.438
X-n181-k23,180,cargo,ortools:nominal_or_tools,nominal_or_tools,ortools,True,True,True,23,26232.0,5.006552219390869,1.0548181533813477,6.061370372772217,180.0,0.9782608695652174,pulp_cbc,mean_total_cost,26290.196162415206,,180,60,True,197.95924832567653,198.6785845016122,228.80907667940576,229.20917736249467,145.8125077601529,184.00000007,26290.196162415206,26332.668980639977,26382.99501551019,20.197191538655883,35.32908999299857,0.4393333333333333,21.9925390527604,58.196162415212505,0.0,stockout_rate,0.4393333333333333
X-n181-k23,180,cold_chain,ortools:nominal_or_tools,nominal_or_tools,ortools,True,True,True,23,26232.0,5.006552219390869,0.895362377166748,5.901914596557617,180.0,0.9782608695652174,pulp_cbc,mean_total_cost,26335.60558614547,,180,60,True,197.95924832567653,198.6785845016122,228.80907667940576,229.20917736249467,166.65173155008748,184.0,26335.60558614547,26365.283535634757,26412.735213319724,20.13194948273869,35.156517714301714,0.4351111111111111,21.9272969268432,70.38027209030612,33.22531405516114,stockout_rate,0.4351111111111111
X-n181-k23,180,grocery,ortools:nominal_or_tools,nominal_or_tools,ortools,True,True,True,23,26232.0,5.006552219390869,0.8405144214630127,5.847066640853882,180.0,0.9782608695652174,pulp_cbc,mean_total_cost,26280.96991929631,,180,60,True,197.95924832567653,198.6785845016122,228.80907667940576,229.20917736249467,75.15426507725716,184.00000018000003,26280.96991929631,26305.40570086752,26341.34450331273,20.07043835433316,35.190443985019286,0.4357777777777777,21.86578597843767,48.96991929630506,0.0,stockout_rate,0.4357777777777777
X-n186-k15,185,atm,ortools:nominal_or_tools,nominal_or_tools,ortools,True,True,True,15,25982.0,5.000514984130859,1.1521151065826416,6.152630090713501,13853.0,0.948186173853525,pulp_cbc,mean_total_cost,32112.8356977536,,180,60,True,15309.918049106676,15348.692003297172,18004.971786960705,18023.35742731036,12220.391178127826,14343.799855,32112.8356977536,38226.97655087672,43781.585330017566,1577.7770544373705,3295.1498174657195,0.4124324324324324,1936.0507017146315,6130.835697753599,0.0,stockout_rate,0.4124324324324324
X-n186-k15,185,cargo,ortools:nominal_or_tools,nominal_or_tools,ortools,True,True,True,15,25982.0,5.000514984130859,1.214869260787964,6.215384244918823,13853.0,0.948186173853525,pulp_cbc,mean_total_cost,30634.289031294404,,180,60,True,15309.918049106676,15348.692003297172,18004.971786960705,18023.35742731036,11044.80104736954,14389.361477,30634.289031294404,35399.548552649365,39569.73531629684,1582.3717028811595,3290.216458686233,0.412054054054054,1986.20697215842,4652.289031294397,0.0,stockout_rate,0.412054054054054
X-n186-k15,185,cold_chain,ortools:nominal_or_tools,nominal_or_tools,ortools,True,True,True,15,25982.0,5.000514984130859,1.1782708168029783,6.178785800933838,13853.0,0.948186173853525,pulp_cbc,mean_total_cost,34349.420583071915,,180,60,True,15309.918049106676,15348.692003297172,18004.971786960705,18023.35742731036,12906.213090982705,14223.365054000002,34349.420583071915,37977.237133358925,41919.31879284005,1590.0930002231191,3325.337597368472,0.4115675675675675,1827.9318465003796,5729.417079919984,2638.0035031519315,stockout_rate,0.4115675675675675
X-n186-k15,185,grocery,ortools:nominal_or_tools,nominal_or_tools,ortools,True,True,True,15,25982.0,5.000514984130859,0.9412171840667723,5.941732168197632,13853.0,0.948186173853525,pulp_cbc,mean_total_cost,29945.522734983788,,180,60,True,15309.918049106676,15348.692003297172,18004.971786960705,18023.35742731036,5832.649495699479,14245.466772,29945.522734983788,32878.45162898503,35834.106381755475,1582.5945774304882,3322.369188731112,0.4128648648648648,1842.5351417077493,3963.522734983785,0.0,stockout_rate,0.4128648648648648
X-n190-k8,189,atm,ortools:quantile_p90_scaled_or_tools,quantile_p90_scaled_or_tools,ortools,True,True,True,8,18310.0,4.999740362167358,1.0208332538604736,6.020573616027832,1098.48,0.995,pulp_cbc,mean_total_cost,18797.937678777096,,180,60,True,1163.1102271100574,1164.541932744727,1415.5336601339425,1417.944225661104,925.1824319857792,1103.99999775,18797.937678777096,19238.565306894783,19671.536434554568,124.16356368399772,245.0486379961972,0.4205291005291005,148.0553071371914,487.9376787770967,0.0,stockout_rate,0.4205291005291005
X-n190-k8,189,cargo,ortools:quantile_p75_scaled_or_tools,quantile_p75_scaled_or_tools,ortools,True,True,True,8,18293.0,5.000774383544922,1.0537912845611572,6.054565668106079,1098.48,0.995,pulp_cbc,mean_total_cost,18665.1619736989,,180,60,True,1163.1102271100574,1164.541932744727,1415.5336601339425,1417.944225661104,842.2664200494568,1103.9999999,18665.1619736989,19008.99238133347,19332.186988461857,124.80997291840907,245.90092303108185,0.4149206349206349,148.70171852160277,372.16197369890375,0.0,stockout_rate,0.4149206349206349
X-n190-k8,189,cold_chain,ortools:quantile_p75_scaled_or_tools,quantile_p75_scaled_or_tools,ortools,True,True,True,8,18293.0,5.000774383544922,1.008737564086914,6.009511947631836,1098.48,0.995,pulp_cbc,mean_total_cost,18972.774729981284,,180,60,True,1163.1102271100574,1164.541932744727,1415.5336601339425,1417.944225661104,1011.9473369668734,1104.0000013,18972.774729981284,19228.66849841284,19532.93554375333,124.90623983985728,246.27749136100417,0.4088359788359788,148.79798684305098,464.8470337764397,214.92769620484248,stockout_rate,0.4088359788359788
X-n190-k8,189,grocery,ortools:quantile_p75_scaled_or_tools,quantile_p75_scaled_or_tools,ortools,True,True,True,8,18293.0,5.000774383544922,1.0116701126098633,6.012444496154785,1098.48,0.995,pulp_cbc,mean_total_cost,18611.32306412997,,180,60,True,1163.1102271100574,1164.541932744727,1415.5336601339425,1417.944225661104,444.4221021680872,1104.00000125,18611.32306412997,18818.994861925905,19047.221427864028,124.57025842020845,245.67044593523104,0.4186243386243386,148.46200537340215,318.32306412996803,0.0,stockout_rate,0.4186243386243386
X-n204-k19,203,atm,ortools:nominal_or_tools,nominal_or_tools,ortools,True,True,True,19,21213.0,5.0000481605529785,1.1762723922729492,6.176320552825928,15135.0,0.9528456308234702,pulp_cbc,mean_total_cost,27832.74427237665,,180,60,True,16657.037292963792,16667.364983390977,19151.0805427942,19176.69172760544,11679.752142882606,15883.999994,27832.74427237665,33661.1271389721,39802.39250675621,1712.1553267546076,3356.079749181097,0.4201970443349753,1995.1364808395365,6619.744272376654,0.0,stockout_rate,0.4201970443349753
X-n204-k19,203,cargo,ortools:nominal_or_tools,nominal_or_tools,ortools,True,True,True,19,21213.0,5.0000481605529785,1.3087539672851562,6.308802127838135,15135.0,0.9528456308234702,pulp_cbc,mean_total_cost,26242.80892617275,,180,60,True,16657.037292963792,16667.364983390977,19151.0805427942,19176.69172760544,10466.42422687535,15883.999991,26242.80892617275,30810.639164918462,35389.566552870405,1721.6077881512217,3377.9023594757027,0.4196059113300492,2004.5889392361507,5029.808926172746,0.0,stockout_rate,0.4196059113300492
X-n204-k19,203,cold_chain,ortools:nominal_or_tools,nominal_or_tools,ortools,True,True,True,19,21213.0,5.0000481605529785,1.0130696296691897,6.013117790222168,15135.0,0.9528456308234702,pulp_cbc,mean_total_cost,30349.77510188279,,180,60,True,16657.037292963792,16667.364983390977,19151.0805427942,19176.69172760544,12951.501959464737,15884.000013,30349.77510188279,33719.669192612586,37956.876595964924,1713.2096476957406,3343.763937415262,0.4156650246305419,1996.19082078067,6187.095643717875,2949.679458164921,stockout_rate,0.4156650246305419
X-n204-k19,203,grocery,ortools:nominal_or_tools,nominal_or_tools,ortools,True,True,True,19,21213.0,5.0000481605529785,1.0173776149749756,6.017425775527954,15135.0,0.9528456308234702,pulp_cbc,mean_total_cost,25480.179713531237,,180,60,True,16657.037292963792,16667.364983390977,19151.0805427942,19176.69172760544,5740.848454917885,15884.000012,25480.179713531237,28255.32763597201,31449.400252192518,1710.8553747607466,3362.2858266737144,0.4196551724137931,1993.8365468456752,4267.179713531227,0.0,stockout_rate,0.4196551724137931
X-n209-k16,208,atm,ortools:quantile_p75_scaled_or_tools,quantile_p75_scaled_or_tools,ortools,True,True,True,16,32916.0,5.008608818054199,1.148585319519043,6.157194137573242,1607.92,0.995,pulp_cbc,mean_total_cost,33554.47978241735,,180,60,True,1728.5373708196844,1732.707831817492,2088.5534407537966,2090.6974809885087,1372.7608797880278,1616.0000003,33554.47978241735,34048.80614275241,34575.71077374397,164.6966475659899,305.7544799668032,0.4148557692307692,205.4454506709948,638.4797824173512,0.0,stockout_rate,0.4148557692307692
X-n209-k16,208,cargo,ortools:quantile_p75_scaled_or_tools,quantile_p75_scaled_or_tools,ortools,True,True,True,16,32916.0,5.008608818054199,1.2911736965179443,6.299782514572144,1607.92,0.995,pulp_cbc,mean_total_cost,33398.98431994324,,180,60,True,1728.5373708196844,1732.707831817492,2088.5534407537966,2090.6974809885087,1244.2346740515893,1616.0000006,33398.98431994324,33776.20612314468,34177.83898623103,165.34810059709562,304.62658782493634,0.4130288461538461,206.0969040021005,482.98431994324505,0.0,stockout_rate,0.4130288461538461
X-n209-k16,208,cold_chain,ortools:quantile_p75_scaled_or_tools,quantile_p75_scaled_or_tools,ortools,True,True,True,16,32916.0,5.008608818054199,1.0443341732025146,6.052942991256714,1607.92,0.995,pulp_cbc,mean_total_cost,33819.78072212985,,180,60,True,1728.5373708196844,1732.707831817492,2088.5534407537966,2090.6974809885087,1454.4901354118188,1616.0000005000002,33819.78072212985,34098.349852451065,34456.93051128317,164.45952430373364,305.9029525878623,0.4100961538461538,205.2083276087385,605.8363657254097,297.94435640444294,stockout_rate,0.4100961538461538
X-n209-k16,208,grocery,ortools:quantile_p75_scaled_or_tools,quantile_p75_scaled_or_tools,ortools,True,True,True,16,32916.0,5.008608818054199,0.9999797344207764,6.008588552474976,1607.92,0.995,pulp_cbc,mean_total_cost,33333.265258023646,,180,60,True,1728.5373708196844,1732.707831817492,2088.5534407537966,2090.6974809885087,650.5867591954891,1615.9999991,33333.265258023646,33560.91413964758,33834.52091618073,164.42448258135653,305.89765702043377,0.4125961538461538,205.1732844863614,417.26525802364966,0.0,stockout_rate,0.4125961538461538
X-n214-k11,213,atm,ortools:nominal_or_tools,nominal_or_tools,ortools,True,True,True,11,12859.0,5.000407934188843,1.206658124923706,6.207066059112549,10356.0,0.9973035439137136,pulp_cbc,mean_total_cost,18201.16621537105,,180,60,True,11525.098152614886,11542.610363831476,13483.907107768657,13521.958776987056,10130.654527545415,10384.0000042,18201.16621537105,21704.70869820564,25290.817214572413,1369.3717065889737,2339.8941806974185,0.478075117370892,1173.2705738210689,5342.166215371047,0.0,stockout_rate,0.478075117370892
X-n214-k11,213,cargo,ortools:nominal_or_tools,nominal_or_tools,ortools,True,True,True,11,12859.0,5.000407934188843,1.361911058425903,6.362318992614746,10356.0,0.9973035439137136,pulp_cbc,mean_total_cost,16893.23050208723,,180,60,True,11525.098152614886,11542.610363831476,13483.907107768657,13521.958776987056,8980.469089730848,10383.9999994,16893.23050208723,19516.086779106437,22285.174260146887,1371.2302147575006,2339.5669533812584,0.4735211267605634,1175.1290771895956,4034.2305020872304,0.0,stockout_rate,0.4735211267605634
X-n214-k11,213,cold_chain,ortools:nominal_or_tools,nominal_or_tools,ortools,True,True,True,11,12859.0,5.000407934188843,1.0594532489776611,6.059861183166504,10356.0,0.9973035439137136,pulp_cbc,mean_total_cost,19654.590315645022,,180,60,True,11525.098152614886,11542.610363831476,13483.907107768657,13521.958776987056,10420.895308515355,10383.9999947,19654.590315645022,21764.44362557188,24246.47279330733,1370.741134015342,2329.864734684948,0.4686854460093896,1174.6399917474375,4748.905863541237,2046.684452103785,stockout_rate,0.4686854460093896
X-n214-k11,213,grocery,ortools:nominal_or_tools,nominal_or_tools,ortools,True,True,True,11,12859.0,5.000407934188843,1.097881317138672,6.098289251327515,10356.0,0.9973035439137136,pulp_cbc,mean_total_cost,16170.1987584756,,180,60,True,11525.098152614886,11542.610363831476,13483.907107768657,13521.958776987056,4858.48890842807,10384.000000200002,16170.1987584756,17857.067670802742,19752.658241888646,1367.897933011216,2335.5390051646605,0.4735211267605634,1171.7967962433115,3311.1987584756025,0.0,stockout_rate,0.4735211267605634
X-n219-k73,218,atm,ortools:nominal_or_tools,nominal_or_tools,ortools,True,True,True,73,118409.0,5.000907897949219,0.9235210418701172,5.924428939819336,218.0,0.9954337899543378,pulp_cbc,mean_total_cost,118514.15745135758,,180,60,True,242.376031709029,242.8534714087248,287.4950894029832,287.6885078827544,204.24892641199693,218.99999961,118514.15745135758,118611.83669575848,118694.31383813523,27.995285015216176,56.26442195714017,0.4765596330275229,22.945127786931124,105.15745135759056,0.0,stockout_rate,0.4765596330275229
X-n219-k73,218,cargo,ortools:nominal_or_tools,nominal_or_tools,ortools,True,True,True,73,118409.0,5.000907897949219,0.9790682792663574,5.979976177215576,218.0,0.9954337899543378,pulp_cbc,mean_total_cost,118488.95994834388,,180,60,True,242.376031709029,242.8534714087248,287.4950894029832,287.6885078827544,185.91736754155025,219.00000009,118488.95994834388,118564.14706487214,118627.5715264486,27.99694825428066,56.16297351072815,0.4738532110091743,22.946791505995613,79.95994834386953,0.0,stockout_rate,0.4738532110091743
X-n219-k73,218,cold_chain,ortools:nominal_or_tools,nominal_or_tools,ortools,True,True,True,73,118409.0,5.000907897949219,0.9510834217071532,5.951991319656372,218.0,0.9954337899543378,pulp_cbc,mean_total_cost,118540.77774208732,,180,60,True,242.376031709029,242.8534714087248,287.4950894029832,287.6885078827544,207.2313124099847,218.9537704,118540.77774208732,118600.43667007126,118658.61027817545,27.979400917778847,56.10604474334298,0.4736238532110092,22.8830144794938,91.79799193595645,39.97975015137228,stockout_rate,0.4736238532110092
X-n219-k73,218,grocery,ortools:nominal_or_tools,nominal_or_tools,ortools,True,True,True,73,118409.0,5.000907897949219,1.0650577545166016,6.06596565246582,218.0,0.9954337899543378,pulp_cbc,mean_total_cost,118473.914429938,,180,60,True,242.376031709029,242.8534714087248,287.4950894029832,287.6885078827544,94.88264610050318,218.99999979,118473.914429938,118521.28766149963,118565.24410569358,27.97943221724589,56.21660718120898,0.4758715596330275,22.92927516896085,64.91442993801611,0.0,stockout_rate,0.4758715596330275
X-n223-k34,222,atm,ortools:quantile_p75_scaled_or_tools,quantile_p75_scaled_or_tools,ortools,True,True,True,34,46188.0,4.999818801879883,0.9657247066497804,5.965543508529663,1251.71,0.995,pulp_cbc,mean_total_cost,46797.445725512,,180,60,True,1378.2518636282953,1385.8779151195247,1599.402231662014,1602.47449459314,1262.787094074401,1258.00000021,46797.445725512,47261.09013697496,47781.64294399975,156.6439783080025,285.45805381988987,0.4541441441441441,152.90046584466262,609.4457255119975,0.0,stockout_rate,0.4541441441441441
X-n223-k34,222,cargo,ortools:robust_mean_1std_scaled_or_tools,robust_mean_1std_scaled_or_tools,ortools,True,True,True,34,47633.0,5.000558853149414,0.9157943725585938,5.916353225708008,1251.7100000000005,0.9950000000000002,pulp_cbc,mean_total_cost,48086.2221092279,,180,60,True,1378.2518636282953,1385.8779151195247,1599.402231662014,1602.47449459314,1133.9010321173682,1258.00000022,48086.2221092279,48435.60582672568,48830.767534054256,155.86393391692275,282.5239361824813,0.4399549549549549,152.1204214635829,453.2221092278894,0.0,stockout_rate,0.4399549549549549
X-n223-k34,222,cold_chain,ortools:robust_mean_1std_scaled_or_tools,robust_mean_1std_scaled_or_tools,ortools,True,True,True,34,47633.0,5.000558853149414,0.9440426826477052,5.944601535797119,1251.7100000000005,0.9950000000000002,pulp_cbc,mean_total_cost,48424.999761371975,,180,60,True,1378.2518636282953,1385.8779151195247,1599.402231662014,1602.47449459314,1292.5685490313872,1257.99999961,48424.999761371975,48684.445882804896,49064.26089399091,155.79202578393782,282.36922328321214,0.4450900900900901,152.04851272059793,550.1291828704235,241.87057850154997,stockout_rate,0.4450900900900901
X-n223-k34,222,grocery,ortools:quantile_p75_scaled_or_tools,quantile_p75_scaled_or_tools,ortools,True,True,True,34,46188.0,4.999818801879883,0.929288387298584,5.929107189178467,1251.71,0.995,pulp_cbc,mean_total_cost,46571.31443844856,,180,60,True,1378.2518636282953,1385.8779151195247,1599.402231662014,1602.47449459314,587.7394053763987,1257.99999876,46571.31443844856,46785.53765428107,47068.41836813548,156.48456711500185,285.06231825851137,0.4519369369369369,152.741053201662,383.314438448563,0.0,stockout_rate,0.4519369369369369
X-n228-k23,227,atm,ortools:nominal_or_tools,nominal_or_tools,ortools,True,True,True,23,30349.0,5.002313137054443,1.326369285583496,6.32868242263794,3478.0,0.9819311123658948,pulp_cbc,mean_total_cost,32281.49474340328,,180,60,True,3871.187173963408,3880.369089269405,4574.970830957401,4579.389746009339,3701.579847603631,3541.9999967899994,32281.49474340328,33527.26912305699,34758.772869064625,480.279808805464,803.3319447531271,0.4643612334801762,452.5967457224303,1932.4947434032856,0.0,stockout_rate,0.4643612334801762
X-n228-k23,227,cargo,ortools:nominal_or_tools,nominal_or_tools,ortools,True,True,True,23,30349.0,5.002313137054443,1.3193342685699463,6.32164740562439,3478.0,0.9819311123658948,pulp_cbc,mean_total_cost,31801.53193159689,,180,60,True,3871.187173963408,3880.369089269405,4574.970830957401,4579.389746009339,3296.5804808211305,3542.0000015999995,31801.53193159689,32795.49950702219,33678.71290420934,483.3169529166622,808.6677234927962,0.4522026431718061,455.6338946436286,1452.531931596886,0.0,stockout_rate,0.4522026431718061
X-n228-k23,227,cold_chain,ortools:nominal_or_tools,nominal_or_tools,ortools,True,True,True,23,30349.0,5.002313137054443,1.2083585262298584,6.210671663284302,3478.0,0.9819311123658948,pulp_cbc,mean_total_cost,32740.61240900832,,180,60,True,3871.187173963408,3880.369089269405,4574.970830957401,4579.389746009339,3767.1863865951536,3541.99999673,32740.61240900832,33492.58907880021,34360.44494836638,480.7003782413628,799.8416031363696,0.4531718061674009,453.0173150983292,1753.5634629357414,638.0489460725779,stockout_rate,0.4531718061674009
X-n228-k23,227,grocery,ortools:nominal_or_tools,nominal_or_tools,ortools,True,True,True,23,30349.0,5.002313137054443,1.0652761459350586,6.067589282989502,3478.0,0.9819311123658948,pulp_cbc,mean_total_cost,31558.51074929635,,180,60,True,3871.187173963408,3880.369089269405,4574.970830957401,4579.389746009339,1768.0600270341054,3541.99999582,31558.51074929635,32149.875605177687,32816.21911640059,479.5248825156369,800.260408742767,0.4573568281938326,451.8418184626033,1209.510749296349,0.0,stockout_rate,0.4573568281938326
X-n233-k16,232,atm,ortools:proxy_mean_scaled_or_tools,proxy_mean_scaled_or_tools,ortools,True,True,True,16,23289.0,5.000923156738281,1.2291593551635742,6.230082511901856,10045.52,0.995,pulp_cbc,mean_total_cost,28089.46383734408,,180,60,True,11334.41800874414,11355.553726611492,13290.364120543143,13318.41245506052,10611.263932227568,10095.99998662,28089.46383734408,30930.015321821047,33463.96586405596,1220.35067486701,2014.3585366208652,0.4544827586206896,1201.989822055686,4800.463837344079,0.0,stockout_rate,0.4544827586206896
X-n233-k16,232,cargo,ortools:proxy_mean_scaled_or_tools,proxy_mean_scaled_or_tools,ortools,True,True,True,16,23289.0,5.000923156738281,1.326101541519165,6.327024698257446,10045.52,0.995,pulp_cbc,mean_total_cost,26886.880661410178,,180,60,True,11334.41800874414,11355.553726611492,13290.364120543143,13318.41245506052,9351.145627289356,10096.00000741,26886.880661410178,29072.631418486897,30941.53371531745,1232.5564822883005,2051.00562527392,0.4596551724137931,1214.1956502669768,3597.880661410173,0.0,stockout_rate,0.4596551724137931
X-n233-k16,232,cold_chain,ortools:proxy_mean_scaled_or_tools,proxy_mean_scaled_or_tools,ortools,True,True,True,16,23289.0,5.000923156738281,1.1968581676483154,6.197781324386597,10045.52,0.995,pulp_cbc,mean_total_cost,29382.33127342654,,180,60,True,11334.41800874414,11355.553726611492,13290.364120543143,13318.41245506052,10474.43896912553,10095.99999824,29382.33127342654,31017.03876468916,32797.360725623534,1218.9206332095712,2020.7995254586135,0.4484051724137931,1200.5597920182472,4350.929914762233,1742.4013586643075,stockout_rate,0.4484051724137931
X-n233-k16,232,grocery,ortools:proxy_mean_scaled_or_tools,proxy_mean_scaled_or_tools,ortools,True,True,True,16,23289.0,5.000923156738281,1.1187434196472168,6.119666576385498,10045.52,0.995,pulp_cbc,mean_total_cost,26318.40295118345,,180,60,True,11334.41800874414,11355.553726611492,13290.364120543143,13318.41245506052,5038.789133752825,10095.999999,26318.40295118345,27634.12419629182,28995.286234475752,1220.9176853499405,2014.1945732654808,0.4512931034482759,1202.5568449186164,3029.4029511834487,0.0,stockout_rate,0.4512931034482759
X-n237-k14,236,atm,ortools:nominal_or_tools,nominal_or_tools,ortools,True,True,True,14,29009.0,4.998348474502564,1.3106403350830078,6.308988809585571,236.0,0.9365079365079364,pulp_cbc,mean_total_cost,29115.920742367078,,180,60,True,263.8174816145851,264.3221102784825,313.4568471108956,314.5631472546253,235.73985390516089,237.72165777,29115.920742367078,29196.709065762,29282.707953472316,28.248184831610534,50.96917353308239,0.4710169491525424,25.47272390457048,106.92074236707346,0.0,stockout_rate,0.4710169491525424
X-n237-k14,236,cargo,ortools:nominal_or_tools,nominal_or_tools,ortools,True,True,True,14,29009.0,4.998348474502564,1.4357011318206787,6.434049606323242,236.0,0.9365079365079364,pulp_cbc,mean_total_cost,29090.194384082053,,180,60,True,263.8174816145851,264.3221102784825,313.4568471108956,314.5631472546253,215.80019971805055,237.93170183,29090.194384082053,29152.470973760304,29217.641214743104,28.415642244977384,51.46544790751911,0.4709322033898305,25.850225377937345,81.194384082054,0.0,stockout_rate,0.4709322033898305
X-n237-k14,236,cold_chain,ortools:nominal_or_tools,nominal_or_tools,ortools,True,True,True,14,29009.0,4.998348474502564,1.2579069137573242,6.256255388259888,236.0,0.9365079365079364,pulp_cbc,mean_total_cost,29146.56188113991,,180,60,True,263.8174816145851,264.3221102784825,313.4568471108956,314.5631472546253,236.24334280618572,236.90640724,29146.56188113991,29196.037207249312,29254.71078853808,28.346818469494888,50.94759867786966,0.4699576271186441,24.75610701245484,94.39519033063144,43.16669080928282,stockout_rate,0.4699576271186441
X-n237-k14,236,grocery,ortools:nominal_or_tools,nominal_or_tools,ortools,True,True,True,14,29009.0,4.998348474502564,1.3295068740844729,6.327855348587036,236.0,0.9365079365079364,pulp_cbc,mean_total_cost,29075.39953275263,,180,60,True,263.8174816145851,264.3221102784825,313.4568471108956,314.5631472546253,108.0657698167562,236.85561266,29075.39953275263,29114.37508360475,29159.42551734444,28.236058433231918,50.82442617402449,0.4696186440677966,24.594552396191865,66.39953275263633,0.0,stockout_rate,0.4696186440677966
X-n242-k48,241,atm,ortools:quantile_p75_scaled_or_tools,quantile_p75_scaled_or_tools,ortools,True,True,True,48,91469.0,4.997962236404419,0.9971532821655272,5.995115518569946,1337.2800000000002,0.995,pulp_cbc,mean_total_cost,92156.39569628796,,180,60,True,1475.973949221342,1477.18790780453,1719.0860596616135,1721.464512942517,1251.738881397905,1343.99999945,92156.39569628796,92700.77846290052,93180.74263638369,177.13332247724492,331.58008118541113,0.4731120331950207,154.08178582539685,687.3956962879548,0.0,stockout_rate,0.4731120331950207
X-n242-k48,241,cargo,ortools:quantile_p75_scaled_or_tools,quantile_p75_scaled_or_tools,ortools,True,True,True,48,91469.0,4.997962236404419,0.9774625301361084,5.975424766540527,1337.2800000000002,0.995,pulp_cbc,mean_total_cost,91986.20476258302,,180,60,True,1475.973949221342,1477.18790780453,1719.0860596616135,1721.464512942517,1111.2265374509384,1343.99999798,91986.20476258302,92399.60048644766,92763.47563849672,177.30494185176008,331.2668517434766,0.4634439834024896,154.253403729912,517.2047625830602,0.0,stockout_rate,0.4634439834024896
X-n242-k48,241,cold_chain,ortools:quantile_p75_scaled_or_tools,quantile_p75_scaled_or_tools,ortools,True,True,True,48,91469.0,4.997962236404419,1.007263422012329,6.005225658416748,1337.2800000000002,0.995,pulp_cbc,mean_total_cost,92343.83988810988,,180,60,True,1475.973949221342,1477.18790780453,1719.0860596616135,1721.464512942517,1304.7758998966406,1343.99999798,92343.83988810988,92676.16340513276,93012.24529877976,177.08997936855974,330.99765904991904,0.4662240663900415,154.03844124671173,611.7251740772235,263.114714032666,stockout_rate,0.4662240663900415
X-n242-k48,241,grocery,ortools:quantile_p75_scaled_or_tools,quantile_p75_scaled_or_tools,ortools,True,True,True,48,91469.0,4.997962236404419,1.0002634525299072,5.998225688934326,1337.2800000000002,0.995,pulp_cbc,mean_total_cost,91895.86618303286,,180,60,True,1475.973949221342,1477.18790780453,1719.0860596616135,1721.464512942517,598.2970867830061,1344.00000129,91895.86618303286,92160.71832143229,92414.819727243,177.03172801102636,331.280439698297,0.4708713692946058,153.9801931991783,426.8661830328656,0.0,stockout_rate,0.4708713692946058
X-n251-k28,250,atm,ortools:nominal_or_tools,nominal_or_tools,ortools,True,True,True,28,40465.0,4.999040126800537,1.137425661087036,6.136465787887573,1867.0,0.9663561076604554,pulp_cbc,mean_total_cost,41303.748714238725,,180,60,True,2083.418657642686,2086.52559340612,2424.7257298494437,2425.3478480666686,1696.4652289665305,1932.0000021,41303.748714238725,41931.40251650499,42576.28329455781,217.42323223945456,396.95138801507926,0.43748,239.20005838704037,838.7487142387239,0.0,stockout_rate,0.43748
X-n251-k28,250,cargo,ortools:nominal_or_tools,nominal_or_tools,ortools,True,True,True,28,40465.0,4.999040126800537,1.1725342273712158,6.171574354171753,1867.0,0.9663561076604554,pulp_cbc,mean_total_cost,41099.76694548299,,180,60,True,2083.418657642686,2086.52559340612,2424.7257298494437,2425.3478480666686,1526.6296280112604,1931.9999996,41099.76694548299,41586.256070631534,42068.50801717799,217.9185903460944,397.26578127661816,0.43316,239.6954139936801,634.7669454829879,0.0,stockout_rate,0.43316
X-n251-k28,250,cold_chain,ortools:nominal_or_tools,nominal_or_tools,ortools,True,True,True,28,40465.0,4.999040126800537,1.069691181182861,6.068731307983398,1867.0,0.9663561076604554,pulp_cbc,mean_total_cost,41585.11981963547,,180,60,True,2083.418657642686,2086.52559340612,2424.7257298494437,2425.3478480666686,1770.769658106567,1923.6758217,41585.11981963547,41944.2286100097,42391.98819989876,218.3258188828903,396.4782681195302,0.43368,231.77846463047612,770.3228017741324,349.79701786132966,stockout_rate,0.43368
X-n251-k28,250,grocery,ortools:nominal_or_tools,nominal_or_tools,ortools,True,True,True,28,40465.0,4.999040126800537,1.103945016860962,6.102985143661499,1867.0,0.9663561076604554,pulp_cbc,mean_total_cost,40999.7033977655,,180,60,True,2083.418657642686,2086.52559340612,2424.7257298494437,2425.3478480666686,805.6037943242404,1926.0939971,40999.7033977655,41290.08857671861,41633.85781033521,217.56581676675495,395.7862885693988,0.43736,233.4366379143408,534.703397765502,0.0,stockout_rate,0.43736
X-n261-k13,260,atm,ortools:proxy_mean_scaled_or_tools,proxy_mean_scaled_or_tools,ortools,True,True,True,13,31364.0,4.998934745788574,1.632892608642578,6.631827354431152,13982.735000000002,0.9950000000000002,pulp_cbc,mean_total_cost,37840.87993470512,,180,60,True,14982.669280417082,15021.02935136878,17862.196299766994,17900.458727447764,12475.283882630689,14052.9999778,37840.87993470512,43648.96249070718,48554.15070702577,1648.571938722387,3238.681096048927,0.4308846153846153,1832.5347244923285,6476.879934705127,0.0,stockout_rate,0.4308846153846153
X-n261-k13,260,cargo,ortools:quantile_p75_scaled_or_tools,quantile_p75_scaled_or_tools,ortools,True,True,True,13,31282.0,5.002207517623901,1.7700145244598389,6.77222204208374,13982.735,0.995,pulp_cbc,mean_total_cost,36129.06471471703,,180,60,True,14982.669280417082,15021.02935136878,17862.196299766994,17900.458727447764,11230.265848673416,14052.99998221,36129.06471471703,40486.1956435281,44276.61293030521,1650.5300337339513,3229.302249885722,0.4260769230769231,1834.4928239138928,4847.0647147170375,0.0,stockout_rate,0.4260769230769231
X-n261-k13,260,cold_chain,ortools:quantile_p75_scaled_or_tools,quantile_p75_scaled_or_tools,ortools,True,True,True,13,31282.0,5.002207517623901,1.507718563079834,6.509926080703735,13982.735,0.995,pulp_cbc,mean_total_cost,40067.16164568751,,180,60,True,14982.669280417082,15021.02935136878,17862.196299766994,17900.458727447764,13365.286527146012,14052.9999709,40067.16164568751,43629.83605326624,46968.61322356368,1648.5654975502423,3226.370180483355,0.4219230769230769,1832.528276420184,6032.723920473414,2752.437725214092,stockout_rate,0.4219230769230769
X-n261-k13,260,grocery,ortools:proxy_mean_scaled_or_tools,proxy_mean_scaled_or_tools,ortools,True,True,True,13,31364.0,4.998934745788574,1.427764892578125,6.426699638366699,13982.735000000002,0.9950000000000002,pulp_cbc,mean_total_cost,35515.11705834175,,180,60,True,14982.669280417082,15021.02935136878,17862.196299766994,17900.458727447764,5926.769334822436,14052.999982,35515.11705834175,38316.44616357457,40900.35223238522,1646.166977066324,3234.603305083908,0.4282692307692308,1830.129767036265,4151.117058341741,0.0,stockout_rate,0.4282692307692308
X-n275-k28,274,atm,ortools:nominal_or_tools,nominal_or_tools,ortools,True,True,True,28,22472.0,4.999546527862549,1.3978550434112549,6.397401571273804,274.0,0.9785714285714284,pulp_cbc,mean_total_cost,22580.613949966333,,180,60,True,306.89828660604496,307.5660280006758,368.0009655121191,368.3309895522635,252.89804395386147,280.00000034,22580.613949966333,22657.01285719522,22757.57048916802,28.27605619715132,50.495112194120736,0.4176642335766423,34.09376522349207,108.61394996633572,0.0,stockout_rate,0.4176642335766423
X-n275-k28,274,cargo,ortools:nominal_or_tools,nominal_or_tools,ortools,True,True,True,28,22472.0,4.999546527862549,1.5829246044158936,6.582471132278442,274.0,0.9785714285714284,pulp_cbc,mean_total_cost,22554.79194994005,,180,60,True,306.89828660604496,307.5660280006758,368.0009655121191,368.3309895522635,229.69661452388624,280.00000002,22554.79194994005,22614.005273408657,22691.238420203543,28.387489142974424,50.74635744755972,0.4197810218978102,34.20519784931517,82.79194994005351,0.0,stockout_rate,0.4197810218978102
X-n275-k28,274,cold_chain,ortools:nominal_or_tools,nominal_or_tools,ortools,True,True,True,28,22472.0,4.999546527862549,1.3890442848205566,6.3885908126831055,274.0,0.9785714285714284,pulp_cbc,mean_total_cost,22624.421035275744,,180,60,True,306.89828660604496,307.5660280006758,368.0009655121191,368.3309895522635,258.902884590517,279.70825283,22624.421035275744,22667.645066062505,22736.297320707545,28.35438545058692,50.57371319138189,0.416934306569343,33.88034696692766,101.73705906280792,50.683976212935,stockout_rate,0.416934306569343
X-n275-k28,274,grocery,ortools:nominal_or_tools,nominal_or_tools,ortools,True,True,True,28,22472.0,4.999546527862549,1.32436203956604,6.323908567428589,274.0,0.9785714285714284,pulp_cbc,mean_total_cost,22542.509752252903,,180,60,True,306.89828660604496,307.5660280006758,368.0009655121191,368.3309895522635,119.05923885447174,279.97094958,22542.509752252903,22577.9808073307,22630.203535084627,28.2657210754061,50.48675858069855,0.4166423357664233,34.05437934174685,70.50975225290605,0.0,stockout_rate,0.4166423357664233
X-n280-k17,279,atm,ortools:nominal_or_tools,nominal_or_tools,ortools,True,True,True,17,38220.0,5.000722408294678,1.5377521514892578,6.538474559783936,3233.0,0.990502450980392,pulp_cbc,mean_total_cost,40027.92980863268,,180,60,True,3569.5494701131493,3575.424894705229,4199.901283616081,4206.345190262546,3283.6004573211867,3264.00000287,40027.92980863268,41088.36352211319,42339.20861903413,449.73230277401706,729.6396680996334,0.452831541218638,397.8666829556453,1807.9298086326828,0.0,stockout_rate,0.452831541218638
X-n280-k17,279,cargo,ortools:nominal_or_tools,nominal_or_tools,ortools,True,True,True,17,38220.0,5.000722408294678,1.4587509632110596,6.459473371505737,3233.0,0.990502450980392,pulp_cbc,mean_total_cost,39580.09082413654,,180,60,True,3569.5494701131493,3575.424894705229,4199.901283616081,4206.345190262546,2911.421639161693,3264.0000001300004,39580.09082413654,40387.984738004525,41333.0069019348,451.5701457112566,732.7247542733594,0.4383870967741936,399.7045231528848,1360.090824136541,0.0,stockout_rate,0.4383870967741936
X-n280-k17,279,cold_chain,ortools:nominal_or_tools,nominal_or_tools,ortools,True,True,True,17,38220.0,5.000722408294678,1.5643043518066406,6.565026760101318,3233.0,0.990502450980392,pulp_cbc,mean_total_cost,40419.20537340071,,180,60,True,3569.5494701131493,3575.424894705229,4199.901283616081,4206.345190262546,3346.458363906182,3263.99999941,40419.20537340071,41053.64002720387,41942.628981321504,450.142568409568,728.6320262312765,0.4415770609318996,398.276945131196,1619.5335791703124,579.6717942303974,stockout_rate,0.4415770609318996
X-n280-k17,279,grocery,ortools:nominal_or_tools,nominal_or_tools,ortools,True,True,True,17,38220.0,5.000722408294678,1.423553228378296,6.424275636672974,3233.0,0.990502450980392,pulp_cbc,mean_total_cost,39344.30185612533,,180,60,True,3569.5494701131493,3575.424894705229,4199.901283616081,4206.345190262546,1584.479534406315,3264.00000342,39344.30185612533,39866.33051755854,40522.10614436767,449.6955761410903,732.4443001586795,0.4502150537634408,397.8299568727184,1124.3018561253264,0.0,stockout_rate,0.4502150537634408
X-n284-k15,283,atm,ortools:robust_mean_1std_scaled_or_tools,robust_mean_1std_scaled_or_tools,ortools,True,True,True,15,23151.0,5.00072717666626,1.706881761550903,6.707608938217163,1626.8249999999998,0.995,pulp_cbc,mean_total_cost,23784.161219104917,,180,60,True,1690.7465941899184,1691.7378069241554,2011.601490678983,2013.2207644463767,1190.76016165266,1634.9999978300002,23784.161219104917,24314.482969107423,24769.35060181714,159.75244525178402,306.55434485975474,0.3927208480565371,233.12273058853,633.161219104918,0.0,stockout_rate,0.3927208480565371
X-n284-k15,283,cargo,ortools:robust_mean_1std_scaled_or_tools,robust_mean_1std_scaled_or_tools,ortools,True,True,True,15,23151.0,5.00072717666626,1.81896448135376,6.81969165802002,1626.8249999999998,0.995,pulp_cbc,mean_total_cost,23623.7503851201,,180,60,True,1690.7465941899184,1691.7378069241554,2011.601490678983,2013.2207644463767,1051.9142743034804,1635.00000055,23623.7503851201,24031.71708103608,24372.461290063045,160.27008775322238,307.16348845712434,0.3880918727915194,233.6403758099684,472.7503851201091,0.0,stockout_rate,0.3880918727915194
X-n284-k15,283,cold_chain,ortools:robust_mean_1std_scaled_or_tools,robust_mean_1std_scaled_or_tools,ortools,True,True,True,15,23151.0,5.00072717666626,1.6523897647857666,6.653116941452026,1626.8249999999998,0.995,pulp_cbc,mean_total_cost,24088.154335397863,,180,60,True,1690.7465941899184,1691.7378069241554,2011.601490678983,2013.2207644463767,1349.7304890235685,1634.9999982,24088.154335397863,24396.4614542228,24697.035852923724,159.88688126531878,306.0612251003451,0.3807067137809187,233.2571669720648,627.9291281277341,309.22520727012835,stockout_rate,0.3807067137809187
X-n284-k15,283,grocery,ortools:robust_mean_1std_scaled_or_tools,robust_mean_1std_scaled_or_tools,ortools,True,True,True,15,23151.0,5.00072717666626,1.443645715713501,6.444372892379761,1626.8249999999998,0.995,pulp_cbc,mean_total_cost,23575.274467566884,,180,60,True,1690.7465941899184,1691.7378069241554,2011.601490678983,2013.2207644463767,590.7150329898989,1635.00000051,23575.274467566884,23826.289104853902,24057.59852689061,159.67063999778728,307.64886124447,0.3910600706713781,233.0409280145333,424.2744675668801,0.0,stockout_rate,0.3910600706713781
