Instance,Customers,Domain,Candidate,Route Plan,Routing Provider,Route Feasible,LP Feasible,Candidate Feasible,Route Count,Route Cost,Route Runtime Sec,LP Runtime Sec,Total Runtime Sec,Planned Route Load Total,Planned Route Load Ratio,LP Backend,Score Metric,Score Value,Reason,lp_planning_scenarios_original,lp_planning_scenarios_used,lp_scenario_reduced,lp_original_total_demand_mean,lp_reduced_total_demand_mean,lp_original_total_demand_p90,lp_reduced_total_demand_p90,Objective Value Train,Optimized Load Total,mean_total_cost,p90_total_cost,cvar90_total_cost,mean_shortfall,p90_shortfall,stockout_rate,mean_surplus,mean_domain_loss,mean_load_penalty_loss
X-n106-k14,105,atm,ortools:nominal_or_tools,nominal_or_tools,ortools,True,True,True,14,27182.0,5.002966403961182,0.7883708477020264,5.791337251663208,7864.0,0.9361904761904762,pulp_cbc,mean_domain_loss,2939.639816591785,,180,60,True,8678.48886970813,8708.388879095239,10372.84775102459,10379.445766360304,6667.126459423274,8400.000007999999,30121.63981659178,32011.109425330007,33087.8291147906,746.0519876687177,1289.048485150237,0.4023809523809524,1234.4007181841894,2939.639816591785,0.0
X-n106-k14,105,grocery,ortools:nominal_or_tools,nominal_or_tools,ortools,True,True,True,14,27182.0,5.002966403961182,0.7145235538482666,5.717489957809448,7864.0,0.9361904761904762,pulp_cbc,mean_domain_loss,1963.2293112876619,,180,60,True,8678.48886970813,8708.388879095239,10372.84775102459,10379.445766360304,3219.316195358524,8282.21132,29145.229311287658,30015.70406876767,30574.761565707577,747.3939800727794,1293.4353895696945,0.40476190476190477,1117.954022588251,1963.2293112876619,0.0
X-n106-k14,105,cargo,ortools:nominal_or_tools,nominal_or_tools,ortools,True,True,True,14,27182.0,5.002966403961182,0.7642970085144043,5.767263412475586,7864.0,0.9361904761904762,pulp_cbc,mean_domain_loss,2217.1971964801564,,180,60,True,8678.48886970813,8708.388879095239,10372.84775102459,10379.445766360304,6053.018468007391,8399.999992000001,29399.197196480152,30846.534779509475,31676.722647685452,748.7036037235138,1270.7937553769439,0.4034285714285714,1237.0523182389857,2217.1971964801564,0.0
X-n106-k14,105,cold_chain,ortools:nominal_or_tools,nominal_or_tools,ortools,True,True,True,14,27182.0,5.002966403961182,0.7257640361785889,5.7287304401397705,7864.0,0.9361904761904762,pulp_cbc,mean_domain_loss,2876.708010789284,,180,60,True,8678.48886970813,8708.388879095239,10372.84775102459,10379.445766360304,7181.491686119698,8255.29003,31507.22406377675,32625.822849894208,33280.96812507401,750.2019494492474,1286.3673605254962,0.40476190476190477,1093.840701964719,2876.708010789284,1448.516052987469
X-n106-k14,105,atm,ortools:proxy_mean_or_tools,proxy_mean_or_tools,ortools,False,False,False,0,,0.0,,0.0,8678.488869708131,1.0331534368700157,pulp_cbc,mean_domain_loss,,total_load_exceeds_fleet_capacity,180,60,True,8678.48886970813,8708.388879095239,10372.84775102459,10379.445766360304,,,,,,,,,,,
X-n106-k14,105,grocery,ortools:proxy_mean_or_tools,proxy_mean_or_tools,ortools,False,False,False,0,,0.0,,0.0,8678.488869708131,1.0331534368700157,pulp_cbc,mean_domain_loss,,total_load_exceeds_fleet_capacity,180,60,True,8678.48886970813,8708.388879095239,10372.84775102459,10379.445766360304,,,,,,,,,,,
X-n106-k14,105,cargo,ortools:proxy_mean_or_tools,proxy_mean_or_tools,ortools,False,False,False,0,,0.0,,0.0,8678.488869708131,1.0331534368700157,pulp_cbc,mean_domain_loss,,total_load_exceeds_fleet_capacity,180,60,True,8678.48886970813,8708.388879095239,10372.84775102459,10379.445766360304,,,,,,,,,,,
X-n106-k14,105,cold_chain,ortools:proxy_mean_or_tools,proxy_mean_or_tools,ortools,False,False,False,0,,0.0,,0.0,8678.488869708131,1.0331534368700157,pulp_cbc,mean_domain_loss,,total_load_exceeds_fleet_capacity,180,60,True,8678.48886970813,8708.388879095239,10372.84775102459,10379.445766360304,,,,,,,,,,,
X-n106-k14,105,atm,ortools:quantile_p75_or_tools,quantile_p75_or_tools,ortools,False,False,False,0,,0.0,,0.0,10098.044716629973,1.2021481805511873,pulp_cbc,mean_domain_loss,,total_load_exceeds_fleet_capacity,180,60,True,8678.48886970813,8708.388879095239,10372.84775102459,10379.445766360304,,,,,,,,,,,
X-n106-k14,105,grocery,ortools:quantile_p75_or_tools,quantile_p75_or_tools,ortools,False,False,False,0,,0.0,,0.0,10098.044716629973,1.2021481805511873,pulp_cbc,mean_domain_loss,,total_load_exceeds_fleet_capacity,180,60,True,8678.48886970813,8708.388879095239,10372.84775102459,10379.445766360304,,,,,,,,,,,
X-n106-k14,105,cargo,ortools:quantile_p75_or_tools,quantile_p75_or_tools,ortools,False,False,False,0,,0.0,,0.0,10098.044716629973,1.2021481805511873,pulp_cbc,mean_domain_loss,,total_load_exceeds_fleet_capacity,180,60,True,8678.48886970813,8708.388879095239,10372.84775102459,10379.445766360304,,,,,,,,,,,
X-n106-k14,105,cold_chain,ortools:quantile_p75_or_tools,quantile_p75_or_tools,ortools,False,False,False,0,,0.0,,0.0,10098.044716629973,1.2021481805511873,pulp_cbc,mean_domain_loss,,total_load_exceeds_fleet_capacity,180,60,True,8678.48886970813,8708.388879095239,10372.84775102459,10379.445766360304,,,,,,,,,,,
X-n106-k14,105,atm,ortools:quantile_p90_or_tools,quantile_p90_or_tools,ortools,False,False,False,0,,0.0,,0.0,11983.8632171687,1.4266503829962738,pulp_cbc,mean_domain_loss,,total_load_exceeds_fleet_capacity,180,60,True,8678.48886970813,8708.388879095239,10372.84775102459,10379.445766360304,,,,,,,,,,,
X-n106-k14,105,grocery,ortools:quantile_p90_or_tools,quantile_p90_or_tools,ortools,False,False,False,0,,0.0,,0.0,11983.8632171687,1.4266503829962738,pulp_cbc,mean_domain_loss,,total_load_exceeds_fleet_capacity,180,60,True,8678.48886970813,8708.388879095239,10372.84775102459,10379.445766360304,,,,,,,,,,,
X-n106-k14,105,cargo,ortools:quantile_p90_or_tools,quantile_p90_or_tools,ortools,False,False,False,0,,0.0,,0.0,11983.8632171687,1.4266503829962738,pulp_cbc,mean_domain_loss,,total_load_exceeds_fleet_capacity,180,60,True,8678.48886970813,8708.388879095239,10372.84775102459,10379.445766360304,,,,,,,,,,,
X-n106-k14,105,cold_chain,ortools:quantile_p90_or_tools,quantile_p90_or_tools,ortools,False,False,False,0,,0.0,,0.0,11983.8632171687,1.4266503829962738,pulp_cbc,mean_domain_loss,,total_load_exceeds_fleet_capacity,180,60,True,8678.48886970813,8708.388879095239,10372.84775102459,10379.445766360304,,,,,,,,,,,
X-n106-k14,105,atm,ortools:robust_mean_1std_or_tools,robust_mean_1std_or_tools,ortools,False,False,False,0,,0.0,,0.0,11270.947971477992,1.3417795204140466,pulp_cbc,mean_domain_loss,,total_load_exceeds_fleet_capacity,180,60,True,8678.48886970813,8708.388879095239,10372.84775102459,10379.445766360304,,,,,,,,,,,
X-n106-k14,105,grocery,ortools:robust_mean_1std_or_tools,robust_mean_1std_or_tools,ortools,False,False,False,0,,0.0,,0.0,11270.947971477992,1.3417795204140466,pulp_cbc,mean_domain_loss,,total_load_exceeds_fleet_capacity,180,60,True,8678.48886970813,8708.388879095239,10372.84775102459,10379.445766360304,,,,,,,,,,,
X-n106-k14,105,cargo,ortools:robust_mean_1std_or_tools,robust_mean_1std_or_tools,ortools,False,False,False,0,,0.0,,0.0,11270.947971477992,1.3417795204140466,pulp_cbc,mean_domain_loss,,total_load_exceeds_fleet_capacity,180,60,True,8678.48886970813,8708.388879095239,10372.84775102459,10379.445766360304,,,,,,,,,,,
X-n106-k14,105,cold_chain,ortools:robust_mean_1std_or_tools,robust_mean_1std_or_tools,ortools,False,False,False,0,,0.0,,0.0,11270.947971477992,1.3417795204140466,pulp_cbc,mean_domain_loss,,total_load_exceeds_fleet_capacity,180,60,True,8678.48886970813,8708.388879095239,10372.84775102459,10379.445766360304,,,,,,,,,,,
X-n106-k14,105,atm,ortools:robust_mean_2std_or_tools,robust_mean_2std_or_tools,ortools,False,False,False,0,,0.0,,0.0,13863.407073247854,1.650405603958078,pulp_cbc,mean_domain_loss,,total_load_exceeds_fleet_capacity,180,60,True,8678.48886970813,8708.388879095239,10372.84775102459,10379.445766360304,,,,,,,,,,,
X-n106-k14,105,grocery,ortools:robust_mean_2std_or_tools,robust_mean_2std_or_tools,ortools,False,False,False,0,,0.0,,0.0,13863.407073247854,1.650405603958078,pulp_cbc,mean_domain_loss,,total_load_exceeds_fleet_capacity,180,60,True,8678.48886970813,8708.388879095239,10372.84775102459,10379.445766360304,,,,,,,,,,,
X-n106-k14,105,cargo,ortools:robust_mean_2std_or_tools,robust_mean_2std_or_tools,ortools,False,False,False,0,,0.0,,0.0,13863.407073247854,1.650405603958078,pulp_cbc,mean_domain_loss,,total_load_exceeds_fleet_capacity,180,60,True,8678.48886970813,8708.388879095239,10372.84775102459,10379.445766360304,,,,,,,,,,,
X-n106-k14,105,cold_chain,ortools:robust_mean_2std_or_tools,robust_mean_2std_or_tools,ortools,False,False,False,0,,0.0,,0.0,13863.407073247854,1.650405603958078,pulp_cbc,mean_domain_loss,,total_load_exceeds_fleet_capacity,180,60,True,8678.48886970813,8708.388879095239,10372.84775102459,10379.445766360304,,,,,,,,,,,
X-n106-k14,105,atm,ortools:proxy_mean_scaled_or_tools,proxy_mean_scaled_or_tools,ortools,False,False,False,0,,4.996431827545166,,4.996431827545166,8358.0,0.995,pulp_cbc,mean_domain_loss,,ortools_no_solution,180,60,True,8678.48886970813,8708.388879095239,10372.84775102459,10379.445766360304,,,,,,,,,,,
X-n106-k14,105,grocery,ortools:proxy_mean_scaled_or_tools,proxy_mean_scaled_or_tools,ortools,False,False,False,0,,4.996431827545166,,4.996431827545166,8358.0,0.995,pulp_cbc,mean_domain_loss,,ortools_no_solution,180,60,True,8678.48886970813,8708.388879095239,10372.84775102459,10379.445766360304,,,,,,,,,,,
X-n106-k14,105,cargo,ortools:proxy_mean_scaled_or_tools,proxy_mean_scaled_or_tools,ortools,False,False,False,0,,4.996431827545166,,4.996431827545166,8358.0,0.995,pulp_cbc,mean_domain_loss,,ortools_no_solution,180,60,True,8678.48886970813,8708.388879095239,10372.84775102459,10379.445766360304,,,,,,,,,,,
X-n106-k14,105,cold_chain,ortools:proxy_mean_scaled_or_tools,proxy_mean_scaled_or_tools,ortools,False,False,False,0,,4.996431827545166,,4.996431827545166,8358.0,0.995,pulp_cbc,mean_domain_loss,,ortools_no_solution,180,60,True,8678.48886970813,8708.388879095239,10372.84775102459,10379.445766360304,,,,,,,,,,,
X-n106-k14,105,atm,ortools:quantile_p75_scaled_or_tools,quantile_p75_scaled_or_tools,ortools,False,False,False,0,,5.00184178352356,,5.00184178352356,8358.0,0.995,pulp_cbc,mean_domain_loss,,ortools_no_solution,180,60,True,8678.48886970813,8708.388879095239,10372.84775102459,10379.445766360304,,,,,,,,,,,
X-n106-k14,105,grocery,ortools:quantile_p75_scaled_or_tools,quantile_p75_scaled_or_tools,ortools,False,False,False,0,,5.00184178352356,,5.00184178352356,8358.0,0.995,pulp_cbc,mean_domain_loss,,ortools_no_solution,180,60,True,8678.48886970813,8708.388879095239,10372.84775102459,10379.445766360304,,,,,,,,,,,
X-n106-k14,105,cargo,ortools:quantile_p75_scaled_or_tools,quantile_p75_scaled_or_tools,ortools,False,False,False,0,,5.00184178352356,,5.00184178352356,8358.0,0.995,pulp_cbc,mean_domain_loss,,ortools_no_solution,180,60,True,8678.48886970813,8708.388879095239,10372.84775102459,10379.445766360304,,,,,,,,,,,
X-n106-k14,105,cold_chain,ortools:quantile_p75_scaled_or_tools,quantile_p75_scaled_or_tools,ortools,False,False,False,0,,5.00184178352356,,5.00184178352356,8358.0,0.995,pulp_cbc,mean_domain_loss,,ortools_no_solution,180,60,True,8678.48886970813,8708.388879095239,10372.84775102459,10379.445766360304,,,,,,,,,,,
X-n106-k14,105,atm,ortools:quantile_p90_scaled_or_tools,quantile_p90_scaled_or_tools,ortools,False,False,False,0,,5.00830864906311,,5.00830864906311,8357.999999999998,0.9949999999999998,pulp_cbc,mean_domain_loss,,ortools_no_solution,180,60,True,8678.48886970813,8708.388879095239,10372.84775102459,10379.445766360304,,,,,,,,,,,
X-n106-k14,105,grocery,ortools:quantile_p90_scaled_or_tools,quantile_p90_scaled_or_tools,ortools,False,False,False,0,,5.00830864906311,,5.00830864906311,8357.999999999998,0.9949999999999998,pulp_cbc,mean_domain_loss,,ortools_no_solution,180,60,True,8678.48886970813,8708.388879095239,10372.84775102459,10379.445766360304,,,,,,,,,,,
X-n106-k14,105,cargo,ortools:quantile_p90_scaled_or_tools,quantile_p90_scaled_or_tools,ortools,False,False,False,0,,5.00830864906311,,5.00830864906311,8357.999999999998,0.9949999999999998,pulp_cbc,mean_domain_loss,,ortools_no_solution,180,60,True,8678.48886970813,8708.388879095239,10372.84775102459,10379.445766360304,,,,,,,,,,,
X-n106-k14,105,cold_chain,ortools:quantile_p90_scaled_or_tools,quantile_p90_scaled_or_tools,ortools,False,False,False,0,,5.00830864906311,,5.00830864906311,8357.999999999998,0.9949999999999998,pulp_cbc,mean_domain_loss,,ortools_no_solution,180,60,True,8678.48886970813,8708.388879095239,10372.84775102459,10379.445766360304,,,,,,,,,,,
X-n106-k14,105,atm,ortools:robust_mean_1std_scaled_or_tools,robust_mean_1std_scaled_or_tools,ortools,False,False,False,0,,5.001316547393799,,5.001316547393799,8358.0,0.995,pulp_cbc,mean_domain_loss,,ortools_no_solution,180,60,True,8678.48886970813,8708.388879095239,10372.84775102459,10379.445766360304,,,,,,,,,,,
X-n106-k14,105,grocery,ortools:robust_mean_1std_scaled_or_tools,robust_mean_1std_scaled_or_tools,ortools,False,False,False,0,,5.001316547393799,,5.001316547393799,8358.0,0.995,pulp_cbc,mean_domain_loss,,ortools_no_solution,180,60,True,8678.48886970813,8708.388879095239,10372.84775102459,10379.445766360304,,,,,,,,,,,
X-n106-k14,105,cargo,ortools:robust_mean_1std_scaled_or_tools,robust_mean_1std_scaled_or_tools,ortools,False,False,False,0,,5.001316547393799,,5.001316547393799,8358.0,0.995,pulp_cbc,mean_domain_loss,,ortools_no_solution,180,60,True,8678.48886970813,8708.388879095239,10372.84775102459,10379.445766360304,,,,,,,,,,,
X-n106-k14,105,cold_chain,ortools:robust_mean_1std_scaled_or_tools,robust_mean_1std_scaled_or_tools,ortools,False,False,False,0,,5.001316547393799,,5.001316547393799,8358.0,0.995,pulp_cbc,mean_domain_loss,,ortools_no_solution,180,60,True,8678.48886970813,8708.388879095239,10372.84775102459,10379.445766360304,,,,,,,,,,,
X-n106-k14,105,atm,ortools:robust_mean_2std_scaled_or_tools,robust_mean_2std_scaled_or_tools,ortools,False,False,False,0,,5.000710725784302,,5.000710725784302,8357.999999999998,0.9949999999999998,pulp_cbc,mean_domain_loss,,ortools_no_solution,180,60,True,8678.48886970813,8708.388879095239,10372.84775102459,10379.445766360304,,,,,,,,,,,
X-n106-k14,105,grocery,ortools:robust_mean_2std_scaled_or_tools,robust_mean_2std_scaled_or_tools,ortools,False,False,False,0,,5.000710725784302,,5.000710725784302,8357.999999999998,0.9949999999999998,pulp_cbc,mean_domain_loss,,ortools_no_solution,180,60,True,8678.48886970813,8708.388879095239,10372.84775102459,10379.445766360304,,,,,,,,,,,
X-n106-k14,105,cargo,ortools:robust_mean_2std_scaled_or_tools,robust_mean_2std_scaled_or_tools,ortools,False,False,False,0,,5.000710725784302,,5.000710725784302,8357.999999999998,0.9949999999999998,pulp_cbc,mean_domain_loss,,ortools_no_solution,180,60,True,8678.48886970813,8708.388879095239,10372.84775102459,10379.445766360304,,,,,,,,,,,
X-n106-k14,105,cold_chain,ortools:robust_mean_2std_scaled_or_tools,robust_mean_2std_scaled_or_tools,ortools,False,False,False,0,,5.000710725784302,,5.000710725784302,8357.999999999998,0.9949999999999998,pulp_cbc,mean_domain_loss,,ortools_no_solution,180,60,True,8678.48886970813,8708.388879095239,10372.84775102459,10379.445766360304,,,,,,,,,,,
X-n106-k14,105,atm,ortools:nominal_seed101_or_tools,nominal_seed101_or_tools,ortools,True,True,True,14,27425.0,4.999421119689941,0.7844493389129639,5.783870458602905,7864.0,0.9361904761904762,pulp_cbc,mean_domain_loss,2748.2930429128896,,180,60,True,8678.48886970813,8708.388879095239,10372.84775102459,10379.445766360304,6405.605381442355,8399.999995999999,30173.293042912894,31897.265997667735,33014.588640671966,695.5387654866415,1198.8336561409112,0.3797142857142857,1183.8874840021133,2748.2930429128896,0.0
X-n106-k14,105,grocery,ortools:nominal_seed101_or_tools,nominal_seed101_or_tools,ortools,True,True,True,14,27425.0,4.999421119689941,0.7244720458984375,5.723893165588379,7864.0,0.9361904761904762,pulp_cbc,mean_domain_loss,1890.1919422785213,,180,60,True,8678.48886970813,8708.388879095239,10372.84775102459,10379.445766360304,3095.6896988900376,8388.949703,29315.191942278518,30074.13884247028,30648.304332195687,696.2345330595385,1199.2830349602723,0.3783809523809524,1173.5329585750105,1890.1919422785213,0.0
X-n106-k14,105,cargo,ortools:nominal_seed101_or_tools,nominal_seed101_or_tools,ortools,True,True,True,14,27425.0,4.999421119689941,0.7256789207458496,5.725100040435791,7864.0,0.9361904761904762,pulp_cbc,mean_domain_loss,2059.8620187528672,,180,60,True,8678.48886970813,8708.388879095239,10372.84775102459,10379.445766360304,5818.556281301745,8400.000001,29484.862018752865,30837.941343318787,31668.566578019556,694.2233660658711,1199.8059912198296,0.37714285714285717,1182.572089581343,2059.8620187528672,0.0
X-n106-k14,105,cold_chain,ortools:nominal_seed101_or_tools,nominal_seed101_or_tools,ortools,True,True,True,14,27425.0,4.999421119689941,0.7223830223083496,5.721804141998291,7864.0,0.9361904761904762,pulp_cbc,mean_domain_loss,2788.6221849769313,,180,60,True,8678.48886970813,8708.388879095239,10372.84775102459,10379.445766360304,7070.766932443664,8350.391932999999,31734.387632577236,32651.33021729003,33396.906885872595,700.0981077344026,1202.1821621107174,0.37552380952380954,1138.8387632498743,2788.6221849769313,1520.7654476003015
X-n106-k14,105,atm,ortools:nominal_seed103_or_tools,nominal_seed103_or_tools,ortools,True,True,True,14,27116.0,5.000891447067261,0.6819500923156738,5.682841539382935,7864.0,0.9361904761904762,pulp_cbc,mean_domain_loss,2759.4568837813003,,180,60,True,8678.48886970813,8708.388879095239,10372.84775102459,10379.445766360304,6411.576962968327,8400.000006000002,29875.456883781306,31651.356702281268,32659.372151671363,698.1668150090438,1202.8915089887942,0.381047619047619,1186.5155435245158,2759.4568837813003,0.0
X-n106-k14,105,grocery,ortools:nominal_seed103_or_tools,nominal_seed103_or_tools,ortools,True,True,True,14,27116.0,5.000891447067261,0.7150909900665283,5.715982437133789,7864.0,0.9361904761904762,pulp_cbc,mean_domain_loss,1893.2774253889095,,180,60,True,8678.48886970813,8708.388879095239,10372.84775102459,10379.445766360304,3095.7818063988275,8381.965509000001,29009.277425388907,29811.5224023786,30314.10982565296,699.0647035003313,1205.5899612862024,0.37914285714285717,1169.378935015803,1893.2774253889095,0.0
X-n106-k14,105,cargo,ortools:nominal_seed103_or_tools,nominal_seed103_or_tools,ortools,True,True,True,14,27116.0,5.000891447067261,0.7840397357940674,5.784931182861328,7864.0,0.9361904761904762,pulp_cbc,mean_domain_loss,2081.070608781727,,180,60,True,8678.48886970813,8708.388879095239,10372.84775102459,10379.445766360304,5832.148739624882,8400.000009000001,29197.070608781723,30560.553375739437,31336.59124158384,700.6946535128618,1201.962699159079,0.37914285714285717,1189.0433850283337,2081.070608781727,0.0
X-n106-k14,105,cold_chain,ortools:nominal_seed103_or_tools,nominal_seed103_or_tools,ortools,True,True,True,14,27116.0,5.000891447067261,0.6930432319641113,5.693934679031372,7864.0,0.9361904761904762,pulp_cbc,mean_domain_loss,2794.303286008658,,180,60,True,8678.48886970813,8708.388879095239,10372.84775102459,10379.445766360304,7072.828150362775,8342.390484,31428.285684172064,32434.0853854722,33061.79980832896,703.0433335503651,1204.9296586227122,0.37561904761904763,1133.7825400658369,2794.303286008658,1517.9823981634063
X-n106-k14,105,atm,ortools:proxy_mean_scaled_seed109_or_tools,proxy_mean_scaled_seed109_or_tools,ortools,False,False,False,0,,5.0072174072265625,,5.0072174072265625,8358.0,0.995,pulp_cbc,mean_domain_loss,,ortools_no_solution,180,60,True,8678.48886970813,8708.388879095239,10372.84775102459,10379.445766360304,,,,,,,,,,,
X-n106-k14,105,grocery,ortools:proxy_mean_scaled_seed109_or_tools,proxy_mean_scaled_seed109_or_tools,ortools,False,False,False,0,,5.0072174072265625,,5.0072174072265625,8358.0,0.995,pulp_cbc,mean_domain_loss,,ortools_no_solution,180,60,True,8678.48886970813,8708.388879095239,10372.84775102459,10379.445766360304,,,,,,,,,,,
X-n106-k14,105,cargo,ortools:proxy_mean_scaled_seed109_or_tools,proxy_mean_scaled_seed109_or_tools,ortools,False,False,False,0,,5.0072174072265625,,5.0072174072265625,8358.0,0.995,pulp_cbc,mean_domain_loss,,ortools_no_solution,180,60,True,8678.48886970813,8708.388879095239,10372.84775102459,10379.445766360304,,,,,,,,,,,
X-n106-k14,105,cold_chain,ortools:proxy_mean_scaled_seed109_or_tools,proxy_mean_scaled_seed109_or_tools,ortools,False,False,False,0,,5.0072174072265625,,5.0072174072265625,8358.0,0.995,pulp_cbc,mean_domain_loss,,ortools_no_solution,180,60,True,8678.48886970813,8708.388879095239,10372.84775102459,10379.445766360304,,,,,,,,,,,
X-n106-k14,105,atm,ortools:quantile_p75_scaled_seed107_or_tools,quantile_p75_scaled_seed107_or_tools,ortools,False,False,False,0,,5.001983404159546,,5.001983404159546,8358.0,0.995,pulp_cbc,mean_domain_loss,,ortools_no_solution,180,60,True,8678.48886970813,8708.388879095239,10372.84775102459,10379.445766360304,,,,,,,,,,,
X-n106-k14,105,grocery,ortools:quantile_p75_scaled_seed107_or_tools,quantile_p75_scaled_seed107_or_tools,ortools,False,False,False,0,,5.001983404159546,,5.001983404159546,8358.0,0.995,pulp_cbc,mean_domain_loss,,ortools_no_solution,180,60,True,8678.48886970813,8708.388879095239,10372.84775102459,10379.445766360304,,,,,,,,,,,
X-n106-k14,105,cargo,ortools:quantile_p75_scaled_seed107_or_tools,quantile_p75_scaled_seed107_or_tools,ortools,False,False,False,0,,5.001983404159546,,5.001983404159546,8358.0,0.995,pulp_cbc,mean_domain_loss,,ortools_no_solution,180,60,True,8678.48886970813,8708.388879095239,10372.84775102459,10379.445766360304,,,,,,,,,,,
X-n106-k14,105,cold_chain,ortools:quantile_p75_scaled_seed107_or_tools,quantile_p75_scaled_seed107_or_tools,ortools,False,False,False,0,,5.001983404159546,,5.001983404159546,8358.0,0.995,pulp_cbc,mean_domain_loss,,ortools_no_solution,180,60,True,8678.48886970813,8708.388879095239,10372.84775102459,10379.445766360304,,,,,,,,,,,
X-n106-k14,105,atm,ortools:robust_mean_1std_scaled_seed113_or_tools,robust_mean_1std_scaled_seed113_or_tools,ortools,False,False,False,0,,5.002223491668701,,5.002223491668701,8358.0,0.995,pulp_cbc,mean_domain_loss,,ortools_no_solution,180,60,True,8678.48886970813,8708.388879095239,10372.84775102459,10379.445766360304,,,,,,,,,,,
X-n106-k14,105,grocery,ortools:robust_mean_1std_scaled_seed113_or_tools,robust_mean_1std_scaled_seed113_or_tools,ortools,False,False,False,0,,5.002223491668701,,5.002223491668701,8358.0,0.995,pulp_cbc,mean_domain_loss,,ortools_no_solution,180,60,True,8678.48886970813,8708.388879095239,10372.84775102459,10379.445766360304,,,,,,,,,,,
X-n106-k14,105,cargo,ortools:robust_mean_1std_scaled_seed113_or_tools,robust_mean_1std_scaled_seed113_or_tools,ortools,False,False,False,0,,5.002223491668701,,5.002223491668701,8358.0,0.995,pulp_cbc,mean_domain_loss,,ortools_no_solution,180,60,True,8678.48886970813,8708.388879095239,10372.84775102459,10379.445766360304,,,,,,,,,,,
X-n106-k14,105,cold_chain,ortools:robust_mean_1std_scaled_seed113_or_tools,robust_mean_1std_scaled_seed113_or_tools,ortools,False,False,False,0,,5.002223491668701,,5.002223491668701,8358.0,0.995,pulp_cbc,mean_domain_loss,,ortools_no_solution,180,60,True,8678.48886970813,8708.388879095239,10372.84775102459,10379.445766360304,,,,,,,,,,,
X-n110-k13,109,atm,ortools:nominal_or_tools,nominal_or_tools,ortools,True,True,True,13,15588.0,5.0096070766448975,0.7480392456054688,5.757646322250366,816.0,0.951048951048951,pulp_cbc,mean_domain_loss,378.8379090575134,,180,60,True,922.107056749831,926.0446089731707,1096.1448904465033,1097.6485758926672,776.8025046581581,857.9999977,15966.837909057513,16324.183246775856,16697.877752153538,97.72207183496111,201.42062861858398,0.4288990825688073,111.25006128480766,378.8379090575134,0.0
X-n110-k13,109,grocery,ortools:nominal_or_tools,nominal_or_tools,ortools,True,True,True,13,15588.0,5.0096070766448975,0.7163007259368896,5.725907802581787,816.0,0.951048951048951,pulp_cbc,mean_domain_loss,242.83879803518073,,180,60,True,922.107056749831,926.0446089731707,1096.1448904465033,1097.6485758926672,369.27158483866333,856.2348879,15830.83879803518,15997.518412239744,16198.788894079922,97.82614555526607,201.91573816136824,0.42761467889908256,109.58902520511259,242.83879803518073,0.0
X-n110-k13,109,cargo,ortools:nominal_or_tools,nominal_or_tools,ortools,True,True,True,13,15588.0,5.0096070766448975,0.760828971862793,5.77043604850769,816.0,0.951048951048951,pulp_cbc,mean_domain_loss,285.1765916676231,,180,60,True,922.107056749831,926.0446089731707,1096.1448904465033,1097.6485758926672,702.6314636822751,857.9999994000002,15873.176591667621,16147.944188303443,16430.273179038973,98.13514830843573,203.6637661701629,0.4336697247706422,111.66313945828226,285.1765916676231,0.0
X-n110-k13,109,cold_chain,ortools:nominal_or_tools,nominal_or_tools,ortools,True,True,True,13,15588.0,5.0096070766448975,0.8358826637268066,5.845489740371704,816.0,0.951048951048951,pulp_cbc,mean_domain_loss,350.6663854092341,,180,60,True,922.107056749831,926.0446089731707,1096.1448904465033,1097.6485758926672,804.8459409441374,855.1544265000001,16091.364750443656,16294.64798730987,16564.97658448555,98.2576490365602,202.34882996481295,0.42862385321100915,108.9400672864067,350.6663854092341,152.69836503441968
X-n110-k13,109,atm,ortools:proxy_mean_or_tools,proxy_mean_or_tools,ortools,False,False,False,0,,0.0,,0.0,922.1070567498308,1.074716849358777,pulp_cbc,mean_domain_loss,,total_load_exceeds_fleet_capacity,180,60,True,922.107056749831,926.0446089731707,1096.1448904465033,1097.6485758926672,,,,,,,,,,,
X-n110-k13,109,grocery,ortools:proxy_mean_or_tools,proxy_mean_or_tools,ortools,False,False,False,0,,0.0,,0.0,922.1070567498308,1.074716849358777,pulp_cbc,mean_domain_loss,,total_load_exceeds_fleet_capacity,180,60,True,922.107056749831,926.0446089731707,1096.1448904465033,1097.6485758926672,,,,,,,,,,,
X-n110-k13,109,cargo,ortools:proxy_mean_or_tools,proxy_mean_or_tools,ortools,False,False,False,0,,0.0,,0.0,922.1070567498308,1.074716849358777,pulp_cbc,mean_domain_loss,,total_load_exceeds_fleet_capacity,180,60,True,922.107056749831,926.0446089731707,1096.1448904465033,1097.6485758926672,,,,,,,,,,,
X-n110-k13,109,cold_chain,ortools:proxy_mean_or_tools,proxy_mean_or_tools,ortools,False,False,False,0,,0.0,,0.0,922.1070567498308,1.074716849358777,pulp_cbc,mean_domain_loss,,total_load_exceeds_fleet_capacity,180,60,True,922.107056749831,926.0446089731707,1096.1448904465033,1097.6485758926672,,,,,,,,,,,
X-n110-k13,109,atm,ortools:quantile_p75_or_tools,quantile_p75_or_tools,ortools,False,False,False,0,,0.0,,0.0,1068.6948730955414,1.2455651201579736,pulp_cbc,mean_domain_loss,,total_load_exceeds_fleet_capacity,180,60,True,922.107056749831,926.0446089731707,1096.1448904465033,1097.6485758926672,,,,,,,,,,,
X-n110-k13,109,grocery,ortools:quantile_p75_or_tools,quantile_p75_or_tools,ortools,False,False,False,0,,0.0,,0.0,1068.6948730955414,1.2455651201579736,pulp_cbc,mean_domain_loss,,total_load_exceeds_fleet_capacity,180,60,True,922.107056749831,926.0446089731707,1096.1448904465033,1097.6485758926672,,,,,,,,,,,
X-n110-k13,109,cargo,ortools:quantile_p75_or_tools,quantile_p75_or_tools,ortools,False,False,False,0,,0.0,,0.0,1068.6948730955414,1.2455651201579736,pulp_cbc,mean_domain_loss,,total_load_exceeds_fleet_capacity,180,60,True,922.107056749831,926.0446089731707,1096.1448904465033,1097.6485758926672,,,,,,,,,,,
X-n110-k13,109,cold_chain,ortools:quantile_p75_or_tools,quantile_p75_or_tools,ortools,False,False,False,0,,0.0,,0.0,1068.6948730955414,1.2455651201579736,pulp_cbc,mean_domain_loss,,total_load_exceeds_fleet_capacity,180,60,True,922.107056749831,926.0446089731707,1096.1448904465033,1097.6485758926672,,,,,,,,,,,
X-n110-k13,109,atm,ortools:quantile_p90_or_tools,quantile_p90_or_tools,ortools,False,False,False,0,,0.0,,0.0,1281.640142405187,1.493753079726325,pulp_cbc,mean_domain_loss,,total_load_exceeds_fleet_capacity,180,60,True,922.107056749831,926.0446089731707,1096.1448904465033,1097.6485758926672,,,,,,,,,,,
X-n110-k13,109,grocery,ortools:quantile_p90_or_tools,quantile_p90_or_tools,ortools,False,False,False,0,,0.0,,0.0,1281.640142405187,1.493753079726325,pulp_cbc,mean_domain_loss,,total_load_exceeds_fleet_capacity,180,60,True,922.107056749831,926.0446089731707,1096.1448904465033,1097.6485758926672,,,,,,,,,,,
X-n110-k13,109,cargo,ortools:quantile_p90_or_tools,quantile_p90_or_tools,ortools,False,False,False,0,,0.0,,0.0,1281.640142405187,1.493753079726325,pulp_cbc,mean_domain_loss,,total_load_exceeds_fleet_capacity,180,60,True,922.107056749831,926.0446089731707,1096.1448904465033,1097.6485758926672,,,,,,,,,,,
X-n110-k13,109,cold_chain,ortools:quantile_p90_or_tools,quantile_p90_or_tools,ortools,False,False,False,0,,0.0,,0.0,1281.640142405187,1.493753079726325,pulp_cbc,mean_domain_loss,,total_load_exceeds_fleet_capacity,180,60,True,922.107056749831,926.0446089731707,1096.1448904465033,1097.6485758926672,,,,,,,,,,,
X-n110-k13,109,atm,ortools:robust_mean_1std_or_tools,robust_mean_1std_or_tools,ortools,False,False,False,0,,0.0,,0.0,1199.8745334350876,1.3984551671737617,pulp_cbc,mean_domain_loss,,total_load_exceeds_fleet_capacity,180,60,True,922.107056749831,926.0446089731707,1096.1448904465033,1097.6485758926672,,,,,,,,,,,
X-n110-k13,109,grocery,ortools:robust_mean_1std_or_tools,robust_mean_1std_or_tools,ortools,False,False,False,0,,0.0,,0.0,1199.8745334350876,1.3984551671737617,pulp_cbc,mean_domain_loss,,total_load_exceeds_fleet_capacity,180,60,True,922.107056749831,926.0446089731707,1096.1448904465033,1097.6485758926672,,,,,,,,,,,
X-n110-k13,109,cargo,ortools:robust_mean_1std_or_tools,robust_mean_1std_or_tools,ortools,False,False,False,0,,0.0,,0.0,1199.8745334350876,1.3984551671737617,pulp_cbc,mean_domain_loss,,total_load_exceeds_fleet_capacity,180,60,True,922.107056749831,926.0446089731707,1096.1448904465033,1097.6485758926672,,,,,,,,,,,
X-n110-k13,109,cold_chain,ortools:robust_mean_1std_or_tools,robust_mean_1std_or_tools,ortools,False,False,False,0,,0.0,,0.0,1199.8745334350876,1.3984551671737617,pulp_cbc,mean_domain_loss,,total_load_exceeds_fleet_capacity,180,60,True,922.107056749831,926.0446089731707,1096.1448904465033,1097.6485758926672,,,,,,,,,,,
X-n110-k13,109,atm,ortools:robust_mean_2std_or_tools,robust_mean_2std_or_tools,ortools,False,False,False,0,,0.0,,0.0,1477.6420101203455,1.7221934849887477,pulp_cbc,mean_domain_loss,,total_load_exceeds_fleet_capacity,180,60,True,922.107056749831,926.0446089731707,1096.1448904465033,1097.6485758926672,,,,,,,,,,,
X-n110-k13,109,grocery,ortools:robust_mean_2std_or_tools,robust_mean_2std_or_tools,ortools,False,False,False,0,,0.0,,0.0,1477.6420101203455,1.7221934849887477,pulp_cbc,mean_domain_loss,,total_load_exceeds_fleet_capacity,180,60,True,922.107056749831,926.0446089731707,1096.1448904465033,1097.6485758926672,,,,,,,,,,,
X-n110-k13,109,cargo,ortools:robust_mean_2std_or_tools,robust_mean_2std_or_tools,ortools,False,False,False,0,,0.0,,0.0,1477.6420101203455,1.7221934849887477,pulp_cbc,mean_domain_loss,,total_load_exceeds_fleet_capacity,180,60,True,922.107056749831,926.0446089731707,1096.1448904465033,1097.6485758926672,,,,,,,,,,,
X-n110-k13,109,cold_chain,ortools:robust_mean_2std_or_tools,robust_mean_2std_or_tools,ortools,False,False,False,0,,0.0,,0.0,1477.6420101203455,1.7221934849887477,pulp_cbc,mean_domain_loss,,total_load_exceeds_fleet_capacity,180,60,True,922.107056749831,926.0446089731707,1096.1448904465033,1097.6485758926672,,,,,,,,,,,
X-n110-k13,109,atm,ortools:proxy_mean_scaled_or_tools,proxy_mean_scaled_or_tools,ortools,True,True,True,13,16439.0,4.99757981300354,0.7238273620605469,5.721407175064087,853.7099999999999,0.9949999999999999,pulp_cbc,mean_domain_loss,364.18204457172317,,180,60,True,922.107056749831,926.0446089731707,1096.1448904465033,1097.6485758926672,757.6819555241201,858.0000011,16803.182044571724,17178.498124894657,17531.427140292948,94.04854094138713,202.60999770081904,0.41935779816513763,107.57653379123366,364.18204457172317,0.0
X-n110-k13,109,grocery,ortools:proxy_mean_scaled_or_tools,proxy_mean_scaled_or_tools,ortools,True,True,True,13,16439.0,4.99757981300354,0.714425802230835,5.712005615234375,853.7099999999999,0.9949999999999999,pulp_cbc,mean_domain_loss,234.9093451197681,,180,60,True,922.107056749831,926.0446089731707,1096.1448904465033,1097.6485758926672,358.82409285075556,858.0000006,16673.90934511977,16848.55095941915,17039.479481751623,94.0175147468046,201.72546424081898,0.41660550458715595,107.5455070966511,234.9093451197681,0.0
X-n110-k13,109,cargo,ortools:proxy_mean_scaled_or_tools,proxy_mean_scaled_or_tools,ortools,True,True,True,13,16439.0,4.99757981300354,0.8212237358093262,5.818803548812866,853.7099999999999,0.9949999999999999,pulp_cbc,mean_domain_loss,274.38095278114463,,180,60,True,922.107056749831,926.0446089731707,1096.1448904465033,1097.6485758926672,684.8107296216272,857.9999993,16713.380952781143,16994.327094824934,17266.817021762592,94.5299652896207,203.42703445925744,0.4241284403669725,108.05795633946722,274.38095278114463,0.0
X-n110-k13,109,cold_chain,ortools:proxy_mean_scaled_or_tools,proxy_mean_scaled_or_tools,ortools,True,True,True,13,16439.0,4.99757981300354,0.8053743839263916,5.802954196929932,853.7099999999999,0.9949999999999999,pulp_cbc,mean_domain_loss,340.68849751542524,,180,60,True,922.107056749831,926.0446089731707,1096.1448904465033,1097.6485758926672,797.633405042239,858.0000011,16941.109704982275,17154.105629773443,17407.801236644933,94.34325685393156,201.51886375905048,0.41807339449541286,107.87124970377806,340.68849751542524,161.42120746684967
X-n110-k13,109,atm,ortools:quantile_p75_scaled_or_tools,quantile_p75_scaled_or_tools,ortools,False,False,False,0,,4.99920129776001,,4.99920129776001,853.7099999999998,0.9949999999999998,pulp_cbc,mean_domain_loss,,ortools_no_solution,180,60,True,922.107056749831,926.0446089731707,1096.1448904465033,1097.6485758926672,,,,,,,,,,,
X-n110-k13,109,grocery,ortools:quantile_p75_scaled_or_tools,quantile_p75_scaled_or_tools,ortools,False,False,False,0,,4.99920129776001,,4.99920129776001,853.7099999999998,0.9949999999999998,pulp_cbc,mean_domain_loss,,ortools_no_solution,180,60,True,922.107056749831,926.0446089731707,1096.1448904465033,1097.6485758926672,,,,,,,,,,,
X-n110-k13,109,cargo,ortools:quantile_p75_scaled_or_tools,quantile_p75_scaled_or_tools,ortools,False,False,False,0,,4.99920129776001,,4.99920129776001,853.7099999999998,0.9949999999999998,pulp_cbc,mean_domain_loss,,ortools_no_solution,180,60,True,922.107056749831,926.0446089731707,1096.1448904465033,1097.6485758926672,,,,,,,,,,,
X-n110-k13,109,cold_chain,ortools:quantile_p75_scaled_or_tools,quantile_p75_scaled_or_tools,ortools,False,False,False,0,,4.99920129776001,,4.99920129776001,853.7099999999998,0.9949999999999998,pulp_cbc,mean_domain_loss,,ortools_no_solution,180,60,True,922.107056749831,926.0446089731707,1096.1448904465033,1097.6485758926672,,,,,,,,,,,
X-n110-k13,109,atm,ortools:quantile_p90_scaled_or_tools,quantile_p90_scaled_or_tools,ortools,False,False,False,0,,0.0,,0.0,853.7100000000003,0.9950000000000003,pulp_cbc,mean_domain_loss,,total_load_exceeds_fleet_capacity,180,60,True,922.107056749831,926.0446089731707,1096.1448904465033,1097.6485758926672,,,,,,,,,,,
X-n110-k13,109,grocery,ortools:quantile_p90_scaled_or_tools,quantile_p90_scaled_or_tools,ortools,False,False,False,0,,0.0,,0.0,853.7100000000003,0.9950000000000003,pulp_cbc,mean_domain_loss,,total_load_exceeds_fleet_capacity,180,60,True,922.107056749831,926.0446089731707,1096.1448904465033,1097.6485758926672,,,,,,,,,,,
X-n110-k13,109,cargo,ortools:quantile_p90_scaled_or_tools,quantile_p90_scaled_or_tools,ortools,False,False,False,0,,0.0,,0.0,853.7100000000003,0.9950000000000003,pulp_cbc,mean_domain_loss,,total_load_exceeds_fleet_capacity,180,60,True,922.107056749831,926.0446089731707,1096.1448904465033,1097.6485758926672,,,,,,,,,,,
X-n110-k13,109,cold_chain,ortools:quantile_p90_scaled_or_tools,quantile_p90_scaled_or_tools,ortools,False,False,False,0,,0.0,,0.0,853.7100000000003,0.9950000000000003,pulp_cbc,mean_domain_loss,,total_load_exceeds_fleet_capacity,180,60,True,922.107056749831,926.0446089731707,1096.1448904465033,1097.6485758926672,,,,,,,,,,,
X-n110-k13,109,atm,ortools:robust_mean_1std_scaled_or_tools,robust_mean_1std_scaled_or_tools,ortools,False,False,False,0,,4.991964340209961,,4.991964340209961,853.7100000000003,0.9950000000000003,pulp_cbc,mean_domain_loss,,ortools_no_solution,180,60,True,922.107056749831,926.0446089731707,1096.1448904465033,1097.6485758926672,,,,,,,,,,,
X-n110-k13,109,grocery,ortools:robust_mean_1std_scaled_or_tools,robust_mean_1std_scaled_or_tools,ortools,False,False,False,0,,4.991964340209961,,4.991964340209961,853.7100000000003,0.9950000000000003,pulp_cbc,mean_domain_loss,,ortools_no_solution,180,60,True,922.107056749831,926.0446089731707,1096.1448904465033,1097.6485758926672,,,,,,,,,,,
X-n110-k13,109,cargo,ortools:robust_mean_1std_scaled_or_tools,robust_mean_1std_scaled_or_tools,ortools,False,False,False,0,,4.991964340209961,,4.991964340209961,853.7100000000003,0.9950000000000003,pulp_cbc,mean_domain_loss,,ortools_no_solution,180,60,True,922.107056749831,926.0446089731707,1096.1448904465033,1097.6485758926672,,,,,,,,,,,
X-n110-k13,109,cold_chain,ortools:robust_mean_1std_scaled_or_tools,robust_mean_1std_scaled_or_tools,ortools,False,False,False,0,,4.991964340209961,,4.991964340209961,853.7100000000003,0.9950000000000003,pulp_cbc,mean_domain_loss,,ortools_no_solution,180,60,True,922.107056749831,926.0446089731707,1096.1448904465033,1097.6485758926672,,,,,,,,,,,
X-n110-k13,109,atm,ortools:robust_mean_2std_scaled_or_tools,robust_mean_2std_scaled_or_tools,ortools,False,False,False,0,,0.0,,0.0,853.71,0.995,pulp_cbc,mean_domain_loss,,total_load_exceeds_fleet_capacity,180,60,True,922.107056749831,926.0446089731707,1096.1448904465033,1097.6485758926672,,,,,,,,,,,
X-n110-k13,109,grocery,ortools:robust_mean_2std_scaled_or_tools,robust_mean_2std_scaled_or_tools,ortools,False,False,False,0,,0.0,,0.0,853.71,0.995,pulp_cbc,mean_domain_loss,,total_load_exceeds_fleet_capacity,180,60,True,922.107056749831,926.0446089731707,1096.1448904465033,1097.6485758926672,,,,,,,,,,,
X-n110-k13,109,cargo,ortools:robust_mean_2std_scaled_or_tools,robust_mean_2std_scaled_or_tools,ortools,False,False,False,0,,0.0,,0.0,853.71,0.995,pulp_cbc,mean_domain_loss,,total_load_exceeds_fleet_capacity,180,60,True,922.107056749831,926.0446089731707,1096.1448904465033,1097.6485758926672,,,,,,,,,,,
X-n110-k13,109,cold_chain,ortools:robust_mean_2std_scaled_or_tools,robust_mean_2std_scaled_or_tools,ortools,False,False,False,0,,0.0,,0.0,853.71,0.995,pulp_cbc,mean_domain_loss,,total_load_exceeds_fleet_capacity,180,60,True,922.107056749831,926.0446089731707,1096.1448904465033,1097.6485758926672,,,,,,,,,,,
X-n110-k13,109,atm,ortools:nominal_seed101_or_tools,nominal_seed101_or_tools,ortools,True,True,True,13,16029.0,4.990248680114746,0.7382462024688721,5.728494882583618,816.0,0.951048951048951,pulp_cbc,mean_domain_loss,372.3696717046703,,180,60,True,922.107056749831,926.0446089731707,1096.1448904465033,1097.6485758926672,766.1513262045997,858.0000013,16401.36967170467,16768.99453882782,17126.306616772905,95.89706652385146,202.14060023588223,0.42211009174311925,109.42505957369796,372.3696717046703,0.0
X-n110-k13,109,grocery,ortools:nominal_seed101_or_tools,nominal_seed101_or_tools,ortools,True,True,True,13,16029.0,4.990248680114746,0.7657773494720459,5.756026029586792,816.0,0.951048951048951,pulp_cbc,mean_domain_loss,239.33128674916574,,180,60,True,922.107056749831,926.0446089731707,1096.1448904465033,1097.6485758926672,363.20601796294153,858.0000003,16268.331286749168,16438.11190868491,16631.912204616554,95.88711095373101,201.18283221147863,0.4197247706422018,109.41510300357749,239.33128674916574,0.0
X-n110-k13,109,cargo,ortools:nominal_seed101_or_tools,nominal_seed101_or_tools,ortools,True,True,True,13,16029.0,4.990248680114746,0.8877675533294678,5.878016233444214,816.0,0.951048951048951,pulp_cbc,mean_domain_loss,281.88478198452304,,180,60,True,922.107056749831,926.0446089731707,1096.1448904465033,1097.6485758926672,694.1665274136346,858.0000012,16310.884781984523,16589.476652822166,16861.76903495072,96.95988133091986,202.99437489295298,0.4297247706422018,110.48787428076638,281.88478198452304,0.0
X-n110-k13,109,cold_chain,ortools:nominal_seed101_or_tools,nominal_seed101_or_tools,ortools,True,True,True,13,16029.0,4.990248680114746,0.8069705963134766,5.797219276428223,816.0,0.951048951048951,pulp_cbc,mean_domain_loss,346.59812934870286,,180,60,True,922.107056749831,926.0446089731707,1096.1448904465033,1097.6485758926672,798.5564900113017,857.9999998,16531.335573185686,16734.67419610029,16994.6046915362,96.17194450616569,199.9901112092903,0.4179816513761468,109.69993605601218,346.59812934870286,155.73744383698522
X-n110-k13,109,atm,ortools:nominal_seed103_or_tools,nominal_seed103_or_tools,ortools,True,True,True,13,15898.0,5.0020058155059814,0.795006513595581,5.7970123291015625,816.0,0.951048951048951,pulp_cbc,mean_domain_loss,371.14214369269985,,180,60,True,922.107056749831,926.0446089731707,1096.1448904465033,1097.6485758926672,764.9353260175118,858.0,16269.142143692698,16649.827514081106,16999.76193437077,95.72428046009173,204.56437519669603,0.41807339449541286,109.2522722099382,371.14214369269985,0.0
X-n110-k13,109,grocery,ortools:nominal_seed103_or_tools,nominal_seed103_or_tools,ortools,True,True,True,13,15898.0,5.0020058155059814,0.7264978885650635,5.728503704071045,816.0,0.951048951048951,pulp_cbc,mean_domain_loss,239.08926808036958,,180,60,True,922.107056749831,926.0446089731707,1096.1448904465033,1097.6485758926672,363.0413532457284,858.0000001000001,16137.089268080372,16313.763393071235,16503.796507771396,95.71130867293272,203.89469396024552,0.41623853211009176,109.23930052277923,239.08926808036958,0.0
X-n110-k13,109,cargo,ortools:nominal_seed103_or_tools,nominal_seed103_or_tools,ortools,True,True,True,13,15898.0,5.0020058155059814,0.7745060920715332,5.776511907577515,816.0,0.951048951048951,pulp_cbc,mean_domain_loss,280.212275102768,,180,60,True,922.107056749831,926.0446089731707,1096.1448904465033,1097.6485758926672,690.8955963907225,857.9999995,16178.212275102767,16460.220483525038,16732.251772813186,96.48846481790223,204.89204029255873,0.4197247706422018,110.01645606774875,280.212275102768,0.0
X-n110-k13,109,cold_chain,ortools:nominal_seed103_or_tools,nominal_seed103_or_tools,ortools,True,True,True,13,15898.0,5.0020058155059814,0.8721413612365723,5.874147176742554,816.0,0.951048951048951,pulp_cbc,mean_domain_loss,345.3512298729398,,180,60,True,922.107056749831,926.0446089731707,1096.1448904465033,1097.6485758926672,800.327844639837,858.0000001,16401.714760614173,16618.401930333137,16871.469083679527,95.8746510807414,203.94894349988522,0.41174311926605506,109.40264293058789,345.3512298729398,158.36353074123397
X-n110-k13,109,atm,ortools:proxy_mean_scaled_seed109_or_tools,proxy_mean_scaled_seed109_or_tools,ortools,True,True,True,13,16162.0,5.0015599727630615,0.8712325096130371,5.872792482376099,853.7099999999999,0.9949999999999999,pulp_cbc,mean_domain_loss,366.44428694709296,,180,60,True,922.107056749831,926.0446089731707,1096.1448904465033,1097.6485758926672,758.8925236955324,857.9999984999998,16528.444286947095,16898.900393438482,17256.222581262817,94.52379738792801,201.678714256222,0.41944954128440365,108.05178763777448,366.44428694709296,0.0
X-n110-k13,109,grocery,ortools:proxy_mean_scaled_seed109_or_tools,proxy_mean_scaled_seed109_or_tools,ortools,True,True,True,13,16162.0,5.0015599727630615,0.7426130771636963,5.744173049926758,853.7099999999999,0.9949999999999999,pulp_cbc,mean_domain_loss,236.12403870337192,,180,60,True,922.107056749831,926.0446089731707,1096.1448904465033,1097.6485758926672,359.4763356143396,858.0000019000001,16398.124038703372,16571.761074531347,16763.423864067965,94.51817303101936,201.6521864191385,0.4168807339449541,108.04616668086584,236.12403870337192,0.0
X-n110-k13,109,cargo,ortools:proxy_mean_scaled_seed109_or_tools,proxy_mean_scaled_seed109_or_tools,ortools,True,True,True,13,16162.0,5.0015599727630615,0.7127585411071777,5.714318513870239,853.7099999999999,0.9949999999999999,pulp_cbc,mean_domain_loss,275.91521727990363,,180,60,True,922.107056749831,926.0446089731707,1096.1448904465033,1097.6485758926672,686.1034369139503,857.9999988000001,16437.915217279908,16715.09577089392,16991.58463717551,95.15654422091465,203.55701695053028,0.42302752293577983,108.68453477076115,275.91521727990363,0.0
X-n110-k13,109,cold_chain,ortools:proxy_mean_scaled_seed109_or_tools,proxy_mean_scaled_seed109_or_tools,ortools,True,True,True,13,16162.0,5.0015599727630615,0.8114402294158936,5.813000202178955,853.7099999999999,0.9949999999999999,pulp_cbc,mean_domain_loss,341.97089077785085,,180,60,True,922.107056749831,926.0446089731707,1096.1448904465033,1097.6485758926672,795.5479727083874,858.0000007,16662.78664090444,16870.340826434232,17128.86796762567,94.8287851898901,200.17386199737527,0.4153211009174312,108.35677763973658,341.97089077785085,158.81575012659073
X-n110-k13,109,atm,ortools:quantile_p75_scaled_seed107_or_tools,quantile_p75_scaled_seed107_or_tools,ortools,False,False,False,0,,4.991089820861816,,4.991089820861816,853.7099999999998,0.9949999999999998,pulp_cbc,mean_domain_loss,,ortools_no_solution,180,60,True,922.107056749831,926.0446089731707,1096.1448904465033,1097.6485758926672,,,,,,,,,,,
X-n110-k13,109,grocery,ortools:quantile_p75_scaled_seed107_or_tools,quantile_p75_scaled_seed107_or_tools,ortools,False,False,False,0,,4.991089820861816,,4.991089820861816,853.7099999999998,0.9949999999999998,pulp_cbc,mean_domain_loss,,ortools_no_solution,180,60,True,922.107056749831,926.0446089731707,1096.1448904465033,1097.6485758926672,,,,,,,,,,,
X-n110-k13,109,cargo,ortools:quantile_p75_scaled_seed107_or_tools,quantile_p75_scaled_seed107_or_tools,ortools,False,False,False,0,,4.991089820861816,,4.991089820861816,853.7099999999998,0.9949999999999998,pulp_cbc,mean_domain_loss,,ortools_no_solution,180,60,True,922.107056749831,926.0446089731707,1096.1448904465033,1097.6485758926672,,,,,,,,,,,
X-n110-k13,109,cold_chain,ortools:quantile_p75_scaled_seed107_or_tools,quantile_p75_scaled_seed107_or_tools,ortools,False,False,False,0,,4.991089820861816,,4.991089820861816,853.7099999999998,0.9949999999999998,pulp_cbc,mean_domain_loss,,ortools_no_solution,180,60,True,922.107056749831,926.0446089731707,1096.1448904465033,1097.6485758926672,,,,,,,,,,,
X-n110-k13,109,atm,ortools:robust_mean_1std_scaled_seed113_or_tools,robust_mean_1std_scaled_seed113_or_tools,ortools,False,False,False,0,,5.002785921096802,,5.002785921096802,853.7100000000003,0.9950000000000003,pulp_cbc,mean_domain_loss,,ortools_no_solution,180,60,True,922.107056749831,926.0446089731707,1096.1448904465033,1097.6485758926672,,,,,,,,,,,
X-n110-k13,109,grocery,ortools:robust_mean_1std_scaled_seed113_or_tools,robust_mean_1std_scaled_seed113_or_tools,ortools,False,False,False,0,,5.002785921096802,,5.002785921096802,853.7100000000003,0.9950000000000003,pulp_cbc,mean_domain_loss,,ortools_no_solution,180,60,True,922.107056749831,926.0446089731707,1096.1448904465033,1097.6485758926672,,,,,,,,,,,
X-n110-k13,109,cargo,ortools:robust_mean_1std_scaled_seed113_or_tools,robust_mean_1std_scaled_seed113_or_tools,ortools,False,False,False,0,,5.002785921096802,,5.002785921096802,853.7100000000003,0.9950000000000003,pulp_cbc,mean_domain_loss,,ortools_no_solution,180,60,True,922.107056749831,926.0446089731707,1096.1448904465033,1097.6485758926672,,,,,,,,,,,
X-n110-k13,109,cold_chain,ortools:robust_mean_1std_scaled_seed113_or_tools,robust_mean_1std_scaled_seed113_or_tools,ortools,False,False,False,0,,5.002785921096802,,5.002785921096802,853.7100000000003,0.9950000000000003,pulp_cbc,mean_domain_loss,,ortools_no_solution,180,60,True,922.107056749831,926.0446089731707,1096.1448904465033,1097.6485758926672,,,,,,,,,,,
X-n115-k10,114,atm,ortools:nominal_or_tools,nominal_or_tools,ortools,True,True,True,10,13298.0,5.002923011779785,0.7894802093505859,5.792403221130371,1535.0,0.908284023668639,pulp_cbc,mean_domain_loss,786.4342938859282,,180,60,True,1696.498515200886,1698.9645533588098,2024.6258510269993,2026.4340508376151,1389.323768298641,1690.00000597,14084.434293885926,14840.382202686305,15392.020236425062,190.64375161121237,385.68305474235757,0.39456140350877195,283.44791591851765,786.4342938859282,0.0
X-n115-k10,114,grocery,ortools:nominal_or_tools,nominal_or_tools,ortools,True,True,True,10,13298.0,5.002923011779785,0.8443522453308105,5.847275257110596,1535.0,0.908284023668639,pulp_cbc,mean_domain_loss,526.5178485025136,,180,60,True,1696.498515200886,1698.9645533588098,2024.6258510269993,2026.4340508376151,693.7872186405539,1690.00000617,13824.517848502512,14184.57717673431,14474.932080773462,190.77948115244527,386.62969254078337,0.3899122807017544,283.5836456597506,526.5178485025136,0.0
X-n115-k10,114,cargo,ortools:nominal_or_tools,nominal_or_tools,ortools,True,True,True,10,13298.0,5.002923011779785,0.7539536952972412,5.756876707077026,1535.0,0.908284023668639,pulp_cbc,mean_domain_loss,590.4309418217492,,180,60,True,1696.498515200886,1698.9645533588098,2024.6258510269993,2026.4340508376151,1251.781384329792,1690.00001314,13888.430941821749,14454.32849629606,14882.561508568728,191.91148935279142,384.48824061135895,0.39728070175438596,284.71566083009674,590.4309418217492,0.0
X-n115-k10,114,cold_chain,ortools:nominal_or_tools,nominal_or_tools,ortools,True,True,True,10,13298.0,5.002923011779785,0.8015890121459961,5.804512023925781,1535.0,0.908284023668639,pulp_cbc,mean_domain_loss,785.6860625606012,,180,60,True,1696.498515200886,1698.9645533588098,2024.6258510269993,2026.4340508376151,1563.1025200488184,1683.7285311700007,14382.688183819997,14829.493501146046,15217.889681954763,192.1086043300408,389.3188416232355,0.385,278.6412938373461,785.6860625606012,299.00212125939777
X-n115-k10,114,atm,ortools:proxy_mean_or_tools,proxy_mean_or_tools,ortools,False,False,False,0,,0.0,,0.0,1696.4985152008858,1.0038452752667963,pulp_cbc,mean_domain_loss,,total_load_exceeds_fleet_capacity,180,60,True,1696.498515200886,1698.9645533588098,2024.6258510269993,2026.4340508376151,,,,,,,,,,,
X-n115-k10,114,grocery,ortools:proxy_mean_or_tools,proxy_mean_or_tools,ortools,False,False,False,0,,0.0,,0.0,1696.4985152008858,1.0038452752667963,pulp_cbc,mean_domain_loss,,total_load_exceeds_fleet_capacity,180,60,True,1696.498515200886,1698.9645533588098,2024.6258510269993,2026.4340508376151,,,,,,,,,,,
X-n115-k10,114,cargo,ortools:proxy_mean_or_tools,proxy_mean_or_tools,ortools,False,False,False,0,,0.0,,0.0,1696.4985152008858,1.0038452752667963,pulp_cbc,mean_domain_loss,,total_load_exceeds_fleet_capacity,180,60,True,1696.498515200886,1698.9645533588098,2024.6258510269993,2026.4340508376151,,,,,,,,,,,
X-n115-k10,114,cold_chain,ortools:proxy_mean_or_tools,proxy_mean_or_tools,ortools,False,False,False,0,,0.0,,0.0,1696.4985152008858,1.0038452752667963,pulp_cbc,mean_domain_loss,,total_load_exceeds_fleet_capacity,180,60,True,1696.498515200886,1698.9645533588098,2024.6258510269993,2026.4340508376151,,,,,,,,,,,
X-n115-k10,114,atm,ortools:quantile_p75_or_tools,quantile_p75_or_tools,ortools,False,False,False,0,,0.0,,0.0,2006.1238479980052,1.1870555313597664,pulp_cbc,mean_domain_loss,,total_load_exceeds_fleet_capacity,180,60,True,1696.498515200886,1698.9645533588098,2024.6258510269993,2026.4340508376151,,,,,,,,,,,
X-n115-k10,114,grocery,ortools:quantile_p75_or_tools,quantile_p75_or_tools,ortools,False,False,False,0,,0.0,,0.0,2006.1238479980052,1.1870555313597664,pulp_cbc,mean_domain_loss,,total_load_exceeds_fleet_capacity,180,60,True,1696.498515200886,1698.9645533588098,2024.6258510269993,2026.4340508376151,,,,,,,,,,,
X-n115-k10,114,cargo,ortools:quantile_p75_or_tools,quantile_p75_or_tools,ortools,False,False,False,0,,0.0,,0.0,2006.1238479980052,1.1870555313597664,pulp_cbc,mean_domain_loss,,total_load_exceeds_fleet_capacity,180,60,True,1696.498515200886,1698.9645533588098,2024.6258510269993,2026.4340508376151,,,,,,,,,,,
X-n115-k10,114,cold_chain,ortools:quantile_p75_or_tools,quantile_p75_or_tools,ortools,False,False,False,0,,0.0,,0.0,2006.1238479980052,1.1870555313597664,pulp_cbc,mean_domain_loss,,total_load_exceeds_fleet_capacity,180,60,True,1696.498515200886,1698.9645533588098,2024.6258510269993,2026.4340508376151,,,,,,,,,,,
X-n115-k10,114,atm,ortools:quantile_p90_or_tools,quantile_p90_or_tools,ortools,False,False,False,0,,0.0,,0.0,2435.0126827119116,1.440835906930125,pulp_cbc,mean_domain_loss,,total_load_exceeds_fleet_capacity,180,60,True,1696.498515200886,1698.9645533588098,2024.6258510269993,2026.4340508376151,,,,,,,,,,,
X-n115-k10,114,grocery,ortools:quantile_p90_or_tools,quantile_p90_or_tools,ortools,False,False,False,0,,0.0,,0.0,2435.0126827119116,1.440835906930125,pulp_cbc,mean_domain_loss,,total_load_exceeds_fleet_capacity,180,60,True,1696.498515200886,1698.9645533588098,2024.6258510269993,2026.4340508376151,,,,,,,,,,,
X-n115-k10,114,cargo,ortools:quantile_p90_or_tools,quantile_p90_or_tools,ortools,False,False,False,0,,0.0,,0.0,2435.0126827119116,1.440835906930125,pulp_cbc,mean_domain_loss,,total_load_exceeds_fleet_capacity,180,60,True,1696.498515200886,1698.9645533588098,2024.6258510269993,2026.4340508376151,,,,,,,,,,,
X-n115-k10,114,cold_chain,ortools:quantile_p90_or_tools,quantile_p90_or_tools,ortools,False,False,False,0,,0.0,,0.0,2435.0126827119116,1.440835906930125,pulp_cbc,mean_domain_loss,,total_load_exceeds_fleet_capacity,180,60,True,1696.498515200886,1698.9645533588098,2024.6258510269993,2026.4340508376151,,,,,,,,,,,
X-n115-k10,114,atm,ortools:robust_mean_1std_or_tools,robust_mean_1std_or_tools,ortools,False,False,False,0,,0.0,,0.0,2288.7472271128768,1.354288300066791,pulp_cbc,mean_domain_loss,,total_load_exceeds_fleet_capacity,180,60,True,1696.498515200886,1698.9645533588098,2024.6258510269993,2026.4340508376151,,,,,,,,,,,
X-n115-k10,114,grocery,ortools:robust_mean_1std_or_tools,robust_mean_1std_or_tools,ortools,False,False,False,0,,0.0,,0.0,2288.7472271128768,1.354288300066791,pulp_cbc,mean_domain_loss,,total_load_exceeds_fleet_capacity,180,60,True,1696.498515200886,1698.9645533588098,2024.6258510269993,2026.4340508376151,,,,,,,,,,,
X-n115-k10,114,cargo,ortools:robust_mean_1std_or_tools,robust_mean_1std_or_tools,ortools,False,False,False,0,,0.0,,0.0,2288.7472271128768,1.354288300066791,pulp_cbc,mean_domain_loss,,total_load_exceeds_fleet_capacity,180,60,True,1696.498515200886,1698.9645533588098,2024.6258510269993,2026.4340508376151,,,,,,,,,,,
X-n115-k10,114,cold_chain,ortools:robust_mean_1std_or_tools,robust_mean_1std_or_tools,ortools,False,False,False,0,,0.0,,0.0,2288.7472271128768,1.354288300066791,pulp_cbc,mean_domain_loss,,total_load_exceeds_fleet_capacity,180,60,True,1696.498515200886,1698.9645533588098,2024.6258510269993,2026.4340508376151,,,,,,,,,,,
X-n115-k10,114,atm,ortools:robust_mean_2std_or_tools,robust_mean_2std_or_tools,ortools,False,False,False,0,,0.0,,0.0,2880.9959390248678,1.7047313248667857,pulp_cbc,mean_domain_loss,,single_node_exceeds_capacity,180,60,True,1696.498515200886,1698.9645533588098,2024.6258510269993,2026.4340508376151,,,,,,,,,,,
X-n115-k10,114,grocery,ortools:robust_mean_2std_or_tools,robust_mean_2std_or_tools,ortools,False,False,False,0,,0.0,,0.0,2880.9959390248678,1.7047313248667857,pulp_cbc,mean_domain_loss,,single_node_exceeds_capacity,180,60,True,1696.498515200886,1698.9645533588098,2024.6258510269993,2026.4340508376151,,,,,,,,,,,
X-n115-k10,114,cargo,ortools:robust_mean_2std_or_tools,robust_mean_2std_or_tools,ortools,False,False,False,0,,0.0,,0.0,2880.9959390248678,1.7047313248667857,pulp_cbc,mean_domain_loss,,single_node_exceeds_capacity,180,60,True,1696.498515200886,1698.9645533588098,2024.6258510269993,2026.4340508376151,,,,,,,,,,,
X-n115-k10,114,cold_chain,ortools:robust_mean_2std_or_tools,robust_mean_2std_or_tools,ortools,False,False,False,0,,0.0,,0.0,2880.9959390248678,1.7047313248667857,pulp_cbc,mean_domain_loss,,single_node_exceeds_capacity,180,60,True,1696.498515200886,1698.9645533588098,2024.6258510269993,2026.4340508376151,,,,,,,,,,,
X-n115-k10,114,atm,ortools:proxy_mean_scaled_or_tools,proxy_mean_scaled_or_tools,ortools,False,False,False,0,,5.003377199172974,,5.003377199172974,1681.5499999999997,0.9949999999999999,pulp_cbc,mean_domain_loss,,ortools_no_solution,180,60,True,1696.498515200886,1698.9645533588098,2024.6258510269993,2026.4340508376151,,,,,,,,,,,
X-n115-k10,114,grocery,ortools:proxy_mean_scaled_or_tools,proxy_mean_scaled_or_tools,ortools,False,False,False,0,,5.003377199172974,,5.003377199172974,1681.5499999999997,0.9949999999999999,pulp_cbc,mean_domain_loss,,ortools_no_solution,180,60,True,1696.498515200886,1698.9645533588098,2024.6258510269993,2026.4340508376151,,,,,,,,,,,
X-n115-k10,114,cargo,ortools:proxy_mean_scaled_or_tools,proxy_mean_scaled_or_tools,ortools,False,False,False,0,,5.003377199172974,,5.003377199172974,1681.5499999999997,0.9949999999999999,pulp_cbc,mean_domain_loss,,ortools_no_solution,180,60,True,1696.498515200886,1698.9645533588098,2024.6258510269993,2026.4340508376151,,,,,,,,,,,
X-n115-k10,114,cold_chain,ortools:proxy_mean_scaled_or_tools,proxy_mean_scaled_or_tools,ortools,False,False,False,0,,5.003377199172974,,5.003377199172974,1681.5499999999997,0.9949999999999999,pulp_cbc,mean_domain_loss,,ortools_no_solution,180,60,True,1696.498515200886,1698.9645533588098,2024.6258510269993,2026.4340508376151,,,,,,,,,,,
X-n115-k10,114,atm,ortools:quantile_p75_scaled_or_tools,quantile_p75_scaled_or_tools,ortools,False,False,False,0,,4.999141216278076,,4.999141216278076,1681.5499999999997,0.9949999999999999,pulp_cbc,mean_domain_loss,,ortools_no_solution,180,60,True,1696.498515200886,1698.9645533588098,2024.6258510269993,2026.4340508376151,,,,,,,,,,,
X-n115-k10,114,grocery,ortools:quantile_p75_scaled_or_tools,quantile_p75_scaled_or_tools,ortools,False,False,False,0,,4.999141216278076,,4.999141216278076,1681.5499999999997,0.9949999999999999,pulp_cbc,mean_domain_loss,,ortools_no_solution,180,60,True,1696.498515200886,1698.9645533588098,2024.6258510269993,2026.4340508376151,,,,,,,,,,,
X-n115-k10,114,cargo,ortools:quantile_p75_scaled_or_tools,quantile_p75_scaled_or_tools,ortools,False,False,False,0,,4.999141216278076,,4.999141216278076,1681.5499999999997,0.9949999999999999,pulp_cbc,mean_domain_loss,,ortools_no_solution,180,60,True,1696.498515200886,1698.9645533588098,2024.6258510269993,2026.4340508376151,,,,,,,,,,,
X-n115-k10,114,cold_chain,ortools:quantile_p75_scaled_or_tools,quantile_p75_scaled_or_tools,ortools,False,False,False,0,,4.999141216278076,,4.999141216278076,1681.5499999999997,0.9949999999999999,pulp_cbc,mean_domain_loss,,ortools_no_solution,180,60,True,1696.498515200886,1698.9645533588098,2024.6258510269993,2026.4340508376151,,,,,,,,,,,
X-n115-k10,114,atm,ortools:quantile_p90_scaled_or_tools,quantile_p90_scaled_or_tools,ortools,False,False,False,0,,5.0022132396698,,5.0022132396698,1681.5499999999997,0.9949999999999999,pulp_cbc,mean_domain_loss,,ortools_no_solution,180,60,True,1696.498515200886,1698.9645533588098,2024.6258510269993,2026.4340508376151,,,,,,,,,,,
X-n115-k10,114,grocery,ortools:quantile_p90_scaled_or_tools,quantile_p90_scaled_or_tools,ortools,False,False,False,0,,5.0022132396698,,5.0022132396698,1681.5499999999997,0.9949999999999999,pulp_cbc,mean_domain_loss,,ortools_no_solution,180,60,True,1696.498515200886,1698.9645533588098,2024.6258510269993,2026.4340508376151,,,,,,,,,,,
X-n115-k10,114,cargo,ortools:quantile_p90_scaled_or_tools,quantile_p90_scaled_or_tools,ortools,False,False,False,0,,5.0022132396698,,5.0022132396698,1681.5499999999997,0.9949999999999999,pulp_cbc,mean_domain_loss,,ortools_no_solution,180,60,True,1696.498515200886,1698.9645533588098,2024.6258510269993,2026.4340508376151,,,,,,,,,,,
X-n115-k10,114,cold_chain,ortools:quantile_p90_scaled_or_tools,quantile_p90_scaled_or_tools,ortools,False,False,False,0,,5.0022132396698,,5.0022132396698,1681.5499999999997,0.9949999999999999,pulp_cbc,mean_domain_loss,,ortools_no_solution,180,60,True,1696.498515200886,1698.9645533588098,2024.6258510269993,2026.4340508376151,,,,,,,,,,,
X-n115-k10,114,atm,ortools:robust_mean_1std_scaled_or_tools,robust_mean_1std_scaled_or_tools,ortools,False,False,False,0,,4.994356632232666,,4.994356632232666,1681.5500000000002,0.9950000000000001,pulp_cbc,mean_domain_loss,,ortools_no_solution,180,60,True,1696.498515200886,1698.9645533588098,2024.6258510269993,2026.4340508376151,,,,,,,,,,,
X-n115-k10,114,grocery,ortools:robust_mean_1std_scaled_or_tools,robust_mean_1std_scaled_or_tools,ortools,False,False,False,0,,4.994356632232666,,4.994356632232666,1681.5500000000002,0.9950000000000001,pulp_cbc,mean_domain_loss,,ortools_no_solution,180,60,True,1696.498515200886,1698.9645533588098,2024.6258510269993,2026.4340508376151,,,,,,,,,,,
X-n115-k10,114,cargo,ortools:robust_mean_1std_scaled_or_tools,robust_mean_1std_scaled_or_tools,ortools,False,False,False,0,,4.994356632232666,,4.994356632232666,1681.5500000000002,0.9950000000000001,pulp_cbc,mean_domain_loss,,ortools_no_solution,180,60,True,1696.498515200886,1698.9645533588098,2024.6258510269993,2026.4340508376151,,,,,,,,,,,
X-n115-k10,114,cold_chain,ortools:robust_mean_1std_scaled_or_tools,robust_mean_1std_scaled_or_tools,ortools,False,False,False,0,,4.994356632232666,,4.994356632232666,1681.5500000000002,0.9950000000000001,pulp_cbc,mean_domain_loss,,ortools_no_solution,180,60,True,1696.498515200886,1698.9645533588098,2024.6258510269993,2026.4340508376151,,,,,,,,,,,
X-n115-k10,114,atm,ortools:robust_mean_2std_scaled_or_tools,robust_mean_2std_scaled_or_tools,ortools,False,False,False,0,,5.001244068145752,,5.001244068145752,1681.55,0.995,pulp_cbc,mean_domain_loss,,ortools_no_solution,180,60,True,1696.498515200886,1698.9645533588098,2024.6258510269993,2026.4340508376151,,,,,,,,,,,
X-n115-k10,114,grocery,ortools:robust_mean_2std_scaled_or_tools,robust_mean_2std_scaled_or_tools,ortools,False,False,False,0,,5.001244068145752,,5.001244068145752,1681.55,0.995,pulp_cbc,mean_domain_loss,,ortools_no_solution,180,60,True,1696.498515200886,1698.9645533588098,2024.6258510269993,2026.4340508376151,,,,,,,,,,,
X-n115-k10,114,cargo,ortools:robust_mean_2std_scaled_or_tools,robust_mean_2std_scaled_or_tools,ortools,False,False,False,0,,5.001244068145752,,5.001244068145752,1681.55,0.995,pulp_cbc,mean_domain_loss,,ortools_no_solution,180,60,True,1696.498515200886,1698.9645533588098,2024.6258510269993,2026.4340508376151,,,,,,,,,,,
X-n115-k10,114,cold_chain,ortools:robust_mean_2std_scaled_or_tools,robust_mean_2std_scaled_or_tools,ortools,False,False,False,0,,5.001244068145752,,5.001244068145752,1681.55,0.995,pulp_cbc,mean_domain_loss,,ortools_no_solution,180,60,True,1696.498515200886,1698.9645533588098,2024.6258510269993,2026.4340508376151,,,,,,,,,,,
X-n115-k10,114,atm,ortools:nominal_seed101_or_tools,nominal_seed101_or_tools,ortools,True,True,True,10,13293.0,4.9994518756866455,0.7465560436248779,5.746007919311523,1535.0,0.908284023668639,pulp_cbc,mean_domain_loss,777.6402806709661,,180,60,True,1696.498515200886,1698.9645533588098,2024.6258510269993,2026.4340508376151,1371.6381350782935,1690.00000773,14070.640280670968,14828.350866665962,15391.205601509952,188.6269351328029,386.2844916160241,0.37833333333333335,281.4311012001081,777.6402806709661,0.0
X-n115-k10,114,grocery,ortools:nominal_seed101_or_tools,nominal_seed101_or_tools,ortools,True,True,True,10,13293.0,4.9994518756866455,0.7105214595794678,5.709973335266113,1535.0,0.908284023668639,pulp_cbc,mean_domain_loss,522.2532530989699,,180,60,True,1696.498515200886,1698.9645533588098,2024.6258510269993,2026.4340508376151,683.8615511221763,1690.0000089999999,13815.253253098974,14187.881287788585,14471.802398507129,188.68328626172715,386.3518170133175,0.3707894736842105,281.4874535990324,522.2532530989699,0.0
X-n115-k10,114,cargo,ortools:nominal_seed101_or_tools,nominal_seed101_or_tools,ortools,True,True,True,10,13293.0,4.9994518756866455,0.803525447845459,5.8029773235321045,1535.0,0.908284023668639,pulp_cbc,mean_domain_loss,582.5397757824704,,180,60,True,1696.498515200886,1698.9645533588098,2024.6258510269993,2026.4340508376151,1232.3173644133715,1690.00000283,13875.539775782467,14460.132819448823,14876.085129864829,191.0321699370128,393.4708423442263,0.3854385964912281,283.8363311043181,582.5397757824704,0.0
X-n115-k10,114,cold_chain,ortools:nominal_seed101_or_tools,nominal_seed101_or_tools,ortools,True,True,True,10,13293.0,4.9994518756866455,0.7695567607879639,5.769008636474609,1535.0,0.908284023668639,pulp_cbc,mean_domain_loss,776.700882791405,,180,60,True,1696.498515200886,1698.9645533588098,2024.6258510269993,2026.4340508376151,1544.0816886347604,1689.9999948,14367.127331402244,14857.105419456697,15202.603524700728,188.50592564993528,383.3430804954208,0.35973684210526313,281.31007878724057,776.700882791405,297.4264486108382
X-n115-k10,114,atm,ortools:nominal_seed103_or_tools,nominal_seed103_or_tools,ortools,True,True,True,10,14930.0,4.999664545059204,0.8186659812927246,5.818330526351929,1535.0,0.908284023668639,pulp_cbc,mean_domain_loss,822.3228734380615,,180,60,True,1696.498515200886,1698.9645533588098,2024.6258510269993,2026.4340508376151,1443.5680942944819,1690.0000017599998,15752.32287343806,16505.46477326286,17105.653397741222,199.7727328918845,393.71321447112916,0.4285964912280702,292.57689298918973,822.3228734380615,0.0
X-n115-k10,114,grocery,ortools:nominal_seed103_or_tools,nominal_seed103_or_tools,ortools,True,True,True,10,14930.0,4.999664545059204,0.7689259052276611,5.768590450286865,1535.0,0.908284023668639,pulp_cbc,mean_domain_loss,546.9531582648543,,180,60,True,1696.498515200886,1698.9645533588098,2024.6258510269993,2026.4340508376151,723.4951846572818,1675.00727751,15476.953158264854,15852.511979155544,16158.297571431514,201.60812646781727,393.0101149409671,0.43008771929824563,279.41956231512245,546.9531582648543,0.0
X-n115-k10,114,cargo,ortools:nominal_seed103_or_tools,nominal_seed103_or_tools,ortools,True,True,True,10,14930.0,4.999664545059204,0.8681168556213379,5.867781400680542,1535.0,0.908284023668639,pulp_cbc,mean_domain_loss,618.8709573933868,,180,60,True,1696.498515200886,1698.9645533588098,2024.6258510269993,2026.4340508376151,1295.7748235987633,1690.0000016000001,15548.870957393385,16126.658583856039,16573.44111490275,201.0299135000865,393.2301792054647,0.4371052631578947,293.83407343739174,618.8709573933868,0.0
X-n115-k10,114,cold_chain,ortools:nominal_seed103_or_tools,nominal_seed103_or_tools,ortools,True,True,True,10,14930.0,4.999664545059204,0.8030679225921631,5.802732467651367,1535.0,0.908284023668639,pulp_cbc,mean_domain_loss,807.075169631828,,180,60,True,1696.498515200886,1698.9645533588098,2024.6258510269993,2026.4340508376151,1594.6761185571386,1652.03918563,16023.611733452699,16498.368487446663,16910.30613951003,205.56790308930388,393.06574809709696,0.42254385964912283,260.4112470566091,807.075169631828,286.5365638208709
X-n115-k10,114,atm,ortools:proxy_mean_scaled_seed109_or_tools,proxy_mean_scaled_seed109_or_tools,ortools,False,False,False,0,,5.0012123584747314,,5.0012123584747314,1681.5499999999997,0.9949999999999999,pulp_cbc,mean_domain_loss,,ortools_no_solution,180,60,True,1696.498515200886,1698.9645533588098,2024.6258510269993,2026.4340508376151,,,,,,,,,,,
X-n115-k10,114,grocery,ortools:proxy_mean_scaled_seed109_or_tools,proxy_mean_scaled_seed109_or_tools,ortools,False,False,False,0,,5.0012123584747314,,5.0012123584747314,1681.5499999999997,0.9949999999999999,pulp_cbc,mean_domain_loss,,ortools_no_solution,180,60,True,1696.498515200886,1698.9645533588098,2024.6258510269993,2026.4340508376151,,,,,,,,,,,
X-n115-k10,114,cargo,ortools:proxy_mean_scaled_seed109_or_tools,proxy_mean_scaled_seed109_or_tools,ortools,False,False,False,0,,5.0012123584747314,,5.0012123584747314,1681.5499999999997,0.9949999999999999,pulp_cbc,mean_domain_loss,,ortools_no_solution,180,60,True,1696.498515200886,1698.9645533588098,2024.6258510269993,2026.4340508376151,,,,,,,,,,,
X-n115-k10,114,cold_chain,ortools:proxy_mean_scaled_seed109_or_tools,proxy_mean_scaled_seed109_or_tools,ortools,False,False,False,0,,5.0012123584747314,,5.0012123584747314,1681.5499999999997,0.9949999999999999,pulp_cbc,mean_domain_loss,,ortools_no_solution,180,60,True,1696.498515200886,1698.9645533588098,2024.6258510269993,2026.4340508376151,,,,,,,,,,,
X-n115-k10,114,atm,ortools:quantile_p75_scaled_seed107_or_tools,quantile_p75_scaled_seed107_or_tools,ortools,False,False,False,0,,4.999595880508423,,4.999595880508423,1681.5499999999997,0.9949999999999999,pulp_cbc,mean_domain_loss,,ortools_no_solution,180,60,True,1696.498515200886,1698.9645533588098,2024.6258510269993,2026.4340508376151,,,,,,,,,,,
X-n115-k10,114,grocery,ortools:quantile_p75_scaled_seed107_or_tools,quantile_p75_scaled_seed107_or_tools,ortools,False,False,False,0,,4.999595880508423,,4.999595880508423,1681.5499999999997,0.9949999999999999,pulp_cbc,mean_domain_loss,,ortools_no_solution,180,60,True,1696.498515200886,1698.9645533588098,2024.6258510269993,2026.4340508376151,,,,,,,,,,,
X-n115-k10,114,cargo,ortools:quantile_p75_scaled_seed107_or_tools,quantile_p75_scaled_seed107_or_tools,ortools,False,False,False,0,,4.999595880508423,,4.999595880508423,1681.5499999999997,0.9949999999999999,pulp_cbc,mean_domain_loss,,ortools_no_solution,180,60,True,1696.498515200886,1698.9645533588098,2024.6258510269993,2026.4340508376151,,,,,,,,,,,
X-n115-k10,114,cold_chain,ortools:quantile_p75_scaled_seed107_or_tools,quantile_p75_scaled_seed107_or_tools,ortools,False,False,False,0,,4.999595880508423,,4.999595880508423,1681.5499999999997,0.9949999999999999,pulp_cbc,mean_domain_loss,,ortools_no_solution,180,60,True,1696.498515200886,1698.9645533588098,2024.6258510269993,2026.4340508376151,,,,,,,,,,,
X-n115-k10,114,atm,ortools:robust_mean_1std_scaled_seed113_or_tools,robust_mean_1std_scaled_seed113_or_tools,ortools,False,False,False,0,,5.003533363342285,,5.003533363342285,1681.5500000000002,0.9950000000000001,pulp_cbc,mean_domain_loss,,ortools_no_solution,180,60,True,1696.498515200886,1698.9645533588098,2024.6258510269993,2026.4340508376151,,,,,,,,,,,
X-n115-k10,114,grocery,ortools:robust_mean_1std_scaled_seed113_or_tools,robust_mean_1std_scaled_seed113_or_tools,ortools,False,False,False,0,,5.003533363342285,,5.003533363342285,1681.5500000000002,0.9950000000000001,pulp_cbc,mean_domain_loss,,ortools_no_solution,180,60,True,1696.498515200886,1698.9645533588098,2024.6258510269993,2026.4340508376151,,,,,,,,,,,
X-n115-k10,114,cargo,ortools:robust_mean_1std_scaled_seed113_or_tools,robust_mean_1std_scaled_seed113_or_tools,ortools,False,False,False,0,,5.003533363342285,,5.003533363342285,1681.5500000000002,0.9950000000000001,pulp_cbc,mean_domain_loss,,ortools_no_solution,180,60,True,1696.498515200886,1698.9645533588098,2024.6258510269993,2026.4340508376151,,,,,,,,,,,
X-n115-k10,114,cold_chain,ortools:robust_mean_1std_scaled_seed113_or_tools,robust_mean_1std_scaled_seed113_or_tools,ortools,False,False,False,0,,5.003533363342285,,5.003533363342285,1681.5500000000002,0.9950000000000001,pulp_cbc,mean_domain_loss,,ortools_no_solution,180,60,True,1696.498515200886,1698.9645533588098,2024.6258510269993,2026.4340508376151,,,,,,,,,,,
X-n120-k6,119,atm,ortools:nominal_or_tools,nominal_or_tools,ortools,True,True,True,6,14219.0,4.997507810592651,0.9653053283691406,5.962813138961792,119.0,0.9444444444444444,pulp_cbc,mean_domain_loss,50.48507407722796,,180,60,True,133.52122460451002,133.78447753711538,155.4085028189589,155.70208638891222,105.60723402381197,126.00000002000002,14269.485074077225,14309.836949178847,14336.125553094407,13.078305344229145,24.70451331846113,0.4284873949579832,17.32297733801748,50.48507407722796,0.0
X-n120-k6,119,grocery,ortools:nominal_or_tools,nominal_or_tools,ortools,True,True,True,6,14219.0,4.997507810592651,1.012645959854126,6.010153770446777,119.0,0.9444444444444444,pulp_cbc,mean_domain_loss,32.649270413492005,,180,60,True,133.52122460451002,133.78447753711538,155.4085028189589,155.70208638891222,50.865395551376544,124.38679039,14251.649270413487,14270.900579937832,14284.913027954264,13.147725682589085,24.682564386615763,0.43126050420168066,15.77918804637742,32.649270413492005,0.0
X-n120-k6,119,cargo,ortools:nominal_or_tools,nominal_or_tools,ortools,True,True,True,6,14219.0,4.997507810592651,1.020371675491333,6.017879486083984,119.0,0.9444444444444444,pulp_cbc,mean_domain_loss,38.65317471644423,,180,60,True,133.52122460451002,133.78447753711538,155.4085028189589,155.70208638891222,96.16087815330567,125.99999970000002,14257.653174716446,14289.04169860365,14309.212696583898,13.202548628240276,24.801524802450107,0.4280672268907563,17.44722030202861,38.65317471644423,0.0
X-n120-k6,119,cold_chain,ortools:nominal_or_tools,nominal_or_tools,ortools,True,True,True,6,14219.0,4.997507810592651,1.010460615158081,6.007968425750732,119.0,0.9444444444444444,pulp_cbc,mean_domain_loss,47.00494485641273,,180,60,True,133.52122460451002,133.78447753711538,155.4085028189589,155.70208638891222,111.00399592439034,123.96886357000002,14288.064427958892,14312.167909705826,14330.405143650365,13.23090223937023,24.69426546086963,0.43084033613445377,15.44443778315857,47.00494485641273,22.059483102481465
X-n120-k6,119,atm,ortools:proxy_mean_or_tools,proxy_mean_or_tools,ortools,True,True,True,6,14219.0,5.002407789230347,0.9235682487487793,5.925976037979126,133.52122460451005,1.0596922587659527,pulp_cbc,mean_domain_loss,50.48507407722796,,180,60,True,133.52122460451002,133.78447753711538,155.4085028189589,155.70208638891222,105.60723402381197,126.00000002000002,14269.485074077225,14309.836949178847,14336.125553094407,13.078305344229145,24.70451331846113,0.4284873949579832,17.32297733801748,50.48507407722796,0.0
X-n120-k6,119,grocery,ortools:proxy_mean_or_tools,proxy_mean_or_tools,ortools,True,True,True,6,14219.0,5.002407789230347,1.1327965259552002,6.135204315185547,133.52122460451005,1.0596922587659527,pulp_cbc,mean_domain_loss,32.649270413492005,,180,60,True,133.52122460451002,133.78447753711538,155.4085028189589,155.70208638891222,50.865395551376544,124.38679039,14251.649270413487,14270.900579937832,14284.913027954264,13.147725682589085,24.682564386615763,0.43126050420168066,15.77918804637742,32.649270413492005,0.0
X-n120-k6,119,cargo,ortools:proxy_mean_or_tools,proxy_mean_or_tools,ortools,True,True,True,6,14219.0,5.002407789230347,0.9790334701538086,5.981441259384155,133.52122460451005,1.0596922587659527,pulp_cbc,mean_domain_loss,38.65317471644423,,180,60,True,133.52122460451002,133.78447753711538,155.4085028189589,155.70208638891222,96.16087815330567,125.99999970000002,14257.653174716446,14289.04169860365,14309.212696583898,13.202548628240276,24.801524802450107,0.4280672268907563,17.44722030202861,38.65317471644423,0.0
X-n120-k6,119,cold_chain,ortools:proxy_mean_or_tools,proxy_mean_or_tools,ortools,True,True,True,6,14219.0,5.002407789230347,1.0622365474700928,6.0646443367004395,133.52122460451005,1.0596922587659527,pulp_cbc,mean_domain_loss,47.00494485641273,,180,60,True,133.52122460451002,133.78447753711538,155.4085028189589,155.70208638891222,111.00399592439034,123.96886357000002,14288.064427958892,14312.167909705826,14330.405143650365,13.23090223937023,24.69426546086963,0.43084033613445377,15.44443778315857,47.00494485641273,22.059483102481465
X-n120-k6,119,atm,ortools:quantile_p75_or_tools,quantile_p75_or_tools,ortools,True,True,True,6,14219.0,5.000904083251953,1.0445892810821533,6.0454933643341064,154.0527270492996,1.222640690867457,pulp_cbc,mean_domain_loss,50.48507407722796,,180,60,True,133.52122460451002,133.78447753711538,155.4085028189589,155.70208638891222,105.60723402381197,126.00000002000002,14269.485074077225,14309.836949178847,14336.125553094407,13.078305344229145,24.70451331846113,0.4284873949579832,17.32297733801748,50.48507407722796,0.0
X-n120-k6,119,grocery,ortools:quantile_p75_or_tools,quantile_p75_or_tools,ortools,True,True,True,6,14219.0,5.000904083251953,1.0677893161773682,6.068693399429321,154.0527270492996,1.222640690867457,pulp_cbc,mean_domain_loss,32.649270413492005,,180,60,True,133.52122460451002,133.78447753711538,155.4085028189589,155.70208638891222,50.865395551376544,124.38679039,14251.649270413487,14270.900579937832,14284.913027954264,13.147725682589085,24.682564386615763,0.43126050420168066,15.77918804637742,32.649270413492005,0.0
X-n120-k6,119,cargo,ortools:quantile_p75_or_tools,quantile_p75_or_tools,ortools,True,True,True,6,14219.0,5.000904083251953,1.1201963424682617,6.121100425720215,154.0527270492996,1.222640690867457,pulp_cbc,mean_domain_loss,38.65317471644423,,180,60,True,133.52122460451002,133.78447753711538,155.4085028189589,155.70208638891222,96.16087815330567,125.99999970000002,14257.653174716446,14289.04169860365,14309.212696583898,13.202548628240276,24.801524802450107,0.4280672268907563,17.44722030202861,38.65317471644423,0.0
X-n120-k6,119,cold_chain,ortools:quantile_p75_or_tools,quantile_p75_or_tools,ortools,True,True,True,6,14219.0,5.000904083251953,1.0106046199798584,6.0115087032318115,154.0527270492996,1.222640690867457,pulp_cbc,mean_domain_loss,47.00494485641273,,180,60,True,133.52122460451002,133.78447753711538,155.4085028189589,155.70208638891222,111.00399592439034,123.96886357000002,14288.064427958892,14312.167909705826,14330.405143650365,13.23090223937023,24.69426546086963,0.43084033613445377,15.44443778315857,47.00494485641273,22.059483102481465
X-n120-k6,119,atm,ortools:quantile_p90_or_tools,quantile_p90_or_tools,ortools,False,False,False,0,,0.0,,0.0,182.66235606543265,1.449701238614545,pulp_cbc,mean_domain_loss,,total_load_exceeds_fleet_capacity,180,60,True,133.52122460451002,133.78447753711538,155.4085028189589,155.70208638891222,,,,,,,,,,,
X-n120-k6,119,grocery,ortools:quantile_p90_or_tools,quantile_p90_or_tools,ortools,False,False,False,0,,0.0,,0.0,182.66235606543265,1.449701238614545,pulp_cbc,mean_domain_loss,,total_load_exceeds_fleet_capacity,180,60,True,133.52122460451002,133.78447753711538,155.4085028189589,155.70208638891222,,,,,,,,,,,
X-n120-k6,119,cargo,ortools:quantile_p90_or_tools,quantile_p90_or_tools,ortools,False,False,False,0,,0.0,,0.0,182.66235606543265,1.449701238614545,pulp_cbc,mean_domain_loss,,total_load_exceeds_fleet_capacity,180,60,True,133.52122460451002,133.78447753711538,155.4085028189589,155.70208638891222,,,,,,,,,,,
X-n120-k6,119,cold_chain,ortools:quantile_p90_or_tools,quantile_p90_or_tools,ortools,False,False,False,0,,0.0,,0.0,182.66235606543265,1.449701238614545,pulp_cbc,mean_domain_loss,,total_load_exceeds_fleet_capacity,180,60,True,133.52122460451002,133.78447753711538,155.4085028189589,155.70208638891222,,,,,,,,,,,
X-n120-k6,119,atm,ortools:robust_mean_1std_or_tools,robust_mean_1std_or_tools,ortools,False,False,False,0,,0.0,,0.0,171.55623043630987,1.3615573844151578,pulp_cbc,mean_domain_loss,,total_load_exceeds_fleet_capacity,180,60,True,133.52122460451002,133.78447753711538,155.4085028189589,155.70208638891222,,,,,,,,,,,
X-n120-k6,119,grocery,ortools:robust_mean_1std_or_tools,robust_mean_1std_or_tools,ortools,False,False,False,0,,0.0,,0.0,171.55623043630987,1.3615573844151578,pulp_cbc,mean_domain_loss,,total_load_exceeds_fleet_capacity,180,60,True,133.52122460451002,133.78447753711538,155.4085028189589,155.70208638891222,,,,,,,,,,,
X-n120-k6,119,cargo,ortools:robust_mean_1std_or_tools,robust_mean_1std_or_tools,ortools,False,False,False,0,,0.0,,0.0,171.55623043630987,1.3615573844151578,pulp_cbc,mean_domain_loss,,total_load_exceeds_fleet_capacity,180,60,True,133.52122460451002,133.78447753711538,155.4085028189589,155.70208638891222,,,,,,,,,,,
X-n120-k6,119,cold_chain,ortools:robust_mean_1std_or_tools,robust_mean_1std_or_tools,ortools,False,False,False,0,,0.0,,0.0,171.55623043630987,1.3615573844151578,pulp_cbc,mean_domain_loss,,total_load_exceeds_fleet_capacity,180,60,True,133.52122460451002,133.78447753711538,155.4085028189589,155.70208638891222,,,,,,,,,,,
X-n120-k6,119,atm,ortools:robust_mean_2std_or_tools,robust_mean_2std_or_tools,ortools,False,False,False,0,,0.0,,0.0,209.5912362681097,1.6634225100643627,pulp_cbc,mean_domain_loss,,total_load_exceeds_fleet_capacity,180,60,True,133.52122460451002,133.78447753711538,155.4085028189589,155.70208638891222,,,,,,,,,,,
X-n120-k6,119,grocery,ortools:robust_mean_2std_or_tools,robust_mean_2std_or_tools,ortools,False,False,False,0,,0.0,,0.0,209.5912362681097,1.6634225100643627,pulp_cbc,mean_domain_loss,,total_load_exceeds_fleet_capacity,180,60,True,133.52122460451002,133.78447753711538,155.4085028189589,155.70208638891222,,,,,,,,,,,
X-n120-k6,119,cargo,ortools:robust_mean_2std_or_tools,robust_mean_2std_or_tools,ortools,False,False,False,0,,0.0,,0.0,209.5912362681097,1.6634225100643627,pulp_cbc,mean_domain_loss,,total_load_exceeds_fleet_capacity,180,60,True,133.52122460451002,133.78447753711538,155.4085028189589,155.70208638891222,,,,,,,,,,,
X-n120-k6,119,cold_chain,ortools:robust_mean_2std_or_tools,robust_mean_2std_or_tools,ortools,False,False,False,0,,0.0,,0.0,209.5912362681097,1.6634225100643627,pulp_cbc,mean_domain_loss,,total_load_exceeds_fleet_capacity,180,60,True,133.52122460451002,133.78447753711538,155.4085028189589,155.70208638891222,,,,,,,,,,,
X-n120-k6,119,atm,ortools:proxy_mean_scaled_or_tools,proxy_mean_scaled_or_tools,ortools,True,True,True,6,14219.0,5.00138521194458,1.1101279258728027,6.111513137817383,125.37000000000002,0.9950000000000001,pulp_cbc,mean_domain_loss,50.48507407722796,,180,60,True,133.52122460451002,133.78447753711538,155.4085028189589,155.70208638891222,105.60723402381197,126.00000002000002,14269.485074077225,14309.836949178847,14336.125553094407,13.078305344229145,24.70451331846113,0.4284873949579832,17.32297733801748,50.48507407722796,0.0
X-n120-k6,119,grocery,ortools:proxy_mean_scaled_or_tools,proxy_mean_scaled_or_tools,ortools,True,True,True,6,14219.0,5.00138521194458,1.083998203277588,6.085383415222168,125.37000000000002,0.9950000000000001,pulp_cbc,mean_domain_loss,32.649270413492005,,180,60,True,133.52122460451002,133.78447753711538,155.4085028189589,155.70208638891222,50.865395551376544,124.38679039,14251.649270413487,14270.900579937832,14284.913027954264,13.147725682589085,24.682564386615763,0.43126050420168066,15.77918804637742,32.649270413492005,0.0
X-n120-k6,119,cargo,ortools:proxy_mean_scaled_or_tools,proxy_mean_scaled_or_tools,ortools,True,True,True,6,14219.0,5.00138521194458,1.060542345046997,6.061927556991577,125.37000000000002,0.9950000000000001,pulp_cbc,mean_domain_loss,38.65317471644423,,180,60,True,133.52122460451002,133.78447753711538,155.4085028189589,155.70208638891222,96.16087815330567,125.99999970000002,14257.653174716446,14289.04169860365,14309.212696583898,13.202548628240276,24.801524802450107,0.4280672268907563,17.44722030202861,38.65317471644423,0.0
X-n120-k6,119,cold_chain,ortools:proxy_mean_scaled_or_tools,proxy_mean_scaled_or_tools,ortools,True,True,True,6,14219.0,5.00138521194458,1.0911214351654053,6.092506647109985,125.37000000000002,0.9950000000000001,pulp_cbc,mean_domain_loss,47.00494485641273,,180,60,True,133.52122460451002,133.78447753711538,155.4085028189589,155.70208638891222,111.00399592439034,123.96886357000002,14288.064427958892,14312.167909705826,14330.405143650365,13.23090223937023,24.69426546086963,0.43084033613445377,15.44443778315857,47.00494485641273,22.059483102481465
X-n120-k6,119,atm,ortools:quantile_p75_scaled_or_tools,quantile_p75_scaled_or_tools,ortools,True,True,True,6,14219.0,4.99603009223938,1.1625323295593262,6.158562421798706,125.36999999999998,0.9949999999999998,pulp_cbc,mean_domain_loss,50.48507407722796,,180,60,True,133.52122460451002,133.78447753711538,155.4085028189589,155.70208638891222,105.60723402381197,126.00000002000002,14269.485074077225,14309.836949178847,14336.125553094407,13.078305344229145,24.70451331846113,0.4284873949579832,17.32297733801748,50.48507407722796,0.0
X-n120-k6,119,grocery,ortools:quantile_p75_scaled_or_tools,quantile_p75_scaled_or_tools,ortools,True,True,True,6,14219.0,4.99603009223938,1.086510181427002,6.082540273666382,125.36999999999998,0.9949999999999998,pulp_cbc,mean_domain_loss,32.649270413492005,,180,60,True,133.52122460451002,133.78447753711538,155.4085028189589,155.70208638891222,50.865395551376544,124.38679039,14251.649270413487,14270.900579937832,14284.913027954264,13.147725682589085,24.682564386615763,0.43126050420168066,15.77918804637742,32.649270413492005,0.0
X-n120-k6,119,cargo,ortools:quantile_p75_scaled_or_tools,quantile_p75_scaled_or_tools,ortools,True,True,True,6,14219.0,4.99603009223938,1.189134120941162,6.185164213180542,125.36999999999998,0.9949999999999998,pulp_cbc,mean_domain_loss,38.65317471644423,,180,60,True,133.52122460451002,133.78447753711538,155.4085028189589,155.70208638891222,96.16087815330567,125.99999970000002,14257.653174716446,14289.04169860365,14309.212696583898,13.202548628240276,24.801524802450107,0.4280672268907563,17.44722030202861,38.65317471644423,0.0
X-n120-k6,119,cold_chain,ortools:quantile_p75_scaled_or_tools,quantile_p75_scaled_or_tools,ortools,True,True,True,6,14219.0,4.99603009223938,1.1103644371032715,6.106394529342651,125.36999999999998,0.9949999999999998,pulp_cbc,mean_domain_loss,47.00494485641273,,180,60,True,133.52122460451002,133.78447753711538,155.4085028189589,155.70208638891222,111.00399592439034,123.96886357000002,14288.064427958892,14312.167909705826,14330.405143650365,13.23090223937023,24.69426546086963,0.43084033613445377,15.44443778315857,47.00494485641273,22.059483102481465
X-n120-k6,119,atm,ortools:quantile_p90_scaled_or_tools,quantile_p90_scaled_or_tools,ortools,True,True,True,6,14219.0,5.011655330657959,1.1177623271942139,6.129417657852173,125.37,0.995,pulp_cbc,mean_domain_loss,50.48507407722796,,180,60,True,133.52122460451002,133.78447753711538,155.4085028189589,155.70208638891222,105.60723402381197,126.00000002000002,14269.485074077225,14309.836949178847,14336.125553094407,13.078305344229145,24.70451331846113,0.4284873949579832,17.32297733801748,50.48507407722796,0.0
X-n120-k6,119,grocery,ortools:quantile_p90_scaled_or_tools,quantile_p90_scaled_or_tools,ortools,True,True,True,6,14219.0,5.011655330657959,1.1235084533691406,6.1351637840271,125.37,0.995,pulp_cbc,mean_domain_loss,32.649270413492005,,180,60,True,133.52122460451002,133.78447753711538,155.4085028189589,155.70208638891222,50.865395551376544,124.38679039,14251.649270413487,14270.900579937832,14284.913027954264,13.147725682589085,24.682564386615763,0.43126050420168066,15.77918804637742,32.649270413492005,0.0
X-n120-k6,119,cargo,ortools:quantile_p90_scaled_or_tools,quantile_p90_scaled_or_tools,ortools,True,True,True,6,14219.0,5.011655330657959,1.0819907188415527,6.093646049499512,125.37,0.995,pulp_cbc,mean_domain_loss,38.65317471644423,,180,60,True,133.52122460451002,133.78447753711538,155.4085028189589,155.70208638891222,96.16087815330567,125.99999970000002,14257.653174716446,14289.04169860365,14309.212696583898,13.202548628240276,24.801524802450107,0.4280672268907563,17.44722030202861,38.65317471644423,0.0
X-n120-k6,119,cold_chain,ortools:quantile_p90_scaled_or_tools,quantile_p90_scaled_or_tools,ortools,True,True,True,6,14219.0,5.011655330657959,1.0414855480194092,6.053140878677368,125.37,0.995,pulp_cbc,mean_domain_loss,47.00494485641273,,180,60,True,133.52122460451002,133.78447753711538,155.4085028189589,155.70208638891222,111.00399592439034,123.96886357000002,14288.064427958892,14312.167909705826,14330.405143650365,13.23090223937023,24.69426546086963,0.43084033613445377,15.44443778315857,47.00494485641273,22.059483102481465
X-n120-k6,119,atm,ortools:robust_mean_1std_scaled_or_tools,robust_mean_1std_scaled_or_tools,ortools,True,True,True,6,14052.0,4.9991865158081055,1.0686571598052979,6.067843675613403,125.37000000000002,0.9950000000000001,pulp_cbc,mean_domain_loss,50.440827199631876,,180,60,True,133.52122460451002,133.78447753711538,155.4085028189589,155.70208638891222,105.60609334622339,125.99999998999999,14102.440827199633,14143.044982462054,14169.150155773616,13.07191078916863,24.738836496554576,0.4291596638655462,17.31658275295696,50.440827199631876,0.0
X-n120-k6,119,grocery,ortools:robust_mean_1std_scaled_or_tools,robust_mean_1std_scaled_or_tools,ortools,True,True,True,6,14052.0,4.9991865158081055,0.9967572689056396,5.995943784713745,125.37000000000002,0.9950000000000001,pulp_cbc,mean_domain_loss,32.62369873245793,,180,60,True,133.52122460451002,133.78447753711538,155.4085028189589,155.70208638891222,50.86637383689899,124.38679033,14084.623698732457,14103.985213340231,14117.849941031138,13.137770869151169,24.722858279628895,0.43210084033613444,15.769233172939504,32.62369873245793,0.0
X-n120-k6,119,cargo,ortools:robust_mean_1std_scaled_or_tools,robust_mean_1std_scaled_or_tools,ortools,True,True,True,6,14052.0,4.9991865158081055,1.1110012531280518,6.110187768936157,125.37000000000002,0.9950000000000001,pulp_cbc,mean_domain_loss,38.62856113326309,,180,60,True,133.52122460451002,133.78447753711538,155.4085028189589,155.70208638891222,96.16531555414775,125.99999972999998,14090.628561133262,14121.770405652745,14142.175377451564,13.19317450436805,24.796427599611764,0.4294957983193277,17.437846208156387,38.62856113326309,0.0
X-n120-k6,119,cold_chain,ortools:robust_mean_1std_scaled_or_tools,robust_mean_1std_scaled_or_tools,ortools,True,True,True,6,14052.0,4.9991865158081055,1.0621187686920166,6.061305284500122,125.37000000000002,0.9950000000000001,pulp_cbc,mean_domain_loss,47.01053805268677,,180,60,True,133.52122460451002,133.78447753711538,155.4085028189589,155.70208638891222,110.90552178710323,123.97941279000003,14120.988893839678,14145.258663423261,14163.31345043104,13.247279275539883,24.763310989424866,0.4319327731092437,15.471364039328217,47.01053805268677,21.97835578698798
X-n120-k6,119,atm,ortools:robust_mean_2std_scaled_or_tools,robust_mean_2std_scaled_or_tools,ortools,True,True,True,6,14052.0,5.001163721084595,1.0609886646270752,6.06215238571167,125.36999999999998,0.9949999999999998,pulp_cbc,mean_domain_loss,50.440827199631876,,180,60,True,133.52122460451002,133.78447753711538,155.4085028189589,155.70208638891222,105.60609334622339,125.99999998999999,14102.440827199633,14143.044982462054,14169.150155773616,13.07191078916863,24.738836496554576,0.4291596638655462,17.31658275295696,50.440827199631876,0.0
X-n120-k6,119,grocery,ortools:robust_mean_2std_scaled_or_tools,robust_mean_2std_scaled_or_tools,ortools,True,True,True,6,14052.0,5.001163721084595,1.0886425971984863,6.089806318283081,125.36999999999998,0.9949999999999998,pulp_cbc,mean_domain_loss,32.62369873245793,,180,60,True,133.52122460451002,133.78447753711538,155.4085028189589,155.70208638891222,50.86637383689899,124.38679033,14084.623698732457,14103.985213340231,14117.849941031138,13.137770869151169,24.722858279628895,0.43210084033613444,15.769233172939504,32.62369873245793,0.0
X-n120-k6,119,cargo,ortools:robust_mean_2std_scaled_or_tools,robust_mean_2std_scaled_or_tools,ortools,True,True,True,6,14052.0,5.001163721084595,1.0329821109771729,6.034145832061768,125.36999999999998,0.9949999999999998,pulp_cbc,mean_domain_loss,38.62856113326309,,180,60,True,133.52122460451002,133.78447753711538,155.4085028189589,155.70208638891222,96.16531555414775,125.99999972999998,14090.628561133262,14121.770405652745,14142.175377451564,13.19317450436805,24.796427599611764,0.4294957983193277,17.437846208156387,38.62856113326309,0.0
X-n120-k6,119,cold_chain,ortools:robust_mean_2std_scaled_or_tools,robust_mean_2std_scaled_or_tools,ortools,True,True,True,6,14052.0,5.001163721084595,1.171471357345581,6.172635078430176,125.36999999999998,0.9949999999999998,pulp_cbc,mean_domain_loss,47.01053805268677,,180,60,True,133.52122460451002,133.78447753711538,155.4085028189589,155.70208638891222,110.90552178710323,123.97941279000003,14120.988893839678,14145.258663423261,14163.31345043104,13.247279275539883,24.763310989424866,0.4319327731092437,15.471364039328217,47.01053805268677,21.97835578698798
X-n120-k6,119,atm,ortools:nominal_seed101_or_tools,nominal_seed101_or_tools,ortools,True,True,True,6,14404.0,4.996934413909912,1.0270013809204102,6.023935794830322,119.0,0.9444444444444444,pulp_cbc,mean_domain_loss,50.18015681760088,,180,60,True,133.52122460451002,133.78447753711538,155.4085028189589,155.70208638891222,105.61851985273103,125.99999993,14454.1801568176,14492.996443293772,14520.840236416534,13.026570547010255,24.22606299875746,0.4307563025210084,17.27124245079859,50.18015681760088,0.0
X-n120-k6,119,grocery,ortools:nominal_seed101_or_tools,nominal_seed101_or_tools,ortools,True,True,True,6,14404.0,4.996934413909912,1.1323058605194092,6.129240274429321,119.0,0.9444444444444444,pulp_cbc,mean_domain_loss,32.559513820423966,,180,60,True,133.52122460451002,133.78447753711538,155.4085028189589,155.70208638891222,50.93720576685841,124.73241838999998,14436.55951382042,14454.654028904546,14469.678984814524,13.069735748212757,24.29971152144355,0.43369747899159666,16.046826112001092,32.559513820423966,0.0
X-n120-k6,119,cargo,ortools:nominal_seed101_or_tools,nominal_seed101_or_tools,ortools,True,True,True,6,14404.0,4.996934413909912,1.1463639736175537,6.143298387527466,119.0,0.9444444444444444,pulp_cbc,mean_domain_loss,38.39383626884781,,180,60,True,133.52122460451002,133.78447753711538,155.4085028189589,155.70208638891222,96.05719618921047,126.00000009000001,14442.393836268846,14472.654360725624,14494.043016835014,13.174552967930987,24.50665017117956,0.43495798319327733,17.419225031719325,38.39383626884781,0.0
X-n120-k6,119,cold_chain,ortools:nominal_seed101_or_tools,nominal_seed101_or_tools,ortools,True,True,True,6,14404.0,4.996934413909912,1.0066215991973877,6.0035560131073,119.0,0.9444444444444444,pulp_cbc,mean_domain_loss,46.84196804803088,,180,60,True,133.52122460451002,133.78447753711538,155.4085028189589,155.70208638891222,111.25301955376861,123.98894292000003,14473.023733007642,14496.162463096032,14515.41366308164,13.187466250695168,24.4129656595649,0.43504201680672266,15.421081144483505,46.84196804803088,22.18176495961129
X-n120-k6,119,atm,ortools:nominal_seed103_or_tools,nominal_seed103_or_tools,ortools,True,True,True,6,14579.0,5.001913070678711,0.984865665435791,5.986778736114502,119.0,0.9444444444444444,pulp_cbc,mean_domain_loss,50.417070454233574,,180,60,True,133.52122460451002,133.78447753711538,155.4085028189589,155.70208638891222,105.72839892828598,126.00000028,14629.41707045423,14668.163498209411,14696.928938004243,13.069035467916667,24.198574641718437,0.43,17.313707721705,50.417070454233574,0.0
X-n120-k6,119,grocery,ortools:nominal_seed103_or_tools,nominal_seed103_or_tools,ortools,True,True,True,6,14579.0,5.001913070678711,1.0207812786102295,6.02269434928894,119.0,0.9444444444444444,pulp_cbc,mean_domain_loss,32.623431124141455,,180,60,True,133.52122460451002,133.78447753711538,155.4085028189589,155.70208638891222,50.96930606029763,124.49388691,14611.623431124142,14629.782384824459,14645.248759227203,13.119362975748174,24.19869779232333,0.43445378151260505,15.857921859536509,32.623431124141455,0.0
X-n120-k6,119,cargo,ortools:nominal_seed103_or_tools,nominal_seed103_or_tools,ortools,True,True,True,6,14579.0,5.001913070678711,1.065394401550293,6.067307472229004,119.0,0.9444444444444444,pulp_cbc,mean_domain_loss,38.6058316479046,,180,60,True,133.52122460451002,133.78447753711538,155.4085028189589,155.70208638891222,96.19407632680803,125.99999997000002,14617.605831647905,14648.516124188092,14669.726094676555,13.195393384789492,24.38295739953347,0.433109243697479,17.440065328577827,38.6058316479046,0.0
X-n120-k6,119,cold_chain,ortools:nominal_seed103_or_tools,nominal_seed103_or_tools,ortools,True,True,True,6,14579.0,5.001913070678711,1.0623161792755127,6.064229249954224,119.0,0.9444444444444444,pulp_cbc,mean_domain_loss,47.018142661083836,,180,60,True,133.52122460451002,133.78447753711538,155.4085028189589,155.70208638891222,111.11795590935004,123.91899432,14648.043571987204,14670.692008912545,14691.252603948617,13.251866924037463,24.365892616756913,0.4346218487394958,15.415533217825798,47.018142661083836,22.025429326120026
X-n120-k6,119,atm,ortools:proxy_mean_scaled_seed109_or_tools,proxy_mean_scaled_seed109_or_tools,ortools,True,True,True,6,14703.0,5.002030849456787,0.9348034858703613,5.936834335327148,125.37000000000002,0.9950000000000001,pulp_cbc,mean_domain_loss,50.59413891321051,,180,60,True,133.52122460451002,133.78447753711538,155.4085028189589,155.70208638891222,105.41442957857055,125.99999998999999,14753.594138913211,14792.307256749027,14820.444801638809,13.102987139461456,24.252384860120824,0.429327731092437,17.34765910324979,50.59413891321051,0.0
X-n120-k6,119,grocery,ortools:proxy_mean_scaled_seed109_or_tools,proxy_mean_scaled_seed109_or_tools,ortools,True,True,True,6,14703.0,5.002030849456787,1.0215229988098145,6.023553848266602,125.37000000000002,0.9950000000000001,pulp_cbc,mean_domain_loss,32.75581488617996,,180,60,True,133.52122460451002,133.78447753711538,155.4085028189589,155.70208638891222,50.867439557596505,124.68491581999999,14735.75581488618,14754.110779916984,14769.01746392284,13.14101814570829,24.296172780019845,0.43168067226890755,16.070605939496627,32.75581488617996,0.0
X-n120-k6,119,cargo,ortools:proxy_mean_scaled_seed109_or_tools,proxy_mean_scaled_seed109_or_tools,ortools,True,True,True,6,14703.0,5.002030849456787,1.0324866771697998,6.034517526626587,125.37000000000002,0.9950000000000001,pulp_cbc,mean_domain_loss,38.69076578884435,,180,60,True,133.52122460451002,133.78447753711538,155.4085028189589,155.70208638891222,95.91603260877297,125.99999983999999,14741.690765788844,14771.967897547547,14793.35627922993,13.2383456897516,24.320683573962715,0.4326890756302521,17.483017503539937,38.69076578884435,0.0
X-n120-k6,119,cold_chain,ortools:proxy_mean_scaled_seed109_or_tools,proxy_mean_scaled_seed109_or_tools,ortools,True,True,True,6,14703.0,5.002030849456787,1.0850417613983154,6.0870726108551025,125.37000000000002,0.9950000000000001,pulp_cbc,mean_domain_loss,47.22261171244136,,180,60,True,133.52122460451002,133.78447753711538,155.4085028189589,155.70208638891222,111.10565969864307,124.19020026000001,14772.377963951441,14794.786952591157,14814.851835583191,13.229190089416722,24.226931945509453,0.4300840336134454,15.664062323205057,47.22261171244136,22.155352239001687
X-n120-k6,119,atm,ortools:quantile_p75_scaled_seed107_or_tools,quantile_p75_scaled_seed107_or_tools,ortools,True,True,True,6,14111.0,4.996662139892578,1.0847623348236084,6.0814244747161865,125.36999999999998,0.9949999999999998,pulp_cbc,mean_domain_loss,50.44428961899985,,180,60,True,133.52122460451002,133.78447753711538,155.4085028189589,155.70208638891222,105.77066378982293,125.99999976,14161.444289618998,14202.085659178236,14229.003441846977,13.070916743307226,24.812917985251087,0.42865546218487394,17.31558847709556,50.44428961899985,0.0
X-n120-k6,119,grocery,ortools:quantile_p75_scaled_seed107_or_tools,quantile_p75_scaled_seed107_or_tools,ortools,True,True,True,6,14111.0,4.996662139892578,1.016110897064209,6.012773036956787,125.36999999999998,0.9949999999999998,pulp_cbc,mean_domain_loss,32.58657903389567,,180,60,True,133.52122460451002,133.78447753711538,155.4085028189589,155.70208638891222,50.97583605920819,124.39527102999998,14143.586579033896,14162.843603305568,14177.264865158668,13.123142068879076,24.893995733414986,0.43050420168067227,15.763085072667414,32.58657903389567,0.0
X-n120-k6,119,cargo,ortools:quantile_p75_scaled_seed107_or_tools,quantile_p75_scaled_seed107_or_tools,ortools,True,True,True,6,14111.0,4.996662139892578,0.9857354164123535,5.982397556304932,125.36999999999998,0.9949999999999998,pulp_cbc,mean_domain_loss,38.614583762221564,,180,60,True,133.52122460451002,133.78447753711538,155.4085028189589,155.70208638891222,96.21900453224329,125.99999996,14149.614583762219,14181.740450128023,14201.805555127416,13.22134545332114,24.98277857305978,0.4338655462184874,17.466017387109478,38.614583762221564,0.0
X-n120-k6,119,cold_chain,ortools:quantile_p75_scaled_seed107_or_tools,quantile_p75_scaled_seed107_or_tools,ortools,True,True,True,6,14111.0,4.996662139892578,1.0126457214355469,6.009307861328125,125.36999999999998,0.9949999999999998,pulp_cbc,mean_domain_loss,46.917675743061565,,180,60,True,133.52122460451002,133.78447753711538,155.4085028189589,155.70208638891222,111.04432672879841,124.13313019000002,14179.893770180528,14203.95705485783,14222.604303417747,13.179871449560364,25.014657316809565,0.4319327731092437,15.5576736133487,46.917675743061565,21.976094437466504
X-n120-k6,119,atm,ortools:robust_mean_1std_scaled_seed113_or_tools,robust_mean_1std_scaled_seed113_or_tools,ortools,True,True,True,6,14278.0,5.013936519622803,0.9758834838867188,5.9898200035095215,125.37000000000002,0.9950000000000001,pulp_cbc,mean_domain_loss,50.83002795609693,,180,60,True,133.52122460451002,133.78447753711538,155.4085028189589,155.70208638891222,105.66151658056717,125.99999999999999,14328.830027956099,14368.34814362973,14396.302196226257,13.161554431769886,24.48530437850198,0.4294117647058823,17.406226405558222,50.83002795609693,0.0
X-n120-k6,119,grocery,ortools:robust_mean_1std_scaled_seed113_or_tools,robust_mean_1std_scaled_seed113_or_tools,ortools,True,True,True,6,14278.0,5.013936519622803,0.9589624404907227,5.972898960113525,125.37000000000002,0.9950000000000001,pulp_cbc,mean_domain_loss,32.84865683790065,,180,60,True,133.52122460451002,133.78447753711538,155.4085028189589,155.70208638891222,50.947976120724235,124.51039606,14310.848656837901,14329.585973468798,14344.38540021155,13.206404664033336,24.52222877514898,0.43201680672268905,15.961472697821673,32.84865683790065,0.0
X-n120-k6,119,cargo,ortools:robust_mean_1std_scaled_seed113_or_tools,robust_mean_1std_scaled_seed113_or_tools,ortools,True,True,True,6,14278.0,5.013936519622803,0.9794416427612305,5.993378162384033,125.37000000000002,0.9950000000000001,pulp_cbc,mean_domain_loss,38.88351507765618,,180,60,True,133.52122460451002,133.78447753711538,155.4085028189589,155.70208638891222,96.11295552280868,126.00000006,14316.883515077654,14348.291201572385,14368.952519726497,13.298276224568676,24.714677677191542,0.43142857142857144,17.54294825835701,38.88351507765618,0.0
X-n120-k6,119,cold_chain,ortools:robust_mean_1std_scaled_seed113_or_tools,robust_mean_1std_scaled_seed113_or_tools,ortools,True,True,True,6,14278.0,5.013936519622803,0.9600026607513428,5.9739391803741455,125.37000000000002,0.9950000000000001,pulp_cbc,mean_domain_loss,47.20503772789293,,180,60,True,133.52122460451002,133.78447753711538,155.4085028189589,155.70208638891222,111.06945241736013,124.17196490999999,14347.291112736493,14370.70594913782,14389.976784101022,13.250473359935572,24.706739917851596,0.43252100840336133,15.66711024372391,47.20503772789293,22.086075008597774
X-n129-k18,128,atm,ortools:nominal_or_tools,nominal_or_tools,ortools,True,True,True,18,30985.0,4.9940736293792725,1.1936652660369873,6.18773889541626,665.0,0.9472934472934473,pulp_cbc,mean_domain_loss,344.6057346142305,,180,60,True,727.1353695075978,729.545141336595,853.7757199603714,854.5229848707611,645.3494884686352,679.05212755,31329.605734614233,31577.753491163847,31859.121143412707,88.52005635123592,156.35459770011357,0.468515625,80.65911477303668,344.6057346142305,0.0
X-n129-k18,128,grocery,ortools:nominal_or_tools,nominal_or_tools,ortools,True,True,True,18,30985.0,4.9940736293792725,0.864018440246582,5.8580920696258545,665.0,0.9472934472934473,pulp_cbc,mean_domain_loss,213.00485739486624,,180,60,True,727.1353695075978,729.545141336595,853.7757199603714,854.5229848707611,301.6908084845655,674.7279611,31198.004857394866,31317.41753892571,31468.263346197917,88.56636318200636,157.05123339909042,0.4675,76.38125515380709,213.00485739486624,0.0
X-n129-k18,128,cargo,ortools:nominal_or_tools,nominal_or_tools,ortools,True,True,True,18,30985.0,4.9940736293792725,1.101457118988037,6.09553074836731,665.0,0.9472934472934473,pulp_cbc,mean_domain_loss,259.0752260630447,,180,60,True,727.1353695075978,729.545141336595,853.7757199603714,854.5229848707611,582.8400571751682,684.6135866999999,31244.07522606304,31433.980004985806,31644.364543901775,88.91947866670736,156.3465384040482,0.4671875,86.61999623850811,259.0752260630447,0.0
X-n129-k18,128,cold_chain,ortools:nominal_or_tools,nominal_or_tools,ortools,True,True,True,18,30985.0,4.9940736293792725,0.9380073547363281,5.932080984115601,665.0,0.9472934472934473,pulp_cbc,mean_domain_loss,305.2030947634966,,180,60,True,727.1353695075978,729.545141336595,853.7757199603714,854.5229848707611,669.7733840632335,674.27139593,31414.293016062646,31567.841329418436,31762.518221917395,88.73765681803695,157.03494647911103,0.46203125,76.09598361983767,305.2030947634966,124.08992129914614
X-n129-k18,128,atm,ortools:proxy_mean_or_tools,proxy_mean_or_tools,ortools,False,False,False,0,,0.0,,0.0,727.1353695075978,1.0358053696689429,pulp_cbc,mean_domain_loss,,total_load_exceeds_fleet_capacity,180,60,True,727.1353695075978,729.545141336595,853.7757199603714,854.5229848707611,,,,,,,,,,,
X-n129-k18,128,grocery,ortools:proxy_mean_or_tools,proxy_mean_or_tools,ortools,False,False,False,0,,0.0,,0.0,727.1353695075978,1.0358053696689429,pulp_cbc,mean_domain_loss,,total_load_exceeds_fleet_capacity,180,60,True,727.1353695075978,729.545141336595,853.7757199603714,854.5229848707611,,,,,,,,,,,
X-n129-k18,128,cargo,ortools:proxy_mean_or_tools,proxy_mean_or_tools,ortools,False,False,False,0,,0.0,,0.0,727.1353695075978,1.0358053696689429,pulp_cbc,mean_domain_loss,,total_load_exceeds_fleet_capacity,180,60,True,727.1353695075978,729.545141336595,853.7757199603714,854.5229848707611,,,,,,,,,,,
X-n129-k18,128,cold_chain,ortools:proxy_mean_or_tools,proxy_mean_or_tools,ortools,False,False,False,0,,0.0,,0.0,727.1353695075978,1.0358053696689429,pulp_cbc,mean_domain_loss,,total_load_exceeds_fleet_capacity,180,60,True,727.1353695075978,729.545141336595,853.7757199603714,854.5229848707611,,,,,,,,,,,
X-n129-k18,128,atm,ortools:quantile_p75_or_tools,quantile_p75_or_tools,ortools,False,False,False,0,,0.0,,0.0,847.2628504505681,1.2069271373939716,pulp_cbc,mean_domain_loss,,total_load_exceeds_fleet_capacity,180,60,True,727.1353695075978,729.545141336595,853.7757199603714,854.5229848707611,,,,,,,,,,,
X-n129-k18,128,grocery,ortools:quantile_p75_or_tools,quantile_p75_or_tools,ortools,False,False,False,0,,0.0,,0.0,847.2628504505681,1.2069271373939716,pulp_cbc,mean_domain_loss,,total_load_exceeds_fleet_capacity,180,60,True,727.1353695075978,729.545141336595,853.7757199603714,854.5229848707611,,,,,,,,,,,
X-n129-k18,128,cargo,ortools:quantile_p75_or_tools,quantile_p75_or_tools,ortools,False,False,False,0,,0.0,,0.0,847.2628504505681,1.2069271373939716,pulp_cbc,mean_domain_loss,,total_load_exceeds_fleet_capacity,180,60,True,727.1353695075978,729.545141336595,853.7757199603714,854.5229848707611,,,,,,,,,,,
X-n129-k18,128,cold_chain,ortools:quantile_p75_or_tools,quantile_p75_or_tools,ortools,False,False,False,0,,0.0,,0.0,847.2628504505681,1.2069271373939716,pulp_cbc,mean_domain_loss,,total_load_exceeds_fleet_capacity,180,60,True,727.1353695075978,729.545141336595,853.7757199603714,854.5229848707611,,,,,,,,,,,
X-n129-k18,128,atm,ortools:quantile_p90_or_tools,quantile_p90_or_tools,ortools,False,False,False,0,,0.0,,0.0,1027.552162617866,1.4637495193986696,pulp_cbc,mean_domain_loss,,total_load_exceeds_fleet_capacity,180,60,True,727.1353695075978,729.545141336595,853.7757199603714,854.5229848707611,,,,,,,,,,,
X-n129-k18,128,grocery,ortools:quantile_p90_or_tools,quantile_p90_or_tools,ortools,False,False,False,0,,0.0,,0.0,1027.552162617866,1.4637495193986696,pulp_cbc,mean_domain_loss,,total_load_exceeds_fleet_capacity,180,60,True,727.1353695075978,729.545141336595,853.7757199603714,854.5229848707611,,,,,,,,,,,
X-n129-k18,128,cargo,ortools:quantile_p90_or_tools,quantile_p90_or_tools,ortools,False,False,False,0,,0.0,,0.0,1027.552162617866,1.4637495193986696,pulp_cbc,mean_domain_loss,,total_load_exceeds_fleet_capacity,180,60,True,727.1353695075978,729.545141336595,853.7757199603714,854.5229848707611,,,,,,,,,,,
X-n129-k18,128,cold_chain,ortools:quantile_p90_or_tools,quantile_p90_or_tools,ortools,False,False,False,0,,0.0,,0.0,1027.552162617866,1.4637495193986696,pulp_cbc,mean_domain_loss,,total_load_exceeds_fleet_capacity,180,60,True,727.1353695075978,729.545141336595,853.7757199603714,854.5229848707611,,,,,,,,,,,
X-n129-k18,128,atm,ortools:robust_mean_1std_or_tools,robust_mean_1std_or_tools,ortools,False,False,False,0,,0.0,,0.0,961.2137208592039,1.3692503146142505,pulp_cbc,mean_domain_loss,,total_load_exceeds_fleet_capacity,180,60,True,727.1353695075978,729.545141336595,853.7757199603714,854.5229848707611,,,,,,,,,,,
X-n129-k18,128,grocery,ortools:robust_mean_1std_or_tools,robust_mean_1std_or_tools,ortools,False,False,False,0,,0.0,,0.0,961.2137208592039,1.3692503146142505,pulp_cbc,mean_domain_loss,,total_load_exceeds_fleet_capacity,180,60,True,727.1353695075978,729.545141336595,853.7757199603714,854.5229848707611,,,,,,,,,,,
X-n129-k18,128,cargo,ortools:robust_mean_1std_or_tools,robust_mean_1std_or_tools,ortools,False,False,False,0,,0.0,,0.0,961.2137208592039,1.3692503146142505,pulp_cbc,mean_domain_loss,,total_load_exceeds_fleet_capacity,180,60,True,727.1353695075978,729.545141336595,853.7757199603714,854.5229848707611,,,,,,,,,,,
X-n129-k18,128,cold_chain,ortools:robust_mean_1std_or_tools,robust_mean_1std_or_tools,ortools,False,False,False,0,,0.0,,0.0,961.2137208592039,1.3692503146142505,pulp_cbc,mean_domain_loss,,total_load_exceeds_fleet_capacity,180,60,True,727.1353695075978,729.545141336595,853.7757199603714,854.5229848707611,,,,,,,,,,,
X-n129-k18,128,atm,ortools:robust_mean_2std_or_tools,robust_mean_2std_or_tools,ortools,False,False,False,0,,0.0,,0.0,1195.29207221081,1.7026952595595584,pulp_cbc,mean_domain_loss,,total_load_exceeds_fleet_capacity,180,60,True,727.1353695075978,729.545141336595,853.7757199603714,854.5229848707611,,,,,,,,,,,
X-n129-k18,128,grocery,ortools:robust_mean_2std_or_tools,robust_mean_2std_or_tools,ortools,False,False,False,0,,0.0,,0.0,1195.29207221081,1.7026952595595584,pulp_cbc,mean_domain_loss,,total_load_exceeds_fleet_capacity,180,60,True,727.1353695075978,729.545141336595,853.7757199603714,854.5229848707611,,,,,,,,,,,
X-n129-k18,128,cargo,ortools:robust_mean_2std_or_tools,robust_mean_2std_or_tools,ortools,False,False,False,0,,0.0,,0.0,1195.29207221081,1.7026952595595584,pulp_cbc,mean_domain_loss,,total_load_exceeds_fleet_capacity,180,60,True,727.1353695075978,729.545141336595,853.7757199603714,854.5229848707611,,,,,,,,,,,
X-n129-k18,128,cold_chain,ortools:robust_mean_2std_or_tools,robust_mean_2std_or_tools,ortools,False,False,False,0,,0.0,,0.0,1195.29207221081,1.7026952595595584,pulp_cbc,mean_domain_loss,,total_load_exceeds_fleet_capacity,180,60,True,727.1353695075978,729.545141336595,853.7757199603714,854.5229848707611,,,,,,,,,,,
X-n129-k18,128,atm,ortools:proxy_mean_scaled_or_tools,proxy_mean_scaled_or_tools,ortools,True,True,True,18,31829.0,5.001524448394775,1.063314437866211,6.064838886260986,698.49,0.995,pulp_cbc,mean_domain_loss,311.3229340799446,,180,60,True,727.1353695075978,729.545141336595,853.7757199603714,854.5229848707611,593.4410096598766,701.99999906,32140.322934079944,32365.642031853775,32641.342557391374,79.09683877650768,141.1073672440084,0.427734375,94.18376870830839,311.3229340799446,0.0
X-n129-k18,128,grocery,ortools:proxy_mean_scaled_or_tools,proxy_mean_scaled_or_tools,ortools,True,True,True,18,31829.0,5.001524448394775,0.8262388706207275,5.827763319015503,698.49,0.995,pulp_cbc,mean_domain_loss,200.47131660089607,,180,60,True,727.1353695075978,729.545141336595,853.7757199603714,854.5229848707611,282.5172332299921,701.99999774,32029.471316600888,32132.44457618255,32280.431492350686,78.96093032485408,140.76141122408904,0.427421875,94.04785893665479,200.47131660089607,0.0
X-n129-k18,128,cargo,ortools:proxy_mean_scaled_or_tools,proxy_mean_scaled_or_tools,ortools,True,True,True,18,31829.0,5.001524448394775,0.9075994491577148,5.90912389755249,698.49,0.995,pulp_cbc,mean_domain_loss,234.4667547559319,,180,60,True,727.1353695075978,729.545141336595,853.7757199603714,854.5229848707611,539.1659711265531,701.9999987799999,32063.466754755926,32238.115663543143,32442.78398959305,79.59543829603277,141.60435959314117,0.423203125,94.68236794783348,234.4667547559319,0.0
X-n129-k18,128,cold_chain,ortools:proxy_mean_scaled_or_tools,proxy_mean_scaled_or_tools,ortools,True,True,True,18,31829.0,5.001524448394775,0.9688827991485596,5.970407247543335,698.49,0.995,pulp_cbc,mean_domain_loss,293.65657522843225,,180,60,True,727.1353695075978,729.545141336595,853.7757199603714,854.5229848707611,644.1566435854309,701.1084211699999,32249.99906760741,32375.847263505486,32572.007336721166,79.38647375608403,141.28616481307347,0.419375,93.58182579788479,293.65657522843225,127.34249237897735
X-n129-k18,128,atm,ortools:quantile_p75_scaled_or_tools,quantile_p75_scaled_or_tools,ortools,True,True,True,18,31544.0,4.99850606918335,0.9131042957305908,5.91161036491394,698.49,0.995,pulp_cbc,mean_domain_loss,305.1802440700712,,180,60,True,727.1353695075978,729.545141336595,853.7757199603714,854.5229848707611,586.0841201144942,702.00000118,31849.180244070078,32067.705749702225,32349.457722192292,77.58358236430284,137.77957944742303,0.4159375,92.67051441610356,305.1802440700712,0.0
X-n129-k18,128,grocery,ortools:quantile_p75_scaled_or_tools,quantile_p75_scaled_or_tools,ortools,True,True,True,18,31544.0,4.99850606918335,0.8335590362548828,5.832065105438232,698.49,0.995,pulp_cbc,mean_domain_loss,197.19743145740532,,180,60,True,727.1353695075978,729.545141336595,853.7757199603714,854.5229848707611,278.7753886889664,701.9999999199999,31741.197431457407,31844.538864024045,31991.55386782387,77.45453011663912,137.6817862305847,0.415546875,92.54146090843984,197.19743145740532,0.0
X-n129-k18,128,cargo,ortools:quantile_p75_scaled_or_tools,quantile_p75_scaled_or_tools,ortools,True,True,True,18,31544.0,4.99850606918335,1.0734047889709473,6.071910858154297,698.49,0.995,pulp_cbc,mean_domain_loss,228.21543591119425,,180,60,True,727.1353695075978,729.545141336595,853.7757199603714,854.5229848707611,531.1674126843214,701.99999847,31772.2154359112,31939.783424160232,32150.476329731948,77.85828835207938,137.6709212961988,0.409765625,92.9452176938801,228.21543591119425,0.0
X-n129-k18,128,cold_chain,ortools:quantile_p75_scaled_or_tools,quantile_p75_scaled_or_tools,ortools,True,True,True,18,31544.0,4.99850606918335,1.077345609664917,6.075851678848267,698.49,0.995,pulp_cbc,mean_domain_loss,289.38235357260584,,180,60,True,727.1353695075978,729.545141336595,853.7757199603714,854.5229848707611,640.7275272722949,701.99999991,31963.304487661837,32093.035492813124,32284.071209595073,77.87854435793275,136.91138411109787,0.405078125,92.96547513973346,289.38235357260584,129.922134089231
X-n129-k18,128,atm,ortools:quantile_p90_scaled_or_tools,quantile_p90_scaled_or_tools,ortools,True,True,True,18,33579.0,5.002501726150513,0.9594841003417969,5.96198582649231,698.49,0.995,pulp_cbc,mean_domain_loss,301.14084575611514,,180,60,True,727.1353695075978,729.545141336595,853.7757199603714,854.5229848707611,581.3697540636226,702.00000102,33880.140845756105,34099.25638698599,34375.11186160926,76.80215979663483,137.1661939974458,0.42171875,91.88909168843554,301.14084575611514,0.0
X-n129-k18,128,grocery,ortools:quantile_p90_scaled_or_tools,quantile_p90_scaled_or_tools,ortools,True,True,True,18,33579.0,5.002501726150513,0.8573155403137207,5.859817266464233,698.49,0.995,pulp_cbc,mean_domain_loss,195.5371067847058,,180,60,True,727.1353695075978,729.545141336595,853.7757199603714,854.5229848707611,276.3015948167221,702.00000189,33774.5371067847,33886.90238472785,34021.494172437335,76.77044299804474,137.34607648869047,0.42078125,91.85737575984545,195.5371067847058,0.0
X-n129-k18,128,cargo,ortools:quantile_p90_scaled_or_tools,quantile_p90_scaled_or_tools,ortools,True,True,True,18,33579.0,5.002501726150513,1.1001791954040527,6.102680921554565,698.49,0.995,pulp_cbc,mean_domain_loss,223.58360477034017,,180,60,True,727.1353695075978,729.545141336595,853.7757199603714,854.5229848707611,524.5598723333494,702.0000005,33802.58360477034,33971.46010136075,34175.313677589234,77.10353164796383,137.66739710919748,0.408828125,92.19046301976455,223.58360477034017,0.0
X-n129-k18,128,cold_chain,ortools:quantile_p90_scaled_or_tools,quantile_p90_scaled_or_tools,ortools,True,True,True,18,33579.0,5.002501726150513,1.005399227142334,6.007900953292847,698.49,0.995,pulp_cbc,mean_domain_loss,286.2898012970911,,180,60,True,727.1353695075978,729.545141336595,853.7757199603714,854.5229848707611,644.1517665375515,701.99999875,34001.53268487473,34148.10785660036,34317.03279884225,76.8595528073446,137.14932781406267,0.41421875,91.94648242914532,286.2898012970911,136.24288357764073
X-n129-k18,128,atm,ortools:robust_mean_1std_scaled_or_tools,robust_mean_1std_scaled_or_tools,ortools,True,True,True,18,33008.0,4.995619058609009,1.129169225692749,6.124788284301758,698.4899999999999,0.9949999999999999,pulp_cbc,mean_domain_loss,300.57723612463053,,180,60,True,727.1353695075978,729.545141336595,853.7757199603714,854.5229848707611,581.1925234516762,702.00000185,33308.577236124635,33531.96986204169,33803.21886597731,76.65053734913714,138.0360559905883,0.421015625,91.73747007093783,300.57723612463053,0.0
X-n129-k18,128,grocery,ortools:robust_mean_1std_scaled_or_tools,robust_mean_1std_scaled_or_tools,ortools,True,True,True,18,33008.0,4.995619058609009,0.9942405223846436,5.989859580993652,698.4899999999999,0.9949999999999999,pulp_cbc,mean_domain_loss,194.9551503316339,,180,60,True,727.1353695075978,729.545141336595,853.7757199603714,854.5229848707611,276.05274889299926,702.0000013700001,33202.95515033163,33317.13325645282,33450.18668699423,76.59633635330827,138.0842371427478,0.421015625,91.683268595109,194.9551503316339,0.0
X-n129-k18,128,cargo,ortools:robust_mean_1std_scaled_or_tools,robust_mean_1std_scaled_or_tools,ortools,True,True,True,18,33008.0,4.995619058609009,1.158951997756958,6.154571056365967,698.4899999999999,0.9949999999999999,pulp_cbc,mean_domain_loss,223.7400122719317,,180,60,True,727.1353695075978,729.545141336595,853.7757199603714,854.5229848707611,525.4636547560766,702.0000008899999,33231.740012271934,33403.802277724535,33604.622765492255,76.97162422205173,138.69550359894342,0.410390625,92.05855598385246,223.7400122719317,0.0
X-n129-k18,128,cold_chain,ortools:robust_mean_1std_scaled_or_tools,robust_mean_1std_scaled_or_tools,ortools,True,True,True,18,33008.0,4.995619058609009,1.0969197750091553,6.092538833618164,698.4899999999999,0.9949999999999999,pulp_cbc,mean_domain_loss,285.69103775293513,,180,60,True,727.1353695075978,729.545141336595,853.7757199603714,854.5229848707611,641.247121644086,702.00000237,33427.298148353424,33579.67864194429,33742.02141545316,76.81093595533154,137.22311593845632,0.412734375,91.89786919713225,285.69103775293513,133.6071106004864
X-n129-k18,128,atm,ortools:robust_mean_2std_scaled_or_tools,robust_mean_2std_scaled_or_tools,ortools,True,True,True,18,33757.0,5.003014802932739,1.1402359008789062,6.1432507038116455,698.4900000000001,0.9950000000000002,pulp_cbc,mean_domain_loss,300.3414510310033,,180,60,True,727.1353695075978,729.545141336595,853.7757199603714,854.5229848707611,581.5905891576475,702.0000017899999,34057.34145103101,34280.29955539244,34552.55049725283,76.61181085885876,137.96332178663133,0.42203125,91.69874352065948,300.3414510310033,0.0
X-n129-k18,128,grocery,ortools:robust_mean_2std_scaled_or_tools,robust_mean_2std_scaled_or_tools,ortools,True,True,True,18,33757.0,5.003014802932739,0.956697940826416,5.959712743759155,698.4900000000001,0.9950000000000002,pulp_cbc,mean_domain_loss,194.79288578024887,,180,60,True,727.1353695075978,729.545141336595,853.7757199603714,854.5229848707611,276.31810479981743,702.0000008899999,33951.79288578024,34066.92069960439,34199.109770626994,76.47823651291567,138.35126913418802,0.42,91.5651682747164,194.79288578024887,0.0
X-n129-k18,128,cargo,ortools:robust_mean_2std_scaled_or_tools,robust_mean_2std_scaled_or_tools,ortools,True,True,True,18,33757.0,5.003014802932739,0.9605023860931396,5.963517189025879,698.4900000000001,0.9950000000000002,pulp_cbc,mean_domain_loss,222.98350203425395,,180,60,True,727.1353695075978,729.545141336595,853.7757199603714,854.5229848707611,524.8954195619019,702.0000006600001,33979.98350203426,34149.544794864174,34352.65168309516,76.89964500257497,137.85645780121087,0.40765625,91.98657653437571,222.98350203425395,0.0
X-n129-k18,128,cold_chain,ortools:robust_mean_2std_scaled_or_tools,robust_mean_2std_scaled_or_tools,ortools,True,True,True,18,33757.0,5.003014802932739,1.075547456741333,6.078562259674072,698.4900000000001,0.9950000000000002,pulp_cbc,mean_domain_loss,285.44482128270255,,180,60,True,727.1353695075978,729.545141336595,853.7757199603714,854.5229848707611,644.6507216973544,701.99999996,34178.899058608404,34328.89732608928,34495.031256511065,76.69843133317022,137.96412383165193,0.414453125,91.78536216497098,285.44482128270255,136.4542373257081
X-n129-k18,128,atm,ortools:nominal_seed101_or_tools,nominal_seed101_or_tools,ortools,True,True,True,18,31270.0,5.003880262374878,0.9301402568817139,5.934020519256592,665.0,0.9472934472934473,pulp_cbc,mean_domain_loss,319.68089091392665,,180,60,True,727.1353695075978,729.545141336595,853.7757199603714,854.5229848707611,604.6156533944761,701.99999853,31589.68089091392,31821.275281584818,32088.981554959522,81.15279085317717,144.61667992546327,0.441640625,96.2397202549779,319.68089091392665,0.0
X-n129-k18,128,grocery,ortools:nominal_seed101_or_tools,nominal_seed101_or_tools,ortools,True,True,True,18,31270.0,5.003880262374878,0.8119266033172607,5.815806865692139,665.0,0.9472934472934473,pulp_cbc,mean_domain_loss,203.63117537046872,,180,60,True,727.1353695075978,729.545141336595,853.7757199603714,854.5229848707611,287.30503763702285,695.11083204,31473.63117537047,31580.653411225936,31728.090589171297,81.34768746060917,144.5949674115689,0.44125,89.54545037240989,203.63117537046872,0.0
X-n129-k18,128,cargo,ortools:nominal_seed101_or_tools,nominal_seed101_or_tools,ortools,True,True,True,18,31270.0,5.003880262374878,0.9128825664520264,5.916762828826904,665.0,0.9472934472934473,pulp_cbc,mean_domain_loss,240.8282604585846,,180,60,True,727.1353695075978,729.545141336595,853.7757199603714,854.5229848707611,549.5620214955115,701.9999987199999,31510.82826045859,31688.461503631494,31891.27661132561,81.5759111393287,144.53067291092572,0.43703125,96.66284073112939,240.8282604585846,0.0
X-n129-k18,128,cold_chain,ortools:nominal_seed101_or_tools,nominal_seed101_or_tools,ortools,True,True,True,18,31270.0,5.003880262374878,0.9091558456420898,5.913036108016968,665.0,0.9472934472934473,pulp_cbc,mean_domain_loss,296.02207513310736,,180,60,True,727.1353695075978,729.545141336595,853.7757199603714,854.5229848707611,648.2326582400942,693.6940453799999,31690.434008444772,31822.271524251755,32017.450117508728,81.7162862757776,144.36885228867996,0.43265625,88.49726252757833,296.02207513310736,124.411933311664
X-n129-k18,128,atm,ortools:nominal_seed103_or_tools,nominal_seed103_or_tools,ortools,True,True,True,18,32270.0,5.009140968322754,0.8836147785186768,5.892755746841431,665.0,0.9472934472934473,pulp_cbc,mean_domain_loss,334.60983271993746,,180,60,True,727.1353695075978,729.545141336595,853.7757199603714,854.5229848707611,628.1717687773588,688.3421448199999,32604.609832719932,32857.58247057488,33119.41818600022,85.53201346760996,154.56146371993663,0.456484375,86.96108915941068,334.60983271993746,0.0
X-n129-k18,128,grocery,ortools:nominal_seed103_or_tools,nominal_seed103_or_tools,ortools,True,True,True,18,32270.0,5.009140968322754,0.8523247241973877,5.861465692520142,665.0,0.9472934472934473,pulp_cbc,mean_domain_loss,208.98266644272516,,180,60,True,727.1353695075978,729.545141336595,853.7757199603714,854.5229848707611,295.0799012255964,682.9546563299999,32478.98266644273,32600.331528561033,32741.2604821707,85.54387582883983,154.76748189206103,0.45578125,81.58546303064055,208.98266644272516,0.0
X-n129-k18,128,cargo,ortools:nominal_seed103_or_tools,nominal_seed103_or_tools,ortools,True,True,True,18,32270.0,5.009140968322754,0.9407124519348145,5.949853420257568,665.0,0.9472934472934473,pulp_cbc,mean_domain_loss,251.8316450327179,,180,60,True,727.1353695075978,729.545141336595,853.7757199603714,854.5229848707611,569.878944337003,689.47086502,32521.831645032722,32716.24464589618,32912.02576854705,85.97654152568593,155.0738118322248,0.453359375,88.53433741748664,251.8316450327179,0.0
X-n129-k18,128,cold_chain,ortools:nominal_seed103_or_tools,nominal_seed103_or_tools,ortools,True,True,True,18,32270.0,5.009140968322754,0.9754972457885742,5.984638214111328,665.0,0.9472934472934473,pulp_cbc,mean_domain_loss,300.43222045314434,,180,60,True,727.1353695075978,729.545141336595,853.7757199603714,854.5229848707611,654.0094222789264,681.5327082900001,32688.83732271329,32840.6081432587,33026.3309683347,85.82794528225793,154.915923223774,0.447890625,80.44758444405869,300.43222045314434,118.40510226015508
X-n129-k18,128,atm,ortools:proxy_mean_scaled_seed109_or_tools,proxy_mean_scaled_seed109_or_tools,ortools,True,True,True,18,31458.0,5.001945734024048,0.9124696254730225,5.91441535949707,698.49,0.995,pulp_cbc,mean_domain_loss,309.8300281656491,,180,60,True,727.1353695075978,729.545141336595,853.7757199603714,854.5229848707611,591.4318079490673,702.00000151,31767.83002816565,31997.456302792325,32263.913754403784,78.51402804795565,141.4692431300754,0.41546875,93.60096042975636,309.8300281656491,0.0
X-n129-k18,128,grocery,ortools:proxy_mean_scaled_seed109_or_tools,proxy_mean_scaled_seed109_or_tools,ortools,True,True,True,18,31458.0,5.001945734024048,0.8086321353912354,5.810577869415283,698.49,0.995,pulp_cbc,mean_domain_loss,199.55810765210646,,180,60,True,727.1353695075978,729.545141336595,853.7757199603714,854.5229848707611,281.3851047278757,701.49628777,31657.55810765211,31764.889410986547,31906.016930309484,78.47963340815986,141.87875587427098,0.414375,93.06285204996058,199.55810765210646,0.0
X-n129-k18,128,cargo,ortools:proxy_mean_scaled_seed109_or_tools,proxy_mean_scaled_seed109_or_tools,ortools,True,True,True,18,31458.0,5.001945734024048,0.9361915588378906,5.9381372928619385,698.49,0.995,pulp_cbc,mean_domain_loss,232.96216124635845,,180,60,True,727.1353695075978,729.545141336595,853.7757199603714,854.5229848707611,537.6488746798516,702.00000092,31690.962161246352,31866.367633963655,32068.317090059347,78.86784548269743,141.07478153752118,0.41359375,93.95477727449816,232.96216124635845,0.0
X-n129-k18,128,cold_chain,ortools:proxy_mean_scaled_seed109_or_tools,proxy_mean_scaled_seed109_or_tools,ortools,True,True,True,18,31458.0,5.001945734024048,1.073138952255249,6.075084686279297,698.49,0.995,pulp_cbc,mean_domain_loss,291.63883219886856,,180,60,True,727.1353695075978,729.545141336595,853.7757199603714,854.5229848707611,645.0651376231276,700.6785156999999,31879.946329806462,32008.287906033733,32197.873839352083,78.79023680917977,141.18851011131179,0.40453125,92.5556833809805,291.63883219886856,130.30749760758624
X-n129-k18,128,atm,ortools:quantile_p75_scaled_seed107_or_tools,quantile_p75_scaled_seed107_or_tools,ortools,True,True,True,18,32863.0,4.9947669506073,0.8846819400787354,5.879448890686035,698.49,0.995,pulp_cbc,mean_domain_loss,305.7454459660551,,180,60,True,727.1353695075978,729.545141336595,853.7757199603714,854.5229848707611,586.2591187374054,702.0000010499999,33168.74544596605,33391.0117548359,33664.29461064251,77.68841456945343,138.7699873005943,0.42125,92.77534649125417,305.7454459660551,0.0
X-n129-k18,128,grocery,ortools:quantile_p75_scaled_seed107_or_tools,quantile_p75_scaled_seed107_or_tools,ortools,True,True,True,18,32863.0,4.9947669506073,0.8279819488525391,5.822748899459839,698.49,0.995,pulp_cbc,mean_domain_loss,197.48044044592191,,180,60,True,727.1353695075978,729.545141336595,853.7757199603714,854.5229848707611,278.69912756516936,701.99999993,33060.48044044592,33165.34780477778,33308.03170292433,77.62026508635269,138.55873987066585,0.420078125,92.70719588815338,197.48044044592191,0.0
X-n129-k18,128,cargo,ortools:quantile_p75_scaled_seed107_or_tools,quantile_p75_scaled_seed107_or_tools,ortools,True,True,True,18,32863.0,4.9947669506073,1.0920262336730957,6.0867931842803955,698.49,0.995,pulp_cbc,mean_domain_loss,229.22843936323233,,180,60,True,727.1353695075978,729.545141336595,853.7757199603714,854.5229848707611,532.4699595864997,701.9999982699999,33092.228439363236,33261.01570792371,33468.24781233487,77.91700875403457,137.99257451681007,0.4115625,93.00393789583528,229.22843936323233,0.0
X-n129-k18,128,cold_chain,ortools:quantile_p75_scaled_seed107_or_tools,quantile_p75_scaled_seed107_or_tools,ortools,True,True,True,18,32863.0,4.9947669506073,0.9846363067626953,5.979403257369995,698.49,0.995,pulp_cbc,mean_domain_loss,289.7372211458653,,180,60,True,727.1353695075978,729.545141336595,853.7757199603714,854.5229848707611,638.2547741033624,702.00000053,33280.42607887246,33410.87696977089,33597.4249550047,78.06241346052286,139.2805857623903,0.41125,93.1493448623236,289.7372211458653,127.68885772659527
X-n129-k18,128,atm,ortools:robust_mean_1std_scaled_seed113_or_tools,robust_mean_1std_scaled_seed113_or_tools,ortools,True,True,True,18,33799.0,4.998306751251221,0.9402816295623779,5.938588380813599,698.4899999999999,0.9949999999999999,pulp_cbc,mean_domain_loss,299.72499004697625,,180,60,True,727.1353695075978,729.545141336595,853.7757199603714,854.5229848707611,580.9015029184474,702.00000185,34098.724990046976,34319.071955875115,34594.04450805763,76.37821020472867,137.08297322674233,0.415078125,91.46514292652938,299.72499004697625,0.0
X-n129-k18,128,grocery,ortools:robust_mean_1std_scaled_seed113_or_tools,robust_mean_1std_scaled_seed113_or_tools,ortools,True,True,True,18,33799.0,4.998306751251221,0.9154863357543945,5.913793087005615,698.4899999999999,0.9949999999999999,pulp_cbc,mean_domain_loss,194.5715418976228,,180,60,True,727.1353695075978,729.545141336595,853.7757199603714,854.5229848707611,275.95965502423365,702.00000108,33993.57154189762,34107.08635967669,34241.078120680344,76.35847208783456,137.57676698474233,0.415625,91.44540403963529,194.5715418976228,0.0
X-n129-k18,128,cargo,ortools:robust_mean_1std_scaled_seed113_or_tools,robust_mean_1std_scaled_seed113_or_tools,ortools,True,True,True,18,33799.0,4.998306751251221,0.9025025367736816,5.900809288024902,698.4899999999999,0.9949999999999999,pulp_cbc,mean_domain_loss,223.00360695110166,,180,60,True,727.1353695075978,729.545141336595,853.7757199603714,854.5229848707611,524.6702460359405,701.99999997,34022.0036069511,34189.66824366217,34395.77176254371,76.72713551270675,136.89188119942602,0.403828125,91.81406635450749,223.00360695110166,0.0
X-n129-k18,128,cold_chain,ortools:robust_mean_1std_scaled_seed113_or_tools,robust_mean_1std_scaled_seed113_or_tools,ortools,True,True,True,18,33799.0,4.998306751251221,1.004490852355957,6.002797603607178,698.4899999999999,0.9949999999999999,pulp_cbc,mean_domain_loss,284.21520884216176,,180,60,True,727.1353695075978,729.545141336595,853.7757199603714,854.5229848707611,636.1036092692957,702.00000194,34212.64319152196,34360.477864709006,34528.65928034541,76.47260269923791,136.43498046314863,0.40828125,91.55953551103865,284.21520884216176,129.4279826797938
X-n134-k13,133,atm,ortools:nominal_or_tools,nominal_or_tools,ortools,True,True,True,13,13630.0,5.001455068588257,2.0003926753997803,7.001847743988037,8220.0,0.9833712166527097,pulp_cbc,mean_domain_loss,3805.903125198727,,180,60,True,9183.395205809104,9198.564456324053,11030.147738079117,11050.704860248838,8185.9088367484355,8359.0000051,17435.90312519873,19850.10309365184,23482.60553283081,997.5183154130442,1691.2198707651708,0.46248120300751877,935.5939393815246,3805.903125198727,0.0
X-n134-k13,133,grocery,ortools:nominal_or_tools,nominal_or_tools,ortools,True,True,True,13,13630.0,5.001455068588257,0.9952967166900635,5.99675178527832,8220.0,0.9833712166527097,pulp_cbc,mean_domain_loss,2374.344565001815,,180,60,True,9183.395205809104,9198.564456324053,11030.147738079117,11050.704860248838,3798.139170609385,8358.9999981,16004.34456500181,17165.47766475667,19065.596642298467,996.5312135633543,1695.3388867223564,0.4610526315789474,934.6068305318346,2374.344565001815,0.0
X-n134-k13,133,cargo,ortools:nominal_or_tools,nominal_or_tools,ortools,True,True,True,13,13630.0,5.001455068588257,0.9341540336608887,5.9356091022491455,8220.0,0.9833712166527097,pulp_cbc,mean_domain_loss,2795.7093662631505,,180,60,True,9183.395205809104,9198.564456324053,11030.147738079117,11050.704860248838,7240.39604520481,8358.9999928,16425.709366263152,18232.685004183193,20913.40022308379,999.774243234309,1680.8736556424644,0.45323308270676693,937.8498549027894,2795.7093662631505,0.0
X-n134-k13,133,cold_chain,ortools:nominal_or_tools,nominal_or_tools,ortools,True,True,True,13,13630.0,5.001455068588257,0.9232864379882812,5.924741506576538,8220.0,0.9833712166527097,pulp_cbc,mean_domain_loss,3405.8466080799653,,180,60,True,9183.395205809104,9198.564456324053,11030.147738079117,11050.704860248838,8207.46983594431,8358.9999907,18440.482539791603,19950.624671256595,22363.74275707056,993.6154517996431,1702.8481098937511,0.4557894736842105,931.6910613681234,3405.8466080799653,1404.6359317116373
X-n134-k13,133,atm,ortools:proxy_mean_or_tools,proxy_mean_or_tools,ortools,False,False,False,0,,0.0,,0.0,9183.395205809102,1.0986236638125495,pulp_cbc,mean_domain_loss,,total_load_exceeds_fleet_capacity,180,60,True,9183.395205809104,9198.564456324053,11030.147738079117,11050.704860248838,,,,,,,,,,,
X-n134-k13,133,grocery,ortools:proxy_mean_or_tools,proxy_mean_or_tools,ortools,False,False,False,0,,0.0,,0.0,9183.395205809102,1.0986236638125495,pulp_cbc,mean_domain_loss,,total_load_exceeds_fleet_capacity,180,60,True,9183.395205809104,9198.564456324053,11030.147738079117,11050.704860248838,,,,,,,,,,,
X-n134-k13,133,cargo,ortools:proxy_mean_or_tools,proxy_mean_or_tools,ortools,False,False,False,0,,0.0,,0.0,9183.395205809102,1.0986236638125495,pulp_cbc,mean_domain_loss,,total_load_exceeds_fleet_capacity,180,60,True,9183.395205809104,9198.564456324053,11030.147738079117,11050.704860248838,,,,,,,,,,,
X-n134-k13,133,cold_chain,ortools:proxy_mean_or_tools,proxy_mean_or_tools,ortools,False,False,False,0,,0.0,,0.0,9183.395205809102,1.0986236638125495,pulp_cbc,mean_domain_loss,,total_load_exceeds_fleet_capacity,180,60,True,9183.395205809104,9198.564456324053,11030.147738079117,11050.704860248838,,,,,,,,,,,
X-n134-k13,133,atm,ortools:quantile_p75_or_tools,quantile_p75_or_tools,ortools,False,False,False,0,,0.0,,0.0,10692.803823490274,1.2791965334956663,pulp_cbc,mean_domain_loss,,total_load_exceeds_fleet_capacity,180,60,True,9183.395205809104,9198.564456324053,11030.147738079117,11050.704860248838,,,,,,,,,,,
X-n134-k13,133,grocery,ortools:quantile_p75_or_tools,quantile_p75_or_tools,ortools,False,False,False,0,,0.0,,0.0,10692.803823490274,1.2791965334956663,pulp_cbc,mean_domain_loss,,total_load_exceeds_fleet_capacity,180,60,True,9183.395205809104,9198.564456324053,11030.147738079117,11050.704860248838,,,,,,,,,,,
X-n134-k13,133,cargo,ortools:quantile_p75_or_tools,quantile_p75_or_tools,ortools,False,False,False,0,,0.0,,0.0,10692.803823490274,1.2791965334956663,pulp_cbc,mean_domain_loss,,total_load_exceeds_fleet_capacity,180,60,True,9183.395205809104,9198.564456324053,11030.147738079117,11050.704860248838,,,,,,,,,,,
X-n134-k13,133,cold_chain,ortools:quantile_p75_or_tools,quantile_p75_or_tools,ortools,False,False,False,0,,0.0,,0.0,10692.803823490274,1.2791965334956663,pulp_cbc,mean_domain_loss,,total_load_exceeds_fleet_capacity,180,60,True,9183.395205809104,9198.564456324053,11030.147738079117,11050.704860248838,,,,,,,,,,,
X-n134-k13,133,atm,ortools:quantile_p90_or_tools,quantile_p90_or_tools,ortools,False,False,False,0,,0.0,,0.0,12818.158650380858,1.5334559935854597,pulp_cbc,mean_domain_loss,,total_load_exceeds_fleet_capacity,180,60,True,9183.395205809104,9198.564456324053,11030.147738079117,11050.704860248838,,,,,,,,,,,
X-n134-k13,133,grocery,ortools:quantile_p90_or_tools,quantile_p90_or_tools,ortools,False,False,False,0,,0.0,,0.0,12818.158650380858,1.5334559935854597,pulp_cbc,mean_domain_loss,,total_load_exceeds_fleet_capacity,180,60,True,9183.395205809104,9198.564456324053,11030.147738079117,11050.704860248838,,,,,,,,,,,
X-n134-k13,133,cargo,ortools:quantile_p90_or_tools,quantile_p90_or_tools,ortools,False,False,False,0,,0.0,,0.0,12818.158650380858,1.5334559935854597,pulp_cbc,mean_domain_loss,,total_load_exceeds_fleet_capacity,180,60,True,9183.395205809104,9198.564456324053,11030.147738079117,11050.704860248838,,,,,,,,,,,
X-n134-k13,133,cold_chain,ortools:quantile_p90_or_tools,quantile_p90_or_tools,ortools,False,False,False,0,,0.0,,0.0,12818.158650380858,1.5334559935854597,pulp_cbc,mean_domain_loss,,total_load_exceeds_fleet_capacity,180,60,True,9183.395205809104,9198.564456324053,11030.147738079117,11050.704860248838,,,,,,,,,,,
X-n134-k13,133,atm,ortools:robust_mean_1std_or_tools,robust_mean_1std_or_tools,ortools,False,False,False,0,,0.0,,0.0,12024.031652292218,1.4384533619203514,pulp_cbc,mean_domain_loss,,total_load_exceeds_fleet_capacity,180,60,True,9183.395205809104,9198.564456324053,11030.147738079117,11050.704860248838,,,,,,,,,,,
X-n134-k13,133,grocery,ortools:robust_mean_1std_or_tools,robust_mean_1std_or_tools,ortools,False,False,False,0,,0.0,,0.0,12024.031652292218,1.4384533619203514,pulp_cbc,mean_domain_loss,,total_load_exceeds_fleet_capacity,180,60,True,9183.395205809104,9198.564456324053,11030.147738079117,11050.704860248838,,,,,,,,,,,
X-n134-k13,133,cargo,ortools:robust_mean_1std_or_tools,robust_mean_1std_or_tools,ortools,False,False,False,0,,0.0,,0.0,12024.031652292218,1.4384533619203514,pulp_cbc,mean_domain_loss,,total_load_exceeds_fleet_capacity,180,60,True,9183.395205809104,9198.564456324053,11030.147738079117,11050.704860248838,,,,,,,,,,,
X-n134-k13,133,cold_chain,ortools:robust_mean_1std_or_tools,robust_mean_1std_or_tools,ortools,False,False,False,0,,0.0,,0.0,12024.031652292218,1.4384533619203514,pulp_cbc,mean_domain_loss,,total_load_exceeds_fleet_capacity,180,60,True,9183.395205809104,9198.564456324053,11030.147738079117,11050.704860248838,,,,,,,,,,,
X-n134-k13,133,atm,ortools:robust_mean_2std_or_tools,robust_mean_2std_or_tools,ortools,False,False,False,0,,0.0,,0.0,14864.668098775339,1.778283060028154,pulp_cbc,mean_domain_loss,,total_load_exceeds_fleet_capacity,180,60,True,9183.395205809104,9198.564456324053,11030.147738079117,11050.704860248838,,,,,,,,,,,
X-n134-k13,133,grocery,ortools:robust_mean_2std_or_tools,robust_mean_2std_or_tools,ortools,False,False,False,0,,0.0,,0.0,14864.668098775339,1.778283060028154,pulp_cbc,mean_domain_loss,,total_load_exceeds_fleet_capacity,180,60,True,9183.395205809104,9198.564456324053,11030.147738079117,11050.704860248838,,,,,,,,,,,
X-n134-k13,133,cargo,ortools:robust_mean_2std_or_tools,robust_mean_2std_or_tools,ortools,False,False,False,0,,0.0,,0.0,14864.668098775339,1.778283060028154,pulp_cbc,mean_domain_loss,,total_load_exceeds_fleet_capacity,180,60,True,9183.395205809104,9198.564456324053,11030.147738079117,11050.704860248838,,,,,,,,,,,
X-n134-k13,133,cold_chain,ortools:robust_mean_2std_or_tools,robust_mean_2std_or_tools,ortools,False,False,False,0,,0.0,,0.0,14864.668098775339,1.778283060028154,pulp_cbc,mean_domain_loss,,total_load_exceeds_fleet_capacity,180,60,True,9183.395205809104,9198.564456324053,11030.147738079117,11050.704860248838,,,,,,,,,,,
X-n134-k13,133,atm,ortools:proxy_mean_scaled_or_tools,proxy_mean_scaled_or_tools,ortools,False,False,False,0,,4.998485088348389,,4.998485088348389,8317.205,0.995,pulp_cbc,mean_domain_loss,,ortools_no_solution,180,60,True,9183.395205809104,9198.564456324053,11030.147738079117,11050.704860248838,,,,,,,,,,,
X-n134-k13,133,grocery,ortools:proxy_mean_scaled_or_tools,proxy_mean_scaled_or_tools,ortools,False,False,False,0,,4.998485088348389,,4.998485088348389,8317.205,0.995,pulp_cbc,mean_domain_loss,,ortools_no_solution,180,60,True,9183.395205809104,9198.564456324053,11030.147738079117,11050.704860248838,,,,,,,,,,,
X-n134-k13,133,cargo,ortools:proxy_mean_scaled_or_tools,proxy_mean_scaled_or_tools,ortools,False,False,False,0,,4.998485088348389,,4.998485088348389,8317.205,0.995,pulp_cbc,mean_domain_loss,,ortools_no_solution,180,60,True,9183.395205809104,9198.564456324053,11030.147738079117,11050.704860248838,,,,,,,,,,,
X-n134-k13,133,cold_chain,ortools:proxy_mean_scaled_or_tools,proxy_mean_scaled_or_tools,ortools,False,False,False,0,,4.998485088348389,,4.998485088348389,8317.205,0.995,pulp_cbc,mean_domain_loss,,ortools_no_solution,180,60,True,9183.395205809104,9198.564456324053,11030.147738079117,11050.704860248838,,,,,,,,,,,
X-n134-k13,133,atm,ortools:quantile_p75_scaled_or_tools,quantile_p75_scaled_or_tools,ortools,True,True,True,13,15401.0,5.0022873878479,0.8480875492095947,5.850374937057495,8317.205,0.995,pulp_cbc,mean_domain_loss,3798.2267284495624,,180,60,True,9183.395205809104,9198.564456324053,11030.147738079117,11050.704860248838,8176.996421517809,8359.0000009,19199.22672844956,21631.779631854224,25238.205546809444,996.0030410999112,1695.2340951780404,0.46030075187969927,934.0786608683916,3798.2267284495624,0.0
X-n134-k13,133,grocery,ortools:quantile_p75_scaled_or_tools,quantile_p75_scaled_or_tools,ortools,True,True,True,13,15401.0,5.0022873878479,0.9673724174499512,5.969659805297852,8317.205,0.995,pulp_cbc,mean_domain_loss,2369.621622171581,,180,60,True,9183.395205809104,9198.564456324053,11030.147738079117,11050.704860248838,3793.982694050146,8358.9999995,17770.62162217158,18934.847584156767,20817.15268146412,994.5683550825395,1692.974832583723,0.4605263157894737,932.64397345102,2369.621622171581,0.0
X-n134-k13,133,cargo,ortools:quantile_p75_scaled_or_tools,quantile_p75_scaled_or_tools,ortools,True,True,True,13,15401.0,5.0022873878479,0.8517699241638184,5.854057312011719,8317.205,0.995,pulp_cbc,mean_domain_loss,2783.1653183123753,,180,60,True,9183.395205809104,9198.564456324053,11030.147738079117,11050.704860248838,7213.58105407049,8358.9999809,18184.165318312374,19998.655843704608,22646.164118141154,1002.4450453097622,1697.0606282270785,0.4486466165413534,940.5206450782426,2783.1653183123753,0.0
X-n134-k13,133,cold_chain,ortools:quantile_p75_scaled_or_tools,quantile_p75_scaled_or_tools,ortools,True,True,True,13,15401.0,5.0022873878479,0.8686513900756836,5.870938777923584,8317.205,0.995,pulp_cbc,mean_domain_loss,3410.7895716443168,,180,60,True,9183.395205809104,9198.564456324053,11030.147738079117,11050.704860248838,8231.594336954888,8359.0000089,20244.28025208748,21696.19469949051,24151.00895100466,995.469910673164,1691.6218950162083,0.4596992481203008,933.5455384416443,3410.7895716443168,1432.4906804431587
X-n134-k13,133,atm,ortools:quantile_p90_scaled_or_tools,quantile_p90_scaled_or_tools,ortools,True,True,True,13,15608.0,5.0015482902526855,0.8644731044769287,5.866021394729614,8317.205000000002,0.9950000000000002,pulp_cbc,mean_domain_loss,3812.81790567278,,180,60,True,9183.395205809104,9198.564456324053,11030.147738079117,11050.704860248838,8186.3124690180675,8358.999991100001,19420.81790567278,21842.919719270547,25464.74172060956,1000.8998602985729,1697.9123202687504,0.46398496240601506,938.9754702670532,3812.81790567278,0.0
X-n134-k13,133,grocery,ortools:quantile_p90_scaled_or_tools,quantile_p90_scaled_or_tools,ortools,True,True,True,13,15608.0,5.0015482902526855,0.8600413799285889,5.861589670181274,8317.205000000002,0.9950000000000002,pulp_cbc,mean_domain_loss,2380.13929128706,,180,60,True,9183.395205809104,9198.564456324053,11030.147738079117,11050.704860248838,3800.626837590371,8359.000000200002,17988.13929128706,19157.582458442033,21043.629881726392,999.8928162372243,1694.9439994884306,0.4639097744360902,937.9684353057049,2380.13929128706,0.0
X-n134-k13,133,cargo,ortools:quantile_p90_scaled_or_tools,quantile_p90_scaled_or_tools,ortools,True,True,True,13,15608.0,5.0015482902526855,0.8787398338317871,5.880288124084473,8317.205000000002,0.9950000000000002,pulp_cbc,mean_domain_loss,2796.8342624584184,,180,60,True,9183.395205809104,9198.564456324053,11030.147738079117,11050.704860248838,7227.861938238676,8358.9999943,18404.83426245842,20240.70165801695,22875.441688159997,1004.7508836708349,1685.055641084925,0.4493984962406015,942.826496839315,2796.8342624584184,0.0
X-n134-k13,133,cold_chain,ortools:quantile_p90_scaled_or_tools,quantile_p90_scaled_or_tools,ortools,True,True,True,13,15608.0,5.0015482902526855,0.8357503414154053,5.837298631668091,8317.205000000002,0.9950000000000002,pulp_cbc,mean_domain_loss,3416.5267020585575,,180,60,True,9183.395205809104,9198.564456324053,11030.147738079117,11050.704860248838,8187.28749702328,8358.999999700001,20406.669077993047,21843.715252820166,24333.397807229012,998.0790174960265,1703.0293801534763,0.4633082706766917,936.1546360645068,3416.5267020585575,1382.1423759344916
X-n134-k13,133,atm,ortools:robust_mean_1std_scaled_or_tools,robust_mean_1std_scaled_or_tools,ortools,True,True,True,13,14509.0,5.00058913230896,0.9171814918518066,5.917770624160767,8317.205000000002,0.9950000000000002,pulp_cbc,mean_domain_loss,3794.8377149842245,,180,60,True,9183.395205809104,9198.564456324053,11030.147738079117,11050.704860248838,8180.662451520805,8358.999989800002,18303.837714984227,20726.586486328888,24350.78614212427,995.9132246187179,1693.2971765639022,0.4625563909774436,933.9888332871985,3794.8377149842245,0.0
X-n134-k13,133,grocery,ortools:robust_mean_1std_scaled_or_tools,robust_mean_1std_scaled_or_tools,ortools,True,True,True,13,14509.0,5.00058913230896,0.957064151763916,5.957653284072876,8317.205000000002,0.9950000000000002,pulp_cbc,mean_domain_loss,2369.4823242808843,,180,60,True,9183.395205809104,9198.564456324053,11030.147738079117,11050.704860248838,3796.889004123346,8359.000001100001,16878.48232428088,18029.11126920094,19937.619314711927,994.7295539024977,1694.447638133087,0.462406015037594,932.8051738709781,2369.4823242808843,0.0
X-n134-k13,133,cargo,ortools:robust_mean_1std_scaled_or_tools,robust_mean_1std_scaled_or_tools,ortools,True,True,True,13,14509.0,5.00058913230896,0.8502037525177002,5.85079288482666,8317.205000000002,0.9950000000000002,pulp_cbc,mean_domain_loss,2784.7555908310296,,180,60,True,9183.395205809104,9198.564456324053,11030.147738079117,11050.704860248838,7213.040464412831,8359.000007499999,17293.755590831028,19100.570549392058,21760.610959643083,1003.762011429377,1690.816157350942,0.4478947368421053,941.8376377978575,2784.7555908310296,0.0
X-n134-k13,133,cold_chain,ortools:robust_mean_1std_scaled_or_tools,robust_mean_1std_scaled_or_tools,ortools,True,True,True,13,14509.0,5.00058913230896,1.3410134315490723,6.341602563858032,8317.205000000002,0.9950000000000002,pulp_cbc,mean_domain_loss,3404.7707648884925,,180,60,True,9183.395205809104,9198.564456324053,11030.147738079117,11050.704860248838,8166.039622613884,8358.999996800001,19280.826301854686,20726.933552807615,23205.12967268489,995.1426663648293,1693.066180492223,0.4643609022556391,933.2182820333096,3404.7707648884925,1367.055536966193
X-n134-k13,133,atm,ortools:robust_mean_2std_scaled_or_tools,robust_mean_2std_scaled_or_tools,ortools,False,False,False,0,,5.00369668006897,,5.00369668006897,8317.205000000002,0.9950000000000002,pulp_cbc,mean_domain_loss,,ortools_no_solution,180,60,True,9183.395205809104,9198.564456324053,11030.147738079117,11050.704860248838,,,,,,,,,,,
X-n134-k13,133,grocery,ortools:robust_mean_2std_scaled_or_tools,robust_mean_2std_scaled_or_tools,ortools,False,False,False,0,,5.00369668006897,,5.00369668006897,8317.205000000002,0.9950000000000002,pulp_cbc,mean_domain_loss,,ortools_no_solution,180,60,True,9183.395205809104,9198.564456324053,11030.147738079117,11050.704860248838,,,,,,,,,,,
X-n134-k13,133,cargo,ortools:robust_mean_2std_scaled_or_tools,robust_mean_2std_scaled_or_tools,ortools,False,False,False,0,,5.00369668006897,,5.00369668006897,8317.205000000002,0.9950000000000002,pulp_cbc,mean_domain_loss,,ortools_no_solution,180,60,True,9183.395205809104,9198.564456324053,11030.147738079117,11050.704860248838,,,,,,,,,,,
X-n134-k13,133,cold_chain,ortools:robust_mean_2std_scaled_or_tools,robust_mean_2std_scaled_or_tools,ortools,False,False,False,0,,5.00369668006897,,5.00369668006897,8317.205000000002,0.9950000000000002,pulp_cbc,mean_domain_loss,,ortools_no_solution,180,60,True,9183.395205809104,9198.564456324053,11030.147738079117,11050.704860248838,,,,,,,,,,,
X-n134-k13,133,atm,ortools:nominal_seed101_or_tools,nominal_seed101_or_tools,ortools,True,True,True,13,12635.0,4.999899625778198,0.9386246204376221,5.93852424621582,8220.0,0.9833712166527097,pulp_cbc,mean_domain_loss,3793.488372404494,,180,60,True,9183.395205809104,9198.564456324053,11030.147738079117,11050.704860248838,8181.241689470445,8358.9999938,16428.488372404492,18852.32724406231,22466.34765497997,994.3124860229708,1691.3831556442867,0.4612781954887218,932.3880986914513,3793.488372404494,0.0
X-n134-k13,133,grocery,ortools:nominal_seed101_or_tools,nominal_seed101_or_tools,ortools,True,True,True,13,12635.0,4.999899625778198,0.971625804901123,5.971525430679321,8220.0,0.9833712166527097,pulp_cbc,mean_domain_loss,2369.94240898806,,180,60,True,9183.395205809104,9198.564456324053,11030.147738079117,11050.704860248838,3794.795150091535,8358.999996300001,15004.94240898806,16168.374680703324,18052.18669088456,994.6962707637227,1692.1166502778624,0.4594736842105263,932.7718859322028,2369.94240898806,0.0
X-n134-k13,133,cargo,ortools:nominal_seed101_or_tools,nominal_seed101_or_tools,ortools,True,True,True,13,12635.0,4.999899625778198,0.8853096961975098,5.885209321975708,8220.0,0.9833712166527097,pulp_cbc,mean_domain_loss,2784.7382126081984,,180,60,True,9183.395205809104,9198.564456324053,11030.147738079117,11050.704860248838,7235.512320505766,8358.9999974,15419.738212608198,17256.49873084052,19897.735385738906,997.2705090927116,1698.461243509539,0.4550375939849624,935.346125361192,2784.7382126081984,0.0
X-n134-k13,133,cold_chain,ortools:nominal_seed101_or_tools,nominal_seed101_or_tools,ortools,True,True,True,13,12635.0,4.999899625778198,0.9782788753509521,5.97817850112915,8220.0,0.9833712166527097,pulp_cbc,mean_domain_loss,3404.449699957508,,180,60,True,9183.395205809104,9198.564456324053,11030.147738079117,11050.704860248838,8169.7058463848225,8359.0000104,17412.263716337882,18850.142197834914,21322.9890802484,994.1446893875191,1696.8769314985423,0.45706766917293234,932.2203186559996,3404.449699957508,1372.8140163803766
X-n134-k13,133,atm,ortools:nominal_seed103_or_tools,nominal_seed103_or_tools,ortools,True,True,True,13,12210.0,5.003038644790649,0.8235633373260498,5.826601982116699,8220.0,0.9833712166527097,pulp_cbc,mean_domain_loss,3794.4523918107925,,180,60,True,9183.395205809104,9198.564456324053,11030.147738079117,11050.704860248838,8182.523165495621,8359.0000064,16004.452391810795,18422.740971404462,22045.756697617086,994.4922910511284,1688.2817203251761,0.4613533834586466,932.5679163196088,3794.4523918107925,0.0
X-n134-k13,133,grocery,ortools:nominal_seed103_or_tools,nominal_seed103_or_tools,ortools,True,True,True,13,12210.0,5.003038644790649,0.8878412246704102,5.89087986946106,8220.0,0.9833712166527097,pulp_cbc,mean_domain_loss,2369.921520178373,,180,60,True,9183.395205809104,9198.564456324053,11030.147738079117,11050.704860248838,3795.9450632160388,8358.9999959,14579.921520178374,15773.805578293119,17631.48094119633,994.6684730089936,1688.3983686740605,0.4583458646616541,932.7440877774742,2369.921520178373,0.0
X-n134-k13,133,cargo,ortools:nominal_seed103_or_tools,nominal_seed103_or_tools,ortools,True,True,True,13,12210.0,5.003038644790649,0.8583793640136719,5.861418008804321,8220.0,0.9833712166527097,pulp_cbc,mean_domain_loss,2788.7216445455906,,180,60,True,9183.395205809104,9198.564456324053,11030.147738079117,11050.704860248838,7239.737115864031,8359.0000177,14998.721644545589,16827.61977481226,19485.763185659427,997.8312298361903,1694.7813136673794,0.4585714285714286,935.9068664046706,2788.7216445455906,0.0
X-n134-k13,133,cold_chain,ortools:nominal_seed103_or_tools,nominal_seed103_or_tools,ortools,True,True,True,13,12210.0,5.003038644790649,0.8587603569030762,5.861799001693726,8220.0,0.9833712166527097,pulp_cbc,mean_domain_loss,3398.9587597186833,,180,60,True,9183.395205809104,9198.564456324053,11030.147738079117,11050.704860248838,8146.56082611847,8358.9999909,16959.807652413565,18412.324460591084,20877.92189584178,993.1099813341538,1682.9397337862154,0.45631578947368423,931.1855911026339,3398.9587597186833,1350.8488926948796
X-n134-k13,133,atm,ortools:proxy_mean_scaled_seed109_or_tools,proxy_mean_scaled_seed109_or_tools,ortools,False,False,False,0,,5.003798723220825,,5.003798723220825,8317.205,0.995,pulp_cbc,mean_domain_loss,,ortools_no_solution,180,60,True,9183.395205809104,9198.564456324053,11030.147738079117,11050.704860248838,,,,,,,,,,,
X-n134-k13,133,grocery,ortools:proxy_mean_scaled_seed109_or_tools,proxy_mean_scaled_seed109_or_tools,ortools,False,False,False,0,,5.003798723220825,,5.003798723220825,8317.205,0.995,pulp_cbc,mean_domain_loss,,ortools_no_solution,180,60,True,9183.395205809104,9198.564456324053,11030.147738079117,11050.704860248838,,,,,,,,,,,
X-n134-k13,133,cargo,ortools:proxy_mean_scaled_seed109_or_tools,proxy_mean_scaled_seed109_or_tools,ortools,False,False,False,0,,5.003798723220825,,5.003798723220825,8317.205,0.995,pulp_cbc,mean_domain_loss,,ortools_no_solution,180,60,True,9183.395205809104,9198.564456324053,11030.147738079117,11050.704860248838,,,,,,,,,,,
X-n134-k13,133,cold_chain,ortools:proxy_mean_scaled_seed109_or_tools,proxy_mean_scaled_seed109_or_tools,ortools,False,False,False,0,,5.003798723220825,,5.003798723220825,8317.205,0.995,pulp_cbc,mean_domain_loss,,ortools_no_solution,180,60,True,9183.395205809104,9198.564456324053,11030.147738079117,11050.704860248838,,,,,,,,,,,
X-n134-k13,133,atm,ortools:quantile_p75_scaled_seed107_or_tools,quantile_p75_scaled_seed107_or_tools,ortools,False,False,False,0,,5.0037522315979,,5.0037522315979,8317.205,0.995,pulp_cbc,mean_domain_loss,,ortools_no_solution,180,60,True,9183.395205809104,9198.564456324053,11030.147738079117,11050.704860248838,,,,,,,,,,,
X-n134-k13,133,grocery,ortools:quantile_p75_scaled_seed107_or_tools,quantile_p75_scaled_seed107_or_tools,ortools,False,False,False,0,,5.0037522315979,,5.0037522315979,8317.205,0.995,pulp_cbc,mean_domain_loss,,ortools_no_solution,180,60,True,9183.395205809104,9198.564456324053,11030.147738079117,11050.704860248838,,,,,,,,,,,
X-n134-k13,133,cargo,ortools:quantile_p75_scaled_seed107_or_tools,quantile_p75_scaled_seed107_or_tools,ortools,False,False,False,0,,5.0037522315979,,5.0037522315979,8317.205,0.995,pulp_cbc,mean_domain_loss,,ortools_no_solution,180,60,True,9183.395205809104,9198.564456324053,11030.147738079117,11050.704860248838,,,,,,,,,,,
X-n134-k13,133,cold_chain,ortools:quantile_p75_scaled_seed107_or_tools,quantile_p75_scaled_seed107_or_tools,ortools,False,False,False,0,,5.0037522315979,,5.0037522315979,8317.205,0.995,pulp_cbc,mean_domain_loss,,ortools_no_solution,180,60,True,9183.395205809104,9198.564456324053,11030.147738079117,11050.704860248838,,,,,,,,,,,
X-n134-k13,133,atm,ortools:robust_mean_1std_scaled_seed113_or_tools,robust_mean_1std_scaled_seed113_or_tools,ortools,True,True,True,13,14602.0,5.0003721714019775,0.8803505897521973,5.880722761154175,8317.205000000002,0.9950000000000002,pulp_cbc,mean_domain_loss,3807.5424017826285,,180,60,True,9183.395205809104,9198.564456324053,11030.147738079117,11050.704860248838,8186.002136449845,8358.9999953,18409.54240178263,20846.11695360649,24454.875862889094,999.7074378427264,1700.2615414884306,0.46518796992481204,937.7830520112069,3807.5424017826285,0.0
X-n134-k13,133,grocery,ortools:robust_mean_1std_scaled_seed113_or_tools,robust_mean_1std_scaled_seed113_or_tools,ortools,True,True,True,13,14602.0,5.0003721714019775,0.8794248104095459,5.879796981811523,8317.205000000002,0.9950000000000002,pulp_cbc,mean_domain_loss,2376.8512480497493,,180,60,True,9183.395205809104,9198.564456324053,11030.147738079117,11050.704860248838,3800.0312629906866,8358.9999953,16978.85124804975,18131.60406376293,20033.758028002077,998.2960261359896,1694.7164120236234,0.46421052631578946,936.3716403044699,2376.8512480497493,0.0
X-n134-k13,133,cargo,ortools:robust_mean_1std_scaled_seed113_or_tools,robust_mean_1std_scaled_seed113_or_tools,ortools,True,True,True,13,14602.0,5.0003721714019775,0.8297944068908691,5.830166578292847,8317.205000000002,0.9950000000000002,pulp_cbc,mean_domain_loss,2791.8240187322667,,180,60,True,9183.395205809104,9198.564456324053,11030.147738079117,11050.704860248838,7222.757028909949,8358.9999969,17393.824018732266,19217.47907686279,21854.37326252329,1005.2550104536718,1692.6966420367867,0.4529323308270677,943.3306262221522,2791.8240187322667,0.0
X-n134-k13,133,cold_chain,ortools:robust_mean_1std_scaled_seed113_or_tools,robust_mean_1std_scaled_seed113_or_tools,ortools,True,True,True,13,14602.0,5.0003721714019775,0.8784079551696777,5.878780126571655,8317.205000000002,0.9950000000000002,pulp_cbc,mean_domain_loss,3408.574686099102,,180,60,True,9183.395205809104,9198.564456324053,11030.147738079117,11050.704860248838,8232.734880084208,8358.9999974,19434.781470385286,20867.64783545665,23360.35068895995,995.6289868826575,1699.1204180346665,0.4621804511278195,933.7046031511378,3408.574686099102,1424.2067842861863
X-n139-k10,138,atm,ortools:nominal_or_tools,nominal_or_tools,ortools,True,True,True,10,14877.0,5.000831127166748,1.178234338760376,6.179065465927124,1039.0,0.980188679245283,pulp_cbc,mean_domain_loss,427.74397507376096,,180,60,True,1146.307606641427,1148.216888591183,1334.618975008724,1335.9433230902957,890.7504342892075,1060.0000003999999,15304.743975073761,15596.873661058404,15958.702433200688,110.72537329907613,192.0648618164694,0.42188405797101447,129.33558756897193,427.74397507376096,0.0
X-n139-k10,138,grocery,ortools:nominal_or_tools,nominal_or_tools,ortools,True,True,True,10,14877.0,5.000831127166748,1.153247594833374,6.154078722000122,1039.0,0.980188679245283,pulp_cbc,mean_domain_loss,276.8414516565013,,180,60,True,1146.307606641427,1148.216888591183,1334.618975008724,1335.9433230902957,428.7537476916864,1059.9999992,15153.841451656503,15291.569902067238,15476.458059959114,110.78874076637658,192.80525018545077,0.4176086956521739,129.3989538362723,276.8414516565013,0.0
X-n139-k10,138,cargo,ortools:nominal_or_tools,nominal_or_tools,ortools,True,True,True,10,14877.0,5.000831127166748,1.2993805408477783,6.300211668014526,1039.0,0.980188679245283,pulp_cbc,mean_domain_loss,322.41803262558363,,180,60,True,1146.307606641427,1148.216888591183,1334.618975008724,1335.9433230902957,793.457235116695,1059.9999987,15199.418032625583,15422.57442752551,15699.885827971884,112.09699646581926,192.54160825351215,0.42340579710144927,130.70720903571507,322.41803262558363,0.0
X-n139-k10,138,cold_chain,ortools:nominal_or_tools,nominal_or_tools,ortools,True,True,True,10,14877.0,5.000831127166748,1.238091230392456,6.238922357559204,1039.0,0.980188679245283,pulp_cbc,mean_domain_loss,400.88230921592077,,180,60,True,1146.307606641427,1148.216888591183,1334.618975008724,1335.9433230902957,942.5437858634044,1059.9999983999999,15476.951879013788,15641.298725412673,15887.977653810463,110.94570533143249,190.73290636576277,0.41594202898550725,129.55591760132825,400.88230921592077,199.0695697978684
X-n139-k10,138,atm,ortools:proxy_mean_or_tools,proxy_mean_or_tools,ortools,False,False,False,0,,0.0,,0.0,1146.307606641427,1.0814222704164405,pulp_cbc,mean_domain_loss,,total_load_exceeds_fleet_capacity,180,60,True,1146.307606641427,1148.216888591183,1334.618975008724,1335.9433230902957,,,,,,,,,,,
X-n139-k10,138,grocery,ortools:proxy_mean_or_tools,proxy_mean_or_tools,ortools,False,False,False,0,,0.0,,0.0,1146.307606641427,1.0814222704164405,pulp_cbc,mean_domain_loss,,total_load_exceeds_fleet_capacity,180,60,True,1146.307606641427,1148.216888591183,1334.618975008724,1335.9433230902957,,,,,,,,,,,
X-n139-k10,138,cargo,ortools:proxy_mean_or_tools,proxy_mean_or_tools,ortools,False,False,False,0,,0.0,,0.0,1146.307606641427,1.0814222704164405,pulp_cbc,mean_domain_loss,,total_load_exceeds_fleet_capacity,180,60,True,1146.307606641427,1148.216888591183,1334.618975008724,1335.9433230902957,,,,,,,,,,,
X-n139-k10,138,cold_chain,ortools:proxy_mean_or_tools,proxy_mean_or_tools,ortools,False,False,False,0,,0.0,,0.0,1146.307606641427,1.0814222704164405,pulp_cbc,mean_domain_loss,,total_load_exceeds_fleet_capacity,180,60,True,1146.307606641427,1148.216888591183,1334.618975008724,1335.9433230902957,,,,,,,,,,,
X-n139-k10,138,atm,ortools:quantile_p75_or_tools,quantile_p75_or_tools,ortools,False,False,False,0,,0.0,,0.0,1329.4869493703554,1.254232971104109,pulp_cbc,mean_domain_loss,,total_load_exceeds_fleet_capacity,180,60,True,1146.307606641427,1148.216888591183,1334.618975008724,1335.9433230902957,,,,,,,,,,,
X-n139-k10,138,grocery,ortools:quantile_p75_or_tools,quantile_p75_or_tools,ortools,False,False,False,0,,0.0,,0.0,1329.4869493703554,1.254232971104109,pulp_cbc,mean_domain_loss,,total_load_exceeds_fleet_capacity,180,60,True,1146.307606641427,1148.216888591183,1334.618975008724,1335.9433230902957,,,,,,,,,,,
X-n139-k10,138,cargo,ortools:quantile_p75_or_tools,quantile_p75_or_tools,ortools,False,False,False,0,,0.0,,0.0,1329.4869493703554,1.254232971104109,pulp_cbc,mean_domain_loss,,total_load_exceeds_fleet_capacity,180,60,True,1146.307606641427,1148.216888591183,1334.618975008724,1335.9433230902957,,,,,,,,,,,
X-n139-k10,138,cold_chain,ortools:quantile_p75_or_tools,quantile_p75_or_tools,ortools,False,False,False,0,,0.0,,0.0,1329.4869493703554,1.254232971104109,pulp_cbc,mean_domain_loss,,total_load_exceeds_fleet_capacity,180,60,True,1146.307606641427,1148.216888591183,1334.618975008724,1335.9433230902957,,,,,,,,,,,
X-n139-k10,138,atm,ortools:quantile_p90_or_tools,quantile_p90_or_tools,ortools,False,False,False,0,,0.0,,0.0,1576.788758173226,1.487536564314364,pulp_cbc,mean_domain_loss,,total_load_exceeds_fleet_capacity,180,60,True,1146.307606641427,1148.216888591183,1334.618975008724,1335.9433230902957,,,,,,,,,,,
X-n139-k10,138,grocery,ortools:quantile_p90_or_tools,quantile_p90_or_tools,ortools,False,False,False,0,,0.0,,0.0,1576.788758173226,1.487536564314364,pulp_cbc,mean_domain_loss,,total_load_exceeds_fleet_capacity,180,60,True,1146.307606641427,1148.216888591183,1334.618975008724,1335.9433230902957,,,,,,,,,,,
X-n139-k10,138,cargo,ortools:quantile_p90_or_tools,quantile_p90_or_tools,ortools,False,False,False,0,,0.0,,0.0,1576.788758173226,1.487536564314364,pulp_cbc,mean_domain_loss,,total_load_exceeds_fleet_capacity,180,60,True,1146.307606641427,1148.216888591183,1334.618975008724,1335.9433230902957,,,,,,,,,,,
X-n139-k10,138,cold_chain,ortools:quantile_p90_or_tools,quantile_p90_or_tools,ortools,False,False,False,0,,0.0,,0.0,1576.788758173226,1.487536564314364,pulp_cbc,mean_domain_loss,,total_load_exceeds_fleet_capacity,180,60,True,1146.307606641427,1148.216888591183,1334.618975008724,1335.9433230902957,,,,,,,,,,,
X-n139-k10,138,atm,ortools:robust_mean_1std_or_tools,robust_mean_1std_or_tools,ortools,False,False,False,0,,0.0,,0.0,1480.6295593962218,1.3968203390530394,pulp_cbc,mean_domain_loss,,total_load_exceeds_fleet_capacity,180,60,True,1146.307606641427,1148.216888591183,1334.618975008724,1335.9433230902957,,,,,,,,,,,
X-n139-k10,138,grocery,ortools:robust_mean_1std_or_tools,robust_mean_1std_or_tools,ortools,False,False,False,0,,0.0,,0.0,1480.6295593962218,1.3968203390530394,pulp_cbc,mean_domain_loss,,total_load_exceeds_fleet_capacity,180,60,True,1146.307606641427,1148.216888591183,1334.618975008724,1335.9433230902957,,,,,,,,,,,
X-n139-k10,138,cargo,ortools:robust_mean_1std_or_tools,robust_mean_1std_or_tools,ortools,False,False,False,0,,0.0,,0.0,1480.6295593962218,1.3968203390530394,pulp_cbc,mean_domain_loss,,total_load_exceeds_fleet_capacity,180,60,True,1146.307606641427,1148.216888591183,1334.618975008724,1335.9433230902957,,,,,,,,,,,
X-n139-k10,138,cold_chain,ortools:robust_mean_1std_or_tools,robust_mean_1std_or_tools,ortools,False,False,False,0,,0.0,,0.0,1480.6295593962218,1.3968203390530394,pulp_cbc,mean_domain_loss,,total_load_exceeds_fleet_capacity,180,60,True,1146.307606641427,1148.216888591183,1334.618975008724,1335.9433230902957,,,,,,,,,,,
X-n139-k10,138,atm,ortools:robust_mean_2std_or_tools,robust_mean_2std_or_tools,ortools,False,False,False,0,,0.0,,0.0,1814.9515121510162,1.7122184076896378,pulp_cbc,mean_domain_loss,,total_load_exceeds_fleet_capacity,180,60,True,1146.307606641427,1148.216888591183,1334.618975008724,1335.9433230902957,,,,,,,,,,,
X-n139-k10,138,grocery,ortools:robust_mean_2std_or_tools,robust_mean_2std_or_tools,ortools,False,False,False,0,,0.0,,0.0,1814.9515121510162,1.7122184076896378,pulp_cbc,mean_domain_loss,,total_load_exceeds_fleet_capacity,180,60,True,1146.307606641427,1148.216888591183,1334.618975008724,1335.9433230902957,,,,,,,,,,,
X-n139-k10,138,cargo,ortools:robust_mean_2std_or_tools,robust_mean_2std_or_tools,ortools,False,False,False,0,,0.0,,0.0,1814.9515121510162,1.7122184076896378,pulp_cbc,mean_domain_loss,,total_load_exceeds_fleet_capacity,180,60,True,1146.307606641427,1148.216888591183,1334.618975008724,1335.9433230902957,,,,,,,,,,,
X-n139-k10,138,cold_chain,ortools:robust_mean_2std_or_tools,robust_mean_2std_or_tools,ortools,False,False,False,0,,0.0,,0.0,1814.9515121510162,1.7122184076896378,pulp_cbc,mean_domain_loss,,total_load_exceeds_fleet_capacity,180,60,True,1146.307606641427,1148.216888591183,1334.618975008724,1335.9433230902957,,,,,,,,,,,
X-n139-k10,138,atm,ortools:proxy_mean_scaled_or_tools,proxy_mean_scaled_or_tools,ortools,False,False,False,0,,5.001253843307495,,5.001253843307495,1054.7000000000003,0.9950000000000002,pulp_cbc,mean_domain_loss,,ortools_no_solution,180,60,True,1146.307606641427,1148.216888591183,1334.618975008724,1335.9433230902957,,,,,,,,,,,
X-n139-k10,138,grocery,ortools:proxy_mean_scaled_or_tools,proxy_mean_scaled_or_tools,ortools,False,False,False,0,,5.001253843307495,,5.001253843307495,1054.7000000000003,0.9950000000000002,pulp_cbc,mean_domain_loss,,ortools_no_solution,180,60,True,1146.307606641427,1148.216888591183,1334.618975008724,1335.9433230902957,,,,,,,,,,,
X-n139-k10,138,cargo,ortools:proxy_mean_scaled_or_tools,proxy_mean_scaled_or_tools,ortools,False,False,False,0,,5.001253843307495,,5.001253843307495,1054.7000000000003,0.9950000000000002,pulp_cbc,mean_domain_loss,,ortools_no_solution,180,60,True,1146.307606641427,1148.216888591183,1334.618975008724,1335.9433230902957,,,,,,,,,,,
X-n139-k10,138,cold_chain,ortools:proxy_mean_scaled_or_tools,proxy_mean_scaled_or_tools,ortools,False,False,False,0,,5.001253843307495,,5.001253843307495,1054.7000000000003,0.9950000000000002,pulp_cbc,mean_domain_loss,,ortools_no_solution,180,60,True,1146.307606641427,1148.216888591183,1334.618975008724,1335.9433230902957,,,,,,,,,,,
X-n139-k10,138,atm,ortools:quantile_p75_scaled_or_tools,quantile_p75_scaled_or_tools,ortools,False,False,False,0,,5.002357721328735,,5.002357721328735,1054.6999999999998,0.9949999999999998,pulp_cbc,mean_domain_loss,,ortools_no_solution,180,60,True,1146.307606641427,1148.216888591183,1334.618975008724,1335.9433230902957,,,,,,,,,,,
X-n139-k10,138,grocery,ortools:quantile_p75_scaled_or_tools,quantile_p75_scaled_or_tools,ortools,False,False,False,0,,5.002357721328735,,5.002357721328735,1054.6999999999998,0.9949999999999998,pulp_cbc,mean_domain_loss,,ortools_no_solution,180,60,True,1146.307606641427,1148.216888591183,1334.618975008724,1335.9433230902957,,,,,,,,,,,
X-n139-k10,138,cargo,ortools:quantile_p75_scaled_or_tools,quantile_p75_scaled_or_tools,ortools,False,False,False,0,,5.002357721328735,,5.002357721328735,1054.6999999999998,0.9949999999999998,pulp_cbc,mean_domain_loss,,ortools_no_solution,180,60,True,1146.307606641427,1148.216888591183,1334.618975008724,1335.9433230902957,,,,,,,,,,,
X-n139-k10,138,cold_chain,ortools:quantile_p75_scaled_or_tools,quantile_p75_scaled_or_tools,ortools,False,False,False,0,,5.002357721328735,,5.002357721328735,1054.6999999999998,0.9949999999999998,pulp_cbc,mean_domain_loss,,ortools_no_solution,180,60,True,1146.307606641427,1148.216888591183,1334.618975008724,1335.9433230902957,,,,,,,,,,,
X-n139-k10,138,atm,ortools:quantile_p90_scaled_or_tools,quantile_p90_scaled_or_tools,ortools,False,False,False,0,,5.0025105476379395,,5.0025105476379395,1054.7000000000003,0.9950000000000002,pulp_cbc,mean_domain_loss,,ortools_no_solution,180,60,True,1146.307606641427,1148.216888591183,1334.618975008724,1335.9433230902957,,,,,,,,,,,
X-n139-k10,138,grocery,ortools:quantile_p90_scaled_or_tools,quantile_p90_scaled_or_tools,ortools,False,False,False,0,,5.0025105476379395,,5.0025105476379395,1054.7000000000003,0.9950000000000002,pulp_cbc,mean_domain_loss,,ortools_no_solution,180,60,True,1146.307606641427,1148.216888591183,1334.618975008724,1335.9433230902957,,,,,,,,,,,
X-n139-k10,138,cargo,ortools:quantile_p90_scaled_or_tools,quantile_p90_scaled_or_tools,ortools,False,False,False,0,,5.0025105476379395,,5.0025105476379395,1054.7000000000003,0.9950000000000002,pulp_cbc,mean_domain_loss,,ortools_no_solution,180,60,True,1146.307606641427,1148.216888591183,1334.618975008724,1335.9433230902957,,,,,,,,,,,
X-n139-k10,138,cold_chain,ortools:quantile_p90_scaled_or_tools,quantile_p90_scaled_or_tools,ortools,False,False,False,0,,5.0025105476379395,,5.0025105476379395,1054.7000000000003,0.9950000000000002,pulp_cbc,mean_domain_loss,,ortools_no_solution,180,60,True,1146.307606641427,1148.216888591183,1334.618975008724,1335.9433230902957,,,,,,,,,,,
X-n139-k10,138,atm,ortools:robust_mean_1std_scaled_or_tools,robust_mean_1std_scaled_or_tools,ortools,False,False,False,0,,0.0,,0.0,1054.7,0.995,pulp_cbc,mean_domain_loss,,total_load_exceeds_fleet_capacity,180,60,True,1146.307606641427,1148.216888591183,1334.618975008724,1335.9433230902957,,,,,,,,,,,
X-n139-k10,138,grocery,ortools:robust_mean_1std_scaled_or_tools,robust_mean_1std_scaled_or_tools,ortools,False,False,False,0,,0.0,,0.0,1054.7,0.995,pulp_cbc,mean_domain_loss,,total_load_exceeds_fleet_capacity,180,60,True,1146.307606641427,1148.216888591183,1334.618975008724,1335.9433230902957,,,,,,,,,,,
X-n139-k10,138,cargo,ortools:robust_mean_1std_scaled_or_tools,robust_mean_1std_scaled_or_tools,ortools,False,False,False,0,,0.0,,0.0,1054.7,0.995,pulp_cbc,mean_domain_loss,,total_load_exceeds_fleet_capacity,180,60,True,1146.307606641427,1148.216888591183,1334.618975008724,1335.9433230902957,,,,,,,,,,,
X-n139-k10,138,cold_chain,ortools:robust_mean_1std_scaled_or_tools,robust_mean_1std_scaled_or_tools,ortools,False,False,False,0,,0.0,,0.0,1054.7,0.995,pulp_cbc,mean_domain_loss,,total_load_exceeds_fleet_capacity,180,60,True,1146.307606641427,1148.216888591183,1334.618975008724,1335.9433230902957,,,,,,,,,,,
X-n139-k10,138,atm,ortools:robust_mean_2std_scaled_or_tools,robust_mean_2std_scaled_or_tools,ortools,False,False,False,0,,0.0,,0.0,1054.7,0.995,pulp_cbc,mean_domain_loss,,total_load_exceeds_fleet_capacity,180,60,True,1146.307606641427,1148.216888591183,1334.618975008724,1335.9433230902957,,,,,,,,,,,
X-n139-k10,138,grocery,ortools:robust_mean_2std_scaled_or_tools,robust_mean_2std_scaled_or_tools,ortools,False,False,False,0,,0.0,,0.0,1054.7,0.995,pulp_cbc,mean_domain_loss,,total_load_exceeds_fleet_capacity,180,60,True,1146.307606641427,1148.216888591183,1334.618975008724,1335.9433230902957,,,,,,,,,,,
X-n139-k10,138,cargo,ortools:robust_mean_2std_scaled_or_tools,robust_mean_2std_scaled_or_tools,ortools,False,False,False,0,,0.0,,0.0,1054.7,0.995,pulp_cbc,mean_domain_loss,,total_load_exceeds_fleet_capacity,180,60,True,1146.307606641427,1148.216888591183,1334.618975008724,1335.9433230902957,,,,,,,,,,,
X-n139-k10,138,cold_chain,ortools:robust_mean_2std_scaled_or_tools,robust_mean_2std_scaled_or_tools,ortools,False,False,False,0,,0.0,,0.0,1054.7,0.995,pulp_cbc,mean_domain_loss,,total_load_exceeds_fleet_capacity,180,60,True,1146.307606641427,1148.216888591183,1334.618975008724,1335.9433230902957,,,,,,,,,,,
X-n139-k10,138,atm,ortools:nominal_seed101_or_tools,nominal_seed101_or_tools,ortools,True,True,True,10,14943.0,5.000727653503418,1.1320898532867432,6.132817506790161,1039.0,0.980188679245283,pulp_cbc,mean_domain_loss,428.4912215730082,,180,60,True,1146.307606641427,1148.216888591183,1334.618975008724,1335.9433230902957,890.183508970681,1059.9999994,15371.491221573006,15660.11645961012,16023.172544769684,110.91348421936722,191.42250638973286,0.41833333333333333,129.52369748926304,428.4912215730082,0.0
X-n139-k10,138,grocery,ortools:nominal_seed101_or_tools,nominal_seed101_or_tools,ortools,True,True,True,10,14943.0,5.000727653503418,1.1872975826263428,6.188025236129761,1039.0,0.980188679245283,pulp_cbc,mean_domain_loss,277.2010438995653,,180,60,True,1146.307606641427,1148.216888591183,1334.618975008724,1335.9433230902957,428.4791573078649,1060.0000009,15220.201043899564,15355.875167784403,15542.139597482066,110.87472432996655,191.85179750192407,0.4181159420289855,129.48493909986237,277.2010438995653,0.0
X-n139-k10,138,cargo,ortools:nominal_seed101_or_tools,nominal_seed101_or_tools,ortools,True,True,True,10,14943.0,5.000727653503418,1.2547850608825684,6.255512714385986,1039.0,0.980188679245283,pulp_cbc,mean_domain_loss,321.654226375162,,180,60,True,1146.307606641427,1148.216888591183,1334.618975008724,1335.9433230902957,791.7463166982448,1059.9999986,15264.654226375162,15485.924503730515,15761.355110094,111.91595993061752,192.1535637654662,0.4158695652173913,130.52617240051333,321.654226375162,0.0
X-n139-k10,138,cold_chain,ortools:nominal_seed101_or_tools,nominal_seed101_or_tools,ortools,True,True,True,10,14943.0,5.000727653503418,1.096508264541626,6.097235918045044,1039.0,0.980188679245283,pulp_cbc,mean_domain_loss,401.5473922014239,,180,60,True,1146.307606641427,1148.216888591183,1334.618975008724,1335.9433230902957,937.4241089271834,1059.9999997999998,15539.280649328726,15704.76532340062,15949.59335158772,111.17722170790513,191.01521902934687,0.41231884057971013,129.78743537780093,401.5473922014239,194.73325712730107
X-n139-k10,138,atm,ortools:nominal_seed103_or_tools,nominal_seed103_or_tools,ortools,True,True,True,10,15332.0,5.008304595947266,1.1502814292907715,6.158586025238037,1039.0,0.980188679245283,pulp_cbc,mean_domain_loss,428.93291964434246,,180,60,True,1146.307606641427,1148.216888591183,1334.618975008724,1335.9433230902957,891.5687339461014,1059.9999991999998,15760.932919644343,16053.459368478641,16412.686090379786,110.9686238129497,192.32543802621188,0.4211594202898551,129.57883688284545,428.93291964434246,0.0
X-n139-k10,138,grocery,ortools:nominal_seed103_or_tools,nominal_seed103_or_tools,ortools,True,True,True,10,15332.0,5.008304595947266,1.0439486503601074,6.052253246307373,1039.0,0.980188679245283,pulp_cbc,mean_domain_loss,277.4368837267399,,180,60,True,1146.307606641427,1148.216888591183,1334.618975008724,1335.9433230902957,429.0893803736086,1059.9999988,15609.43688372674,15745.862387649862,15931.007533365231,111.032564801003,192.2573059484031,0.418695652173913,129.6427774708988,277.4368837267399,0.0
X-n139-k10,138,cargo,ortools:nominal_seed103_or_tools,nominal_seed103_or_tools,ortools,True,True,True,10,15332.0,5.008304595947266,1.120332956314087,6.1286375522613525,1039.0,0.980188679245283,pulp_cbc,mean_domain_loss,323.68197538230174,,180,60,True,1146.307606641427,1148.216888591183,1334.618975008724,1335.9433230902957,795.6585630730575,1059.9999983,15655.6819753823,15876.423541489554,16155.004470028503,111.74525003512404,191.00443609426836,0.41934782608695653,130.35546220501988,323.68197538230174,0.0
X-n139-k10,138,cold_chain,ortools:nominal_seed103_or_tools,nominal_seed103_or_tools,ortools,True,True,True,10,15332.0,5.008304595947266,1.065812587738037,6.074117183685303,1039.0,0.980188679245283,pulp_cbc,mean_domain_loss,402.33301012468974,,180,60,True,1146.307606641427,1148.216888591183,1334.618975008724,1335.9433230902957,938.5746434411196,1060.0000002,15929.036633955298,16092.489971572117,16338.705392326938,111.43904082776879,190.95733597609743,0.4165942028985507,130.04925489766455,402.33301012468974,194.70362383060657
X-n139-k10,138,atm,ortools:proxy_mean_scaled_seed109_or_tools,proxy_mean_scaled_seed109_or_tools,ortools,True,True,True,10,15996.0,5.014383316040039,1.0764892101287842,6.090872526168823,1054.7000000000003,0.9950000000000002,pulp_cbc,mean_domain_loss,427.4948558806679,,180,60,True,1146.307606641427,1148.216888591183,1334.618975008724,1335.9433230902957,888.6517368171814,1059.9999979999998,16423.49485588067,16714.841359212412,17075.98626602267,110.64455332501736,191.68507106394102,0.4182608695652174,129.25476519491315,427.4948558806679,0.0
X-n139-k10,138,grocery,ortools:proxy_mean_scaled_seed109_or_tools,proxy_mean_scaled_seed109_or_tools,ortools,True,True,True,10,15996.0,5.014383316040039,1.0321433544158936,6.046526670455933,1054.7000000000003,0.9950000000000002,pulp_cbc,mean_domain_loss,276.55208978727006,,180,60,True,1146.307606641427,1148.216888591183,1334.618975008724,1335.9433230902957,427.63902597398175,1060.0000016,16272.552089787268,16409.477644848226,16594.71247411775,110.58709945138504,191.87446250033622,0.41681159420289854,129.19731492128082,276.55208978727006,0.0
X-n139-k10,138,cargo,ortools:proxy_mean_scaled_seed109_or_tools,proxy_mean_scaled_seed109_or_tools,ortools,True,True,True,10,15996.0,5.014383316040039,1.164900302886963,6.179283618927002,1054.7000000000003,0.9950000000000002,pulp_cbc,mean_domain_loss,320.9994606549765,,180,60,True,1146.307606641427,1148.216888591183,1334.618975008724,1335.9433230902957,791.7064094341592,1059.9999996000001,16316.999460654979,16536.839355242155,16815.481784866362,111.0908864189847,190.17301264182115,0.41739130434782606,129.70109988888052,320.9994606549765,0.0
X-n139-k10,138,cold_chain,ortools:proxy_mean_scaled_seed109_or_tools,proxy_mean_scaled_seed109_or_tools,ortools,True,True,True,10,15996.0,5.014383316040039,1.1199195384979248,6.134302854537964,1054.7000000000003,0.9950000000000002,pulp_cbc,mean_domain_loss,399.62496691317676,,180,60,True,1146.307606641427,1148.216888591183,1334.618975008724,1335.9433230902957,938.7640299072957,1059.9999997999998,16593.194023154,16755.168644750025,17002.77544858774,110.55896859393957,189.4562583350963,0.41384057971014493,129.16918226383532,399.62496691317676,197.56905624082336
X-n139-k10,138,atm,ortools:quantile_p75_scaled_seed107_or_tools,quantile_p75_scaled_seed107_or_tools,ortools,False,False,False,0,,5.0052759647369385,,5.0052759647369385,1054.6999999999998,0.9949999999999998,pulp_cbc,mean_domain_loss,,ortools_no_solution,180,60,True,1146.307606641427,1148.216888591183,1334.618975008724,1335.9433230902957,,,,,,,,,,,
X-n139-k10,138,grocery,ortools:quantile_p75_scaled_seed107_or_tools,quantile_p75_scaled_seed107_or_tools,ortools,False,False,False,0,,5.0052759647369385,,5.0052759647369385,1054.6999999999998,0.9949999999999998,pulp_cbc,mean_domain_loss,,ortools_no_solution,180,60,True,1146.307606641427,1148.216888591183,1334.618975008724,1335.9433230902957,,,,,,,,,,,
X-n139-k10,138,cargo,ortools:quantile_p75_scaled_seed107_or_tools,quantile_p75_scaled_seed107_or_tools,ortools,False,False,False,0,,5.0052759647369385,,5.0052759647369385,1054.6999999999998,0.9949999999999998,pulp_cbc,mean_domain_loss,,ortools_no_solution,180,60,True,1146.307606641427,1148.216888591183,1334.618975008724,1335.9433230902957,,,,,,,,,,,
X-n139-k10,138,cold_chain,ortools:quantile_p75_scaled_seed107_or_tools,quantile_p75_scaled_seed107_or_tools,ortools,False,False,False,0,,5.0052759647369385,,5.0052759647369385,1054.6999999999998,0.9949999999999998,pulp_cbc,mean_domain_loss,,ortools_no_solution,180,60,True,1146.307606641427,1148.216888591183,1334.618975008724,1335.9433230902957,,,,,,,,,,,
X-n139-k10,138,atm,ortools:robust_mean_1std_scaled_seed113_or_tools,robust_mean_1std_scaled_seed113_or_tools,ortools,False,False,False,0,,0.0,,0.0,1054.7,0.995,pulp_cbc,mean_domain_loss,,total_load_exceeds_fleet_capacity,180,60,True,1146.307606641427,1148.216888591183,1334.618975008724,1335.9433230902957,,,,,,,,,,,
X-n139-k10,138,grocery,ortools:robust_mean_1std_scaled_seed113_or_tools,robust_mean_1std_scaled_seed113_or_tools,ortools,False,False,False,0,,0.0,,0.0,1054.7,0.995,pulp_cbc,mean_domain_loss,,total_load_exceeds_fleet_capacity,180,60,True,1146.307606641427,1148.216888591183,1334.618975008724,1335.9433230902957,,,,,,,,,,,
X-n139-k10,138,cargo,ortools:robust_mean_1std_scaled_seed113_or_tools,robust_mean_1std_scaled_seed113_or_tools,ortools,False,False,False,0,,0.0,,0.0,1054.7,0.995,pulp_cbc,mean_domain_loss,,total_load_exceeds_fleet_capacity,180,60,True,1146.307606641427,1148.216888591183,1334.618975008724,1335.9433230902957,,,,,,,,,,,
X-n139-k10,138,cold_chain,ortools:robust_mean_1std_scaled_seed113_or_tools,robust_mean_1std_scaled_seed113_or_tools,ortools,False,False,False,0,,0.0,,0.0,1054.7,0.995,pulp_cbc,mean_domain_loss,,total_load_exceeds_fleet_capacity,180,60,True,1146.307606641427,1148.216888591183,1334.618975008724,1335.9433230902957,,,,,,,,,,,
X-n143-k7,142,atm,ortools:nominal_or_tools,nominal_or_tools,ortools,True,True,True,7,16662.0,5.004856824874878,1.0870511531829834,6.091907978057861,7475.0,0.897358943577431,pulp_cbc,mean_domain_loss,3266.3525265927124,,180,60,True,8295.848620495428,8316.617424477572,9916.867451961063,9925.630118934274,6756.309568329801,7996.0893457,19928.35252659271,22354.683289182547,25336.12363553337,819.5781632434255,1489.056964255405,0.41281690140845073,1269.0000032440541,3266.3525265927124,0.0
X-n143-k7,142,grocery,ortools:nominal_or_tools,nominal_or_tools,ortools,True,True,True,7,16662.0,5.004856824874878,1.0693769454956055,6.074233770370483,7475.0,0.897358943577431,pulp_cbc,mean_domain_loss,2151.305730012694,,180,60,True,8295.848620495428,8316.617424477572,9916.867451961063,9925.630118934274,3298.148012439079,7842.141083799999,18813.305730012697,19935.218478818184,21546.01983162218,824.168385373987,1493.0034597185004,0.4125352112676056,1119.6419634746155,2151.305730012694,0.0
X-n143-k7,142,cargo,ortools:nominal_or_tools,nominal_or_tools,ortools,True,True,True,7,16662.0,5.004856824874878,1.1967289447784424,6.20158576965332,7475.0,0.897358943577431,pulp_cbc,mean_domain_loss,2456.742850167745,,180,60,True,8295.848620495428,8316.617424477572,9916.867451961063,9925.630118934274,6054.225148060487,8059.2032029,19118.742850167742,20972.419743388025,23218.919256249752,827.8692871794539,1492.4491044388205,0.41669014084507044,1340.4049843800824,2456.742850167745,0.0
X-n143-k7,142,cold_chain,ortools:nominal_or_tools,nominal_or_tools,ortools,True,True,True,7,16662.0,5.004856824874878,1.0304272174835205,6.035284042358398,7475.0,0.897358943577431,pulp_cbc,mean_domain_loss,3158.2519089351968,,180,60,True,8295.848620495428,8316.617424477572,9916.867451961063,9925.630118934274,7337.0320680020195,7805.3612185,21334.23365091543,22738.242274259657,24833.49830338946,829.626832785653,1506.998264291714,0.4012676056338028,1088.320545586282,3158.2519089351968,1513.981741980234
X-n143-k7,142,atm,ortools:proxy_mean_or_tools,proxy_mean_or_tools,ortools,True,True,True,7,20036.0,4.995463132858276,1.0452661514282227,6.040729284286499,8295.848620495428,0.9959001945372663,pulp_cbc,mean_domain_loss,2515.4523035684188,,180,60,True,8295.848620495428,8316.617424477572,9916.867451961063,9925.630118934274,5520.0846275537015,8330.0000282,22551.452303568414,24510.9864915492,27386.936001193662,613.850966879101,1162.345340934982,0.3099295774647887,1397.1834893797295,2515.4523035684188,0.0
X-n143-k7,142,grocery,ortools:proxy_mean_or_tools,proxy_mean_or_tools,ortools,True,True,True,7,20036.0,4.995463132858276,1.0374231338500977,6.032886266708374,8295.848620495428,0.9959001945372663,pulp_cbc,mean_domain_loss,1846.713916087609,,180,60,True,8295.848620495428,8316.617424477572,9916.867451961063,9925.630118934274,2776.887498887992,8330.0000061,21882.71391608761,22769.15103084227,24188.093809402115,611.5580752882416,1158.0557936589523,0.30690140845070424,1394.8905756888705,1846.713916087609,0.0
X-n143-k7,142,cargo,ortools:proxy_mean_or_tools,proxy_mean_or_tools,ortools,True,True,True,7,20036.0,4.995463132858276,1.1385231018066406,6.133986234664917,8295.848620495428,0.9959001945372663,pulp_cbc,mean_domain_loss,1862.3893025844131,,180,60,True,8295.848620495428,8316.617424477572,9916.867451961063,9925.630118934274,4964.753717103027,8330.000000200002,21898.38930258441,23431.644044251156,25570.052463330387,618.0904682469118,1162.9762686470456,0.31140845070422535,1401.4229627475406,1862.3893025844131,0.0
X-n143-k7,142,cold_chain,ortools:proxy_mean_or_tools,proxy_mean_or_tools,ortools,True,True,True,7,20036.0,4.995463132858276,1.130789041519165,6.126252174377441,8295.848620495428,0.9959001945372663,pulp_cbc,mean_domain_loss,2826.6840930681938,,180,60,True,8295.848620495428,8316.617424477572,9916.867451961063,9925.630118934274,6661.845125960301,8330.000009000001,24505.58925857541,25536.92316149179,27364.262907247146,612.4756221241555,1157.8653934766753,0.30246478873239435,1395.8081254247843,2826.6840930681938,1642.9051655072183
X-n143-k7,142,atm,ortools:quantile_p75_or_tools,quantile_p75_or_tools,ortools,False,False,False,0,,0.0,,0.0,9668.619867790552,1.1606986636003065,pulp_cbc,mean_domain_loss,,total_load_exceeds_fleet_capacity,180,60,True,8295.848620495428,8316.617424477572,9916.867451961063,9925.630118934274,,,,,,,,,,,
X-n143-k7,142,grocery,ortools:quantile_p75_or_tools,quantile_p75_or_tools,ortools,False,False,False,0,,0.0,,0.0,9668.619867790552,1.1606986636003065,pulp_cbc,mean_domain_loss,,total_load_exceeds_fleet_capacity,180,60,True,8295.848620495428,8316.617424477572,9916.867451961063,9925.630118934274,,,,,,,,,,,
X-n143-k7,142,cargo,ortools:quantile_p75_or_tools,quantile_p75_or_tools,ortools,False,False,False,0,,0.0,,0.0,9668.619867790552,1.1606986636003065,pulp_cbc,mean_domain_loss,,total_load_exceeds_fleet_capacity,180,60,True,8295.848620495428,8316.617424477572,9916.867451961063,9925.630118934274,,,,,,,,,,,
X-n143-k7,142,cold_chain,ortools:quantile_p75_or_tools,quantile_p75_or_tools,ortools,False,False,False,0,,0.0,,0.0,9668.619867790552,1.1606986636003065,pulp_cbc,mean_domain_loss,,total_load_exceeds_fleet_capacity,180,60,True,8295.848620495428,8316.617424477572,9916.867451961063,9925.630118934274,,,,,,,,,,,
X-n143-k7,142,atm,ortools:quantile_p90_or_tools,quantile_p90_or_tools,ortools,False,False,False,0,,0.0,,0.0,11664.053787123157,1.4002465530760093,pulp_cbc,mean_domain_loss,,total_load_exceeds_fleet_capacity,180,60,True,8295.848620495428,8316.617424477572,9916.867451961063,9925.630118934274,,,,,,,,,,,
X-n143-k7,142,grocery,ortools:quantile_p90_or_tools,quantile_p90_or_tools,ortools,False,False,False,0,,0.0,,0.0,11664.053787123157,1.4002465530760093,pulp_cbc,mean_domain_loss,,total_load_exceeds_fleet_capacity,180,60,True,8295.848620495428,8316.617424477572,9916.867451961063,9925.630118934274,,,,,,,,,,,
X-n143-k7,142,cargo,ortools:quantile_p90_or_tools,quantile_p90_or_tools,ortools,False,False,False,0,,0.0,,0.0,11664.053787123157,1.4002465530760093,pulp_cbc,mean_domain_loss,,total_load_exceeds_fleet_capacity,180,60,True,8295.848620495428,8316.617424477572,9916.867451961063,9925.630118934274,,,,,,,,,,,
X-n143-k7,142,cold_chain,ortools:quantile_p90_or_tools,quantile_p90_or_tools,ortools,False,False,False,0,,0.0,,0.0,11664.053787123157,1.4002465530760093,pulp_cbc,mean_domain_loss,,total_load_exceeds_fleet_capacity,180,60,True,8295.848620495428,8316.617424477572,9916.867451961063,9925.630118934274,,,,,,,,,,,
X-n143-k7,142,atm,ortools:robust_mean_1std_or_tools,robust_mean_1std_or_tools,ortools,False,False,False,0,,0.0,,0.0,10881.042610378192,1.306247612290299,pulp_cbc,mean_domain_loss,,total_load_exceeds_fleet_capacity,180,60,True,8295.848620495428,8316.617424477572,9916.867451961063,9925.630118934274,,,,,,,,,,,
X-n143-k7,142,grocery,ortools:robust_mean_1std_or_tools,robust_mean_1std_or_tools,ortools,False,False,False,0,,0.0,,0.0,10881.042610378192,1.306247612290299,pulp_cbc,mean_domain_loss,,total_load_exceeds_fleet_capacity,180,60,True,8295.848620495428,8316.617424477572,9916.867451961063,9925.630118934274,,,,,,,,,,,
X-n143-k7,142,cargo,ortools:robust_mean_1std_or_tools,robust_mean_1std_or_tools,ortools,False,False,False,0,,0.0,,0.0,10881.042610378192,1.306247612290299,pulp_cbc,mean_domain_loss,,total_load_exceeds_fleet_capacity,180,60,True,8295.848620495428,8316.617424477572,9916.867451961063,9925.630118934274,,,,,,,,,,,
X-n143-k7,142,cold_chain,ortools:robust_mean_1std_or_tools,robust_mean_1std_or_tools,ortools,False,False,False,0,,0.0,,0.0,10881.042610378192,1.306247612290299,pulp_cbc,mean_domain_loss,,total_load_exceeds_fleet_capacity,180,60,True,8295.848620495428,8316.617424477572,9916.867451961063,9925.630118934274,,,,,,,,,,,
X-n143-k7,142,atm,ortools:robust_mean_2std_or_tools,robust_mean_2std_or_tools,ortools,False,False,False,0,,0.0,,0.0,13466.23660026096,1.6165950300433325,pulp_cbc,mean_domain_loss,,total_load_exceeds_fleet_capacity,180,60,True,8295.848620495428,8316.617424477572,9916.867451961063,9925.630118934274,,,,,,,,,,,
X-n143-k7,142,grocery,ortools:robust_mean_2std_or_tools,robust_mean_2std_or_tools,ortools,False,False,False,0,,0.0,,0.0,13466.23660026096,1.6165950300433325,pulp_cbc,mean_domain_loss,,total_load_exceeds_fleet_capacity,180,60,True,8295.848620495428,8316.617424477572,9916.867451961063,9925.630118934274,,,,,,,,,,,
X-n143-k7,142,cargo,ortools:robust_mean_2std_or_tools,robust_mean_2std_or_tools,ortools,False,False,False,0,,0.0,,0.0,13466.23660026096,1.6165950300433325,pulp_cbc,mean_domain_loss,,total_load_exceeds_fleet_capacity,180,60,True,8295.848620495428,8316.617424477572,9916.867451961063,9925.630118934274,,,,,,,,,,,
X-n143-k7,142,cold_chain,ortools:robust_mean_2std_or_tools,robust_mean_2std_or_tools,ortools,False,False,False,0,,0.0,,0.0,13466.23660026096,1.6165950300433325,pulp_cbc,mean_domain_loss,,total_load_exceeds_fleet_capacity,180,60,True,8295.848620495428,8316.617424477572,9916.867451961063,9925.630118934274,,,,,,,,,,,
X-n143-k7,142,atm,ortools:proxy_mean_scaled_or_tools,proxy_mean_scaled_or_tools,ortools,True,True,True,7,18747.0,5.000169515609741,1.0243570804595947,6.024526596069336,8288.349999999999,0.9949999999999998,pulp_cbc,mean_domain_loss,2515.7822729338895,,180,60,True,8295.848620495428,8316.617424477572,9916.867451961063,9925.630118934274,5521.37774447548,8330.0000059,21262.782272933895,23220.693826328723,26102.64010530762,613.5987881579811,1153.1564891507194,0.31028169014084506,1396.9312883586097,2515.7822729338895,0.0
X-n143-k7,142,grocery,ortools:proxy_mean_scaled_or_tools,proxy_mean_scaled_or_tools,ortools,True,True,True,7,18747.0,5.000169515609741,1.0687446594238281,6.068914175033569,8288.349999999999,0.9949999999999998,pulp_cbc,mean_domain_loss,1847.791906050905,,180,60,True,8295.848620495428,8316.617424477572,9916.867451961063,9925.630118934274,2777.021940257116,8330.000019100002,20594.79190605091,21474.722510703974,22907.676261939163,612.2974354665491,1157.348522384513,0.30852112676056337,1395.629948867178,1847.791906050905,0.0
X-n143-k7,142,cargo,ortools:proxy_mean_scaled_or_tools,proxy_mean_scaled_or_tools,ortools,True,True,True,7,18747.0,5.000169515609741,1.2783660888671875,6.278535604476929,8288.349999999999,0.9949999999999998,pulp_cbc,mean_domain_loss,1868.9708760631358,,180,60,True,8295.848620495428,8316.617424477572,9916.867451961063,9925.630118934274,4971.040919249698,8330.0000204,20615.970876063137,22132.77108417988,24291.648583626025,618.046718826527,1153.0213907788257,0.3106338028169014,1401.379233527156,1868.9708760631358,0.0
X-n143-k7,142,cold_chain,ortools:proxy_mean_scaled_or_tools,proxy_mean_scaled_or_tools,ortools,True,True,True,7,18747.0,5.000169515609741,1.07780122756958,6.077970743179321,8288.349999999999,0.9949999999999998,pulp_cbc,mean_domain_loss,2822.197538994275,,180,60,True,8295.848620495428,8316.617424477572,9916.867451961063,9925.630118934274,6585.989357649318,8330.000004399999,23140.944686956576,24203.99215796669,26000.459874727345,613.0145611170051,1155.5148991836445,0.30133802816901406,1396.347059817634,2822.197538994275,1571.7471479623005
X-n143-k7,142,atm,ortools:quantile_p75_scaled_or_tools,quantile_p75_scaled_or_tools,ortools,True,True,True,7,18056.0,5.002080678939819,1.060577154159546,6.062657833099365,8288.35,0.995,pulp_cbc,mean_domain_loss,2512.3756248842988,,180,60,True,8295.848620495428,8316.617424477572,9916.867451961063,9925.630118934274,5518.530809574647,8330.0000161,20568.3756248843,22518.773650642088,25416.36612581383,613.5351450961011,1156.729359483698,0.3104225352112676,1396.86765549673,2512.3756248842988,0.0
X-n143-k7,142,grocery,ortools:quantile_p75_scaled_or_tools,quantile_p75_scaled_or_tools,ortools,True,True,True,7,18056.0,5.002080678939819,1.110008955001831,6.11208963394165,8288.35,0.995,pulp_cbc,mean_domain_loss,1849.7784017116253,,180,60,True,8295.848620495428,8316.617424477572,9916.867451961063,9925.630118934274,2777.4710927117644,8330.000022600001,19905.77840171163,20778.608931101622,22219.02682451986,612.9015874673879,1156.853457449025,0.3097887323943662,1396.2341043680167,1849.7784017116253,0.0
X-n143-k7,142,cargo,ortools:quantile_p75_scaled_or_tools,quantile_p75_scaled_or_tools,ortools,True,True,True,7,18056.0,5.002080678939819,1.065819263458252,6.067899942398071,8288.35,0.995,pulp_cbc,mean_domain_loss,1865.532427497025,,180,60,True,8295.848620495428,8316.617424477572,9916.867451961063,9925.630118934274,4961.263847178324,8330.0000033,19921.532427497023,21446.37391714336,23600.402142918618,618.3609396555227,1163.8049931663932,0.3066197183098592,1401.6934372561511,1865.532427497025,0.0
X-n143-k7,142,cold_chain,ortools:quantile_p75_scaled_or_tools,quantile_p75_scaled_or_tools,ortools,True,True,True,7,18056.0,5.002080678939819,1.1192491054534912,6.1213297843933105,8288.35,0.995,pulp_cbc,mean_domain_loss,2838.690832172912,,180,60,True,8295.848620495428,8316.617424477572,9916.867451961063,9925.630118934274,6684.348249416999,8330.000041799998,22555.989700470403,23599.028623223265,25440.444221164176,615.3972006022552,1163.9930443375954,0.2988028169014085,1398.7297367028843,2838.690832172912,1661.2988682974985
X-n143-k7,142,atm,ortools:quantile_p90_scaled_or_tools,quantile_p90_scaled_or_tools,ortools,True,True,True,7,18642.0,5.000194787979126,1.1049118041992188,6.105106592178345,8288.35,0.995,pulp_cbc,mean_domain_loss,2514.868737181395,,180,60,True,8295.848620495428,8316.617424477572,9916.867451961063,9925.630118934274,5518.345528518997,8329.9999978,21156.868737181394,23110.26444469317,26000.671046592885,615.605635267588,1151.0261555763702,0.3135211267605634,1398.9381273682168,2514.868737181395,0.0
X-n143-k7,142,grocery,ortools:quantile_p90_scaled_or_tools,quantile_p90_scaled_or_tools,ortools,True,True,True,7,18642.0,5.000194787979126,1.0439441204071045,6.0441389083862305,8288.35,0.995,pulp_cbc,mean_domain_loss,1852.938186419186,,180,60,True,8295.848620495428,8316.617424477572,9916.867451961063,9925.630118934274,2781.650194339146,8329.9999993,20494.938186419186,21365.48291257112,22800.820603675922,614.1205184226851,1149.6705486595597,0.3127464788732394,1397.4530120233142,1852.938186419186,0.0
X-n143-k7,142,cargo,ortools:quantile_p90_scaled_or_tools,quantile_p90_scaled_or_tools,ortools,True,True,True,7,18642.0,5.000194787979126,1.1193745136260986,6.119569301605225,8288.35,0.995,pulp_cbc,mean_domain_loss,1862.0793448893176,,180,60,True,8295.848620495428,8316.617424477572,9916.867451961063,9925.630118934274,4945.958444427395,8329.999997800001,20504.079344889316,22020.228703622062,24162.69484378704,620.3646252308928,1164.3169621239142,0.3076056338028169,1403.6971173315217,1862.0793448893176,0.0
X-n143-k7,142,cold_chain,ortools:quantile_p90_scaled_or_tools,quantile_p90_scaled_or_tools,ortools,True,True,True,7,18642.0,5.000194787979126,1.1002116203308105,6.1004064083099365,8288.35,0.995,pulp_cbc,mean_domain_loss,2840.071147262709,,180,60,True,8295.848620495428,8316.617424477572,9916.867451961063,9925.630118934274,6647.39187545248,8329.999987300002,23107.534893521304,24170.085162431325,25971.334803265065,616.7039051693002,1155.8883567072216,0.3043661971830986,1400.0363867699293,2840.071147262709,1625.4637462585918
X-n143-k7,142,atm,ortools:robust_mean_1std_scaled_or_tools,robust_mean_1std_scaled_or_tools,ortools,True,True,True,7,18403.0,4.999201059341431,1.1209378242492676,6.120138883590698,8288.350000000002,0.9950000000000002,pulp_cbc,mean_domain_loss,2511.6138550479022,,180,60,True,8295.848620495428,8316.617424477572,9916.867451961063,9925.630118934274,5514.868911251419,8330.000010799999,20914.613855047905,22847.5172796419,25755.725236701546,614.381937916932,1158.4488245233094,0.312112676056338,1397.7144430175604,2511.6138550479022,0.0
X-n143-k7,142,grocery,ortools:robust_mean_1std_scaled_or_tools,robust_mean_1std_scaled_or_tools,ortools,True,True,True,7,18403.0,4.999201059341431,1.0663166046142578,6.0655176639556885,8288.350000000002,0.9950000000000002,pulp_cbc,mean_domain_loss,1851.459304459925,,180,60,True,8295.848620495428,8316.617424477572,9916.867451961063,9925.630118934274,2778.1862926920458,8330.0000123,20254.459304459928,21122.2877054674,22559.526218585353,613.3489331597535,1153.715614872658,0.3097887323943662,1396.681439760382,1851.459304459925,0.0
X-n143-k7,142,cargo,ortools:robust_mean_1std_scaled_or_tools,robust_mean_1std_scaled_or_tools,ortools,True,True,True,7,18403.0,4.999201059341431,1.1961681842803955,6.195369243621826,8288.350000000002,0.9950000000000002,pulp_cbc,mean_domain_loss,1862.206857782744,,180,60,True,8295.848620495428,8316.617424477572,9916.867451961063,9925.630118934274,4949.009650710529,8329.9999856,20265.206857782745,21794.614906726347,23929.53309185194,619.6987121371629,1166.148769622088,0.3106338028169014,1403.0311920377915,1862.206857782744,0.0
X-n143-k7,142,cold_chain,ortools:robust_mean_1std_scaled_or_tools,robust_mean_1std_scaled_or_tools,ortools,True,True,True,7,18403.0,4.999201059341431,1.0211732387542725,6.020374298095703,8288.350000000002,0.9950000000000002,pulp_cbc,mean_domain_loss,2830.5753538722965,,180,60,True,8295.848620495428,8316.617424477572,9916.867451961063,9925.630118934274,6612.121955437918,8330.0000052,22829.22480850411,23842.463794760766,25707.910258356922,615.1061734796939,1153.3087179482313,0.303169014084507,1398.4386729803227,2830.5753538722965,1595.6494546318158
X-n143-k7,142,atm,ortools:robust_mean_2std_scaled_or_tools,robust_mean_2std_scaled_or_tools,ortools,True,True,True,7,18906.0,5.005316257476807,0.9902098178863525,5.995526075363159,8288.35,0.995,pulp_cbc,mean_domain_loss,2521.4685387855575,,180,60,True,8295.848620495428,8316.617424477572,9916.867451961063,9925.630118934274,5529.614849302723,8329.999990499999,21427.468538785557,23421.253504591423,26298.381322001253,618.575001615015,1179.8044872288644,0.3143661971830986,1401.907486415644,2521.4685387855575,0.0
X-n143-k7,142,grocery,ortools:robust_mean_2std_scaled_or_tools,robust_mean_2std_scaled_or_tools,ortools,True,True,True,7,18906.0,5.005316257476807,0.9810817241668701,5.986397981643677,8288.35,0.995,pulp_cbc,mean_domain_loss,1862.3929892855904,,180,60,True,8295.848620495428,8316.617424477572,9916.867451961063,9925.630118934274,2791.9410671911287,8329.9999852,20768.39298928559,21635.440893671457,23095.59673059976,617.7790603234992,1186.1149872289507,0.3126760563380282,1401.111539824128,1862.3929892855904,0.0
X-n143-k7,142,cargo,ortools:robust_mean_2std_scaled_or_tools,robust_mean_2std_scaled_or_tools,ortools,True,True,True,7,18906.0,5.005316257476807,1.0916311740875244,6.096947431564331,8288.35,0.995,pulp_cbc,mean_domain_loss,1860.0157601428707,,180,60,True,8295.848620495428,8316.617424477572,9916.867451961063,9925.630118934274,4937.834029017057,8330.000003000001,20766.01576014287,22294.27212843259,24426.984397237135,623.6071647722321,1180.8314558810061,0.3117605633802817,1406.9396620728605,1860.0157601428707,0.0
X-n143-k7,142,cold_chain,ortools:robust_mean_2std_scaled_or_tools,robust_mean_2std_scaled_or_tools,ortools,True,True,True,7,18906.0,5.005316257476807,1.0226237773895264,6.027940034866333,8288.35,0.995,pulp_cbc,mean_domain_loss,2854.807440715439,,180,60,True,8295.848620495428,8316.617424477572,9916.867451961063,9925.630118934274,6701.714936709318,8330.000000699998,23423.38962927028,24482.53634434164,26307.758518485538,619.8177485428095,1195.565585744418,0.30619718309859156,1403.1502435434386,2854.807440715439,1662.5821885548417
X-n143-k7,142,atm,ortools:nominal_seed101_or_tools,nominal_seed101_or_tools,ortools,True,True,True,7,17828.0,5.000637531280518,1.0901496410369873,6.090787172317505,7475.0,0.897358943577431,pulp_cbc,mean_domain_loss,3273.583638172098,,180,60,True,8295.848620495428,8316.617424477572,9916.867451961063,9925.630118934274,6763.480549495403,7996.089338200001,21101.5836381721,23497.421073653844,26508.871096019728,820.166625559576,1481.5616759824018,0.4108450704225352,1269.588458060205,3273.583638172098,0.0
X-n143-k7,142,grocery,ortools:nominal_seed101_or_tools,nominal_seed101_or_tools,ortools,True,True,True,7,17828.0,5.000637531280518,1.065826416015625,6.066463947296143,7475.0,0.897358943577431,pulp_cbc,mean_domain_loss,2154.501455638101,,180,60,True,8295.848620495428,8316.617424477572,9916.867451961063,9925.630118934274,3299.0714371128793,7842.1410663999995,19982.501455638103,21102.082598238652,22716.893314422712,825.2157863329658,1492.5824564702648,0.41056338028169015,1120.6893470335947,2154.501455638101,0.0
X-n143-k7,142,cargo,ortools:nominal_seed101_or_tools,nominal_seed101_or_tools,ortools,True,True,True,7,17828.0,5.000637531280518,1.2252888679504395,6.225926399230957,7475.0,0.897358943577431,pulp_cbc,mean_domain_loss,2470.6180117946988,,180,60,True,8295.848620495428,8316.617424477572,9916.867451961063,9925.630118934274,6072.3553738893,8059.2032119,20298.6180117947,22170.220961045678,24406.762061407317,830.0645680887912,1496.9220343525217,0.4140845070422535,1342.6002742894204,2470.6180117946988,0.0
X-n143-k7,142,cold_chain,ortools:nominal_seed101_or_tools,nominal_seed101_or_tools,ortools,True,True,True,7,17828.0,5.000637531280518,1.1458921432495117,6.146529674530029,7475.0,0.897358943577431,pulp_cbc,mean_domain_loss,3159.0007852872927,,180,60,True,8295.848620495428,8316.617424477572,9916.867451961063,9925.630118934274,7310.875124758131,7805.683478999999,22473.195468504462,23861.400912871613,25984.867662260312,829.8627333494574,1501.8545347150566,0.4034507042253521,1088.8787066500863,3159.0007852872927,1486.1946832171743
X-n143-k7,142,atm,ortools:nominal_seed103_or_tools,nominal_seed103_or_tools,ortools,True,True,True,7,16802.0,4.999241590499878,0.9991500377655029,5.998391628265381,7475.0,0.897358943577431,pulp_cbc,mean_domain_loss,3366.2609622901923,,180,60,True,8295.848620495428,8316.617424477572,9916.867451961063,9925.630118934274,6955.99138473949,7892.0007162,20168.260962290187,22670.977356151845,25705.189730929364,849.1127341518538,1538.652810466972,0.42514084507042255,1194.445944652483,3366.2609622901923,0.0
X-n143-k7,142,grocery,ortools:nominal_seed103_or_tools,nominal_seed103_or_tools,ortools,True,True,True,7,16802.0,4.999241590499878,0.9999675750732422,5.99920916557312,7475.0,0.897358943577431,pulp_cbc,mean_domain_loss,2184.8959517941257,,180,60,True,8295.848620495428,8316.617424477572,9916.867451961063,9925.630118934274,3371.491804595557,7745.1416881,18986.895951794126,20147.44890917537,21797.228636061354,854.1466034181783,1539.2234199956688,0.4238028169014085,1052.620785818807,2184.8959517941257,0.0
X-n143-k7,142,cargo,ortools:nominal_seed103_or_tools,nominal_seed103_or_tools,ortools,True,True,True,7,16802.0,4.999241590499878,1.067965030670166,6.067206621170044,7475.0,0.897358943577431,pulp_cbc,mean_domain_loss,2537.787151464824,,180,60,True,8295.848620495428,8316.617424477572,9916.867451961063,9925.630118934274,6229.676206949534,7954.998548399999,19339.787151464825,21310.650424034066,23552.242681655243,857.5871628357713,1563.9344091584871,0.42788732394366197,1265.9182055364001,2537.787151464824,0.0
X-n143-k7,142,cold_chain,ortools:nominal_seed103_or_tools,nominal_seed103_or_tools,ortools,True,True,True,7,16802.0,4.999241590499878,1.1066985130310059,6.105940103530884,7475.0,0.897358943577431,pulp_cbc,mean_domain_loss,3186.034409934799,,180,60,True,8295.848620495428,8316.617424477572,9916.867451961063,9925.630118934274,7390.252610149027,7722.1503606999995,21447.731146285474,22900.68756890992,25074.772226632598,857.4132736645114,1549.2687010402028,0.4171830985915493,1032.89612866514,3186.034409934799,1459.6967363506785
X-n143-k7,142,atm,ortools:proxy_mean_scaled_seed109_or_tools,proxy_mean_scaled_seed109_or_tools,ortools,True,True,True,7,18802.0,4.997038125991821,1.0219125747680664,6.018950700759888,8288.349999999999,0.9949999999999998,pulp_cbc,mean_domain_loss,2514.393644559732,,180,60,True,8295.848620495428,8316.617424477572,9916.867451961063,9925.630118934274,5518.78542127153,8330.000027900001,21316.393644559736,23299.3428632959,26158.195453188768,613.7324434579182,1154.4013655368674,0.3104929577464789,1397.064965658547,2514.393644559732,0.0
X-n143-k7,142,grocery,ortools:proxy_mean_scaled_seed109_or_tools,proxy_mean_scaled_seed109_or_tools,ortools,True,True,True,7,18802.0,4.997038125991821,1.002889633178711,5.999927759170532,8288.349999999999,0.9949999999999998,pulp_cbc,mean_domain_loss,1846.905578733893,,180,60,True,8295.848620495428,8316.617424477572,9916.867451961063,9925.630118934274,2775.875887469189,8330.000002700002,20648.90557873389,21527.357613549833,22959.734641046223,611.74947871284,1150.5783528197298,0.30795774647887325,1395.0819757134686,1846.905578733893,0.0
X-n143-k7,142,cargo,ortools:proxy_mean_scaled_seed109_or_tools,proxy_mean_scaled_seed109_or_tools,ortools,True,True,True,7,18802.0,4.997038125991821,1.1825222969055176,6.179560422897339,8288.349999999999,0.9949999999999998,pulp_cbc,mean_domain_loss,1870.0707556803507,,180,60,True,8295.848620495428,8316.617424477572,9916.867451961063,9925.630118934274,4963.958141671654,8329.999997300001,20672.07075568035,22255.896654294073,24344.895552400012,620.0231894291122,1176.1863693914524,0.30922535211267604,1403.3556810297416,1870.0707556803507,0.0
X-n143-k7,142,cold_chain,ortools:proxy_mean_scaled_seed109_or_tools,proxy_mean_scaled_seed109_or_tools,ortools,True,True,True,7,18802.0,4.997038125991821,1.089003562927246,6.086041688919067,8288.349999999999,0.9949999999999998,pulp_cbc,mean_domain_loss,2823.460469229504,,180,60,True,8295.848620495428,8316.617424477572,9916.867451961063,9925.630118934274,6586.608308367197,8330.0000169,23199.199902176842,24298.49257411558,26059.975643155973,613.6175792284387,1165.580389437894,0.3016901408450704,1396.9500904290671,2823.460469229504,1573.7394329473395
X-n143-k7,142,atm,ortools:quantile_p75_scaled_seed107_or_tools,quantile_p75_scaled_seed107_or_tools,ortools,True,True,True,7,18166.0,5.00028395652771,1.0527122020721436,6.0529961585998535,8288.35,0.995,pulp_cbc,mean_domain_loss,2511.640045909889,,180,60,True,8295.848620495428,8316.617424477572,9916.867451961063,9925.630118934274,5518.642096149771,8329.9999989,20677.64004590989,22607.248486255266,25529.248445160327,613.4630333067909,1154.12144488796,0.31,1396.79552650742,2511.640045909889,0.0
X-n143-k7,142,grocery,ortools:quantile_p75_scaled_seed107_or_tools,quantile_p75_scaled_seed107_or_tools,ortools,True,True,True,7,18166.0,5.00028395652771,1.0898947715759277,6.090178728103638,8288.35,0.995,pulp_cbc,mean_domain_loss,1848.9716918324893,,180,60,True,8295.848620495428,8316.617424477572,9916.867451961063,9925.630118934274,2777.6676781161254,8330.0000218,20014.97169183249,20883.405301721978,22327.99190981828,612.4804807580639,1154.5791635115586,0.30859154929577465,1395.8129968586932,1848.9716918324893,0.0
X-n143-k7,142,cargo,ortools:quantile_p75_scaled_seed107_or_tools,quantile_p75_scaled_seed107_or_tools,ortools,True,True,True,7,18166.0,5.00028395652771,1.0489461421966553,6.049230098724365,8288.35,0.995,pulp_cbc,mean_domain_loss,1865.233676264841,,180,60,True,8295.848620495428,8316.617424477572,9916.867451961063,9925.630118934274,4961.473881175076,8330.000016299999,20031.23367626484,21550.00651721027,23710.303939426758,618.2327786530353,1166.8445524731821,0.30690140845070424,1401.5652892536643,1865.233676264841,0.0
X-n143-k7,142,cold_chain,ortools:quantile_p75_scaled_seed107_or_tools,quantile_p75_scaled_seed107_or_tools,ortools,True,True,True,7,18166.0,5.00028395652771,1.1021599769592285,6.1024439334869385,8288.35,0.995,pulp_cbc,mean_domain_loss,2819.240662672717,,180,60,True,8295.848620495428,8316.617424477572,9916.867451961063,9925.630118934274,6541.495422091863,8330.0000341,22514.384793892135,23531.402396598656,25396.830466562657,613.1865903011477,1151.1217330169868,0.3021830985915493,1396.5191187017765,2819.240662672717,1529.1441312194188
X-n143-k7,142,atm,ortools:robust_mean_1std_scaled_seed113_or_tools,robust_mean_1std_scaled_seed113_or_tools,ortools,True,True,True,7,18450.0,4.999038219451904,1.088912010192871,6.087950229644775,8288.350000000002,0.9950000000000002,pulp_cbc,mean_domain_loss,2513.004494284095,,180,60,True,8295.848620495428,8316.617424477572,9916.867451961063,9925.630118934274,5514.6514829832995,8330.000001999999,20963.004494284094,22910.297492309877,25804.29501011407,615.0434841094517,1153.9868987119557,0.3122535211267606,1398.3759804100805,2513.004494284095,0.0
X-n143-k7,142,grocery,ortools:robust_mean_1std_scaled_seed113_or_tools,robust_mean_1std_scaled_seed113_or_tools,ortools,True,True,True,7,18450.0,4.999038219451904,1.1670408248901367,6.166079044342041,8288.350000000002,0.9950000000000002,pulp_cbc,mean_domain_loss,1851.1452918802968,,180,60,True,8295.848620495428,8316.617424477572,9916.867451961063,9925.630118934274,2779.1487798024496,8330.0000078,20301.145291880297,21167.397603112488,22611.503710289213,613.2218719646702,1148.5678118285925,0.3095774647887324,1396.5543740652993,1851.1452918802968,0.0
X-n143-k7,142,cargo,ortools:robust_mean_1std_scaled_seed113_or_tools,robust_mean_1std_scaled_seed113_or_tools,ortools,True,True,True,7,18450.0,4.999038219451904,1.2733588218688965,6.272397041320801,8288.350000000002,0.9950000000000002,pulp_cbc,mean_domain_loss,1859.0321317401042,,180,60,True,8295.848620495428,8316.617424477572,9916.867451961063,9925.630118934274,4942.614716578441,8329.9999981,20309.032131740107,21851.210250489406,23974.718029672695,619.3765074324573,1171.2505576435335,0.3077464788732394,1402.7089998330862,1859.0321317401042,0.0
X-n143-k7,142,cold_chain,ortools:robust_mean_1std_scaled_seed113_or_tools,robust_mean_1std_scaled_seed113_or_tools,ortools,True,True,True,7,18450.0,4.999038219451904,1.116788387298584,6.115826606750488,8288.350000000002,0.9950000000000002,pulp_cbc,mean_domain_loss,2833.60786660799,,180,60,True,8295.848620495428,8316.617424477572,9916.867451961063,9925.630118934274,6605.177508070723,8330.0000002,22872.590355373868,23893.346910536668,25740.49953527077,616.2394093804169,1168.4864918022063,0.30246478873239435,1399.571903881046,2833.60786660799,1588.9824887658765
X-n162-k11,161,atm,ortools:nominal_or_tools,nominal_or_tools,ortools,True,True,True,11,14799.0,4.994436979293823,1.1331307888031006,6.127567768096924,12194.0,0.9442465541273037,pulp_cbc,mean_domain_loss,4815.576575626586,,180,60,True,14041.602423680102,14059.258642798679,17116.69937454782,17172.81426272881,12187.46619869358,12913.99999,19614.576575626586,22903.230517339034,26270.25607407974,1228.5435367861394,2130.114640664357,0.4003726708074534,1735.0246155523332,4815.576575626586,0.0
X-n162-k11,161,grocery,ortools:nominal_or_tools,nominal_or_tools,ortools,True,True,True,11,14799.0,4.994436979293823,1.3019070625305176,6.296344041824341,12194.0,0.9442465541273037,pulp_cbc,mean_domain_loss,3213.922116205976,,180,60,True,14041.602423680102,14059.258642798679,17116.69937454782,17172.81426272881,5721.170901380655,12913.999993000001,18012.922116205977,19548.813723352323,21259.90212961466,1229.6194824537952,2133.3422478339885,0.3975776397515528,1736.1005642199889,3213.922116205976,0.0
X-n162-k11,161,cargo,ortools:nominal_or_tools,nominal_or_tools,ortools,True,True,True,11,14799.0,4.994436979293823,1.1215856075286865,6.11602258682251,12194.0,0.9442465541273037,pulp_cbc,mean_domain_loss,3661.7074902174663,,180,60,True,14041.602423680102,14059.258642798679,17116.69937454782,17172.81426272881,11085.541692403227,12914.000009,18460.707490217468,21008.98892420846,23574.66504764434,1252.2360304643207,2152.1801099420727,0.4085093167701863,1758.7171282305142,3661.7074902174663,0.0
X-n162-k11,161,cold_chain,ortools:nominal_or_tools,nominal_or_tools,ortools,True,True,True,11,14799.0,4.994436979293823,1.2480242252349854,6.242461204528809,12194.0,0.9442465541273037,pulp_cbc,mean_domain_loss,4726.172248459723,,180,60,True,14041.602423680102,14059.258642798679,17116.69937454782,17172.81426272881,12575.042900702345,12913.999961000001,21918.516629208938,23770.239028119486,26018.48811481085,1237.1936827554364,2136.7131353555105,0.3942857142857143,1743.6747325216304,4726.172248459723,2393.3443807492167
X-n162-k11,161,atm,ortools:proxy_mean_or_tools,proxy_mean_or_tools,ortools,False,False,False,0,,0.0,,0.0,14041.602423680106,1.0873162787424582,pulp_cbc,mean_domain_loss,,total_load_exceeds_fleet_capacity,180,60,True,14041.602423680102,14059.258642798679,17116.69937454782,17172.81426272881,,,,,,,,,,,
X-n162-k11,161,grocery,ortools:proxy_mean_or_tools,proxy_mean_or_tools,ortools,False,False,False,0,,0.0,,0.0,14041.602423680106,1.0873162787424582,pulp_cbc,mean_domain_loss,,total_load_exceeds_fleet_capacity,180,60,True,14041.602423680102,14059.258642798679,17116.69937454782,17172.81426272881,,,,,,,,,,,
X-n162-k11,161,cargo,ortools:proxy_mean_or_tools,proxy_mean_or_tools,ortools,False,False,False,0,,0.0,,0.0,14041.602423680106,1.0873162787424582,pulp_cbc,mean_domain_loss,,total_load_exceeds_fleet_capacity,180,60,True,14041.602423680102,14059.258642798679,17116.69937454782,17172.81426272881,,,,,,,,,,,
X-n162-k11,161,cold_chain,ortools:proxy_mean_or_tools,proxy_mean_or_tools,ortools,False,False,False,0,,0.0,,0.0,14041.602423680106,1.0873162787424582,pulp_cbc,mean_domain_loss,,total_load_exceeds_fleet_capacity,180,60,True,14041.602423680102,14059.258642798679,17116.69937454782,17172.81426272881,,,,,,,,,,,
X-n162-k11,161,atm,ortools:quantile_p75_or_tools,quantile_p75_or_tools,ortools,False,False,False,0,,0.0,,0.0,16324.755246187586,1.2641129972268534,pulp_cbc,mean_domain_loss,,total_load_exceeds_fleet_capacity,180,60,True,14041.602423680102,14059.258642798679,17116.69937454782,17172.81426272881,,,,,,,,,,,
X-n162-k11,161,grocery,ortools:quantile_p75_or_tools,quantile_p75_or_tools,ortools,False,False,False,0,,0.0,,0.0,16324.755246187586,1.2641129972268534,pulp_cbc,mean_domain_loss,,total_load_exceeds_fleet_capacity,180,60,True,14041.602423680102,14059.258642798679,17116.69937454782,17172.81426272881,,,,,,,,,,,
X-n162-k11,161,cargo,ortools:quantile_p75_or_tools,quantile_p75_or_tools,ortools,False,False,False,0,,0.0,,0.0,16324.755246187586,1.2641129972268534,pulp_cbc,mean_domain_loss,,total_load_exceeds_fleet_capacity,180,60,True,14041.602423680102,14059.258642798679,17116.69937454782,17172.81426272881,,,,,,,,,,,
X-n162-k11,161,cold_chain,ortools:quantile_p75_or_tools,quantile_p75_or_tools,ortools,False,False,False,0,,0.0,,0.0,16324.755246187586,1.2641129972268534,pulp_cbc,mean_domain_loss,,total_load_exceeds_fleet_capacity,180,60,True,14041.602423680102,14059.258642798679,17116.69937454782,17172.81426272881,,,,,,,,,,,
X-n162-k11,161,atm,ortools:quantile_p90_or_tools,quantile_p90_or_tools,ortools,False,False,False,0,,0.0,,0.0,19634.0039462035,1.5203658003874476,pulp_cbc,mean_domain_loss,,total_load_exceeds_fleet_capacity,180,60,True,14041.602423680102,14059.258642798679,17116.69937454782,17172.81426272881,,,,,,,,,,,
X-n162-k11,161,grocery,ortools:quantile_p90_or_tools,quantile_p90_or_tools,ortools,False,False,False,0,,0.0,,0.0,19634.0039462035,1.5203658003874476,pulp_cbc,mean_domain_loss,,total_load_exceeds_fleet_capacity,180,60,True,14041.602423680102,14059.258642798679,17116.69937454782,17172.81426272881,,,,,,,,,,,
X-n162-k11,161,cargo,ortools:quantile_p90_or_tools,quantile_p90_or_tools,ortools,False,False,False,0,,0.0,,0.0,19634.0039462035,1.5203658003874476,pulp_cbc,mean_domain_loss,,total_load_exceeds_fleet_capacity,180,60,True,14041.602423680102,14059.258642798679,17116.69937454782,17172.81426272881,,,,,,,,,,,
X-n162-k11,161,cold_chain,ortools:quantile_p90_or_tools,quantile_p90_or_tools,ortools,False,False,False,0,,0.0,,0.0,19634.0039462035,1.5203658003874476,pulp_cbc,mean_domain_loss,,total_load_exceeds_fleet_capacity,180,60,True,14041.602423680102,14059.258642798679,17116.69937454782,17172.81426272881,,,,,,,,,,,
X-n162-k11,161,atm,ortools:robust_mean_1std_or_tools,robust_mean_1std_or_tools,ortools,False,False,False,0,,0.0,,0.0,18328.159785567048,1.4192473118760298,pulp_cbc,mean_domain_loss,,total_load_exceeds_fleet_capacity,180,60,True,14041.602423680102,14059.258642798679,17116.69937454782,17172.81426272881,,,,,,,,,,,
X-n162-k11,161,grocery,ortools:robust_mean_1std_or_tools,robust_mean_1std_or_tools,ortools,False,False,False,0,,0.0,,0.0,18328.159785567048,1.4192473118760298,pulp_cbc,mean_domain_loss,,total_load_exceeds_fleet_capacity,180,60,True,14041.602423680102,14059.258642798679,17116.69937454782,17172.81426272881,,,,,,,,,,,
X-n162-k11,161,cargo,ortools:robust_mean_1std_or_tools,robust_mean_1std_or_tools,ortools,False,False,False,0,,0.0,,0.0,18328.159785567048,1.4192473118760298,pulp_cbc,mean_domain_loss,,total_load_exceeds_fleet_capacity,180,60,True,14041.602423680102,14059.258642798679,17116.69937454782,17172.81426272881,,,,,,,,,,,
X-n162-k11,161,cold_chain,ortools:robust_mean_1std_or_tools,robust_mean_1std_or_tools,ortools,False,False,False,0,,0.0,,0.0,18328.159785567048,1.4192473118760298,pulp_cbc,mean_domain_loss,,total_load_exceeds_fleet_capacity,180,60,True,14041.602423680102,14059.258642798679,17116.69937454782,17172.81426272881,,,,,,,,,,,
X-n162-k11,161,atm,ortools:robust_mean_2std_or_tools,robust_mean_2std_or_tools,ortools,False,False,False,0,,0.0,,0.0,22614.717147453986,1.751178345009601,pulp_cbc,mean_domain_loss,,total_load_exceeds_fleet_capacity,180,60,True,14041.602423680102,14059.258642798679,17116.69937454782,17172.81426272881,,,,,,,,,,,
X-n162-k11,161,grocery,ortools:robust_mean_2std_or_tools,robust_mean_2std_or_tools,ortools,False,False,False,0,,0.0,,0.0,22614.717147453986,1.751178345009601,pulp_cbc,mean_domain_loss,,total_load_exceeds_fleet_capacity,180,60,True,14041.602423680102,14059.258642798679,17116.69937454782,17172.81426272881,,,,,,,,,,,
X-n162-k11,161,cargo,ortools:robust_mean_2std_or_tools,robust_mean_2std_or_tools,ortools,False,False,False,0,,0.0,,0.0,22614.717147453986,1.751178345009601,pulp_cbc,mean_domain_loss,,total_load_exceeds_fleet_capacity,180,60,True,14041.602423680102,14059.258642798679,17116.69937454782,17172.81426272881,,,,,,,,,,,
X-n162-k11,161,cold_chain,ortools:robust_mean_2std_or_tools,robust_mean_2std_or_tools,ortools,False,False,False,0,,0.0,,0.0,22614.717147453986,1.751178345009601,pulp_cbc,mean_domain_loss,,total_load_exceeds_fleet_capacity,180,60,True,14041.602423680102,14059.258642798679,17116.69937454782,17172.81426272881,,,,,,,,,,,
X-n162-k11,161,atm,ortools:proxy_mean_scaled_or_tools,proxy_mean_scaled_or_tools,ortools,False,False,False,0,,5.008721351623535,,5.008721351623535,12849.43,0.995,pulp_cbc,mean_domain_loss,,ortools_no_solution,180,60,True,14041.602423680102,14059.258642798679,17116.69937454782,17172.81426272881,,,,,,,,,,,
X-n162-k11,161,grocery,ortools:proxy_mean_scaled_or_tools,proxy_mean_scaled_or_tools,ortools,False,False,False,0,,5.008721351623535,,5.008721351623535,12849.43,0.995,pulp_cbc,mean_domain_loss,,ortools_no_solution,180,60,True,14041.602423680102,14059.258642798679,17116.69937454782,17172.81426272881,,,,,,,,,,,
X-n162-k11,161,cargo,ortools:proxy_mean_scaled_or_tools,proxy_mean_scaled_or_tools,ortools,False,False,False,0,,5.008721351623535,,5.008721351623535,12849.43,0.995,pulp_cbc,mean_domain_loss,,ortools_no_solution,180,60,True,14041.602423680102,14059.258642798679,17116.69937454782,17172.81426272881,,,,,,,,,,,
X-n162-k11,161,cold_chain,ortools:proxy_mean_scaled_or_tools,proxy_mean_scaled_or_tools,ortools,False,False,False,0,,5.008721351623535,,5.008721351623535,12849.43,0.995,pulp_cbc,mean_domain_loss,,ortools_no_solution,180,60,True,14041.602423680102,14059.258642798679,17116.69937454782,17172.81426272881,,,,,,,,,,,
X-n162-k11,161,atm,ortools:quantile_p75_scaled_or_tools,quantile_p75_scaled_or_tools,ortools,False,False,False,0,,4.997911691665649,,4.997911691665649,12849.43,0.995,pulp_cbc,mean_domain_loss,,ortools_no_solution,180,60,True,14041.602423680102,14059.258642798679,17116.69937454782,17172.81426272881,,,,,,,,,,,
X-n162-k11,161,grocery,ortools:quantile_p75_scaled_or_tools,quantile_p75_scaled_or_tools,ortools,False,False,False,0,,4.997911691665649,,4.997911691665649,12849.43,0.995,pulp_cbc,mean_domain_loss,,ortools_no_solution,180,60,True,14041.602423680102,14059.258642798679,17116.69937454782,17172.81426272881,,,,,,,,,,,
X-n162-k11,161,cargo,ortools:quantile_p75_scaled_or_tools,quantile_p75_scaled_or_tools,ortools,False,False,False,0,,4.997911691665649,,4.997911691665649,12849.43,0.995,pulp_cbc,mean_domain_loss,,ortools_no_solution,180,60,True,14041.602423680102,14059.258642798679,17116.69937454782,17172.81426272881,,,,,,,,,,,
X-n162-k11,161,cold_chain,ortools:quantile_p75_scaled_or_tools,quantile_p75_scaled_or_tools,ortools,False,False,False,0,,4.997911691665649,,4.997911691665649,12849.43,0.995,pulp_cbc,mean_domain_loss,,ortools_no_solution,180,60,True,14041.602423680102,14059.258642798679,17116.69937454782,17172.81426272881,,,,,,,,,,,
X-n162-k11,161,atm,ortools:quantile_p90_scaled_or_tools,quantile_p90_scaled_or_tools,ortools,False,False,False,0,,5.0039544105529785,,5.0039544105529785,12849.43,0.995,pulp_cbc,mean_domain_loss,,ortools_no_solution,180,60,True,14041.602423680102,14059.258642798679,17116.69937454782,17172.81426272881,,,,,,,,,,,
X-n162-k11,161,grocery,ortools:quantile_p90_scaled_or_tools,quantile_p90_scaled_or_tools,ortools,False,False,False,0,,5.0039544105529785,,5.0039544105529785,12849.43,0.995,pulp_cbc,mean_domain_loss,,ortools_no_solution,180,60,True,14041.602423680102,14059.258642798679,17116.69937454782,17172.81426272881,,,,,,,,,,,
X-n162-k11,161,cargo,ortools:quantile_p90_scaled_or_tools,quantile_p90_scaled_or_tools,ortools,False,False,False,0,,5.0039544105529785,,5.0039544105529785,12849.43,0.995,pulp_cbc,mean_domain_loss,,ortools_no_solution,180,60,True,14041.602423680102,14059.258642798679,17116.69937454782,17172.81426272881,,,,,,,,,,,
X-n162-k11,161,cold_chain,ortools:quantile_p90_scaled_or_tools,quantile_p90_scaled_or_tools,ortools,False,False,False,0,,5.0039544105529785,,5.0039544105529785,12849.43,0.995,pulp_cbc,mean_domain_loss,,ortools_no_solution,180,60,True,14041.602423680102,14059.258642798679,17116.69937454782,17172.81426272881,,,,,,,,,,,
X-n162-k11,161,atm,ortools:robust_mean_1std_scaled_or_tools,robust_mean_1std_scaled_or_tools,ortools,False,False,False,0,,4.990921258926392,,4.990921258926392,12849.43,0.995,pulp_cbc,mean_domain_loss,,ortools_no_solution,180,60,True,14041.602423680102,14059.258642798679,17116.69937454782,17172.81426272881,,,,,,,,,,,
X-n162-k11,161,grocery,ortools:robust_mean_1std_scaled_or_tools,robust_mean_1std_scaled_or_tools,ortools,False,False,False,0,,4.990921258926392,,4.990921258926392,12849.43,0.995,pulp_cbc,mean_domain_loss,,ortools_no_solution,180,60,True,14041.602423680102,14059.258642798679,17116.69937454782,17172.81426272881,,,,,,,,,,,
X-n162-k11,161,cargo,ortools:robust_mean_1std_scaled_or_tools,robust_mean_1std_scaled_or_tools,ortools,False,False,False,0,,4.990921258926392,,4.990921258926392,12849.43,0.995,pulp_cbc,mean_domain_loss,,ortools_no_solution,180,60,True,14041.602423680102,14059.258642798679,17116.69937454782,17172.81426272881,,,,,,,,,,,
X-n162-k11,161,cold_chain,ortools:robust_mean_1std_scaled_or_tools,robust_mean_1std_scaled_or_tools,ortools,False,False,False,0,,4.990921258926392,,4.990921258926392,12849.43,0.995,pulp_cbc,mean_domain_loss,,ortools_no_solution,180,60,True,14041.602423680102,14059.258642798679,17116.69937454782,17172.81426272881,,,,,,,,,,,
X-n162-k11,161,atm,ortools:robust_mean_2std_scaled_or_tools,robust_mean_2std_scaled_or_tools,ortools,False,False,False,0,,5.004605770111084,,5.004605770111084,12849.43,0.995,pulp_cbc,mean_domain_loss,,ortools_no_solution,180,60,True,14041.602423680102,14059.258642798679,17116.69937454782,17172.81426272881,,,,,,,,,,,
X-n162-k11,161,grocery,ortools:robust_mean_2std_scaled_or_tools,robust_mean_2std_scaled_or_tools,ortools,False,False,False,0,,5.004605770111084,,5.004605770111084,12849.43,0.995,pulp_cbc,mean_domain_loss,,ortools_no_solution,180,60,True,14041.602423680102,14059.258642798679,17116.69937454782,17172.81426272881,,,,,,,,,,,
X-n162-k11,161,cargo,ortools:robust_mean_2std_scaled_or_tools,robust_mean_2std_scaled_or_tools,ortools,False,False,False,0,,5.004605770111084,,5.004605770111084,12849.43,0.995,pulp_cbc,mean_domain_loss,,ortools_no_solution,180,60,True,14041.602423680102,14059.258642798679,17116.69937454782,17172.81426272881,,,,,,,,,,,
X-n162-k11,161,cold_chain,ortools:robust_mean_2std_scaled_or_tools,robust_mean_2std_scaled_or_tools,ortools,False,False,False,0,,5.004605770111084,,5.004605770111084,12849.43,0.995,pulp_cbc,mean_domain_loss,,ortools_no_solution,180,60,True,14041.602423680102,14059.258642798679,17116.69937454782,17172.81426272881,,,,,,,,,,,
X-n162-k11,161,atm,ortools:nominal_seed101_or_tools,nominal_seed101_or_tools,ortools,True,True,True,11,14878.0,5.000680208206177,1.2511541843414307,6.251834392547607,12194.0,0.9442465541273037,pulp_cbc,mean_domain_loss,5079.57985484369,,180,60,True,14041.602423680102,14059.258642798679,17116.69937454782,17172.81426272881,12561.571606280722,12913.999995999999,19957.579854843687,23061.523206778373,26707.621448104088,1297.6085706488752,2154.5047069783136,0.41788819875776395,1804.0896554150688,5079.57985484369,0.0
X-n162-k11,161,grocery,ortools:nominal_seed101_or_tools,nominal_seed101_or_tools,ortools,True,True,True,11,14878.0,5.000680208206177,0.9735972881317139,5.974277496337891,12194.0,0.9442465541273037,pulp_cbc,mean_domain_loss,3330.8370995337,,180,60,True,14041.602423680102,14059.258642798679,17116.69937454782,17172.81426272881,5911.941239766009,12759.993073999998,18208.8370995337,19698.53620586979,21554.457489193053,1303.5034424540272,2190.5680341056873,0.41714285714285715,1655.9776052202205,3330.8370995337,0.0
X-n162-k11,161,cargo,ortools:nominal_seed101_or_tools,nominal_seed101_or_tools,ortools,True,True,True,11,14878.0,5.000680208206177,0.8930199146270752,5.893700122833252,12194.0,0.9442465541273037,pulp_cbc,mean_domain_loss,3856.00035983228,,180,60,True,14041.602423680102,14059.258642798679,17116.69937454782,17172.81426272881,11384.337157597696,12914.000009,18734.00035983228,21160.26276781636,23913.426984061363,1320.9830070077307,2176.581951253928,0.42428571428571427,1827.464104773924,3856.00035983228,0.0
X-n162-k11,161,cold_chain,ortools:nominal_seed101_or_tools,nominal_seed101_or_tools,ortools,True,True,True,11,14878.0,5.000680208206177,0.8507473468780518,5.8514275550842285,12194.0,0.9442465541273037,pulp_cbc,mean_domain_loss,4823.056367696377,,180,60,True,14041.602423680102,14059.258642798679,17116.69937454782,17172.81426272881,12855.161295295586,12706.154586999999,22070.760850105602,23962.549737030193,26317.45616337953,1312.4490285566278,2220.781183926691,0.4159627329192547,1611.0847043228216,4823.056367696377,2369.7044824092213
X-n162-k11,161,atm,ortools:nominal_seed103_or_tools,nominal_seed103_or_tools,ortools,True,True,True,11,14821.0,5.007380962371826,0.8297646045684814,5.837145566940308,12194.0,0.9442465541273037,pulp_cbc,mean_domain_loss,4883.679804915381,,180,60,True,14041.602423680102,14059.258642798679,17116.69937454782,17172.81426272881,12279.731793392664,12913.999992999998,19704.679804915384,23090.362572854396,26399.246039614256,1246.1700065793364,2171.901860594705,0.4047826086956522,1752.6510883455298,4883.679804915381,0.0
X-n162-k11,161,grocery,ortools:nominal_seed103_or_tools,nominal_seed103_or_tools,ortools,True,True,True,11,14821.0,5.007380962371826,0.7953367233276367,5.802717685699463,12194.0,0.9442465541273037,pulp_cbc,mean_domain_loss,3256.478035708081,,180,60,True,14041.602423680102,14059.258642798679,17116.69937454782,17172.81426272881,5774.311799996292,12913.999974999999,18077.478035708085,19680.65653848118,21352.99329885703,1247.1465468456988,2178.2536593689947,0.4022360248447205,1753.6276106118921,3256.478035708081,0.0
X-n162-k11,161,cargo,ortools:nominal_seed103_or_tools,nominal_seed103_or_tools,ortools,True,True,True,11,14821.0,5.007380962371826,0.8296835422515869,5.837064504623413,12194.0,0.9442465541273037,pulp_cbc,mean_domain_loss,3709.0986595334466,,180,60,True,14041.602423680102,14059.258642798679,17116.69937454782,17172.81426272881,11149.580045833764,12913.999987,18530.098659533443,21141.123301419168,23652.304986318504,1272.7201144169612,2198.412633994694,0.4155900621118012,1779.2011901831545,3709.0986595334466,0.0
X-n162-k11,161,cold_chain,ortools:nominal_seed103_or_tools,nominal_seed103_or_tools,ortools,True,True,True,11,14821.0,5.007380962371826,0.8208150863647461,5.828196048736572,12194.0,0.9442465541273037,pulp_cbc,mean_domain_loss,4761.688043773404,,180,60,True,14041.602423680102,14059.258642798679,17116.69937454782,17172.81426272881,12633.759467245467,12870.516056999999,21952.324720431432,23882.461522282847,26090.157551755732,1258.9721971696497,2171.4256343851384,0.39869565217391306,1721.969342935843,4761.688043773404,2369.636676658025
X-n162-k11,161,atm,ortools:proxy_mean_scaled_seed109_or_tools,proxy_mean_scaled_seed109_or_tools,ortools,False,False,False,0,,4.998059272766113,,4.998059272766113,12849.43,0.995,pulp_cbc,mean_domain_loss,,ortools_no_solution,180,60,True,14041.602423680102,14059.258642798679,17116.69937454782,17172.81426272881,,,,,,,,,,,
X-n162-k11,161,grocery,ortools:proxy_mean_scaled_seed109_or_tools,proxy_mean_scaled_seed109_or_tools,ortools,False,False,False,0,,4.998059272766113,,4.998059272766113,12849.43,0.995,pulp_cbc,mean_domain_loss,,ortools_no_solution,180,60,True,14041.602423680102,14059.258642798679,17116.69937454782,17172.81426272881,,,,,,,,,,,
X-n162-k11,161,cargo,ortools:proxy_mean_scaled_seed109_or_tools,proxy_mean_scaled_seed109_or_tools,ortools,False,False,False,0,,4.998059272766113,,4.998059272766113,12849.43,0.995,pulp_cbc,mean_domain_loss,,ortools_no_solution,180,60,True,14041.602423680102,14059.258642798679,17116.69937454782,17172.81426272881,,,,,,,,,,,
X-n162-k11,161,cold_chain,ortools:proxy_mean_scaled_seed109_or_tools,proxy_mean_scaled_seed109_or_tools,ortools,False,False,False,0,,4.998059272766113,,4.998059272766113,12849.43,0.995,pulp_cbc,mean_domain_loss,,ortools_no_solution,180,60,True,14041.602423680102,14059.258642798679,17116.69937454782,17172.81426272881,,,,,,,,,,,
X-n162-k11,161,atm,ortools:quantile_p75_scaled_seed107_or_tools,quantile_p75_scaled_seed107_or_tools,ortools,False,False,False,0,,5.005786418914795,,5.005786418914795,12849.43,0.995,pulp_cbc,mean_domain_loss,,ortools_no_solution,180,60,True,14041.602423680102,14059.258642798679,17116.69937454782,17172.81426272881,,,,,,,,,,,
X-n162-k11,161,grocery,ortools:quantile_p75_scaled_seed107_or_tools,quantile_p75_scaled_seed107_or_tools,ortools,False,False,False,0,,5.005786418914795,,5.005786418914795,12849.43,0.995,pulp_cbc,mean_domain_loss,,ortools_no_solution,180,60,True,14041.602423680102,14059.258642798679,17116.69937454782,17172.81426272881,,,,,,,,,,,
X-n162-k11,161,cargo,ortools:quantile_p75_scaled_seed107_or_tools,quantile_p75_scaled_seed107_or_tools,ortools,False,False,False,0,,5.005786418914795,,5.005786418914795,12849.43,0.995,pulp_cbc,mean_domain_loss,,ortools_no_solution,180,60,True,14041.602423680102,14059.258642798679,17116.69937454782,17172.81426272881,,,,,,,,,,,
X-n162-k11,161,cold_chain,ortools:quantile_p75_scaled_seed107_or_tools,quantile_p75_scaled_seed107_or_tools,ortools,False,False,False,0,,5.005786418914795,,5.005786418914795,12849.43,0.995,pulp_cbc,mean_domain_loss,,ortools_no_solution,180,60,True,14041.602423680102,14059.258642798679,17116.69937454782,17172.81426272881,,,,,,,,,,,
X-n162-k11,161,atm,ortools:robust_mean_1std_scaled_seed113_or_tools,robust_mean_1std_scaled_seed113_or_tools,ortools,False,False,False,0,,5.002197265625,,5.002197265625,12849.43,0.995,pulp_cbc,mean_domain_loss,,ortools_no_solution,180,60,True,14041.602423680102,14059.258642798679,17116.69937454782,17172.81426272881,,,,,,,,,,,
X-n162-k11,161,grocery,ortools:robust_mean_1std_scaled_seed113_or_tools,robust_mean_1std_scaled_seed113_or_tools,ortools,False,False,False,0,,5.002197265625,,5.002197265625,12849.43,0.995,pulp_cbc,mean_domain_loss,,ortools_no_solution,180,60,True,14041.602423680102,14059.258642798679,17116.69937454782,17172.81426272881,,,,,,,,,,,
X-n162-k11,161,cargo,ortools:robust_mean_1std_scaled_seed113_or_tools,robust_mean_1std_scaled_seed113_or_tools,ortools,False,False,False,0,,5.002197265625,,5.002197265625,12849.43,0.995,pulp_cbc,mean_domain_loss,,ortools_no_solution,180,60,True,14041.602423680102,14059.258642798679,17116.69937454782,17172.81426272881,,,,,,,,,,,
X-n162-k11,161,cold_chain,ortools:robust_mean_1std_scaled_seed113_or_tools,robust_mean_1std_scaled_seed113_or_tools,ortools,False,False,False,0,,5.002197265625,,5.002197265625,12849.43,0.995,pulp_cbc,mean_domain_loss,,ortools_no_solution,180,60,True,14041.602423680102,14059.258642798679,17116.69937454782,17172.81426272881,,,,,,,,,,,
X-n167-k10,166,atm,ortools:nominal_or_tools,nominal_or_tools,ortools,True,True,True,10,22643.0,5.008446216583252,0.8233547210693359,5.831800937652588,1236.0,0.9293233082706767,pulp_cbc,mean_domain_loss,520.2429413351048,,180,60,True,1338.4496844448638,1339.8281173836035,1575.9630876437734,1578.5498416441526,940.6715663129335,1329.9999995999997,23163.242941335095,23563.157740280738,23770.997929703135,131.9194145496985,242.89400119218038,0.4179518072289157,200.79202178675953,520.2429413351048,0.0
X-n167-k10,166,grocery,ortools:nominal_or_tools,nominal_or_tools,ortools,True,True,True,10,22643.0,5.008446216583252,0.8300759792327881,5.83852219581604,1236.0,0.9293233082706767,pulp_cbc,mean_domain_loss,340.9645838872534,,180,60,True,1338.4496844448638,1339.8281173836035,1575.9630876437734,1578.5498416441526,467.9930757917623,1302.6125662999998,22983.964583887257,23175.22567632324,23283.244092834735,133.22360185497277,244.53301077198392,0.4216265060240964,174.7087757920338,340.9645838872534,0.0
X-n167-k10,166,cargo,ortools:nominal_or_tools,nominal_or_tools,ortools,True,True,True,10,22643.0,5.008446216583252,0.882373571395874,5.890819787979126,1236.0,0.9293233082706767,pulp_cbc,mean_domain_loss,396.02601984465997,,180,60,True,1338.4496844448638,1339.8281173836035,1575.9630876437734,1578.5498416441526,848.1743185872255,1330.0000014999998,23039.02601984466,23342.279733370393,23508.987710037465,133.0004322797123,243.34616059123692,0.41566265060240964,201.8730414167734,396.02601984465997,0.0
X-n167-k10,166,cold_chain,ortools:nominal_or_tools,nominal_or_tools,ortools,True,True,True,10,22643.0,5.008446216583252,0.84739089012146,5.855837106704712,1236.0,0.9293233082706767,pulp_cbc,mean_domain_loss,496.2015334049773,,180,60,True,1338.4496844448638,1339.8281173836035,1575.9630876437734,1578.5498416441526,1066.3955532479397,1297.4679677,23377.393308375234,23615.670365371418,23756.647039986146,133.92845737652704,244.77774644226167,0.41789156626506024,170.26903271358802,496.2015334049773,238.19177497025797
X-n167-k10,166,atm,ortools:proxy_mean_or_tools,proxy_mean_or_tools,ortools,False,False,False,0,,0.0,,0.0,1338.449684444864,1.006353146199146,pulp_cbc,mean_domain_loss,,total_load_exceeds_fleet_capacity,180,60,True,1338.4496844448638,1339.8281173836035,1575.9630876437734,1578.5498416441526,,,,,,,,,,,
X-n167-k10,166,grocery,ortools:proxy_mean_or_tools,proxy_mean_or_tools,ortools,False,False,False,0,,0.0,,0.0,1338.449684444864,1.006353146199146,pulp_cbc,mean_domain_loss,,total_load_exceeds_fleet_capacity,180,60,True,1338.4496844448638,1339.8281173836035,1575.9630876437734,1578.5498416441526,,,,,,,,,,,
X-n167-k10,166,cargo,ortools:proxy_mean_or_tools,proxy_mean_or_tools,ortools,False,False,False,0,,0.0,,0.0,1338.449684444864,1.006353146199146,pulp_cbc,mean_domain_loss,,total_load_exceeds_fleet_capacity,180,60,True,1338.4496844448638,1339.8281173836035,1575.9630876437734,1578.5498416441526,,,,,,,,,,,
X-n167-k10,166,cold_chain,ortools:proxy_mean_or_tools,proxy_mean_or_tools,ortools,False,False,False,0,,0.0,,0.0,1338.449684444864,1.006353146199146,pulp_cbc,mean_domain_loss,,total_load_exceeds_fleet_capacity,180,60,True,1338.4496844448638,1339.8281173836035,1575.9630876437734,1578.5498416441526,,,,,,,,,,,
X-n167-k10,166,atm,ortools:quantile_p75_or_tools,quantile_p75_or_tools,ortools,False,False,False,0,,0.0,,0.0,1549.6251468442697,1.1651316893565937,pulp_cbc,mean_domain_loss,,total_load_exceeds_fleet_capacity,180,60,True,1338.4496844448638,1339.8281173836035,1575.9630876437734,1578.5498416441526,,,,,,,,,,,
X-n167-k10,166,grocery,ortools:quantile_p75_or_tools,quantile_p75_or_tools,ortools,False,False,False,0,,0.0,,0.0,1549.6251468442697,1.1651316893565937,pulp_cbc,mean_domain_loss,,total_load_exceeds_fleet_capacity,180,60,True,1338.4496844448638,1339.8281173836035,1575.9630876437734,1578.5498416441526,,,,,,,,,,,
X-n167-k10,166,cargo,ortools:quantile_p75_or_tools,quantile_p75_or_tools,ortools,False,False,False,0,,0.0,,0.0,1549.6251468442697,1.1651316893565937,pulp_cbc,mean_domain_loss,,total_load_exceeds_fleet_capacity,180,60,True,1338.4496844448638,1339.8281173836035,1575.9630876437734,1578.5498416441526,,,,,,,,,,,
X-n167-k10,166,cold_chain,ortools:quantile_p75_or_tools,quantile_p75_or_tools,ortools,False,False,False,0,,0.0,,0.0,1549.6251468442697,1.1651316893565937,pulp_cbc,mean_domain_loss,,total_load_exceeds_fleet_capacity,180,60,True,1338.4496844448638,1339.8281173836035,1575.9630876437734,1578.5498416441526,,,,,,,,,,,
X-n167-k10,166,atm,ortools:quantile_p90_or_tools,quantile_p90_or_tools,ortools,False,False,False,0,,0.0,,0.0,1848.998172895775,1.3902241901471992,pulp_cbc,mean_domain_loss,,total_load_exceeds_fleet_capacity,180,60,True,1338.4496844448638,1339.8281173836035,1575.9630876437734,1578.5498416441526,,,,,,,,,,,
X-n167-k10,166,grocery,ortools:quantile_p90_or_tools,quantile_p90_or_tools,ortools,False,False,False,0,,0.0,,0.0,1848.998172895775,1.3902241901471992,pulp_cbc,mean_domain_loss,,total_load_exceeds_fleet_capacity,180,60,True,1338.4496844448638,1339.8281173836035,1575.9630876437734,1578.5498416441526,,,,,,,,,,,
X-n167-k10,166,cargo,ortools:quantile_p90_or_tools,quantile_p90_or_tools,ortools,False,False,False,0,,0.0,,0.0,1848.998172895775,1.3902241901471992,pulp_cbc,mean_domain_loss,,total_load_exceeds_fleet_capacity,180,60,True,1338.4496844448638,1339.8281173836035,1575.9630876437734,1578.5498416441526,,,,,,,,,,,
X-n167-k10,166,cold_chain,ortools:quantile_p90_or_tools,quantile_p90_or_tools,ortools,False,False,False,0,,0.0,,0.0,1848.998172895775,1.3902241901471992,pulp_cbc,mean_domain_loss,,total_load_exceeds_fleet_capacity,180,60,True,1338.4496844448638,1339.8281173836035,1575.9630876437734,1578.5498416441526,,,,,,,,,,,
X-n167-k10,166,atm,ortools:robust_mean_1std_or_tools,robust_mean_1std_or_tools,ortools,False,False,False,0,,0.0,,0.0,1730.5489801212257,1.3011646467076885,pulp_cbc,mean_domain_loss,,total_load_exceeds_fleet_capacity,180,60,True,1338.4496844448638,1339.8281173836035,1575.9630876437734,1578.5498416441526,,,,,,,,,,,
X-n167-k10,166,grocery,ortools:robust_mean_1std_or_tools,robust_mean_1std_or_tools,ortools,False,False,False,0,,0.0,,0.0,1730.5489801212257,1.3011646467076885,pulp_cbc,mean_domain_loss,,total_load_exceeds_fleet_capacity,180,60,True,1338.4496844448638,1339.8281173836035,1575.9630876437734,1578.5498416441526,,,,,,,,,,,
X-n167-k10,166,cargo,ortools:robust_mean_1std_or_tools,robust_mean_1std_or_tools,ortools,False,False,False,0,,0.0,,0.0,1730.5489801212257,1.3011646467076885,pulp_cbc,mean_domain_loss,,total_load_exceeds_fleet_capacity,180,60,True,1338.4496844448638,1339.8281173836035,1575.9630876437734,1578.5498416441526,,,,,,,,,,,
X-n167-k10,166,cold_chain,ortools:robust_mean_1std_or_tools,robust_mean_1std_or_tools,ortools,False,False,False,0,,0.0,,0.0,1730.5489801212257,1.3011646467076885,pulp_cbc,mean_domain_loss,,total_load_exceeds_fleet_capacity,180,60,True,1338.4496844448638,1339.8281173836035,1575.9630876437734,1578.5498416441526,,,,,,,,,,,
X-n167-k10,166,atm,ortools:robust_mean_2std_or_tools,robust_mean_2std_or_tools,ortools,False,False,False,0,,0.0,,0.0,2122.6482757975878,1.5959761472162315,pulp_cbc,mean_domain_loss,,total_load_exceeds_fleet_capacity,180,60,True,1338.4496844448638,1339.8281173836035,1575.9630876437734,1578.5498416441526,,,,,,,,,,,
X-n167-k10,166,grocery,ortools:robust_mean_2std_or_tools,robust_mean_2std_or_tools,ortools,False,False,False,0,,0.0,,0.0,2122.6482757975878,1.5959761472162315,pulp_cbc,mean_domain_loss,,total_load_exceeds_fleet_capacity,180,60,True,1338.4496844448638,1339.8281173836035,1575.9630876437734,1578.5498416441526,,,,,,,,,,,
X-n167-k10,166,cargo,ortools:robust_mean_2std_or_tools,robust_mean_2std_or_tools,ortools,False,False,False,0,,0.0,,0.0,2122.6482757975878,1.5959761472162315,pulp_cbc,mean_domain_loss,,total_load_exceeds_fleet_capacity,180,60,True,1338.4496844448638,1339.8281173836035,1575.9630876437734,1578.5498416441526,,,,,,,,,,,
X-n167-k10,166,cold_chain,ortools:robust_mean_2std_or_tools,robust_mean_2std_or_tools,ortools,False,False,False,0,,0.0,,0.0,2122.6482757975878,1.5959761472162315,pulp_cbc,mean_domain_loss,,total_load_exceeds_fleet_capacity,180,60,True,1338.4496844448638,1339.8281173836035,1575.9630876437734,1578.5498416441526,,,,,,,,,,,
X-n167-k10,166,atm,ortools:proxy_mean_scaled_or_tools,proxy_mean_scaled_or_tools,ortools,False,False,False,0,,4.9971535205841064,,4.9971535205841064,1323.3500000000001,0.9950000000000001,pulp_cbc,mean_domain_loss,,ortools_no_solution,180,60,True,1338.4496844448638,1339.8281173836035,1575.9630876437734,1578.5498416441526,,,,,,,,,,,
X-n167-k10,166,grocery,ortools:proxy_mean_scaled_or_tools,proxy_mean_scaled_or_tools,ortools,False,False,False,0,,4.9971535205841064,,4.9971535205841064,1323.3500000000001,0.9950000000000001,pulp_cbc,mean_domain_loss,,ortools_no_solution,180,60,True,1338.4496844448638,1339.8281173836035,1575.9630876437734,1578.5498416441526,,,,,,,,,,,
X-n167-k10,166,cargo,ortools:proxy_mean_scaled_or_tools,proxy_mean_scaled_or_tools,ortools,False,False,False,0,,4.9971535205841064,,4.9971535205841064,1323.3500000000001,0.9950000000000001,pulp_cbc,mean_domain_loss,,ortools_no_solution,180,60,True,1338.4496844448638,1339.8281173836035,1575.9630876437734,1578.5498416441526,,,,,,,,,,,
X-n167-k10,166,cold_chain,ortools:proxy_mean_scaled_or_tools,proxy_mean_scaled_or_tools,ortools,False,False,False,0,,4.9971535205841064,,4.9971535205841064,1323.3500000000001,0.9950000000000001,pulp_cbc,mean_domain_loss,,ortools_no_solution,180,60,True,1338.4496844448638,1339.8281173836035,1575.9630876437734,1578.5498416441526,,,,,,,,,,,
X-n167-k10,166,atm,ortools:quantile_p75_scaled_or_tools,quantile_p75_scaled_or_tools,ortools,False,False,False,0,,5.0017430782318115,,5.0017430782318115,1323.3500000000004,0.9950000000000003,pulp_cbc,mean_domain_loss,,ortools_no_solution,180,60,True,1338.4496844448638,1339.8281173836035,1575.9630876437734,1578.5498416441526,,,,,,,,,,,
X-n167-k10,166,grocery,ortools:quantile_p75_scaled_or_tools,quantile_p75_scaled_or_tools,ortools,False,False,False,0,,5.0017430782318115,,5.0017430782318115,1323.3500000000004,0.9950000000000003,pulp_cbc,mean_domain_loss,,ortools_no_solution,180,60,True,1338.4496844448638,1339.8281173836035,1575.9630876437734,1578.5498416441526,,,,,,,,,,,
X-n167-k10,166,cargo,ortools:quantile_p75_scaled_or_tools,quantile_p75_scaled_or_tools,ortools,False,False,False,0,,5.0017430782318115,,5.0017430782318115,1323.3500000000004,0.9950000000000003,pulp_cbc,mean_domain_loss,,ortools_no_solution,180,60,True,1338.4496844448638,1339.8281173836035,1575.9630876437734,1578.5498416441526,,,,,,,,,,,
X-n167-k10,166,cold_chain,ortools:quantile_p75_scaled_or_tools,quantile_p75_scaled_or_tools,ortools,False,False,False,0,,5.0017430782318115,,5.0017430782318115,1323.3500000000004,0.9950000000000003,pulp_cbc,mean_domain_loss,,ortools_no_solution,180,60,True,1338.4496844448638,1339.8281173836035,1575.9630876437734,1578.5498416441526,,,,,,,,,,,
X-n167-k10,166,atm,ortools:quantile_p90_scaled_or_tools,quantile_p90_scaled_or_tools,ortools,False,False,False,0,,5.002097845077515,,5.002097845077515,1323.3499999999997,0.9949999999999998,pulp_cbc,mean_domain_loss,,ortools_no_solution,180,60,True,1338.4496844448638,1339.8281173836035,1575.9630876437734,1578.5498416441526,,,,,,,,,,,
X-n167-k10,166,grocery,ortools:quantile_p90_scaled_or_tools,quantile_p90_scaled_or_tools,ortools,False,False,False,0,,5.002097845077515,,5.002097845077515,1323.3499999999997,0.9949999999999998,pulp_cbc,mean_domain_loss,,ortools_no_solution,180,60,True,1338.4496844448638,1339.8281173836035,1575.9630876437734,1578.5498416441526,,,,,,,,,,,
X-n167-k10,166,cargo,ortools:quantile_p90_scaled_or_tools,quantile_p90_scaled_or_tools,ortools,False,False,False,0,,5.002097845077515,,5.002097845077515,1323.3499999999997,0.9949999999999998,pulp_cbc,mean_domain_loss,,ortools_no_solution,180,60,True,1338.4496844448638,1339.8281173836035,1575.9630876437734,1578.5498416441526,,,,,,,,,,,
X-n167-k10,166,cold_chain,ortools:quantile_p90_scaled_or_tools,quantile_p90_scaled_or_tools,ortools,False,False,False,0,,5.002097845077515,,5.002097845077515,1323.3499999999997,0.9949999999999998,pulp_cbc,mean_domain_loss,,ortools_no_solution,180,60,True,1338.4496844448638,1339.8281173836035,1575.9630876437734,1578.5498416441526,,,,,,,,,,,
X-n167-k10,166,atm,ortools:robust_mean_1std_scaled_or_tools,robust_mean_1std_scaled_or_tools,ortools,False,False,False,0,,5.0021140575408936,,5.0021140575408936,1323.35,0.9949999999999999,pulp_cbc,mean_domain_loss,,ortools_no_solution,180,60,True,1338.4496844448638,1339.8281173836035,1575.9630876437734,1578.5498416441526,,,,,,,,,,,
X-n167-k10,166,grocery,ortools:robust_mean_1std_scaled_or_tools,robust_mean_1std_scaled_or_tools,ortools,False,False,False,0,,5.0021140575408936,,5.0021140575408936,1323.35,0.9949999999999999,pulp_cbc,mean_domain_loss,,ortools_no_solution,180,60,True,1338.4496844448638,1339.8281173836035,1575.9630876437734,1578.5498416441526,,,,,,,,,,,
X-n167-k10,166,cargo,ortools:robust_mean_1std_scaled_or_tools,robust_mean_1std_scaled_or_tools,ortools,False,False,False,0,,5.0021140575408936,,5.0021140575408936,1323.35,0.9949999999999999,pulp_cbc,mean_domain_loss,,ortools_no_solution,180,60,True,1338.4496844448638,1339.8281173836035,1575.9630876437734,1578.5498416441526,,,,,,,,,,,
X-n167-k10,166,cold_chain,ortools:robust_mean_1std_scaled_or_tools,robust_mean_1std_scaled_or_tools,ortools,False,False,False,0,,5.0021140575408936,,5.0021140575408936,1323.35,0.9949999999999999,pulp_cbc,mean_domain_loss,,ortools_no_solution,180,60,True,1338.4496844448638,1339.8281173836035,1575.9630876437734,1578.5498416441526,,,,,,,,,,,
X-n167-k10,166,atm,ortools:robust_mean_2std_scaled_or_tools,robust_mean_2std_scaled_or_tools,ortools,False,False,False,0,,5.005319833755493,,5.005319833755493,1323.35,0.9949999999999999,pulp_cbc,mean_domain_loss,,ortools_no_solution,180,60,True,1338.4496844448638,1339.8281173836035,1575.9630876437734,1578.5498416441526,,,,,,,,,,,
X-n167-k10,166,grocery,ortools:robust_mean_2std_scaled_or_tools,robust_mean_2std_scaled_or_tools,ortools,False,False,False,0,,5.005319833755493,,5.005319833755493,1323.35,0.9949999999999999,pulp_cbc,mean_domain_loss,,ortools_no_solution,180,60,True,1338.4496844448638,1339.8281173836035,1575.9630876437734,1578.5498416441526,,,,,,,,,,,
X-n167-k10,166,cargo,ortools:robust_mean_2std_scaled_or_tools,robust_mean_2std_scaled_or_tools,ortools,False,False,False,0,,5.005319833755493,,5.005319833755493,1323.35,0.9949999999999999,pulp_cbc,mean_domain_loss,,ortools_no_solution,180,60,True,1338.4496844448638,1339.8281173836035,1575.9630876437734,1578.5498416441526,,,,,,,,,,,
X-n167-k10,166,cold_chain,ortools:robust_mean_2std_scaled_or_tools,robust_mean_2std_scaled_or_tools,ortools,False,False,False,0,,5.005319833755493,,5.005319833755493,1323.35,0.9949999999999999,pulp_cbc,mean_domain_loss,,ortools_no_solution,180,60,True,1338.4496844448638,1339.8281173836035,1575.9630876437734,1578.5498416441526,,,,,,,,,,,
X-n167-k10,166,atm,ortools:nominal_seed101_or_tools,nominal_seed101_or_tools,ortools,True,True,True,10,22530.0,4.98724889755249,0.7730112075805664,5.760260105133057,1236.0,0.9293233082706767,pulp_cbc,mean_domain_loss,530.910944044156,,180,60,True,1338.4496844448638,1339.8281173836035,1575.9630876437734,1578.5498416441526,969.5453790932306,1310.6104182,23060.91094404416,23451.398865364587,23687.88924461407,135.78578761212958,244.5161696564941,0.4359036144578313,185.26881344919065,530.910944044156,0.0
X-n167-k10,166,grocery,ortools:nominal_seed101_or_tools,nominal_seed101_or_tools,ortools,True,True,True,10,22530.0,4.98724889755249,0.9099032878875732,5.8971521854400635,1236.0,0.9293233082706767,pulp_cbc,mean_domain_loss,340.60979354531185,,180,60,True,1338.4496844448638,1339.8281173836035,1575.9630876437734,1578.5498416441526,475.3008498690036,1281.1277326,22870.60979354531,23066.22201864218,23182.614208376435,136.72198836589678,249.61360139088367,0.4377710843373494,156.72232860295782,340.60979354531185,0.0
X-n167-k10,166,cargo,ortools:nominal_seed101_or_tools,nominal_seed101_or_tools,ortools,True,True,True,10,22530.0,4.98724889755249,0.964691162109375,5.951940059661865,1236.0,0.9293233082706767,pulp_cbc,mean_domain_loss,404.33291673268815,,180,60,True,1338.4496844448638,1339.8281173836035,1575.9630876437734,1578.5498416441526,872.0433054384629,1319.9712199,22934.332916732696,23233.82271289808,23418.5351007092,136.71365682365914,245.01688456879296,0.4340963855421687,195.5574843607202,404.33291673268815,0.0
X-n167-k10,166,cold_chain,ortools:nominal_seed101_or_tools,nominal_seed101_or_tools,ortools,True,True,True,10,22530.0,4.98724889755249,0.8919699192047119,5.879218816757202,1236.0,0.9293233082706767,pulp_cbc,mean_domain_loss,492.4887949010109,,180,60,True,1338.4496844448638,1339.8281173836035,1575.9630876437734,1578.5498416441526,1073.8960512190301,1276.252325,23257.042650650357,23504.042245837132,23655.34041885626,137.76046949502765,251.07054733098974,0.43301204819277106,152.88540213208867,492.4887949010109,234.553855749349
X-n167-k10,166,atm,ortools:nominal_seed103_or_tools,nominal_seed103_or_tools,ortools,True,True,True,10,22324.0,4.989566087722778,0.945000410079956,5.934566497802734,1236.0,0.9293233082706767,pulp_cbc,mean_domain_loss,529.4822472955672,,180,60,True,1338.4496844448638,1339.8281173836035,1575.9630876437734,1578.5498416441526,968.490993203406,1310.6104166999999,22853.48224729557,23241.025863603034,23481.90512924139,135.3820124015788,243.42407462252692,0.43457831325301205,184.86503673863982,529.4822472955672,0.0
X-n167-k10,166,grocery,ortools:nominal_seed103_or_tools,nominal_seed103_or_tools,ortools,True,True,True,10,22324.0,4.989566087722778,1.2634689807891846,6.253035068511963,1236.0,0.9293233082706767,pulp_cbc,mean_domain_loss,340.0513302797884,,180,60,True,1338.4496844448638,1339.8281173836035,1575.9630876437734,1578.5498416441526,474.5800088204406,1281.127735,22664.051330279788,22856.507448449975,22976.25034288544,136.46635432056644,247.97688446907893,0.4350602409638554,156.46669695762748,340.0513302797884,0.0
X-n167-k10,166,cargo,ortools:nominal_seed103_or_tools,nominal_seed103_or_tools,ortools,True,True,True,10,22324.0,4.989566087722778,1.385009527206421,6.374575614929199,1236.0,0.9293233082706767,pulp_cbc,mean_domain_loss,403.9795745009906,,180,60,True,1338.4496844448638,1339.8281173836035,1575.9630876437734,1578.5498416441526,872.0949882279403,1319.9712211,22727.979574500994,23026.47464401908,23213.174328919788,136.43778045539233,244.23464027859214,0.4312048192771084,195.2816091924534,403.9795745009906,0.0
X-n167-k10,166,cold_chain,ortools:nominal_seed103_or_tools,nominal_seed103_or_tools,ortools,True,True,True,10,22324.0,4.989566087722778,1.4044184684753418,6.39398455619812,1236.0,0.9293233082706767,pulp_cbc,mean_domain_loss,491.6506676319843,,180,60,True,1338.4496844448638,1339.8281173836035,1575.9630876437734,1578.5498416441526,1069.9025406396438,1275.6268225,23047.15312299598,23293.9542369427,23444.329817271086,137.63423658724446,250.3833559302302,0.433855421686747,152.1336667243055,491.6506676319843,231.50245536399655
X-n167-k10,166,atm,ortools:proxy_mean_scaled_seed109_or_tools,proxy_mean_scaled_seed109_or_tools,ortools,True,True,True,10,22790.0,4.996606826782227,1.273087501525879,6.2696943283081055,1323.3500000000001,0.9950000000000001,pulp_cbc,mean_domain_loss,444.29471757805453,,180,60,True,1338.4496844448638,1339.8281173836035,1575.9630876437734,1578.5498416441526,848.8208375494386,1329.9999991,23234.294717578054,23608.086053720748,23816.377014985705,112.5868945310257,216.85901907491262,0.3739759036144578,181.4595012680868,444.29471757805453,0.0
X-n167-k10,166,grocery,ortools:proxy_mean_scaled_seed109_or_tools,proxy_mean_scaled_seed109_or_tools,ortools,True,True,True,10,22790.0,4.996606826782227,1.2864840030670166,6.283090829849243,1323.3500000000001,0.9950000000000001,pulp_cbc,mean_domain_loss,303.4585092731841,,180,60,True,1338.4496844448638,1339.8281173836035,1575.9630876437734,1578.5498416441526,423.5993198167758,1329.999999,23093.458509273183,23269.203447915246,23371.239652260305,112.40356463503439,216.72039191208052,0.37132530120481927,181.27617127209544,303.4585092731841,0.0
X-n167-k10,166,cargo,ortools:proxy_mean_scaled_seed109_or_tools,proxy_mean_scaled_seed109_or_tools,ortools,True,True,True,10,22790.0,4.996606826782227,1.1284453868865967,6.125052213668823,1323.3500000000001,0.9950000000000001,pulp_cbc,mean_domain_loss,335.5475426773219,,180,60,True,1338.4496844448638,1339.8281173836035,1575.9630876437734,1578.5498416441526,764.797356286899,1329.9999997999998,23125.547542677326,23413.97972710297,23574.145447926694,113.0713431390837,217.68977468956098,0.37319277108433735,181.94395057614477,335.5475426773219,0.0
X-n167-k10,166,cold_chain,ortools:proxy_mean_scaled_seed109_or_tools,proxy_mean_scaled_seed109_or_tools,ortools,True,True,True,10,22790.0,4.996606826782227,1.262589693069458,6.259196519851685,1323.3500000000001,0.9950000000000001,pulp_cbc,mean_domain_loss,451.76168975966436,,180,60,True,1338.4496844448638,1339.8281173836035,1575.9630876437734,1578.5498416441526,1006.6684064405315,1330.0,23489.514275086945,23700.19180635603,23835.397077965525,113.43630647106147,215.85134980415336,0.3672289156626506,182.30891410812248,451.76168975966436,247.7525853272788
X-n167-k10,166,atm,ortools:quantile_p75_scaled_seed107_or_tools,quantile_p75_scaled_seed107_or_tools,ortools,False,False,False,0,,4.98995304107666,,4.98995304107666,1323.3500000000004,0.9950000000000003,pulp_cbc,mean_domain_loss,,ortools_no_solution,180,60,True,1338.4496844448638,1339.8281173836035,1575.9630876437734,1578.5498416441526,,,,,,,,,,,
X-n167-k10,166,grocery,ortools:quantile_p75_scaled_seed107_or_tools,quantile_p75_scaled_seed107_or_tools,ortools,False,False,False,0,,4.98995304107666,,4.98995304107666,1323.3500000000004,0.9950000000000003,pulp_cbc,mean_domain_loss,,ortools_no_solution,180,60,True,1338.4496844448638,1339.8281173836035,1575.9630876437734,1578.5498416441526,,,,,,,,,,,
X-n167-k10,166,cargo,ortools:quantile_p75_scaled_seed107_or_tools,quantile_p75_scaled_seed107_or_tools,ortools,False,False,False,0,,4.98995304107666,,4.98995304107666,1323.3500000000004,0.9950000000000003,pulp_cbc,mean_domain_loss,,ortools_no_solution,180,60,True,1338.4496844448638,1339.8281173836035,1575.9630876437734,1578.5498416441526,,,,,,,,,,,
X-n167-k10,166,cold_chain,ortools:quantile_p75_scaled_seed107_or_tools,quantile_p75_scaled_seed107_or_tools,ortools,False,False,False,0,,4.98995304107666,,4.98995304107666,1323.3500000000004,0.9950000000000003,pulp_cbc,mean_domain_loss,,ortools_no_solution,180,60,True,1338.4496844448638,1339.8281173836035,1575.9630876437734,1578.5498416441526,,,,,,,,,,,
X-n167-k10,166,atm,ortools:robust_mean_1std_scaled_seed113_or_tools,robust_mean_1std_scaled_seed113_or_tools,ortools,True,True,True,10,22558.0,5.00585412979126,1.2068355083465576,6.212689638137817,1323.35,0.9949999999999999,pulp_cbc,mean_domain_loss,443.57169432582623,,180,60,True,1338.4496844448638,1339.8281173836035,1575.9630876437734,1578.5498416441526,850.0595237147869,1330.0000002000002,23001.571694325827,23375.68463463941,23583.842696472362,112.61701322242384,217.17407086535545,0.37680722891566265,181.48962105948485,443.57169432582623,0.0
X-n167-k10,166,grocery,ortools:robust_mean_1std_scaled_seed113_or_tools,robust_mean_1std_scaled_seed113_or_tools,ortools,True,True,True,10,22558.0,5.00585412979126,1.2203426361083984,6.226196765899658,1323.35,0.9949999999999999,pulp_cbc,mean_domain_loss,303.30028328423714,,180,60,True,1338.4496844448638,1339.8281173836035,1575.9630876437734,1578.5498416441526,424.4579198122792,1329.9999993,22861.300283284243,23038.06990294911,23139.65449216555,112.4312514062147,217.06014526593472,0.37512048192771086,181.30385834327572,303.30028328423714,0.0
X-n167-k10,166,cargo,ortools:robust_mean_1std_scaled_seed113_or_tools,robust_mean_1std_scaled_seed113_or_tools,ortools,True,True,True,10,22558.0,5.00585412979126,1.2353718280792236,6.241225957870483,1323.35,0.9949999999999999,pulp_cbc,mean_domain_loss,333.1214998580355,,180,60,True,1338.4496844448638,1339.8281173836035,1575.9630876437734,1578.5498416441526,763.1216991309101,1330.0000020000002,22891.121499858036,23173.448875859896,23338.761176378342,113.39291239214442,217.5033952264013,0.3760843373493976,182.2655220292055,333.1214998580355,0.0
X-n167-k10,166,cold_chain,ortools:robust_mean_1std_scaled_seed113_or_tools,robust_mean_1std_scaled_seed113_or_tools,ortools,True,True,True,10,22558.0,5.00585412979126,1.221670150756836,6.227524280548096,1323.35,0.9949999999999999,pulp_cbc,mean_domain_loss,448.8709779242532,,180,60,True,1338.4496844448638,1339.8281173836035,1575.9630876437734,1578.5498416441526,1003.0314305104326,1330.0,23249.55101040475,23468.009811519078,23595.232435913393,112.96182990595325,217.271773707719,0.3717469879518072,181.83443754301433,448.8709779242532,242.68003248049277
X-n181-k23,180,atm,ortools:nominal_or_tools,nominal_or_tools,ortools,True,True,True,23,26513.0,5.00494122505188,1.4002268314361572,6.405168056488037,180.0,0.9782608695652174,pulp_cbc,mean_domain_loss,76.66671666131063,,180,60,True,197.95924832567653,198.6785845016122,228.80907667940576,229.20917736249467,159.8113655074628,183.99999998,26589.666716661304,26642.45273345359,26710.5747518535,20.134173520526325,35.201680563194834,0.43833333333333335,21.92952094463084,76.66671666131063,0.0
X-n181-k23,180,grocery,ortools:nominal_or_tools,nominal_or_tools,ortools,True,True,True,23,26513.0,5.00494122505188,1.2335894107818604,6.23853063583374,180.0,0.9782608695652174,pulp_cbc,mean_domain_loss,48.97937082030063,,180,60,True,197.95924832567653,198.6785845016122,228.80907667940576,229.20917736249467,75.14053817093172,183.99999996000003,26561.9793708203,26586.46130291706,26622.394355235774,20.074758101224546,35.22324411101929,0.43572222222222223,21.87010550532905,48.97937082030063,0.0
X-n181-k23,180,cargo,ortools:nominal_or_tools,nominal_or_tools,ortools,True,True,True,23,26513.0,5.00494122505188,1.420145034790039,6.425086259841919,180.0,0.9782608695652174,pulp_cbc,mean_domain_loss,58.24470414024072,,180,60,True,197.95924832567653,198.6785845016122,228.80907667940576,229.20917736249467,145.81301745649333,184.00000030999996,26571.244704140245,26613.578214360343,26664.069521438156,20.199400773890947,35.3020705994307,0.4388888888888889,21.99474852799546,58.24470414024072,0.0
X-n181-k23,180,cold_chain,ortools:nominal_or_tools,nominal_or_tools,ortools,True,True,True,23,26513.0,5.00494122505188,1.2207460403442383,6.225687265396118,180.0,0.9782608695652174,pulp_cbc,mean_domain_loss,70.45291310358903,,180,60,True,197.95924832567653,198.6785845016122,228.80907667940576,229.20917736249467,166.63174081156714,183.99999993,26616.685743344282,26646.373284955353,26693.81141946807,20.15631488305727,35.176472237871316,0.43522222222222223,21.95166225716178,70.45291310358903,33.232830240690774
X-n181-k23,180,atm,ortools:proxy_mean_or_tools,proxy_mean_or_tools,ortools,True,True,True,23,26513.0,5.0001959800720215,1.3916399478912354,6.391835927963257,197.95924832567653,1.0758654800308507,pulp_cbc,mean_domain_loss,76.66671666131063,,180,60,True,197.95924832567653,198.6785845016122,228.80907667940576,229.20917736249467,159.8113655074628,183.99999998,26589.666716661304,26642.45273345359,26710.5747518535,20.134173520526325,35.201680563194834,0.43833333333333335,21.92952094463084,76.66671666131063,0.0
X-n181-k23,180,grocery,ortools:proxy_mean_or_tools,proxy_mean_or_tools,ortools,True,True,True,23,26513.0,5.0001959800720215,1.3036296367645264,6.303825616836548,197.95924832567653,1.0758654800308507,pulp_cbc,mean_domain_loss,48.97937082030063,,180,60,True,197.95924832567653,198.6785845016122,228.80907667940576,229.20917736249467,75.14053817093172,183.99999996000003,26561.9793708203,26586.46130291706,26622.394355235774,20.074758101224546,35.22324411101929,0.43572222222222223,21.87010550532905,48.97937082030063,0.0
X-n181-k23,180,cargo,ortools:proxy_mean_or_tools,proxy_mean_or_tools,ortools,True,True,True,23,26513.0,5.0001959800720215,1.4139342308044434,6.414130210876465,197.95924832567653,1.0758654800308507,pulp_cbc,mean_domain_loss,58.24470414024072,,180,60,True,197.95924832567653,198.6785845016122,228.80907667940576,229.20917736249467,145.81301745649333,184.00000030999996,26571.244704140245,26613.578214360343,26664.069521438156,20.199400773890947,35.3020705994307,0.4388888888888889,21.99474852799546,58.24470414024072,0.0
X-n181-k23,180,cold_chain,ortools:proxy_mean_or_tools,proxy_mean_or_tools,ortools,True,True,True,23,26513.0,5.0001959800720215,1.1902034282684326,6.190399408340454,197.95924832567653,1.0758654800308507,pulp_cbc,mean_domain_loss,70.45291310358903,,180,60,True,197.95924832567653,198.6785845016122,228.80907667940576,229.20917736249467,166.63174081156714,183.99999993,26616.685743344282,26646.373284955353,26693.81141946807,20.15631488305727,35.176472237871316,0.43522222222222223,21.95166225716178,70.45291310358903,33.232830240690774
X-n181-k23,180,atm,ortools:quantile_p75_or_tools,quantile_p75_or_tools,ortools,True,True,True,23,26513.0,5.0003955364227295,1.4060111045837402,6.40640664100647,228.5447450111068,1.2420910054951457,pulp_cbc,mean_domain_loss,76.66671666131063,,180,60,True,197.95924832567653,198.6785845016122,228.80907667940576,229.20917736249467,159.8113655074628,183.99999998,26589.666716661304,26642.45273345359,26710.5747518535,20.134173520526325,35.201680563194834,0.43833333333333335,21.92952094463084,76.66671666131063,0.0
X-n181-k23,180,grocery,ortools:quantile_p75_or_tools,quantile_p75_or_tools,ortools,True,True,True,23,26513.0,5.0003955364227295,1.2494010925292969,6.249796628952026,228.5447450111068,1.2420910054951457,pulp_cbc,mean_domain_loss,48.97937082030063,,180,60,True,197.95924832567653,198.6785845016122,228.80907667940576,229.20917736249467,75.14053817093172,183.99999996000003,26561.9793708203,26586.46130291706,26622.394355235774,20.074758101224546,35.22324411101929,0.43572222222222223,21.87010550532905,48.97937082030063,0.0
X-n181-k23,180,cargo,ortools:quantile_p75_or_tools,quantile_p75_or_tools,ortools,True,True,True,23,26513.0,5.0003955364227295,1.4180047512054443,6.418400287628174,228.5447450111068,1.2420910054951457,pulp_cbc,mean_domain_loss,58.24470414024072,,180,60,True,197.95924832567653,198.6785845016122,228.80907667940576,229.20917736249467,145.81301745649333,184.00000030999996,26571.244704140245,26613.578214360343,26664.069521438156,20.199400773890947,35.3020705994307,0.4388888888888889,21.99474852799546,58.24470414024072,0.0
X-n181-k23,180,cold_chain,ortools:quantile_p75_or_tools,quantile_p75_or_tools,ortools,True,True,True,23,26513.0,5.0003955364227295,1.1752293109893799,6.175624847412109,228.5447450111068,1.2420910054951457,pulp_cbc,mean_domain_loss,70.45291310358903,,180,60,True,197.95924832567653,198.6785845016122,228.80907667940576,229.20917736249467,166.63174081156714,183.99999993,26616.685743344282,26646.373284955353,26693.81141946807,20.15631488305727,35.176472237871316,0.43522222222222223,21.95166225716178,70.45291310358903,33.232830240690774
X-n181-k23,180,atm,ortools:quantile_p90_or_tools,quantile_p90_or_tools,ortools,False,False,False,0,,0.0,,0.0,270.7294621419194,1.4713557725104314,pulp_cbc,mean_domain_loss,,total_load_exceeds_fleet_capacity,180,60,True,197.95924832567653,198.6785845016122,228.80907667940576,229.20917736249467,,,,,,,,,,,
X-n181-k23,180,grocery,ortools:quantile_p90_or_tools,quantile_p90_or_tools,ortools,False,False,False,0,,0.0,,0.0,270.7294621419194,1.4713557725104314,pulp_cbc,mean_domain_loss,,total_load_exceeds_fleet_capacity,180,60,True,197.95924832567653,198.6785845016122,228.80907667940576,229.20917736249467,,,,,,,,,,,
X-n181-k23,180,cargo,ortools:quantile_p90_or_tools,quantile_p90_or_tools,ortools,False,False,False,0,,0.0,,0.0,270.7294621419194,1.4713557725104314,pulp_cbc,mean_domain_loss,,total_load_exceeds_fleet_capacity,180,60,True,197.95924832567653,198.6785845016122,228.80907667940576,229.20917736249467,,,,,,,,,,,
X-n181-k23,180,cold_chain,ortools:quantile_p90_or_tools,quantile_p90_or_tools,ortools,False,False,False,0,,0.0,,0.0,270.7294621419194,1.4713557725104314,pulp_cbc,mean_domain_loss,,total_load_exceeds_fleet_capacity,180,60,True,197.95924832567653,198.6785845016122,228.80907667940576,229.20917736249467,,,,,,,,,,,
X-n181-k23,180,atm,ortools:robust_mean_1std_or_tools,robust_mean_1std_or_tools,ortools,False,False,False,0,,0.0,,0.0,255.12446602964397,1.3865460110306738,pulp_cbc,mean_domain_loss,,total_load_exceeds_fleet_capacity,180,60,True,197.95924832567653,198.6785845016122,228.80907667940576,229.20917736249467,,,,,,,,,,,
X-n181-k23,180,grocery,ortools:robust_mean_1std_or_tools,robust_mean_1std_or_tools,ortools,False,False,False,0,,0.0,,0.0,255.12446602964397,1.3865460110306738,pulp_cbc,mean_domain_loss,,total_load_exceeds_fleet_capacity,180,60,True,197.95924832567653,198.6785845016122,228.80907667940576,229.20917736249467,,,,,,,,,,,
X-n181-k23,180,cargo,ortools:robust_mean_1std_or_tools,robust_mean_1std_or_tools,ortools,False,False,False,0,,0.0,,0.0,255.12446602964397,1.3865460110306738,pulp_cbc,mean_domain_loss,,total_load_exceeds_fleet_capacity,180,60,True,197.95924832567653,198.6785845016122,228.80907667940576,229.20917736249467,,,,,,,,,,,
X-n181-k23,180,cold_chain,ortools:robust_mean_1std_or_tools,robust_mean_1std_or_tools,ortools,False,False,False,0,,0.0,,0.0,255.12446602964397,1.3865460110306738,pulp_cbc,mean_domain_loss,,total_load_exceeds_fleet_capacity,180,60,True,197.95924832567653,198.6785845016122,228.80907667940576,229.20917736249467,,,,,,,,,,,
X-n181-k23,180,atm,ortools:robust_mean_2std_or_tools,robust_mean_2std_or_tools,ortools,False,False,False,0,,0.0,,0.0,312.28968373361135,1.6972265420304964,pulp_cbc,mean_domain_loss,,total_load_exceeds_fleet_capacity,180,60,True,197.95924832567653,198.6785845016122,228.80907667940576,229.20917736249467,,,,,,,,,,,
X-n181-k23,180,grocery,ortools:robust_mean_2std_or_tools,robust_mean_2std_or_tools,ortools,False,False,False,0,,0.0,,0.0,312.28968373361135,1.6972265420304964,pulp_cbc,mean_domain_loss,,total_load_exceeds_fleet_capacity,180,60,True,197.95924832567653,198.6785845016122,228.80907667940576,229.20917736249467,,,,,,,,,,,
X-n181-k23,180,cargo,ortools:robust_mean_2std_or_tools,robust_mean_2std_or_tools,ortools,False,False,False,0,,0.0,,0.0,312.28968373361135,1.6972265420304964,pulp_cbc,mean_domain_loss,,total_load_exceeds_fleet_capacity,180,60,True,197.95924832567653,198.6785845016122,228.80907667940576,229.20917736249467,,,,,,,,,,,
X-n181-k23,180,cold_chain,ortools:robust_mean_2std_or_tools,robust_mean_2std_or_tools,ortools,False,False,False,0,,0.0,,0.0,312.28968373361135,1.6972265420304964,pulp_cbc,mean_domain_loss,,total_load_exceeds_fleet_capacity,180,60,True,197.95924832567653,198.6785845016122,228.80907667940576,229.20917736249467,,,,,,,,,,,
X-n181-k23,180,atm,ortools:proxy_mean_scaled_or_tools,proxy_mean_scaled_or_tools,ortools,True,True,True,23,26513.0,5.000657081604004,1.5005345344543457,6.50119161605835,183.08,0.9950000000000001,pulp_cbc,mean_domain_loss,76.66671666131063,,180,60,True,197.95924832567653,198.6785845016122,228.80907667940576,229.20917736249467,159.8113655074628,183.99999998,26589.666716661304,26642.45273345359,26710.5747518535,20.134173520526325,35.201680563194834,0.43833333333333335,21.92952094463084,76.66671666131063,0.0
X-n181-k23,180,grocery,ortools:proxy_mean_scaled_or_tools,proxy_mean_scaled_or_tools,ortools,True,True,True,23,26513.0,5.000657081604004,1.049194574356079,6.049851655960083,183.08,0.9950000000000001,pulp_cbc,mean_domain_loss,48.97937082030063,,180,60,True,197.95924832567653,198.6785845016122,228.80907667940576,229.20917736249467,75.14053817093172,183.99999996000003,26561.9793708203,26586.46130291706,26622.394355235774,20.074758101224546,35.22324411101929,0.43572222222222223,21.87010550532905,48.97937082030063,0.0
X-n181-k23,180,cargo,ortools:proxy_mean_scaled_or_tools,proxy_mean_scaled_or_tools,ortools,True,True,True,23,26513.0,5.000657081604004,1.488806962966919,6.489464044570923,183.08,0.9950000000000001,pulp_cbc,mean_domain_loss,58.24470414024072,,180,60,True,197.95924832567653,198.6785845016122,228.80907667940576,229.20917736249467,145.81301745649333,184.00000030999996,26571.244704140245,26613.578214360343,26664.069521438156,20.199400773890947,35.3020705994307,0.4388888888888889,21.99474852799546,58.24470414024072,0.0
X-n181-k23,180,cold_chain,ortools:proxy_mean_scaled_or_tools,proxy_mean_scaled_or_tools,ortools,True,True,True,23,26513.0,5.000657081604004,1.2879745960235596,6.2886316776275635,183.08,0.9950000000000001,pulp_cbc,mean_domain_loss,70.45291310358903,,180,60,True,197.95924832567653,198.6785845016122,228.80907667940576,229.20917736249467,166.63174081156714,183.99999993,26616.685743344282,26646.373284955353,26693.81141946807,20.15631488305727,35.176472237871316,0.43522222222222223,21.95166225716178,70.45291310358903,33.232830240690774
X-n181-k23,180,atm,ortools:quantile_p75_scaled_or_tools,quantile_p75_scaled_or_tools,ortools,True,True,True,23,26513.0,5.000613212585449,1.4381184577941895,6.438731670379639,183.08000000000004,0.9950000000000002,pulp_cbc,mean_domain_loss,76.66671666131063,,180,60,True,197.95924832567653,198.6785845016122,228.80907667940576,229.20917736249467,159.8113655074628,183.99999998,26589.666716661304,26642.45273345359,26710.5747518535,20.134173520526325,35.201680563194834,0.43833333333333335,21.92952094463084,76.66671666131063,0.0
X-n181-k23,180,grocery,ortools:quantile_p75_scaled_or_tools,quantile_p75_scaled_or_tools,ortools,True,True,True,23,26513.0,5.000613212585449,1.441316843032837,6.441930055618286,183.08000000000004,0.9950000000000002,pulp_cbc,mean_domain_loss,48.97937082030063,,180,60,True,197.95924832567653,198.6785845016122,228.80907667940576,229.20917736249467,75.14053817093172,183.99999996000003,26561.9793708203,26586.46130291706,26622.394355235774,20.074758101224546,35.22324411101929,0.43572222222222223,21.87010550532905,48.97937082030063,0.0
X-n181-k23,180,cargo,ortools:quantile_p75_scaled_or_tools,quantile_p75_scaled_or_tools,ortools,True,True,True,23,26513.0,5.000613212585449,1.4786324501037598,6.479245662689209,183.08000000000004,0.9950000000000002,pulp_cbc,mean_domain_loss,58.24470414024072,,180,60,True,197.95924832567653,198.6785845016122,228.80907667940576,229.20917736249467,145.81301745649333,184.00000030999996,26571.244704140245,26613.578214360343,26664.069521438156,20.199400773890947,35.3020705994307,0.4388888888888889,21.99474852799546,58.24470414024072,0.0
X-n181-k23,180,cold_chain,ortools:quantile_p75_scaled_or_tools,quantile_p75_scaled_or_tools,ortools,True,True,True,23,26513.0,5.000613212585449,1.239180564880371,6.23979377746582,183.08000000000004,0.9950000000000002,pulp_cbc,mean_domain_loss,70.45291310358903,,180,60,True,197.95924832567653,198.6785845016122,228.80907667940576,229.20917736249467,166.63174081156714,183.99999993,26616.685743344282,26646.373284955353,26693.81141946807,20.15631488305727,35.176472237871316,0.43522222222222223,21.95166225716178,70.45291310358903,33.232830240690774
X-n181-k23,180,atm,ortools:quantile_p90_scaled_or_tools,quantile_p90_scaled_or_tools,ortools,True,True,True,23,26513.0,5.000807046890259,1.4852421283721924,6.486049175262451,183.08000000000004,0.9950000000000002,pulp_cbc,mean_domain_loss,76.66671666131063,,180,60,True,197.95924832567653,198.6785845016122,228.80907667940576,229.20917736249467,159.8113655074628,183.99999998,26589.666716661304,26642.45273345359,26710.5747518535,20.134173520526325,35.201680563194834,0.43833333333333335,21.92952094463084,76.66671666131063,0.0
X-n181-k23,180,grocery,ortools:quantile_p90_scaled_or_tools,quantile_p90_scaled_or_tools,ortools,True,True,True,23,26513.0,5.000807046890259,1.377021074295044,6.377828121185303,183.08000000000004,0.9950000000000002,pulp_cbc,mean_domain_loss,48.97937082030063,,180,60,True,197.95924832567653,198.6785845016122,228.80907667940576,229.20917736249467,75.14053817093172,183.99999996000003,26561.9793708203,26586.46130291706,26622.394355235774,20.074758101224546,35.22324411101929,0.43572222222222223,21.87010550532905,48.97937082030063,0.0
X-n181-k23,180,cargo,ortools:quantile_p90_scaled_or_tools,quantile_p90_scaled_or_tools,ortools,True,True,True,23,26513.0,5.000807046890259,1.5132536888122559,6.514060735702515,183.08000000000004,0.9950000000000002,pulp_cbc,mean_domain_loss,58.24470414024072,,180,60,True,197.95924832567653,198.6785845016122,228.80907667940576,229.20917736249467,145.81301745649333,184.00000030999996,26571.244704140245,26613.578214360343,26664.069521438156,20.199400773890947,35.3020705994307,0.4388888888888889,21.99474852799546,58.24470414024072,0.0
X-n181-k23,180,cold_chain,ortools:quantile_p90_scaled_or_tools,quantile_p90_scaled_or_tools,ortools,True,True,True,23,26513.0,5.000807046890259,1.2638428211212158,6.264649868011475,183.08000000000004,0.9950000000000002,pulp_cbc,mean_domain_loss,70.45291310358903,,180,60,True,197.95924832567653,198.6785845016122,228.80907667940576,229.20917736249467,166.63174081156714,183.99999993,26616.685743344282,26646.373284955353,26693.81141946807,20.15631488305727,35.176472237871316,0.43522222222222223,21.95166225716178,70.45291310358903,33.232830240690774
X-n181-k23,180,atm,ortools:robust_mean_1std_scaled_or_tools,robust_mean_1std_scaled_or_tools,ortools,True,True,True,23,26513.0,5.003887414932251,1.4658584594726562,6.469745874404907,183.08000000000004,0.9950000000000002,pulp_cbc,mean_domain_loss,76.66671666131063,,180,60,True,197.95924832567653,198.6785845016122,228.80907667940576,229.20917736249467,159.8113655074628,183.99999998,26589.666716661304,26642.45273345359,26710.5747518535,20.134173520526325,35.201680563194834,0.43833333333333335,21.92952094463084,76.66671666131063,0.0
X-n181-k23,180,grocery,ortools:robust_mean_1std_scaled_or_tools,robust_mean_1std_scaled_or_tools,ortools,True,True,True,23,26513.0,5.003887414932251,1.2508490085601807,6.254736423492432,183.08000000000004,0.9950000000000002,pulp_cbc,mean_domain_loss,48.97937082030063,,180,60,True,197.95924832567653,198.6785845016122,228.80907667940576,229.20917736249467,75.14053817093172,183.99999996000003,26561.9793708203,26586.46130291706,26622.394355235774,20.074758101224546,35.22324411101929,0.43572222222222223,21.87010550532905,48.97937082030063,0.0
X-n181-k23,180,cargo,ortools:robust_mean_1std_scaled_or_tools,robust_mean_1std_scaled_or_tools,ortools,True,True,True,23,26513.0,5.003887414932251,1.3835206031799316,6.387408018112183,183.08000000000004,0.9950000000000002,pulp_cbc,mean_domain_loss,58.24470414024072,,180,60,True,197.95924832567653,198.6785845016122,228.80907667940576,229.20917736249467,145.81301745649333,184.00000030999996,26571.244704140245,26613.578214360343,26664.069521438156,20.199400773890947,35.3020705994307,0.4388888888888889,21.99474852799546,58.24470414024072,0.0
X-n181-k23,180,cold_chain,ortools:robust_mean_1std_scaled_or_tools,robust_mean_1std_scaled_or_tools,ortools,True,True,True,23,26513.0,5.003887414932251,1.1830089092254639,6.186896324157715,183.08000000000004,0.9950000000000002,pulp_cbc,mean_domain_loss,70.45291310358903,,180,60,True,197.95924832567653,198.6785845016122,228.80907667940576,229.20917736249467,166.63174081156714,183.99999993,26616.685743344282,26646.373284955353,26693.81141946807,20.15631488305727,35.176472237871316,0.43522222222222223,21.95166225716178,70.45291310358903,33.232830240690774
X-n181-k23,180,atm,ortools:robust_mean_2std_scaled_or_tools,robust_mean_2std_scaled_or_tools,ortools,True,True,True,23,26513.0,5.000025510787964,1.375638723373413,6.375664234161377,183.08,0.9950000000000001,pulp_cbc,mean_domain_loss,76.66671666131063,,180,60,True,197.95924832567653,198.6785845016122,228.80907667940576,229.20917736249467,159.8113655074628,183.99999998,26589.666716661304,26642.45273345359,26710.5747518535,20.134173520526325,35.201680563194834,0.43833333333333335,21.92952094463084,76.66671666131063,0.0
X-n181-k23,180,grocery,ortools:robust_mean_2std_scaled_or_tools,robust_mean_2std_scaled_or_tools,ortools,True,True,True,23,26513.0,5.000025510787964,1.3708531856536865,6.37087869644165,183.08,0.9950000000000001,pulp_cbc,mean_domain_loss,48.97937082030063,,180,60,True,197.95924832567653,198.6785845016122,228.80907667940576,229.20917736249467,75.14053817093172,183.99999996000003,26561.9793708203,26586.46130291706,26622.394355235774,20.074758101224546,35.22324411101929,0.43572222222222223,21.87010550532905,48.97937082030063,0.0
X-n181-k23,180,cargo,ortools:robust_mean_2std_scaled_or_tools,robust_mean_2std_scaled_or_tools,ortools,True,True,True,23,26513.0,5.000025510787964,1.4156444072723389,6.415669918060303,183.08,0.9950000000000001,pulp_cbc,mean_domain_loss,58.24470414024072,,180,60,True,197.95924832567653,198.6785845016122,228.80907667940576,229.20917736249467,145.81301745649333,184.00000030999996,26571.244704140245,26613.578214360343,26664.069521438156,20.199400773890947,35.3020705994307,0.4388888888888889,21.99474852799546,58.24470414024072,0.0
X-n181-k23,180,cold_chain,ortools:robust_mean_2std_scaled_or_tools,robust_mean_2std_scaled_or_tools,ortools,True,True,True,23,26513.0,5.000025510787964,1.1495583057403564,6.14958381652832,183.08,0.9950000000000001,pulp_cbc,mean_domain_loss,70.45291310358903,,180,60,True,197.95924832567653,198.6785845016122,228.80907667940576,229.20917736249467,166.63174081156714,183.99999993,26616.685743344282,26646.373284955353,26693.81141946807,20.15631488305727,35.176472237871316,0.43522222222222223,21.95166225716178,70.45291310358903,33.232830240690774
X-n181-k23,180,atm,ortools:nominal_seed101_or_tools,nominal_seed101_or_tools,ortools,True,True,True,23,26327.0,5.000811815261841,1.2636761665344238,6.264487981796265,180.0,0.9782608695652174,pulp_cbc,mean_domain_loss,78.98732823491096,,180,60,True,197.95924832567653,198.6785845016122,228.80907667940576,229.20917736249467,163.619391737321,183.36980954999999,26405.98732823491,26461.180245329808,26529.12272347608,20.784332141551754,36.80226511460475,0.44905555555555554,21.949489135656272,78.98732823491096,0.0
X-n181-k23,180,grocery,ortools:nominal_seed101_or_tools,nominal_seed101_or_tools,ortools,True,True,True,23,26327.0,5.000811815261841,1.179065227508545,6.179877042770386,180.0,0.9782608695652174,pulp_cbc,mean_domain_loss,49.738368520262036,,180,60,True,197.95924832567653,198.6785845016122,228.80907667940576,229.20917736249467,76.52095360096071,181.58016402,26376.738368520262,26402.710446975107,26438.7313618689,20.806050243374138,36.766642246000806,0.449,20.18156170747865,49.738368520262036,0.0
X-n181-k23,180,cargo,ortools:nominal_seed101_or_tools,nominal_seed101_or_tools,ortools,True,True,True,23,26327.0,5.000811815261841,1.3694252967834473,6.370237112045288,180.0,0.9782608695652174,pulp_cbc,mean_domain_loss,60.01478656471343,,180,60,True,197.95924832567653,198.6785845016122,228.80907667940576,229.20917736249467,148.86782040946747,184.0,26387.014786564712,26431.144664280113,26481.386837930226,20.888658253919868,36.87989349331235,0.4504444444444444,22.684005698024375,60.01478656471343,0.0
X-n181-k23,180,cold_chain,ortools:nominal_seed101_or_tools,nominal_seed101_or_tools,ortools,True,True,True,23,26327.0,5.000811815261841,1.168402910232544,6.169214725494385,180.0,0.9782608695652174,pulp_cbc,mean_domain_loss,70.9100977685061,,180,60,True,197.95924832567653,198.6785845016122,228.80907667940576,229.20917736249467,168.59350895356977,181.34492102000002,26430.92329078474,26462.779971325628,26510.732113322163,20.870090268425407,36.66867845595349,0.4491111111111111,20.010358732529916,70.9100977685061,33.013193016239015
X-n181-k23,180,atm,ortools:nominal_seed103_or_tools,nominal_seed103_or_tools,ortools,True,True,True,23,26217.0,5.000329971313477,1.3274431228637695,6.327773094177246,180.0,0.9782608695652174,pulp_cbc,mean_domain_loss,77.45370674096269,,180,60,True,197.95924832567653,198.6785845016122,228.80907667940576,229.20917736249467,160.8782507965373,183.99999945999997,26294.453706740962,26347.42158000042,26415.038072762265,20.333279379597023,35.568091180235704,0.44,22.128626283701532,77.45370674096269,0.0
X-n181-k23,180,grocery,ortools:nominal_seed103_or_tools,nominal_seed103_or_tools,ortools,True,True,True,23,26217.0,5.000329971313477,1.255392074584961,6.2557220458984375,180.0,0.9782608695652174,pulp_cbc,mean_domain_loss,49.251472484204825,,180,60,True,197.95924832567653,198.6785845016122,228.80907667940576,229.20917736249467,75.58859980326392,182.90779349999997,26266.2514724842,26291.56155476468,26326.993082309677,20.371356333281422,35.531156717124176,0.44166666666666665,21.074497277385934,49.251472484204825,0.0
X-n181-k23,180,cargo,ortools:nominal_seed103_or_tools,nominal_seed103_or_tools,ortools,True,True,True,23,26217.0,5.000329971313477,1.433192491531372,6.433522462844849,180.0,0.9782608695652174,pulp_cbc,mean_domain_loss,58.84075874310062,,180,60,True,197.95924832567653,198.6785845016122,228.80907667940576,229.20917736249467,146.70601468974826,183.99999955,26275.840758743096,26317.910003160992,26368.481440971686,20.385725107730103,35.551058856861665,0.43866666666666665,22.181072101834616,58.84075874310062,0.0
X-n181-k23,180,cold_chain,ortools:nominal_seed103_or_tools,nominal_seed103_or_tools,ortools,True,True,True,23,26217.0,5.000329971313477,1.3172986507415771,6.317628622055054,180.0,0.9782608695652174,pulp_cbc,mean_domain_loss,70.43029693752554,,180,60,True,197.95924832567653,198.6785845016122,228.80907667940576,229.20917736249467,166.87531428806642,182.74636892,26320.24027592393,26351.07985215295,26398.16232491575,20.427511689008092,35.47423510653796,0.4398888888888889,20.969228053112605,70.43029693752554,32.8099789864073
X-n181-k23,180,atm,ortools:proxy_mean_scaled_seed109_or_tools,proxy_mean_scaled_seed109_or_tools,ortools,True,True,True,23,26275.0,5.026659250259399,1.2371513843536377,6.263810634613037,183.08,0.9950000000000001,pulp_cbc,mean_domain_loss,77.7093344731204,,180,60,True,197.95924832567653,198.6785845016122,228.80907667940576,229.20917736249467,161.52424792807705,184.00000005,26352.709334473122,26405.93621883608,26473.53327493967,20.370100801548496,35.772109199572824,0.43855555555555553,22.165448295653004,77.7093344731204,0.0
X-n181-k23,180,grocery,ortools:proxy_mean_scaled_seed109_or_tools,proxy_mean_scaled_seed109_or_tools,ortools,True,True,True,23,26275.0,5.026659250259399,1.2271745204925537,6.253833770751953,183.08,0.9950000000000001,pulp_cbc,mean_domain_loss,49.2556302243455,,180,60,True,197.95924832567653,198.6785845016122,228.80907667940576,229.20917736249467,75.81759319574235,182.53193198000002,26324.255630224347,26349.38064744579,26385.14410375497,20.412810471994355,35.9324210608463,0.43894444444444447,20.74008989609887,49.2556302243455,0.0
X-n181-k23,180,cargo,ortools:proxy_mean_scaled_seed109_or_tools,proxy_mean_scaled_seed109_or_tools,ortools,True,True,True,23,26275.0,5.026659250259399,1.434654951095581,6.4613142013549805,183.08,0.9950000000000001,pulp_cbc,mean_domain_loss,59.00562631303442,,180,60,True,197.95924832567653,198.6785845016122,228.80907667940576,229.20917736249467,147.14087895036073,183.99999956,26334.00562631304,26376.608057228546,26426.683061302312,20.447709042386418,35.75087233052827,0.43844444444444447,22.24305604649094,59.00562631303442,0.0
X-n181-k23,180,cold_chain,ortools:proxy_mean_scaled_seed109_or_tools,proxy_mean_scaled_seed109_or_tools,ortools,True,True,True,23,26275.0,5.026659250259399,1.3033101558685303,6.32996940612793,183.08,0.9950000000000001,pulp_cbc,mean_domain_loss,70.3198621289523,,180,60,True,197.95924832567653,198.6785845016122,228.80907667940576,229.20917736249467,167.47677983669993,182.58510586999998,26378.40150921315,26408.943196955268,26456.268310886422,20.426045832286206,35.787115504682106,0.43894444444444447,20.80649914639072,70.3198621289523,33.08164708419772
X-n181-k23,180,atm,ortools:quantile_p75_scaled_seed107_or_tools,quantile_p75_scaled_seed107_or_tools,ortools,True,True,True,23,26255.0,5.000982999801636,1.5289130210876465,6.529896020889282,183.08000000000004,0.9950000000000002,pulp_cbc,mean_domain_loss,75.5893669804617,,180,60,True,197.95924832567653,198.6785845016122,228.80907667940576,229.20917736249467,158.06056568742906,184.00000021999998,26330.589366980465,26383.024181172324,26450.403053747454,19.80799910640391,34.71836346530957,0.4266111111111111,21.603346770508416,75.5893669804617,0.0
X-n181-k23,180,grocery,ortools:quantile_p75_scaled_seed107_or_tools,quantile_p75_scaled_seed107_or_tools,ortools,True,True,True,23,26255.0,5.000982999801636,1.2802131175994873,6.281196117401123,183.08000000000004,0.9950000000000002,pulp_cbc,mean_domain_loss,48.367021214852095,,180,60,True,197.95924832567653,198.6785845016122,228.80907667940576,229.20917736249467,74.11616984425967,184.00000019,26303.367021214854,26327.92314247595,26363.030564953147,19.767014887174074,34.75272456671374,0.4263888888888889,21.562362521278587,48.367021214852095,0.0
X-n181-k23,180,cargo,ortools:quantile_p75_scaled_seed107_or_tools,quantile_p75_scaled_seed107_or_tools,ortools,True,True,True,23,26255.0,5.000982999801636,1.3528308868408203,6.353813886642456,183.08000000000004,0.9950000000000002,pulp_cbc,mean_domain_loss,57.482577926018486,,180,60,True,197.95924832567653,198.6785845016122,228.80907667940576,229.20917736249467,144.33978298318755,183.99999951,26312.482577926017,26354.776197299943,26404.542015584673,19.916030867952692,35.043674443156355,0.4287222222222222,21.711377822057205,57.482577926018486,0.0
X-n181-k23,180,cold_chain,ortools:quantile_p75_scaled_seed107_or_tools,quantile_p75_scaled_seed107_or_tools,ortools,True,True,True,23,26255.0,5.000982999801636,1.278658390045166,6.279641389846802,183.08000000000004,0.9950000000000002,pulp_cbc,mean_domain_loss,69.40891443041494,,180,60,True,197.95924832567653,198.6785845016122,228.80907667940576,229.20917736249467,164.88418097774039,184.00000006,26357.49487708177,26387.35793077293,26433.802984662896,19.821082064790083,34.795050584920475,0.4261111111111111,21.616429568894596,69.40891443041494,33.085962651351984
X-n181-k23,180,atm,ortools:robust_mean_1std_scaled_seed113_or_tools,robust_mean_1std_scaled_seed113_or_tools,ortools,True,True,True,23,26185.0,5.000020265579224,1.4213008880615234,6.421321153640747,183.08000000000004,0.9950000000000002,pulp_cbc,mean_domain_loss,75.87161793340744,,180,60,True,197.95924832567653,198.6785845016122,228.80907667940576,229.20917736249467,159.01143293397914,184.00000008,26260.871617933408,26314.311090097184,26380.51943984721,19.92368113552081,34.643166761475555,0.4358888888888889,21.719028659625323,75.87161793340744,0.0
X-n181-k23,180,grocery,ortools:robust_mean_1std_scaled_seed113_or_tools,robust_mean_1std_scaled_seed113_or_tools,ortools,True,True,True,23,26185.0,5.000020265579224,1.9860014915466309,6.9860217571258545,183.08000000000004,0.9950000000000002,pulp_cbc,mean_domain_loss,48.449855058303626,,180,60,True,197.95924832567653,198.6785845016122,228.80907667940576,229.20917736249467,74.66392646636398,183.99999942,26233.449855058316,26258.310057950297,26293.116345976567,19.865587558150768,34.68152599798328,0.43455555555555553,21.660934422255277,48.449855058303626,0.0
X-n181-k23,180,cargo,ortools:robust_mean_1std_scaled_seed113_or_tools,robust_mean_1std_scaled_seed113_or_tools,ortools,True,True,True,23,26185.0,5.000020265579224,2.031599760055542,7.031620025634766,183.08000000000004,0.9950000000000002,pulp_cbc,mean_domain_loss,57.80733826695028,,180,60,True,197.95924832567653,198.6785845016122,228.80907667940576,229.20917736249467,145.28582001243112,184.00000022,26242.80733826695,26285.038908407547,26334.94795527992,20.026620701759512,34.773604424448436,0.43505555555555553,21.82196836586403,57.80733826695028,0.0
X-n181-k23,180,cold_chain,ortools:robust_mean_1std_scaled_seed113_or_tools,robust_mean_1std_scaled_seed113_or_tools,ortools,True,True,True,23,26185.0,5.000020265579224,1.3264975547790527,6.326517820358276,183.08000000000004,0.9950000000000002,pulp_cbc,mean_domain_loss,69.84595583784973,,180,60,True,197.95924832567653,198.6785845016122,228.80907667940576,229.20917736249467,165.89990780245452,184.00000025,26288.045880160473,26318.5225765694,26364.291787107883,19.971746862860396,34.70666830726595,0.43433333333333335,21.767094556964906,69.84595583784973,33.19992432261303
X-n186-k15,185,atm,ortools:nominal_or_tools,nominal_or_tools,ortools,True,True,True,15,26050.0,5.000913619995117,1.7968590259552002,6.797772645950317,13853.0,0.948186173853525,pulp_cbc,mean_domain_loss,6134.981692704987,,180,60,True,15309.918049106675,15348.692003297172,18004.971786960705,18023.357427310362,12217.884037781043,14343.799844000001,32184.981692704987,38302.59681267276,43846.250102409176,1578.3221503279408,3296.3017185657195,0.41183783783783784,1936.5957866052017,6134.981692704987,0.0
X-n186-k15,185,grocery,ortools:nominal_or_tools,nominal_or_tools,ortools,True,True,True,15,26050.0,5.000913619995117,1.6643521785736084,6.665265798568726,13853.0,0.948186173853525,pulp_cbc,mean_domain_loss,3966.1981297922257,,180,60,True,15309.918049106675,15348.692003297172,18004.971786960705,18023.357427310362,5831.262362108179,14245.466778,30016.198129792218,32943.067921937494,35898.486080759845,1583.4040723009527,3314.882059044168,0.4123783783783784,1843.3446425782136,3966.1981297922257,0.0
X-n186-k15,185,cargo,ortools:nominal_or_tools,nominal_or_tools,ortools,True,True,True,15,26050.0,5.000913619995117,1.7918305397033691,6.792744159698486,13853.0,0.948186173853525,pulp_cbc,mean_domain_loss,4654.03207075561,,180,60,True,15309.918049106675,15348.692003297172,18004.971786960705,18023.357427310362,11042.739775114047,14389.361459,30704.03207075561,35468.28056640919,39637.728921030925,1582.7144240477442,3290.3400239970606,0.41135135135135137,1986.5496753250052,4654.03207075561,0.0
X-n186-k15,185,cold_chain,ortools:nominal_or_tools,nominal_or_tools,ortools,True,True,True,15,26050.0,5.000913619995117,1.9717209339141846,6.972634553909302,13853.0,0.948186173853525,pulp_cbc,mean_domain_loss,5729.083216329346,,180,60,True,15309.918049106675,15348.692003297172,18004.971786960705,18023.357427310362,12932.8685567477,14223.365053,34444.09636596745,38088.05106807761,42007.843636003716,1588.8940374264182,3328.228192194863,0.4114054054054054,1826.732882703679,5729.083216329346,2665.013149638109
X-n186-k15,185,atm,ortools:proxy_mean_or_tools,proxy_mean_or_tools,ortools,False,False,False,0,,0.0,,0.0,15309.918049106676,1.047906779541867,pulp_cbc,mean_domain_loss,,total_load_exceeds_fleet_capacity,180,60,True,15309.918049106675,15348.692003297172,18004.971786960705,18023.357427310362,,,,,,,,,,,
X-n186-k15,185,grocery,ortools:proxy_mean_or_tools,proxy_mean_or_tools,ortools,False,False,False,0,,0.0,,0.0,15309.918049106676,1.047906779541867,pulp_cbc,mean_domain_loss,,total_load_exceeds_fleet_capacity,180,60,True,15309.918049106675,15348.692003297172,18004.971786960705,18023.357427310362,,,,,,,,,,,
X-n186-k15,185,cargo,ortools:proxy_mean_or_tools,proxy_mean_or_tools,ortools,False,False,False,0,,0.0,,0.0,15309.918049106676,1.047906779541867,pulp_cbc,mean_domain_loss,,total_load_exceeds_fleet_capacity,180,60,True,15309.918049106675,15348.692003297172,18004.971786960705,18023.357427310362,,,,,,,,,,,
X-n186-k15,185,cold_chain,ortools:proxy_mean_or_tools,proxy_mean_or_tools,ortools,False,False,False,0,,0.0,,0.0,15309.918049106676,1.047906779541867,pulp_cbc,mean_domain_loss,,total_load_exceeds_fleet_capacity,180,60,True,15309.918049106675,15348.692003297172,18004.971786960705,18023.357427310362,,,,,,,,,,,
X-n186-k15,185,atm,ortools:quantile_p75_or_tools,quantile_p75_or_tools,ortools,False,False,False,0,,0.0,,0.0,17747.330784172096,1.2147385889234836,pulp_cbc,mean_domain_loss,,total_load_exceeds_fleet_capacity,180,60,True,15309.918049106675,15348.692003297172,18004.971786960705,18023.357427310362,,,,,,,,,,,
X-n186-k15,185,grocery,ortools:quantile_p75_or_tools,quantile_p75_or_tools,ortools,False,False,False,0,,0.0,,0.0,17747.330784172096,1.2147385889234836,pulp_cbc,mean_domain_loss,,total_load_exceeds_fleet_capacity,180,60,True,15309.918049106675,15348.692003297172,18004.971786960705,18023.357427310362,,,,,,,,,,,
X-n186-k15,185,cargo,ortools:quantile_p75_or_tools,quantile_p75_or_tools,ortools,False,False,False,0,,0.0,,0.0,17747.330784172096,1.2147385889234836,pulp_cbc,mean_domain_loss,,total_load_exceeds_fleet_capacity,180,60,True,15309.918049106675,15348.692003297172,18004.971786960705,18023.357427310362,,,,,,,,,,,
X-n186-k15,185,cold_chain,ortools:quantile_p75_or_tools,quantile_p75_or_tools,ortools,False,False,False,0,,0.0,,0.0,17747.330784172096,1.2147385889234836,pulp_cbc,mean_domain_loss,,total_load_exceeds_fleet_capacity,180,60,True,15309.918049106675,15348.692003297172,18004.971786960705,18023.357427310362,,,,,,,,,,,
X-n186-k15,185,atm,ortools:quantile_p90_or_tools,quantile_p90_or_tools,ortools,False,False,False,0,,0.0,,0.0,21205.232642457766,1.451419072036808,pulp_cbc,mean_domain_loss,,total_load_exceeds_fleet_capacity,180,60,True,15309.918049106675,15348.692003297172,18004.971786960705,18023.357427310362,,,,,,,,,,,
X-n186-k15,185,grocery,ortools:quantile_p90_or_tools,quantile_p90_or_tools,ortools,False,False,False,0,,0.0,,0.0,21205.232642457766,1.451419072036808,pulp_cbc,mean_domain_loss,,total_load_exceeds_fleet_capacity,180,60,True,15309.918049106675,15348.692003297172,18004.971786960705,18023.357427310362,,,,,,,,,,,
X-n186-k15,185,cargo,ortools:quantile_p90_or_tools,quantile_p90_or_tools,ortools,False,False,False,0,,0.0,,0.0,21205.232642457766,1.451419072036808,pulp_cbc,mean_domain_loss,,total_load_exceeds_fleet_capacity,180,60,True,15309.918049106675,15348.692003297172,18004.971786960705,18023.357427310362,,,,,,,,,,,
X-n186-k15,185,cold_chain,ortools:quantile_p90_or_tools,quantile_p90_or_tools,ortools,False,False,False,0,,0.0,,0.0,21205.232642457766,1.451419072036808,pulp_cbc,mean_domain_loss,,total_load_exceeds_fleet_capacity,180,60,True,15309.918049106675,15348.692003297172,18004.971786960705,18023.357427310362,,,,,,,,,,,
X-n186-k15,185,atm,ortools:robust_mean_1std_or_tools,robust_mean_1std_or_tools,ortools,False,False,False,0,,0.0,,0.0,19848.88202930581,1.3585819321906782,pulp_cbc,mean_domain_loss,,total_load_exceeds_fleet_capacity,180,60,True,15309.918049106675,15348.692003297172,18004.971786960705,18023.357427310362,,,,,,,,,,,
X-n186-k15,185,grocery,ortools:robust_mean_1std_or_tools,robust_mean_1std_or_tools,ortools,False,False,False,0,,0.0,,0.0,19848.88202930581,1.3585819321906782,pulp_cbc,mean_domain_loss,,total_load_exceeds_fleet_capacity,180,60,True,15309.918049106675,15348.692003297172,18004.971786960705,18023.357427310362,,,,,,,,,,,
X-n186-k15,185,cargo,ortools:robust_mean_1std_or_tools,robust_mean_1std_or_tools,ortools,False,False,False,0,,0.0,,0.0,19848.88202930581,1.3585819321906782,pulp_cbc,mean_domain_loss,,total_load_exceeds_fleet_capacity,180,60,True,15309.918049106675,15348.692003297172,18004.971786960705,18023.357427310362,,,,,,,,,,,
X-n186-k15,185,cold_chain,ortools:robust_mean_1std_or_tools,robust_mean_1std_or_tools,ortools,False,False,False,0,,0.0,,0.0,19848.88202930581,1.3585819321906782,pulp_cbc,mean_domain_loss,,total_load_exceeds_fleet_capacity,180,60,True,15309.918049106675,15348.692003297172,18004.971786960705,18023.357427310362,,,,,,,,,,,
X-n186-k15,185,atm,ortools:robust_mean_2std_or_tools,robust_mean_2std_or_tools,ortools,False,False,False,0,,0.0,,0.0,24387.846009504945,1.6692570848394896,pulp_cbc,mean_domain_loss,,total_load_exceeds_fleet_capacity,180,60,True,15309.918049106675,15348.692003297172,18004.971786960705,18023.357427310362,,,,,,,,,,,
X-n186-k15,185,grocery,ortools:robust_mean_2std_or_tools,robust_mean_2std_or_tools,ortools,False,False,False,0,,0.0,,0.0,24387.846009504945,1.6692570848394896,pulp_cbc,mean_domain_loss,,total_load_exceeds_fleet_capacity,180,60,True,15309.918049106675,15348.692003297172,18004.971786960705,18023.357427310362,,,,,,,,,,,
X-n186-k15,185,cargo,ortools:robust_mean_2std_or_tools,robust_mean_2std_or_tools,ortools,False,False,False,0,,0.0,,0.0,24387.846009504945,1.6692570848394896,pulp_cbc,mean_domain_loss,,total_load_exceeds_fleet_capacity,180,60,True,15309.918049106675,15348.692003297172,18004.971786960705,18023.357427310362,,,,,,,,,,,
X-n186-k15,185,cold_chain,ortools:robust_mean_2std_or_tools,robust_mean_2std_or_tools,ortools,False,False,False,0,,0.0,,0.0,24387.846009504945,1.6692570848394896,pulp_cbc,mean_domain_loss,,total_load_exceeds_fleet_capacity,180,60,True,15309.918049106675,15348.692003297172,18004.971786960705,18023.357427310362,,,,,,,,,,,
X-n186-k15,185,atm,ortools:proxy_mean_scaled_or_tools,proxy_mean_scaled_or_tools,ortools,False,False,False,0,,5.007321357727051,,5.007321357727051,14536.950000000003,0.9950000000000002,pulp_cbc,mean_domain_loss,,ortools_no_solution,180,60,True,15309.918049106675,15348.692003297172,18004.971786960705,18023.357427310362,,,,,,,,,,,
X-n186-k15,185,grocery,ortools:proxy_mean_scaled_or_tools,proxy_mean_scaled_or_tools,ortools,False,False,False,0,,5.007321357727051,,5.007321357727051,14536.950000000003,0.9950000000000002,pulp_cbc,mean_domain_loss,,ortools_no_solution,180,60,True,15309.918049106675,15348.692003297172,18004.971786960705,18023.357427310362,,,,,,,,,,,
X-n186-k15,185,cargo,ortools:proxy_mean_scaled_or_tools,proxy_mean_scaled_or_tools,ortools,False,False,False,0,,5.007321357727051,,5.007321357727051,14536.950000000003,0.9950000000000002,pulp_cbc,mean_domain_loss,,ortools_no_solution,180,60,True,15309.918049106675,15348.692003297172,18004.971786960705,18023.357427310362,,,,,,,,,,,
X-n186-k15,185,cold_chain,ortools:proxy_mean_scaled_or_tools,proxy_mean_scaled_or_tools,ortools,False,False,False,0,,5.007321357727051,,5.007321357727051,14536.950000000003,0.9950000000000002,pulp_cbc,mean_domain_loss,,ortools_no_solution,180,60,True,15309.918049106675,15348.692003297172,18004.971786960705,18023.357427310362,,,,,,,,,,,
X-n186-k15,185,atm,ortools:quantile_p75_scaled_or_tools,quantile_p75_scaled_or_tools,ortools,False,False,False,0,,5.004000186920166,,5.004000186920166,14536.95,0.995,pulp_cbc,mean_domain_loss,,ortools_no_solution,180,60,True,15309.918049106675,15348.692003297172,18004.971786960705,18023.357427310362,,,,,,,,,,,
X-n186-k15,185,grocery,ortools:quantile_p75_scaled_or_tools,quantile_p75_scaled_or_tools,ortools,False,False,False,0,,5.004000186920166,,5.004000186920166,14536.95,0.995,pulp_cbc,mean_domain_loss,,ortools_no_solution,180,60,True,15309.918049106675,15348.692003297172,18004.971786960705,18023.357427310362,,,,,,,,,,,
X-n186-k15,185,cargo,ortools:quantile_p75_scaled_or_tools,quantile_p75_scaled_or_tools,ortools,False,False,False,0,,5.004000186920166,,5.004000186920166,14536.95,0.995,pulp_cbc,mean_domain_loss,,ortools_no_solution,180,60,True,15309.918049106675,15348.692003297172,18004.971786960705,18023.357427310362,,,,,,,,,,,
X-n186-k15,185,cold_chain,ortools:quantile_p75_scaled_or_tools,quantile_p75_scaled_or_tools,ortools,False,False,False,0,,5.004000186920166,,5.004000186920166,14536.95,0.995,pulp_cbc,mean_domain_loss,,ortools_no_solution,180,60,True,15309.918049106675,15348.692003297172,18004.971786960705,18023.357427310362,,,,,,,,,,,
X-n186-k15,185,atm,ortools:quantile_p90_scaled_or_tools,quantile_p90_scaled_or_tools,ortools,False,False,False,0,,5.002608299255371,,5.002608299255371,14536.949999999997,0.9949999999999998,pulp_cbc,mean_domain_loss,,ortools_no_solution,180,60,True,15309.918049106675,15348.692003297172,18004.971786960705,18023.357427310362,,,,,,,,,,,
X-n186-k15,185,grocery,ortools:quantile_p90_scaled_or_tools,quantile_p90_scaled_or_tools,ortools,False,False,False,0,,5.002608299255371,,5.002608299255371,14536.949999999997,0.9949999999999998,pulp_cbc,mean_domain_loss,,ortools_no_solution,180,60,True,15309.918049106675,15348.692003297172,18004.971786960705,18023.357427310362,,,,,,,,,,,
X-n186-k15,185,cargo,ortools:quantile_p90_scaled_or_tools,quantile_p90_scaled_or_tools,ortools,False,False,False,0,,5.002608299255371,,5.002608299255371,14536.949999999997,0.9949999999999998,pulp_cbc,mean_domain_loss,,ortools_no_solution,180,60,True,15309.918049106675,15348.692003297172,18004.971786960705,18023.357427310362,,,,,,,,,,,
X-n186-k15,185,cold_chain,ortools:quantile_p90_scaled_or_tools,quantile_p90_scaled_or_tools,ortools,False,False,False,0,,5.002608299255371,,5.002608299255371,14536.949999999997,0.9949999999999998,pulp_cbc,mean_domain_loss,,ortools_no_solution,180,60,True,15309.918049106675,15348.692003297172,18004.971786960705,18023.357427310362,,,,,,,,,,,
X-n186-k15,185,atm,ortools:robust_mean_1std_scaled_or_tools,robust_mean_1std_scaled_or_tools,ortools,False,False,False,0,,5.004064559936523,,5.004064559936523,14536.950000000003,0.9950000000000002,pulp_cbc,mean_domain_loss,,ortools_no_solution,180,60,True,15309.918049106675,15348.692003297172,18004.971786960705,18023.357427310362,,,,,,,,,,,
X-n186-k15,185,grocery,ortools:robust_mean_1std_scaled_or_tools,robust_mean_1std_scaled_or_tools,ortools,False,False,False,0,,5.004064559936523,,5.004064559936523,14536.950000000003,0.9950000000000002,pulp_cbc,mean_domain_loss,,ortools_no_solution,180,60,True,15309.918049106675,15348.692003297172,18004.971786960705,18023.357427310362,,,,,,,,,,,
X-n186-k15,185,cargo,ortools:robust_mean_1std_scaled_or_tools,robust_mean_1std_scaled_or_tools,ortools,False,False,False,0,,5.004064559936523,,5.004064559936523,14536.950000000003,0.9950000000000002,pulp_cbc,mean_domain_loss,,ortools_no_solution,180,60,True,15309.918049106675,15348.692003297172,18004.971786960705,18023.357427310362,,,,,,,,,,,
X-n186-k15,185,cold_chain,ortools:robust_mean_1std_scaled_or_tools,robust_mean_1std_scaled_or_tools,ortools,False,False,False,0,,5.004064559936523,,5.004064559936523,14536.950000000003,0.9950000000000002,pulp_cbc,mean_domain_loss,,ortools_no_solution,180,60,True,15309.918049106675,15348.692003297172,18004.971786960705,18023.357427310362,,,,,,,,,,,
X-n186-k15,185,atm,ortools:robust_mean_2std_scaled_or_tools,robust_mean_2std_scaled_or_tools,ortools,False,False,False,0,,5.006036996841431,,5.006036996841431,14536.949999999999,0.9949999999999999,pulp_cbc,mean_domain_loss,,ortools_no_solution,180,60,True,15309.918049106675,15348.692003297172,18004.971786960705,18023.357427310362,,,,,,,,,,,
X-n186-k15,185,grocery,ortools:robust_mean_2std_scaled_or_tools,robust_mean_2std_scaled_or_tools,ortools,False,False,False,0,,5.006036996841431,,5.006036996841431,14536.949999999999,0.9949999999999999,pulp_cbc,mean_domain_loss,,ortools_no_solution,180,60,True,15309.918049106675,15348.692003297172,18004.971786960705,18023.357427310362,,,,,,,,,,,
X-n186-k15,185,cargo,ortools:robust_mean_2std_scaled_or_tools,robust_mean_2std_scaled_or_tools,ortools,False,False,False,0,,5.006036996841431,,5.006036996841431,14536.949999999999,0.9949999999999999,pulp_cbc,mean_domain_loss,,ortools_no_solution,180,60,True,15309.918049106675,15348.692003297172,18004.971786960705,18023.357427310362,,,,,,,,,,,
X-n186-k15,185,cold_chain,ortools:robust_mean_2std_scaled_or_tools,robust_mean_2std_scaled_or_tools,ortools,False,False,False,0,,5.006036996841431,,5.006036996841431,14536.949999999999,0.9949999999999999,pulp_cbc,mean_domain_loss,,ortools_no_solution,180,60,True,15309.918049106675,15348.692003297172,18004.971786960705,18023.357427310362,,,,,,,,,,,
X-n186-k15,185,atm,ortools:nominal_seed101_or_tools,nominal_seed101_or_tools,ortools,True,True,True,15,26666.0,5.000922679901123,1.8059642314910889,6.806886911392212,13853.0,0.948186173853525,pulp_cbc,mean_domain_loss,6042.215318449549,,180,60,True,15309.918049106675,15348.692003297172,18004.971786960705,18023.357427310362,12035.570761031227,14451.150269999998,32708.21531844955,38776.184467792526,44211.20823638619,1549.5609560032951,3252.8068031210114,0.40502702702702703,2015.1850182805563,6042.215318449549,0.0
X-n186-k15,185,grocery,ortools:nominal_seed101_or_tools,nominal_seed101_or_tools,ortools,True,True,True,15,26666.0,5.000922679901123,1.4877703189849854,6.488692998886108,13853.0,0.948186173853525,pulp_cbc,mean_domain_loss,3932.629342905372,,180,60,True,15309.918049106675,15348.692003297172,18004.971786960705,18023.357427310362,5763.887581838898,14329.983577,30598.629342905377,33484.91244737836,36395.35660866262,1554.0754558169085,3271.5529625622053,0.40556756756756757,1898.5328250941695,3932.629342905372,0.0
X-n186-k15,185,cargo,ortools:nominal_seed101_or_tools,nominal_seed101_or_tools,ortools,True,True,True,15,26666.0,5.000922679901123,1.730414628982544,6.731337308883667,13853.0,0.948186173853525,pulp_cbc,mean_domain_loss,4580.277274776979,,180,60,True,15309.918049106675,15348.692003297172,18004.971786960705,18023.357427310362,10877.125303243218,14529.090552000001,31246.277274776978,35941.17823484795,40063.27558470195,1552.8683268907732,3236.791700060766,0.404,2096.432671168034,4580.277274776979,0.0
X-n186-k15,185,cold_chain,ortools:nominal_seed101_or_tools,nominal_seed101_or_tools,ortools,True,True,True,15,26666.0,5.000922679901123,1.6961288452148438,6.697051525115967,13853.0,0.948186173853525,pulp_cbc,mean_domain_loss,5704.077686038665,,180,60,True,15309.918049106675,15348.692003297172,18004.971786960705,18023.357427310362,12823.349618637612,14303.593987,35027.28415745579,38571.81746644265,42458.74144878814,1563.6669802432052,3269.451820739292,0.40318918918918917,1881.734759520466,5704.077686038665,2657.206471417129
X-n186-k15,185,atm,ortools:nominal_seed103_or_tools,nominal_seed103_or_tools,ortools,True,True,True,15,26466.0,5.000753879547119,1.855189323425293,6.855943202972412,13853.0,0.948186173853525,pulp_cbc,mean_domain_loss,5778.326281704928,,180,60,True,15309.918049106675,15348.692003297172,18004.971786960705,18023.357427310362,11566.681205932491,14610.000012,32244.326281704925,38184.90321673186,43498.026947132355,1473.9243333231466,3144.793098379691,0.38572972972972974,2098.398137600407,5778.326281704928,0.0
X-n186-k15,185,grocery,ortools:nominal_seed103_or_tools,nominal_seed103_or_tools,ortools,True,True,True,15,26466.0,5.000753879547119,1.646758794784546,6.647512674331665,13853.0,0.948186173853525,pulp_cbc,mean_domain_loss,3839.9947391931532,,180,60,True,15309.918049106675,15348.692003297172,18004.971786960705,18023.357427310362,5581.42806347196,14581.667372,30305.994739193156,33068.18338640818,35902.367876051845,1475.0230286701565,3142.394194532448,0.3848108108108108,2071.164192947417,3839.9947391931532,0.0
X-n186-k15,185,cargo,ortools:nominal_seed103_or_tools,nominal_seed103_or_tools,ortools,True,True,True,15,26466.0,5.000753879547119,1.6182034015655518,6.618957281112671,13853.0,0.948186173853525,pulp_cbc,mean_domain_loss,4391.589358851886,,180,60,True,15309.918049106675,15348.692003297172,18004.971786960705,18023.357427310362,10514.98606145589,14610.000032,30857.58935885188,35488.395017631294,39504.50846831729,1477.8506845502197,3144.026060069104,0.38432432432432434,2102.3245088274803,4391.589358851886,0.0
X-n186-k15,185,cold_chain,ortools:nominal_seed103_or_tools,nominal_seed103_or_tools,ortools,True,True,True,15,26466.0,5.000753879547119,1.582275629043579,6.583029508590698,13853.0,0.948186173853525,pulp_cbc,mean_domain_loss,5618.8257514309325,,180,60,True,15309.918049106675,15348.692003297172,18004.971786960705,18023.357427310362,12586.363553424228,14541.915536,34772.917499021045,38150.58029659102,41937.3365051566,1484.7589424199,3143.4693836956994,0.3831891891891892,2041.1482706971603,5618.8257514309325,2688.0917475901147
X-n186-k15,185,atm,ortools:proxy_mean_scaled_seed109_or_tools,proxy_mean_scaled_seed109_or_tools,ortools,False,False,False,0,,5.0066516399383545,,5.0066516399383545,14536.950000000003,0.9950000000000002,pulp_cbc,mean_domain_loss,,ortools_no_solution,180,60,True,15309.918049106675,15348.692003297172,18004.971786960705,18023.357427310362,,,,,,,,,,,
X-n186-k15,185,grocery,ortools:proxy_mean_scaled_seed109_or_tools,proxy_mean_scaled_seed109_or_tools,ortools,False,False,False,0,,5.0066516399383545,,5.0066516399383545,14536.950000000003,0.9950000000000002,pulp_cbc,mean_domain_loss,,ortools_no_solution,180,60,True,15309.918049106675,15348.692003297172,18004.971786960705,18023.357427310362,,,,,,,,,,,
X-n186-k15,185,cargo,ortools:proxy_mean_scaled_seed109_or_tools,proxy_mean_scaled_seed109_or_tools,ortools,False,False,False,0,,5.0066516399383545,,5.0066516399383545,14536.950000000003,0.9950000000000002,pulp_cbc,mean_domain_loss,,ortools_no_solution,180,60,True,15309.918049106675,15348.692003297172,18004.971786960705,18023.357427310362,,,,,,,,,,,
X-n186-k15,185,cold_chain,ortools:proxy_mean_scaled_seed109_or_tools,proxy_mean_scaled_seed109_or_tools,ortools,False,False,False,0,,5.0066516399383545,,5.0066516399383545,14536.950000000003,0.9950000000000002,pulp_cbc,mean_domain_loss,,ortools_no_solution,180,60,True,15309.918049106675,15348.692003297172,18004.971786960705,18023.357427310362,,,,,,,,,,,
X-n186-k15,185,atm,ortools:quantile_p75_scaled_seed107_or_tools,quantile_p75_scaled_seed107_or_tools,ortools,False,False,False,0,,5.003275156021118,,5.003275156021118,14536.95,0.995,pulp_cbc,mean_domain_loss,,ortools_no_solution,180,60,True,15309.918049106675,15348.692003297172,18004.971786960705,18023.357427310362,,,,,,,,,,,
X-n186-k15,185,grocery,ortools:quantile_p75_scaled_seed107_or_tools,quantile_p75_scaled_seed107_or_tools,ortools,False,False,False,0,,5.003275156021118,,5.003275156021118,14536.95,0.995,pulp_cbc,mean_domain_loss,,ortools_no_solution,180,60,True,15309.918049106675,15348.692003297172,18004.971786960705,18023.357427310362,,,,,,,,,,,
X-n186-k15,185,cargo,ortools:quantile_p75_scaled_seed107_or_tools,quantile_p75_scaled_seed107_or_tools,ortools,False,False,False,0,,5.003275156021118,,5.003275156021118,14536.95,0.995,pulp_cbc,mean_domain_loss,,ortools_no_solution,180,60,True,15309.918049106675,15348.692003297172,18004.971786960705,18023.357427310362,,,,,,,,,,,
X-n186-k15,185,cold_chain,ortools:quantile_p75_scaled_seed107_or_tools,quantile_p75_scaled_seed107_or_tools,ortools,False,False,False,0,,5.003275156021118,,5.003275156021118,14536.95,0.995,pulp_cbc,mean_domain_loss,,ortools_no_solution,180,60,True,15309.918049106675,15348.692003297172,18004.971786960705,18023.357427310362,,,,,,,,,,,
X-n186-k15,185,atm,ortools:robust_mean_1std_scaled_seed113_or_tools,robust_mean_1std_scaled_seed113_or_tools,ortools,False,False,False,0,,5.0053088665008545,,5.0053088665008545,14536.950000000003,0.9950000000000002,pulp_cbc,mean_domain_loss,,ortools_no_solution,180,60,True,15309.918049106675,15348.692003297172,18004.971786960705,18023.357427310362,,,,,,,,,,,
X-n186-k15,185,grocery,ortools:robust_mean_1std_scaled_seed113_or_tools,robust_mean_1std_scaled_seed113_or_tools,ortools,False,False,False,0,,5.0053088665008545,,5.0053088665008545,14536.950000000003,0.9950000000000002,pulp_cbc,mean_domain_loss,,ortools_no_solution,180,60,True,15309.918049106675,15348.692003297172,18004.971786960705,18023.357427310362,,,,,,,,,,,
X-n186-k15,185,cargo,ortools:robust_mean_1std_scaled_seed113_or_tools,robust_mean_1std_scaled_seed113_or_tools,ortools,False,False,False,0,,5.0053088665008545,,5.0053088665008545,14536.950000000003,0.9950000000000002,pulp_cbc,mean_domain_loss,,ortools_no_solution,180,60,True,15309.918049106675,15348.692003297172,18004.971786960705,18023.357427310362,,,,,,,,,,,
X-n186-k15,185,cold_chain,ortools:robust_mean_1std_scaled_seed113_or_tools,robust_mean_1std_scaled_seed113_or_tools,ortools,False,False,False,0,,5.0053088665008545,,5.0053088665008545,14536.950000000003,0.9950000000000002,pulp_cbc,mean_domain_loss,,ortools_no_solution,180,60,True,15309.918049106675,15348.692003297172,18004.971786960705,18023.357427310362,,,,,,,,,,,
X-n190-k8,189,atm,ortools:nominal_or_tools,nominal_or_tools,ortools,True,True,True,8,18180.0,5.001303434371948,1.465078592300415,6.466382026672363,1043.0,0.9447463768115942,pulp_cbc,mean_domain_loss,524.9470143865875,,180,60,True,1163.1102271100574,1164.541932744727,1415.5336601339425,1417.944225661104,961.9215765840435,1103.99999904,18704.947014386587,19153.02096817179,19571.053591362772,132.73593182531198,254.91931427806836,0.43714285714285717,156.62767656850565,524.9470143865875,0.0
X-n190-k8,189,grocery,ortools:nominal_or_tools,nominal_or_tools,ortools,True,True,True,8,18180.0,5.001303434371948,1.3949120044708252,6.396215438842773,1043.0,0.9447463768115942,pulp_cbc,mean_domain_loss,337.5755155434511,,180,60,True,1163.1102271100574,1164.541932744727,1415.5336601339425,1417.944225661104,463.0743544085723,1104.00000095,18517.57551554345,18728.01499546339,18951.27546358318,132.64741070385938,254.86037583751855,0.43312169312169313,156.5391573570531,337.5755155434511,0.0
X-n190-k8,189,cargo,ortools:nominal_or_tools,nominal_or_tools,ortools,True,True,True,8,18180.0,5.001303434371948,1.519930124282837,6.521233558654785,1043.0,0.9447463768115942,pulp_cbc,mean_domain_loss,400.2164622799407,,180,60,True,1163.1102271100574,1164.541932744727,1415.5336601339425,1417.944225661104,874.9775607518715,1104.0000009199998,18580.21646227994,18927.61509233089,19247.382489094503,133.049759799842,254.19215303487547,0.4360846560846561,156.94150642303575,400.2164622799407,0.0
X-n190-k8,189,cold_chain,ortools:nominal_or_tools,nominal_or_tools,ortools,True,True,True,8,18180.0,5.001303434371948,1.5229244232177734,6.524227857589722,1043.0,0.9447463768115942,pulp_cbc,mean_domain_loss,492.9580062046852,,180,60,True,1163.1102271100574,1164.541932744727,1415.5336601339425,1417.944225661104,1037.840161488639,1104.0000006200003,18885.53123359131,19142.02338537067,19440.188578087986,132.84198083192706,254.79830777982076,0.42603174603174604,156.73372715512073,492.9580062046852,212.57322738662535
X-n190-k8,189,atm,ortools:proxy_mean_or_tools,proxy_mean_or_tools,ortools,False,False,False,0,,0.0,,0.0,1163.1102271100574,1.0535418723822985,pulp_cbc,mean_domain_loss,,total_load_exceeds_fleet_capacity,180,60,True,1163.1102271100574,1164.541932744727,1415.5336601339425,1417.944225661104,,,,,,,,,,,
X-n190-k8,189,grocery,ortools:proxy_mean_or_tools,proxy_mean_or_tools,ortools,False,False,False,0,,0.0,,0.0,1163.1102271100574,1.0535418723822985,pulp_cbc,mean_domain_loss,,total_load_exceeds_fleet_capacity,180,60,True,1163.1102271100574,1164.541932744727,1415.5336601339425,1417.944225661104,,,,,,,,,,,
X-n190-k8,189,cargo,ortools:proxy_mean_or_tools,proxy_mean_or_tools,ortools,False,False,False,0,,0.0,,0.0,1163.1102271100574,1.0535418723822985,pulp_cbc,mean_domain_loss,,total_load_exceeds_fleet_capacity,180,60,True,1163.1102271100574,1164.541932744727,1415.5336601339425,1417.944225661104,,,,,,,,,,,
X-n190-k8,189,cold_chain,ortools:proxy_mean_or_tools,proxy_mean_or_tools,ortools,False,False,False,0,,0.0,,0.0,1163.1102271100574,1.0535418723822985,pulp_cbc,mean_domain_loss,,total_load_exceeds_fleet_capacity,180,60,True,1163.1102271100574,1164.541932744727,1415.5336601339425,1417.944225661104,,,,,,,,,,,
X-n190-k8,189,atm,ortools:quantile_p75_or_tools,quantile_p75_or_tools,ortools,False,False,False,0,,0.0,,0.0,1357.0283094544095,1.2291923092884145,pulp_cbc,mean_domain_loss,,total_load_exceeds_fleet_capacity,180,60,True,1163.1102271100574,1164.541932744727,1415.5336601339425,1417.944225661104,,,,,,,,,,,
X-n190-k8,189,grocery,ortools:quantile_p75_or_tools,quantile_p75_or_tools,ortools,False,False,False,0,,0.0,,0.0,1357.0283094544095,1.2291923092884145,pulp_cbc,mean_domain_loss,,total_load_exceeds_fleet_capacity,180,60,True,1163.1102271100574,1164.541932744727,1415.5336601339425,1417.944225661104,,,,,,,,,,,
X-n190-k8,189,cargo,ortools:quantile_p75_or_tools,quantile_p75_or_tools,ortools,False,False,False,0,,0.0,,0.0,1357.0283094544095,1.2291923092884145,pulp_cbc,mean_domain_loss,,total_load_exceeds_fleet_capacity,180,60,True,1163.1102271100574,1164.541932744727,1415.5336601339425,1417.944225661104,,,,,,,,,,,
X-n190-k8,189,cold_chain,ortools:quantile_p75_or_tools,quantile_p75_or_tools,ortools,False,False,False,0,,0.0,,0.0,1357.0283094544095,1.2291923092884145,pulp_cbc,mean_domain_loss,,total_load_exceeds_fleet_capacity,180,60,True,1163.1102271100574,1164.541932744727,1415.5336601339425,1417.944225661104,,,,,,,,,,,
X-n190-k8,189,atm,ortools:quantile_p90_or_tools,quantile_p90_or_tools,ortools,False,False,False,0,,0.0,,0.0,1639.73000363895,1.4852626844555705,pulp_cbc,mean_domain_loss,,total_load_exceeds_fleet_capacity,180,60,True,1163.1102271100574,1164.541932744727,1415.5336601339425,1417.944225661104,,,,,,,,,,,
X-n190-k8,189,grocery,ortools:quantile_p90_or_tools,quantile_p90_or_tools,ortools,False,False,False,0,,0.0,,0.0,1639.73000363895,1.4852626844555705,pulp_cbc,mean_domain_loss,,total_load_exceeds_fleet_capacity,180,60,True,1163.1102271100574,1164.541932744727,1415.5336601339425,1417.944225661104,,,,,,,,,,,
X-n190-k8,189,cargo,ortools:quantile_p90_or_tools,quantile_p90_or_tools,ortools,False,False,False,0,,0.0,,0.0,1639.73000363895,1.4852626844555705,pulp_cbc,mean_domain_loss,,total_load_exceeds_fleet_capacity,180,60,True,1163.1102271100574,1164.541932744727,1415.5336601339425,1417.944225661104,,,,,,,,,,,
X-n190-k8,189,cold_chain,ortools:quantile_p90_or_tools,quantile_p90_or_tools,ortools,False,False,False,0,,0.0,,0.0,1639.73000363895,1.4852626844555705,pulp_cbc,mean_domain_loss,,total_load_exceeds_fleet_capacity,180,60,True,1163.1102271100574,1164.541932744727,1415.5336601339425,1417.944225661104,,,,,,,,,,,
X-n190-k8,189,atm,ortools:robust_mean_1std_or_tools,robust_mean_1std_or_tools,ortools,False,False,False,0,,0.0,,0.0,1529.0220533650013,1.3849837439900374,pulp_cbc,mean_domain_loss,,total_load_exceeds_fleet_capacity,180,60,True,1163.1102271100574,1164.541932744727,1415.5336601339425,1417.944225661104,,,,,,,,,,,
X-n190-k8,189,grocery,ortools:robust_mean_1std_or_tools,robust_mean_1std_or_tools,ortools,False,False,False,0,,0.0,,0.0,1529.0220533650013,1.3849837439900374,pulp_cbc,mean_domain_loss,,total_load_exceeds_fleet_capacity,180,60,True,1163.1102271100574,1164.541932744727,1415.5336601339425,1417.944225661104,,,,,,,,,,,
X-n190-k8,189,cargo,ortools:robust_mean_1std_or_tools,robust_mean_1std_or_tools,ortools,False,False,False,0,,0.0,,0.0,1529.0220533650013,1.3849837439900374,pulp_cbc,mean_domain_loss,,total_load_exceeds_fleet_capacity,180,60,True,1163.1102271100574,1164.541932744727,1415.5336601339425,1417.944225661104,,,,,,,,,,,
X-n190-k8,189,cold_chain,ortools:robust_mean_1std_or_tools,robust_mean_1std_or_tools,ortools,False,False,False,0,,0.0,,0.0,1529.0220533650013,1.3849837439900374,pulp_cbc,mean_domain_loss,,total_load_exceeds_fleet_capacity,180,60,True,1163.1102271100574,1164.541932744727,1415.5336601339425,1417.944225661104,,,,,,,,,,,
X-n190-k8,189,atm,ortools:robust_mean_2std_or_tools,robust_mean_2std_or_tools,ortools,False,False,False,0,,0.0,,0.0,1894.933879619945,1.7164256155977762,pulp_cbc,mean_domain_loss,,total_load_exceeds_fleet_capacity,180,60,True,1163.1102271100574,1164.541932744727,1415.5336601339425,1417.944225661104,,,,,,,,,,,
X-n190-k8,189,grocery,ortools:robust_mean_2std_or_tools,robust_mean_2std_or_tools,ortools,False,False,False,0,,0.0,,0.0,1894.933879619945,1.7164256155977762,pulp_cbc,mean_domain_loss,,total_load_exceeds_fleet_capacity,180,60,True,1163.1102271100574,1164.541932744727,1415.5336601339425,1417.944225661104,,,,,,,,,,,
X-n190-k8,189,cargo,ortools:robust_mean_2std_or_tools,robust_mean_2std_or_tools,ortools,False,False,False,0,,0.0,,0.0,1894.933879619945,1.7164256155977762,pulp_cbc,mean_domain_loss,,total_load_exceeds_fleet_capacity,180,60,True,1163.1102271100574,1164.541932744727,1415.5336601339425,1417.944225661104,,,,,,,,,,,
X-n190-k8,189,cold_chain,ortools:robust_mean_2std_or_tools,robust_mean_2std_or_tools,ortools,False,False,False,0,,0.0,,0.0,1894.933879619945,1.7164256155977762,pulp_cbc,mean_domain_loss,,total_load_exceeds_fleet_capacity,180,60,True,1163.1102271100574,1164.541932744727,1415.5336601339425,1417.944225661104,,,,,,,,,,,
X-n190-k8,189,atm,ortools:proxy_mean_scaled_or_tools,proxy_mean_scaled_or_tools,ortools,True,True,True,8,18297.0,5.00106143951416,1.4067411422729492,6.407802581787109,1098.4799999999998,0.9949999999999998,pulp_cbc,mean_domain_loss,499.4045201727915,,180,60,True,1163.1102271100574,1164.541932744727,1415.5336601339425,1417.944225661104,934.8423621946046,1103.9999993,18796.404520172793,19231.865294879648,19667.04771297853,126.53099144060623,244.7373254393484,0.4243915343915344,150.42273644379992,499.4045201727915,0.0
X-n190-k8,189,grocery,ortools:proxy_mean_scaled_or_tools,proxy_mean_scaled_or_tools,ortools,True,True,True,8,18297.0,5.00106143951416,1.6607410907745361,6.661802530288696,1098.4799999999998,0.9949999999999998,pulp_cbc,mean_domain_loss,322.6565252176298,,180,60,True,1163.1102271100574,1164.541932744727,1415.5336601339425,1417.944225661104,447.90804449205655,1104.0000001500002,18619.656525217633,18823.695906638415,19054.919066454684,126.46397481193273,244.7825071276771,0.421957671957672,150.3557206651264,322.6565252176298,0.0
X-n190-k8,189,cargo,ortools:proxy_mean_scaled_or_tools,proxy_mean_scaled_or_tools,ortools,True,True,True,8,18297.0,5.00106143951416,1.5481393337249756,6.549200773239136,1098.4799999999998,0.9949999999999998,pulp_cbc,mean_domain_loss,379.359495406447,,180,60,True,1163.1102271100574,1164.541932744727,1415.5336601339425,1417.944225661104,849.140533453705,1103.99999987,18676.359495406447,19018.925604254593,19343.484896338992,126.76432399457707,244.7953054059858,0.421957671957672,150.65606956777077,379.359495406447,0.0
X-n190-k8,189,cold_chain,ortools:proxy_mean_scaled_or_tools,proxy_mean_scaled_or_tools,ortools,True,True,True,8,18297.0,5.00106143951416,1.467958927154541,6.469020366668701,1098.4799999999998,0.9949999999999998,pulp_cbc,mean_domain_loss,470.8840005574318,,180,60,True,1163.1102271100574,1164.541932744727,1415.5336601339425,1417.944225661104,1018.9243869048777,1103.9999977599998,18985.090516313896,19236.11381238961,19543.422571911804,126.60874803984356,244.9206085802861,0.4124867724867725,150.50049150303727,470.8840005574318,217.20651575646644
X-n190-k8,189,atm,ortools:quantile_p75_scaled_or_tools,quantile_p75_scaled_or_tools,ortools,True,True,True,8,18293.0,4.999696493148804,1.488220453262329,6.487916946411133,1098.48,0.995,pulp_cbc,mean_domain_loss,491.8885728257041,,180,60,True,1163.1102271100574,1164.541932744727,1415.5336601339425,1417.944225661104,928.9180001949213,1104.00000088,18784.888572825705,19228.17992866726,19655.729220470454,124.70620361812814,245.24120696582537,0.4213756613756614,148.5979502013218,491.8885728257041,0.0
X-n190-k8,189,grocery,ortools:quantile_p75_scaled_or_tools,quantile_p75_scaled_or_tools,ortools,True,True,True,8,18293.0,4.999696493148804,1.397768497467041,6.397464990615845,1098.48,0.995,pulp_cbc,mean_domain_loss,318.32306412996803,,180,60,True,1163.1102271100574,1164.541932744727,1415.5336601339425,1417.944225661104,444.4221021680872,1104.00000125,18611.32306412997,18818.994861925905,19047.221427864028,124.57025842020845,245.67044593523102,0.4186243386243386,148.46200537340215,318.32306412996803,0.0
X-n190-k8,189,cargo,ortools:quantile_p75_scaled_or_tools,quantile_p75_scaled_or_tools,ortools,True,True,True,8,18293.0,4.999696493148804,1.484750747680664,6.484447240829468,1098.48,0.995,pulp_cbc,mean_domain_loss,372.16197369890375,,180,60,True,1163.1102271100574,1164.541932744727,1415.5336601339425,1417.944225661104,842.2664200494568,1103.9999999000001,18665.1619736989,19008.99238133347,19332.186988461857,124.80997291840909,245.90092303108185,0.4149206349206349,148.70171852160277,372.16197369890375,0.0
X-n190-k8,189,cold_chain,ortools:quantile_p75_scaled_or_tools,quantile_p75_scaled_or_tools,ortools,True,True,True,8,18293.0,4.999696493148804,1.5173931121826172,6.517089605331421,1098.48,0.995,pulp_cbc,mean_domain_loss,464.84703377643973,,180,60,True,1163.1102271100574,1164.541932744727,1415.5336601339425,1417.944225661104,1011.9473369668734,1104.0000013000001,18972.774729981284,19228.66849841284,19532.93554375333,124.90623983985729,246.27749136100417,0.40883597883597883,148.79798684305098,464.84703377643973,214.92769620484248
X-n190-k8,189,atm,ortools:quantile_p90_scaled_or_tools,quantile_p90_scaled_or_tools,ortools,True,True,True,8,18321.0,4.999316692352295,1.5961897373199463,6.595506429672241,1098.48,0.995,pulp_cbc,mean_domain_loss,487.9903043286751,,180,60,True,1163.1102271100574,1164.541932744727,1415.5336601339425,1417.944225661104,925.1753404829693,1103.9999982499999,18808.99030432868,19249.274126694527,19682.290617390932,124.17577260868816,244.77844543031054,0.4212698412698413,148.06751656188186,487.9903043286751,0.0
X-n190-k8,189,grocery,ortools:quantile_p90_scaled_or_tools,quantile_p90_scaled_or_tools,ortools,True,True,True,8,18321.0,4.999316692352295,1.5149598121643066,6.514276504516602,1098.48,0.995,pulp_cbc,mean_domain_loss,317.0708756267097,,180,60,True,1163.1102271100574,1164.541932744727,1415.5336601339425,1417.944225661104,442.7954225751666,1103.99999952,18638.07087562671,18843.776126680354,19075.132854974137,124.16848550774904,245.3036899675364,0.4201058201058201,148.06023073094272,317.0708756267097,0.0
X-n190-k8,189,cargo,ortools:quantile_p90_scaled_or_tools,quantile_p90_scaled_or_tools,ortools,True,True,True,8,18321.0,4.999316692352295,1.6344773769378662,6.633794069290161,1098.48,0.995,pulp_cbc,mean_domain_loss,366.8287025922032,,180,60,True,1163.1102271100574,1164.541932744727,1415.5336601339425,1417.944225661104,835.2963979786297,1104.0000006300002,18687.828702592204,19028.53223397603,19354.266505521045,124.14327614725649,243.87029687957835,0.4175132275132275,148.03502248045015,366.8287025922032,0.0
X-n190-k8,189,cold_chain,ortools:quantile_p90_scaled_or_tools,quantile_p90_scaled_or_tools,ortools,True,True,True,8,18321.0,4.999316692352295,1.4418768882751465,6.441193580627441,1098.48,0.995,pulp_cbc,mean_domain_loss,461.8721033360076,,180,60,True,1163.1102271100574,1164.541932744727,1415.5336601339425,1417.944225661104,1003.979344822736,1104.0000045000002,18992.322524518695,19244.60745430735,19551.22468732017,124.41100860990073,245.5581642410478,0.41169312169312167,148.30275881309444,461.8721033360076,209.45042118268563
X-n190-k8,189,atm,ortools:robust_mean_1std_scaled_or_tools,robust_mean_1std_scaled_or_tools,ortools,True,True,True,8,18347.0,4.999847412109375,1.339967966079712,6.339815378189087,1098.4799999999996,0.9949999999999996,pulp_cbc,mean_domain_loss,486.7975107867703,,180,60,True,1163.1102271100574,1164.541932744727,1415.5336601339425,1417.944225661104,925.0354988030278,1104.00000142,18833.79751078677,19279.05887083007,19709.112130514397,123.8399555855021,246.15616575761356,0.4202645502645503,147.7317027086958,486.7975107867703,0.0
X-n190-k8,189,grocery,ortools:robust_mean_1std_scaled_or_tools,robust_mean_1std_scaled_or_tools,ortools,True,True,True,8,18347.0,4.999847412109375,1.502608060836792,6.502455472946167,1098.4799999999996,0.9949999999999996,pulp_cbc,mean_domain_loss,316.5356045261514,,180,60,True,1163.1102271100574,1164.541932744727,1415.5336601339425,1417.944225661104,442.68050058544156,1103.9999991600002,18663.53560452615,18871.33342823172,19101.45789321341,123.91005098782853,246.0422715889854,0.4185185185185185,147.80179585102218,316.5356045261514,0.0
X-n190-k8,189,cargo,ortools:robust_mean_1std_scaled_or_tools,robust_mean_1std_scaled_or_tools,ortools,True,True,True,8,18347.0,4.999847412109375,1.5126402378082275,6.5124876499176025,1098.4799999999996,0.9949999999999996,pulp_cbc,mean_domain_loss,366.3573426887777,,180,60,True,1163.1102271100574,1164.541932744727,1415.5336601339425,1417.944225661104,834.5623696522338,1104.00000137,18713.35734268878,19058.23533156876,19381.32704611999,124.11629725612396,246.1460293015799,0.4159259259259259,148.00804432931764,366.3573426887777,0.0
X-n190-k8,189,cold_chain,ortools:robust_mean_1std_scaled_or_tools,robust_mean_1std_scaled_or_tools,ortools,True,True,True,8,18347.0,4.999847412109375,1.388413667678833,6.388261079788208,1098.4799999999996,0.9949999999999996,pulp_cbc,mean_domain_loss,461.1411929323377,,180,60,True,1163.1102271100574,1164.541932744727,1415.5336601339425,1417.944225661104,1009.9914191375104,1104.0000011000002,19023.38724823743,19280.95831342806,19585.69566816088,124.01084418604418,244.9125030394224,0.4113756613756614,147.90259098923786,461.1411929323377,215.24605530509277
X-n190-k8,189,atm,ortools:robust_mean_2std_scaled_or_tools,robust_mean_2std_scaled_or_tools,ortools,False,False,False,0,,0.0,,0.0,1098.4799999999998,0.9949999999999998,pulp_cbc,mean_domain_loss,,total_load_exceeds_fleet_capacity,180,60,True,1163.1102271100574,1164.541932744727,1415.5336601339425,1417.944225661104,,,,,,,,,,,
X-n190-k8,189,grocery,ortools:robust_mean_2std_scaled_or_tools,robust_mean_2std_scaled_or_tools,ortools,False,False,False,0,,0.0,,0.0,1098.4799999999998,0.9949999999999998,pulp_cbc,mean_domain_loss,,total_load_exceeds_fleet_capacity,180,60,True,1163.1102271100574,1164.541932744727,1415.5336601339425,1417.944225661104,,,,,,,,,,,
X-n190-k8,189,cargo,ortools:robust_mean_2std_scaled_or_tools,robust_mean_2std_scaled_or_tools,ortools,False,False,False,0,,0.0,,0.0,1098.4799999999998,0.9949999999999998,pulp_cbc,mean_domain_loss,,total_load_exceeds_fleet_capacity,180,60,True,1163.1102271100574,1164.541932744727,1415.5336601339425,1417.944225661104,,,,,,,,,,,
X-n190-k8,189,cold_chain,ortools:robust_mean_2std_scaled_or_tools,robust_mean_2std_scaled_or_tools,ortools,False,False,False,0,,0.0,,0.0,1098.4799999999998,0.9949999999999998,pulp_cbc,mean_domain_loss,,total_load_exceeds_fleet_capacity,180,60,True,1163.1102271100574,1164.541932744727,1415.5336601339425,1417.944225661104,,,,,,,,,,,
X-n190-k8,189,atm,ortools:nominal_seed101_or_tools,nominal_seed101_or_tools,ortools,True,True,True,8,17873.0,5.0000224113464355,1.440206527709961,6.4402289390563965,1043.0,0.9447463768115942,pulp_cbc,mean_domain_loss,535.8357840929888,,180,60,True,1163.1102271100574,1164.541932744727,1415.5336601339425,1417.944225661104,979.7647097634158,1103.9999994300001,18408.83578409299,18865.6825509917,19283.1169822211,135.69026807032492,259.06200202702047,0.44465608465608464,159.5820132035186,535.8357840929888,0.0
X-n190-k8,189,grocery,ortools:nominal_seed101_or_tools,nominal_seed101_or_tools,ortools,True,True,True,8,17873.0,5.0000224113464355,1.5636365413665771,6.563658952713013,1043.0,0.9447463768115942,pulp_cbc,mean_domain_loss,342.3784767182843,,180,60,True,1163.1102271100574,1164.541932744727,1415.5336601339425,1417.944225661104,472.2966449702231,1095.5153549299998,18215.378476718284,18434.195305819856,18658.003210786428,136.15555572945246,260.63006148152056,0.4443915343915344,151.56265636264615,342.3784767182843,0.0
X-n190-k8,189,cargo,ortools:nominal_seed101_or_tools,nominal_seed101_or_tools,ortools,True,True,True,8,17873.0,5.0000224113464355,1.6059515476226807,6.605973958969116,1043.0,0.9447463768115942,pulp_cbc,mean_domain_loss,407.78192826834163,,180,60,True,1163.1102271100574,1164.541932744727,1415.5336601339425,1417.944225661104,887.4630166021192,1103.9999994999998,18280.78192826834,18635.069873872126,18953.438882179224,136.36829053172022,259.41036274028835,0.44677248677248677,160.2600357349139,407.78192826834163,0.0
X-n190-k8,189,cold_chain,ortools:nominal_seed101_or_tools,nominal_seed101_or_tools,ortools,True,True,True,8,17873.0,5.0000224113464355,1.5503971576690674,6.550419569015503,1043.0,0.9447463768115942,pulp_cbc,mean_domain_loss,495.12052677930956,,180,60,True,1163.1102271100574,1164.541932744727,1415.5336601339425,1417.944225661104,1048.0749003138976,1090.72542054,18576.77627109394,18851.237633850375,19148.8923907146,136.78653515862388,262.379712189286,0.439047619047619,147.40370140181756,495.12052677930956,208.65574431463116
X-n190-k8,189,atm,ortools:nominal_seed103_or_tools,nominal_seed103_or_tools,ortools,True,True,True,8,18118.0,5.0008461475372314,1.5060231685638428,6.506869316101074,1043.0,0.9447463768115942,pulp_cbc,mean_domain_loss,524.2297064748345,,180,60,True,1163.1102271100574,1164.541932744727,1415.5336601339425,1417.944225661104,960.9661340303657,1103.99999962,18642.229706474835,19098.24073427519,19511.41341391037,132.51469797258432,255.46447689468766,0.43253968253968256,156.40644329577802,524.2297064748345,0.0
X-n190-k8,189,grocery,ortools:nominal_seed103_or_tools,nominal_seed103_or_tools,ortools,True,True,True,8,18118.0,5.0008461475372314,1.3805663585662842,6.381412506103516,1043.0,0.9447463768115942,pulp_cbc,mean_domain_loss,336.94391250727125,,180,60,True,1163.1102271100574,1164.541932744727,1415.5336601339425,1417.944225661104,462.67196856091624,1104.0000005,18454.94391250727,18672.03076191029,18890.893835044444,132.31976979579372,255.24492381466186,0.4266666666666667,156.2115159989874,336.94391250727125,0.0
X-n190-k8,189,cargo,ortools:nominal_seed103_or_tools,nominal_seed103_or_tools,ortools,True,True,True,8,18118.0,5.0008461475372314,1.5603580474853516,6.561204195022583,1043.0,0.9447463768115942,pulp_cbc,mean_domain_loss,399.86689798333805,,180,60,True,1163.1102271100574,1164.541932744727,1415.5336601339425,1417.944225661104,874.0189616951727,1103.99999872,18517.86689798334,18873.90822341535,19187.075919789135,132.89039340140735,254.21135622095952,0.43148148148148147,156.78213782460105,399.86689798333805,0.0
X-n190-k8,189,cold_chain,ortools:nominal_seed103_or_tools,nominal_seed103_or_tools,ortools,True,True,True,8,18118.0,5.0008461475372314,1.9609653949737549,6.961811542510986,1043.0,0.9447463768115942,pulp_cbc,mean_domain_loss,492.84822668525504,,180,60,True,1163.1102271100574,1164.541932744727,1415.5336601339425,1417.944225661104,1045.4582149844427,1104.0000005400002,18831.425795797884,19100.546688677598,19387.44870643047,132.52513940042863,254.73815782074468,0.4192063492063492,156.41688564362232,492.84822668525504,220.57756911263
X-n190-k8,189,atm,ortools:proxy_mean_scaled_seed109_or_tools,proxy_mean_scaled_seed109_or_tools,ortools,True,True,True,8,18290.0,5.000502109527588,1.4526457786560059,6.453147888183594,1098.4799999999998,0.9949999999999998,pulp_cbc,mean_domain_loss,493.78379816138994,,180,60,True,1163.1102271100574,1164.541932744727,1415.5336601339425,1417.944225661104,930.4917923365341,1103.99999914,18783.783798161392,19230.727396804687,19658.778144955206,125.31350081487322,248.062835542985,0.42264550264550266,149.20524565806693,493.78379816138994,0.0
X-n190-k8,189,grocery,ortools:proxy_mean_scaled_seed109_or_tools,proxy_mean_scaled_seed109_or_tools,ortools,True,True,True,8,18290.0,5.000502109527588,1.405055284500122,6.40555739402771,1098.4799999999998,0.9949999999999998,pulp_cbc,mean_domain_loss,319.73408431935275,,180,60,True,1163.1102271100574,1164.541932744727,1415.5336601339425,1417.944225661104,445.41713280836234,1104.0000014700001,18609.734084319352,18819.51312794152,19048.147500384825,125.22621013618665,248.06314386972113,0.4186772486772487,149.11795730938036,319.73408431935275,0.0
X-n190-k8,189,cargo,ortools:proxy_mean_scaled_seed109_or_tools,proxy_mean_scaled_seed109_or_tools,ortools,True,True,True,8,18290.0,5.000502109527588,1.6522321701049805,6.652734279632568,1098.4799999999998,0.9949999999999998,pulp_cbc,mean_domain_loss,373.9469132693528,,180,60,True,1163.1102271100574,1164.541932744727,1415.5336601339425,1417.944225661104,843.2086886149812,1103.9999986100001,18663.946913269352,19009.742415982953,19333.31433833181,125.6907862665601,248.12354716434444,0.4195238095238095,149.5825305797538,373.9469132693528,0.0
X-n190-k8,189,cold_chain,ortools:proxy_mean_scaled_seed109_or_tools,proxy_mean_scaled_seed109_or_tools,ortools,True,True,True,8,18290.0,5.000502109527588,1.3703227043151855,6.370824813842773,1098.4799999999998,0.9949999999999998,pulp_cbc,mean_domain_loss,466.6650066497842,,180,60,True,1163.1102271100574,1164.541932744727,1415.5336601339425,1417.944225661104,1014.3677053989632,1104.00000033,18972.091922851003,19228.064357335395,19534.528299630365,125.39155560310449,247.01627020869844,0.41259259259259257,149.2833016362982,466.6650066497842,215.42691620121613
X-n190-k8,189,atm,ortools:quantile_p75_scaled_seed107_or_tools,quantile_p75_scaled_seed107_or_tools,ortools,True,True,True,8,18230.0,5.000637769699097,1.4373071193695068,6.4379448890686035,1098.48,0.995,pulp_cbc,mean_domain_loss,491.7993568096076,,180,60,True,1163.1102271100574,1164.541932744727,1415.5336601339425,1417.944225661104,928.5288738260023,1103.99999858,18721.799356809606,19163.269961286893,19595.54424148671,124.747747768412,245.73880867418808,0.4202645502645503,148.6394920516057,491.7993568096076,0.0
X-n190-k8,189,grocery,ortools:quantile_p75_scaled_seed107_or_tools,quantile_p75_scaled_seed107_or_tools,ortools,True,True,True,8,18230.0,5.000637769699097,1.483748435974121,6.484386205673218,1098.48,0.995,pulp_cbc,mean_domain_loss,318.32569411737563,,180,60,True,1163.1102271100574,1164.541932744727,1415.5336601339425,1417.944225661104,444.26994507307734,1103.9999967200001,18548.325694117375,18755.407479264646,18986.134525579808,124.60176008625025,246.04759137421857,0.4171957671957672,148.49350250944394,318.32569411737563,0.0
X-n190-k8,189,cargo,ortools:quantile_p75_scaled_seed107_or_tools,quantile_p75_scaled_seed107_or_tools,ortools,True,True,True,8,18230.0,5.000637769699097,1.4957656860351562,6.496403455734253,1098.48,0.995,pulp_cbc,mean_domain_loss,372.21380514137024,,180,60,True,1163.1102271100574,1164.541932744727,1415.5336601339425,1417.944225661104,841.8342502165941,1104.0000006500002,18602.21380514137,18946.6669310092,19271.08963263159,124.94295362457552,245.58373922594075,0.4162962962962963,148.83469997776922,372.21380514137024,0.0
X-n190-k8,189,cold_chain,ortools:quantile_p75_scaled_seed107_or_tools,quantile_p75_scaled_seed107_or_tools,ortools,True,True,True,8,18230.0,5.000637769699097,1.37491774559021,6.375555515289307,1098.48,0.995,pulp_cbc,mean_domain_loss,464.7130327619007,,180,60,True,1163.1102271100574,1164.541932744727,1415.5336601339425,1417.944225661104,1010.1238219189556,1103.99999968,18908.089436820253,19163.088915337008,19470.024436580774,124.94426435793432,246.43515075760112,0.4076719576719577,148.836009741128,464.7130327619007,213.37640405835486
X-n190-k8,189,atm,ortools:robust_mean_1std_scaled_seed113_or_tools,robust_mean_1std_scaled_seed113_or_tools,ortools,True,True,True,8,18359.0,5.001445770263672,1.4308104515075684,6.43225622177124,1098.4799999999996,0.9949999999999996,pulp_cbc,mean_domain_loss,486.88940488429216,,180,60,True,1163.1102271100574,1164.541932744727,1415.5336601339425,1417.944225661104,925.0102076936603,1104.00000154,18845.889404884292,19288.170997039655,19720.377296953684,123.96068839551792,245.20433298172694,0.42185185185185187,147.85243563871157,486.88940488429216,0.0
X-n190-k8,189,grocery,ortools:robust_mean_1std_scaled_seed113_or_tools,robust_mean_1std_scaled_seed113_or_tools,ortools,True,True,True,8,18359.0,5.001445770263672,1.417815923690796,6.419261693954468,1098.4799999999996,0.9949999999999996,pulp_cbc,mean_domain_loss,316.6509980488556,,180,60,True,1163.1102271100574,1164.541932744727,1415.5336601339425,1417.944225661104,442.77317853875024,1104.00000054,18675.650998048855,18883.21791872868,19112.742993804703,124.0025082866599,245.66977476753522,0.42095238095238097,147.89425452985358,316.6509980488556,0.0
X-n190-k8,189,cargo,ortools:robust_mean_1std_scaled_seed113_or_tools,robust_mean_1std_scaled_seed113_or_tools,ortools,True,True,True,8,18359.0,5.001445770263672,1.4726731777191162,6.474118947982788,1098.4799999999996,0.9949999999999996,pulp_cbc,mean_domain_loss,366.5603333768666,,180,60,True,1163.1102271100574,1164.541932744727,1415.5336601339425,1417.944225661104,834.1711441602698,1104.0000001300002,18725.56033337687,19071.755610158485,19392.54372227398,124.24934145392137,245.31200801696662,0.4164021164021164,148.14108728711506,366.5603333768666,0.0
X-n190-k8,189,cold_chain,ortools:robust_mean_1std_scaled_seed113_or_tools,robust_mean_1std_scaled_seed113_or_tools,ortools,True,True,True,8,18359.0,5.001445770263672,1.5170037746429443,6.518449544906616,1098.4799999999996,0.9949999999999996,pulp_cbc,mean_domain_loss,462.00639782532306,,180,60,True,1163.1102271100574,1164.541932744727,1415.5336601339425,1417.944225661104,1012.1809119732453,1103.9999982,19038.039212247626,19294.8561914796,19599.312674467707,124.27177726335509,246.9751502652498,0.4104232804232804,148.1635211665488,462.00639782532306,217.0328144223004
X-n204-k19,203,atm,ortools:nominal_or_tools,nominal_or_tools,ortools,True,True,True,19,21321.0,5.000798940658569,1.5856268405914307,6.58642578125,15135.0,0.9528456308234702,pulp_cbc,mean_domain_loss,6616.685628818983,,180,60,True,16657.037292963792,16667.364983390977,19151.0805427942,19176.691727605437,11679.56537066777,15883.999995999999,27937.685628818977,33777.1814713573,39908.826617525716,1711.3525875474172,3358.2503364632953,0.4197536945812808,1994.3337436323459,6616.685628818983,0.0
X-n204-k19,203,grocery,ortools:nominal_or_tools,nominal_or_tools,ortools,True,True,True,19,21321.0,5.000798940658569,1.503725290298462,6.504524230957031,15135.0,0.9528456308234702,pulp_cbc,mean_domain_loss,4265.756337547114,,180,60,True,16657.037292963792,16667.364983390977,19151.0805427942,19176.691727605437,5740.573241539229,15884.000013,25586.75633754711,28370.659568766125,31557.281509044395,1710.3420510208691,3365.527033055913,0.41921182266009854,1993.3232241057976,4265.756337547114,0.0
X-n204-k19,203,cargo,ortools:nominal_or_tools,nominal_or_tools,ortools,True,True,True,19,21321.0,5.000798940658569,1.7754056453704834,6.776204586029053,15135.0,0.9528456308234702,pulp_cbc,mean_domain_loss,5028.957495587457,,180,60,True,16657.037292963792,16667.364983390977,19151.0805427942,19176.691727605437,10468.75678969063,15883.999994000002,26349.95749558746,30933.10395261071,35498.212458922724,1720.4903052222528,3382.0949799241125,0.4193103448275862,2003.4714593071812,5028.957495587457,0.0
X-n204-k19,203,cold_chain,ortools:nominal_or_tools,nominal_or_tools,ortools,True,True,True,19,21321.0,5.000798940658569,1.4354264736175537,6.436225414276123,15135.0,0.9528456308234702,pulp_cbc,mean_domain_loss,6186.367376960642,,180,60,True,16657.037292963792,16667.364983390977,19151.0805427942,19176.691727605437,12951.483167718245,15884.000012000002,30455.570946522534,33832.01540299277,38059.87623559375,1712.590640779937,3345.0853517041123,0.4156650246305419,1995.5718128648653,6186.367376960642,2948.2035695618933
X-n204-k19,203,atm,ortools:proxy_mean_or_tools,proxy_mean_or_tools,ortools,False,False,False,0,,0.0,,0.0,16657.037292963796,1.048667671428091,pulp_cbc,mean_domain_loss,,total_load_exceeds_fleet_capacity,180,60,True,16657.037292963792,16667.364983390977,19151.0805427942,19176.691727605437,,,,,,,,,,,
X-n204-k19,203,grocery,ortools:proxy_mean_or_tools,proxy_mean_or_tools,ortools,False,False,False,0,,0.0,,0.0,16657.037292963796,1.048667671428091,pulp_cbc,mean_domain_loss,,total_load_exceeds_fleet_capacity,180,60,True,16657.037292963792,16667.364983390977,19151.0805427942,19176.691727605437,,,,,,,,,,,
X-n204-k19,203,cargo,ortools:proxy_mean_or_tools,proxy_mean_or_tools,ortools,False,False,False,0,,0.0,,0.0,16657.037292963796,1.048667671428091,pulp_cbc,mean_domain_loss,,total_load_exceeds_fleet_capacity,180,60,True,16657.037292963792,16667.364983390977,19151.0805427942,19176.691727605437,,,,,,,,,,,
X-n204-k19,203,cold_chain,ortools:proxy_mean_or_tools,proxy_mean_or_tools,ortools,False,False,False,0,,0.0,,0.0,16657.037292963796,1.048667671428091,pulp_cbc,mean_domain_loss,,total_load_exceeds_fleet_capacity,180,60,True,16657.037292963792,16667.364983390977,19151.0805427942,19176.691727605437,,,,,,,,,,,
X-n204-k19,203,atm,ortools:quantile_p75_or_tools,quantile_p75_or_tools,ortools,False,False,False,0,,0.0,,0.0,19317.547150978186,1.2161638851031342,pulp_cbc,mean_domain_loss,,total_load_exceeds_fleet_capacity,180,60,True,16657.037292963792,16667.364983390977,19151.0805427942,19176.691727605437,,,,,,,,,,,
X-n204-k19,203,grocery,ortools:quantile_p75_or_tools,quantile_p75_or_tools,ortools,False,False,False,0,,0.0,,0.0,19317.547150978186,1.2161638851031342,pulp_cbc,mean_domain_loss,,total_load_exceeds_fleet_capacity,180,60,True,16657.037292963792,16667.364983390977,19151.0805427942,19176.691727605437,,,,,,,,,,,
X-n204-k19,203,cargo,ortools:quantile_p75_or_tools,quantile_p75_or_tools,ortools,False,False,False,0,,0.0,,0.0,19317.547150978186,1.2161638851031342,pulp_cbc,mean_domain_loss,,total_load_exceeds_fleet_capacity,180,60,True,16657.037292963792,16667.364983390977,19151.0805427942,19176.691727605437,,,,,,,,,,,
X-n204-k19,203,cold_chain,ortools:quantile_p75_or_tools,quantile_p75_or_tools,ortools,False,False,False,0,,0.0,,0.0,19317.547150978186,1.2161638851031342,pulp_cbc,mean_domain_loss,,total_load_exceeds_fleet_capacity,180,60,True,16657.037292963792,16667.364983390977,19151.0805427942,19176.691727605437,,,,,,,,,,,
X-n204-k19,203,atm,ortools:quantile_p90_or_tools,quantile_p90_or_tools,ortools,False,False,False,0,,0.0,,0.0,22952.859980062887,1.4450302178332213,pulp_cbc,mean_domain_loss,,total_load_exceeds_fleet_capacity,180,60,True,16657.037292963792,16667.364983390977,19151.0805427942,19176.691727605437,,,,,,,,,,,
X-n204-k19,203,grocery,ortools:quantile_p90_or_tools,quantile_p90_or_tools,ortools,False,False,False,0,,0.0,,0.0,22952.859980062887,1.4450302178332213,pulp_cbc,mean_domain_loss,,total_load_exceeds_fleet_capacity,180,60,True,16657.037292963792,16667.364983390977,19151.0805427942,19176.691727605437,,,,,,,,,,,
X-n204-k19,203,cargo,ortools:quantile_p90_or_tools,quantile_p90_or_tools,ortools,False,False,False,0,,0.0,,0.0,22952.859980062887,1.4450302178332213,pulp_cbc,mean_domain_loss,,total_load_exceeds_fleet_capacity,180,60,True,16657.037292963792,16667.364983390977,19151.0805427942,19176.691727605437,,,,,,,,,,,
X-n204-k19,203,cold_chain,ortools:quantile_p90_or_tools,quantile_p90_or_tools,ortools,False,False,False,0,,0.0,,0.0,22952.859980062887,1.4450302178332213,pulp_cbc,mean_domain_loss,,total_load_exceeds_fleet_capacity,180,60,True,16657.037292963792,16667.364983390977,19151.0805427942,19176.691727605437,,,,,,,,,,,
X-n204-k19,203,atm,ortools:robust_mean_1std_or_tools,robust_mean_1std_or_tools,ortools,False,False,False,0,,0.0,,0.0,21435.888067441214,1.3495270755125417,pulp_cbc,mean_domain_loss,,total_load_exceeds_fleet_capacity,180,60,True,16657.037292963792,16667.364983390977,19151.0805427942,19176.691727605437,,,,,,,,,,,
X-n204-k19,203,grocery,ortools:robust_mean_1std_or_tools,robust_mean_1std_or_tools,ortools,False,False,False,0,,0.0,,0.0,21435.888067441214,1.3495270755125417,pulp_cbc,mean_domain_loss,,total_load_exceeds_fleet_capacity,180,60,True,16657.037292963792,16667.364983390977,19151.0805427942,19176.691727605437,,,,,,,,,,,
X-n204-k19,203,cargo,ortools:robust_mean_1std_or_tools,robust_mean_1std_or_tools,ortools,False,False,False,0,,0.0,,0.0,21435.888067441214,1.3495270755125417,pulp_cbc,mean_domain_loss,,total_load_exceeds_fleet_capacity,180,60,True,16657.037292963792,16667.364983390977,19151.0805427942,19176.691727605437,,,,,,,,,,,
X-n204-k19,203,cold_chain,ortools:robust_mean_1std_or_tools,robust_mean_1std_or_tools,ortools,False,False,False,0,,0.0,,0.0,21435.888067441214,1.3495270755125417,pulp_cbc,mean_domain_loss,,total_load_exceeds_fleet_capacity,180,60,True,16657.037292963792,16667.364983390977,19151.0805427942,19176.691727605437,,,,,,,,,,,
X-n204-k19,203,atm,ortools:robust_mean_2std_or_tools,robust_mean_2std_or_tools,ortools,False,False,False,0,,0.0,,0.0,26214.73884191864,1.6503864795969931,pulp_cbc,mean_domain_loss,,total_load_exceeds_fleet_capacity,180,60,True,16657.037292963792,16667.364983390977,19151.0805427942,19176.691727605437,,,,,,,,,,,
X-n204-k19,203,grocery,ortools:robust_mean_2std_or_tools,robust_mean_2std_or_tools,ortools,False,False,False,0,,0.0,,0.0,26214.73884191864,1.6503864795969931,pulp_cbc,mean_domain_loss,,total_load_exceeds_fleet_capacity,180,60,True,16657.037292963792,16667.364983390977,19151.0805427942,19176.691727605437,,,,,,,,,,,
X-n204-k19,203,cargo,ortools:robust_mean_2std_or_tools,robust_mean_2std_or_tools,ortools,False,False,False,0,,0.0,,0.0,26214.73884191864,1.6503864795969931,pulp_cbc,mean_domain_loss,,total_load_exceeds_fleet_capacity,180,60,True,16657.037292963792,16667.364983390977,19151.0805427942,19176.691727605437,,,,,,,,,,,
X-n204-k19,203,cold_chain,ortools:robust_mean_2std_or_tools,robust_mean_2std_or_tools,ortools,False,False,False,0,,0.0,,0.0,26214.73884191864,1.6503864795969931,pulp_cbc,mean_domain_loss,,total_load_exceeds_fleet_capacity,180,60,True,16657.037292963792,16667.364983390977,19151.0805427942,19176.691727605437,,,,,,,,,,,
X-n204-k19,203,atm,ortools:proxy_mean_scaled_or_tools,proxy_mean_scaled_or_tools,ortools,False,False,False,0,,5.005270004272461,,5.005270004272461,15804.579999999996,0.9949999999999998,pulp_cbc,mean_domain_loss,,ortools_no_solution,180,60,True,16657.037292963792,16667.364983390977,19151.0805427942,19176.691727605437,,,,,,,,,,,
X-n204-k19,203,grocery,ortools:proxy_mean_scaled_or_tools,proxy_mean_scaled_or_tools,ortools,False,False,False,0,,5.005270004272461,,5.005270004272461,15804.579999999996,0.9949999999999998,pulp_cbc,mean_domain_loss,,ortools_no_solution,180,60,True,16657.037292963792,16667.364983390977,19151.0805427942,19176.691727605437,,,,,,,,,,,
X-n204-k19,203,cargo,ortools:proxy_mean_scaled_or_tools,proxy_mean_scaled_or_tools,ortools,False,False,False,0,,5.005270004272461,,5.005270004272461,15804.579999999996,0.9949999999999998,pulp_cbc,mean_domain_loss,,ortools_no_solution,180,60,True,16657.037292963792,16667.364983390977,19151.0805427942,19176.691727605437,,,,,,,,,,,
X-n204-k19,203,cold_chain,ortools:proxy_mean_scaled_or_tools,proxy_mean_scaled_or_tools,ortools,False,False,False,0,,5.005270004272461,,5.005270004272461,15804.579999999996,0.9949999999999998,pulp_cbc,mean_domain_loss,,ortools_no_solution,180,60,True,16657.037292963792,16667.364983390977,19151.0805427942,19176.691727605437,,,,,,,,,,,
X-n204-k19,203,atm,ortools:quantile_p75_scaled_or_tools,quantile_p75_scaled_or_tools,ortools,False,False,False,0,,5.0049755573272705,,5.0049755573272705,15804.579999999996,0.9949999999999998,pulp_cbc,mean_domain_loss,,ortools_no_solution,180,60,True,16657.037292963792,16667.364983390977,19151.0805427942,19176.691727605437,,,,,,,,,,,
X-n204-k19,203,grocery,ortools:quantile_p75_scaled_or_tools,quantile_p75_scaled_or_tools,ortools,False,False,False,0,,5.0049755573272705,,5.0049755573272705,15804.579999999996,0.9949999999999998,pulp_cbc,mean_domain_loss,,ortools_no_solution,180,60,True,16657.037292963792,16667.364983390977,19151.0805427942,19176.691727605437,,,,,,,,,,,
X-n204-k19,203,cargo,ortools:quantile_p75_scaled_or_tools,quantile_p75_scaled_or_tools,ortools,False,False,False,0,,5.0049755573272705,,5.0049755573272705,15804.579999999996,0.9949999999999998,pulp_cbc,mean_domain_loss,,ortools_no_solution,180,60,True,16657.037292963792,16667.364983390977,19151.0805427942,19176.691727605437,,,,,,,,,,,
X-n204-k19,203,cold_chain,ortools:quantile_p75_scaled_or_tools,quantile_p75_scaled_or_tools,ortools,False,False,False,0,,5.0049755573272705,,5.0049755573272705,15804.579999999996,0.9949999999999998,pulp_cbc,mean_domain_loss,,ortools_no_solution,180,60,True,16657.037292963792,16667.364983390977,19151.0805427942,19176.691727605437,,,,,,,,,,,
X-n204-k19,203,atm,ortools:quantile_p90_scaled_or_tools,quantile_p90_scaled_or_tools,ortools,False,False,False,0,,5.003614664077759,,5.003614664077759,15804.580000000004,0.9950000000000002,pulp_cbc,mean_domain_loss,,ortools_no_solution,180,60,True,16657.037292963792,16667.364983390977,19151.0805427942,19176.691727605437,,,,,,,,,,,
X-n204-k19,203,grocery,ortools:quantile_p90_scaled_or_tools,quantile_p90_scaled_or_tools,ortools,False,False,False,0,,5.003614664077759,,5.003614664077759,15804.580000000004,0.9950000000000002,pulp_cbc,mean_domain_loss,,ortools_no_solution,180,60,True,16657.037292963792,16667.364983390977,19151.0805427942,19176.691727605437,,,,,,,,,,,
X-n204-k19,203,cargo,ortools:quantile_p90_scaled_or_tools,quantile_p90_scaled_or_tools,ortools,False,False,False,0,,5.003614664077759,,5.003614664077759,15804.580000000004,0.9950000000000002,pulp_cbc,mean_domain_loss,,ortools_no_solution,180,60,True,16657.037292963792,16667.364983390977,19151.0805427942,19176.691727605437,,,,,,,,,,,
X-n204-k19,203,cold_chain,ortools:quantile_p90_scaled_or_tools,quantile_p90_scaled_or_tools,ortools,False,False,False,0,,5.003614664077759,,5.003614664077759,15804.580000000004,0.9950000000000002,pulp_cbc,mean_domain_loss,,ortools_no_solution,180,60,True,16657.037292963792,16667.364983390977,19151.0805427942,19176.691727605437,,,,,,,,,,,
X-n204-k19,203,atm,ortools:robust_mean_1std_scaled_or_tools,robust_mean_1std_scaled_or_tools,ortools,False,False,False,0,,5.005231618881226,,5.005231618881226,15804.580000000002,0.9950000000000001,pulp_cbc,mean_domain_loss,,ortools_no_solution,180,60,True,16657.037292963792,16667.364983390977,19151.0805427942,19176.691727605437,,,,,,,,,,,
X-n204-k19,203,grocery,ortools:robust_mean_1std_scaled_or_tools,robust_mean_1std_scaled_or_tools,ortools,False,False,False,0,,5.005231618881226,,5.005231618881226,15804.580000000002,0.9950000000000001,pulp_cbc,mean_domain_loss,,ortools_no_solution,180,60,True,16657.037292963792,16667.364983390977,19151.0805427942,19176.691727605437,,,,,,,,,,,
X-n204-k19,203,cargo,ortools:robust_mean_1std_scaled_or_tools,robust_mean_1std_scaled_or_tools,ortools,False,False,False,0,,5.005231618881226,,5.005231618881226,15804.580000000002,0.9950000000000001,pulp_cbc,mean_domain_loss,,ortools_no_solution,180,60,True,16657.037292963792,16667.364983390977,19151.0805427942,19176.691727605437,,,,,,,,,,,
X-n204-k19,203,cold_chain,ortools:robust_mean_1std_scaled_or_tools,robust_mean_1std_scaled_or_tools,ortools,False,False,False,0,,5.005231618881226,,5.005231618881226,15804.580000000002,0.9950000000000001,pulp_cbc,mean_domain_loss,,ortools_no_solution,180,60,True,16657.037292963792,16667.364983390977,19151.0805427942,19176.691727605437,,,,,,,,,,,
X-n204-k19,203,atm,ortools:robust_mean_2std_scaled_or_tools,robust_mean_2std_scaled_or_tools,ortools,False,False,False,0,,5.006524324417114,,5.006524324417114,15804.579999999998,0.9949999999999999,pulp_cbc,mean_domain_loss,,ortools_no_solution,180,60,True,16657.037292963792,16667.364983390977,19151.0805427942,19176.691727605437,,,,,,,,,,,
X-n204-k19,203,grocery,ortools:robust_mean_2std_scaled_or_tools,robust_mean_2std_scaled_or_tools,ortools,False,False,False,0,,5.006524324417114,,5.006524324417114,15804.579999999998,0.9949999999999999,pulp_cbc,mean_domain_loss,,ortools_no_solution,180,60,True,16657.037292963792,16667.364983390977,19151.0805427942,19176.691727605437,,,,,,,,,,,
X-n204-k19,203,cargo,ortools:robust_mean_2std_scaled_or_tools,robust_mean_2std_scaled_or_tools,ortools,False,False,False,0,,5.006524324417114,,5.006524324417114,15804.579999999998,0.9949999999999999,pulp_cbc,mean_domain_loss,,ortools_no_solution,180,60,True,16657.037292963792,16667.364983390977,19151.0805427942,19176.691727605437,,,,,,,,,,,
X-n204-k19,203,cold_chain,ortools:robust_mean_2std_scaled_or_tools,robust_mean_2std_scaled_or_tools,ortools,False,False,False,0,,5.006524324417114,,5.006524324417114,15804.579999999998,0.9949999999999999,pulp_cbc,mean_domain_loss,,ortools_no_solution,180,60,True,16657.037292963792,16667.364983390977,19151.0805427942,19176.691727605437,,,,,,,,,,,
X-n204-k19,203,atm,ortools:nominal_seed101_or_tools,nominal_seed101_or_tools,ortools,True,True,True,19,21450.0,5.00185751914978,1.7686238288879395,6.77048134803772,15135.0,0.9528456308234702,pulp_cbc,mean_domain_loss,6612.442561468163,,180,60,True,16657.037292963792,16667.364983390977,19151.0805427942,19176.691727605437,11687.61690083825,15884.000009,28062.44256146816,34039.706435965774,40026.098650138636,1711.9969433315214,3396.6665551541746,0.42295566502463056,1994.97811241645,6612.442561468163,0.0
X-n204-k19,203,grocery,ortools:nominal_seed101_or_tools,nominal_seed101_or_tools,ortools,True,True,True,19,21450.0,5.00185751914978,1.5331737995147705,6.535031318664551,15135.0,0.9528456308234702,pulp_cbc,mean_domain_loss,4266.583714303277,,180,60,True,16657.037292963792,16667.364983390977,19151.0805427942,19176.691727605437,5744.849347556064,15883.999989999998,25716.583714303266,28578.48865662188,31686.843884969014,1711.2855876879369,3401.6819911823623,0.4220197044334975,1994.2667377728656,4266.583714303277,0.0
X-n204-k19,203,cargo,ortools:nominal_seed101_or_tools,nominal_seed101_or_tools,ortools,True,True,True,19,21450.0,5.00185751914978,1.8299427032470703,6.831800222396851,15135.0,0.9528456308234702,pulp_cbc,mean_domain_loss,5015.905329061885,,180,60,True,16657.037292963792,16667.364983390977,19151.0805427942,19176.691727605437,10474.373424669186,15884.000005999998,26465.90532906189,31026.50263204124,35608.90397645413,1720.4090171393825,3386.8647691657347,0.42177339901477834,2003.3901832243114,5015.905329061885,0.0
X-n204-k19,203,cold_chain,ortools:nominal_seed101_or_tools,nominal_seed101_or_tools,ortools,True,True,True,19,21450.0,5.00185751914978,1.5108566284179688,6.512714147567749,15135.0,0.9528456308234702,pulp_cbc,mean_domain_loss,6188.924602666771,,180,60,True,16657.037292963792,16667.364983390977,19151.0805427942,19176.691727605437,12936.537423796157,15884.000008999998,30566.24581081176,34098.415531746396,38177.362097886435,1714.6983488505982,3392.8314785266634,0.41753694581280787,1997.679517935527,6188.924602666771,2927.3212081449897
X-n204-k19,203,atm,ortools:nominal_seed103_or_tools,nominal_seed103_or_tools,ortools,True,True,True,19,21635.0,5.0013463497161865,1.6654350757598877,6.666781425476074,15135.0,0.9528456308234702,pulp_cbc,mean_domain_loss,6742.87937962703,,180,60,True,16657.037292963792,16667.364983390977,19151.0805427942,19176.691727605437,11837.98493271564,15884.000022,28377.87937962703,34430.980377746055,40371.10188442195,1743.8925666596272,3446.464415660401,0.42300492610837437,2026.873748744556,6742.87937962703,0.0
X-n204-k19,203,grocery,ortools:nominal_seed103_or_tools,nominal_seed103_or_tools,ortools,True,True,True,19,21635.0,5.0013463497161865,1.5072944164276123,6.508640766143799,15135.0,0.9528456308234702,pulp_cbc,mean_domain_loss,4331.1523652104515,,180,60,True,16657.037292963792,16667.364983390977,19151.0805427942,19176.691727605437,5826.786235885731,15837.185078,25966.152365210455,28859.237555509688,31982.379917269485,1745.6893378992588,3445.9630492970555,0.42266009852216746,1981.855575984188,4331.1523652104515,0.0
X-n204-k19,203,cargo,ortools:nominal_seed103_or_tools,nominal_seed103_or_tools,ortools,True,True,True,19,21635.0,5.0013463497161865,1.8330259323120117,6.834372282028198,15135.0,0.9528456308234702,pulp_cbc,mean_domain_loss,5120.568073421147,,180,60,True,16657.037292963792,16667.364983390977,19151.0805427942,19176.691727605437,10588.647922981738,15884.000016,26755.568073421146,31439.473506879196,35911.3248550619,1756.4237675792363,3461.43508418674,0.42251231527093597,2039.404943664165,5120.568073421147,0.0
X-n204-k19,203,cold_chain,ortools:nominal_seed103_or_tools,nominal_seed103_or_tools,ortools,True,True,True,19,21635.0,5.0013463497161865,1.4797186851501465,6.481065034866333,15135.0,0.9528456308234702,pulp_cbc,mean_domain_loss,6263.505393835005,,180,60,True,16657.037292963792,16667.364983390977,19151.0805427942,19176.691727605437,13041.396860483717,15813.764298999999,30818.1841442058,34384.88212928871,38532.64020444195,1753.657299428596,3441.137066057036,0.4222167487684729,1966.402758513525,6263.505393835005,2919.678750370794
X-n204-k19,203,atm,ortools:proxy_mean_scaled_seed109_or_tools,proxy_mean_scaled_seed109_or_tools,ortools,False,False,False,0,,5.003847122192383,,5.003847122192383,15804.579999999996,0.9949999999999998,pulp_cbc,mean_domain_loss,,ortools_no_solution,180,60,True,16657.037292963792,16667.364983390977,19151.0805427942,19176.691727605437,,,,,,,,,,,
X-n204-k19,203,grocery,ortools:proxy_mean_scaled_seed109_or_tools,proxy_mean_scaled_seed109_or_tools,ortools,False,False,False,0,,5.003847122192383,,5.003847122192383,15804.579999999996,0.9949999999999998,pulp_cbc,mean_domain_loss,,ortools_no_solution,180,60,True,16657.037292963792,16667.364983390977,19151.0805427942,19176.691727605437,,,,,,,,,,,
X-n204-k19,203,cargo,ortools:proxy_mean_scaled_seed109_or_tools,proxy_mean_scaled_seed109_or_tools,ortools,False,False,False,0,,5.003847122192383,,5.003847122192383,15804.579999999996,0.9949999999999998,pulp_cbc,mean_domain_loss,,ortools_no_solution,180,60,True,16657.037292963792,16667.364983390977,19151.0805427942,19176.691727605437,,,,,,,,,,,
X-n204-k19,203,cold_chain,ortools:proxy_mean_scaled_seed109_or_tools,proxy_mean_scaled_seed109_or_tools,ortools,False,False,False,0,,5.003847122192383,,5.003847122192383,15804.579999999996,0.9949999999999998,pulp_cbc,mean_domain_loss,,ortools_no_solution,180,60,True,16657.037292963792,16667.364983390977,19151.0805427942,19176.691727605437,,,,,,,,,,,
X-n204-k19,203,atm,ortools:quantile_p75_scaled_seed107_or_tools,quantile_p75_scaled_seed107_or_tools,ortools,False,False,False,0,,5.005931377410889,,5.005931377410889,15804.579999999996,0.9949999999999998,pulp_cbc,mean_domain_loss,,ortools_no_solution,180,60,True,16657.037292963792,16667.364983390977,19151.0805427942,19176.691727605437,,,,,,,,,,,
X-n204-k19,203,grocery,ortools:quantile_p75_scaled_seed107_or_tools,quantile_p75_scaled_seed107_or_tools,ortools,False,False,False,0,,5.005931377410889,,5.005931377410889,15804.579999999996,0.9949999999999998,pulp_cbc,mean_domain_loss,,ortools_no_solution,180,60,True,16657.037292963792,16667.364983390977,19151.0805427942,19176.691727605437,,,,,,,,,,,
X-n204-k19,203,cargo,ortools:quantile_p75_scaled_seed107_or_tools,quantile_p75_scaled_seed107_or_tools,ortools,False,False,False,0,,5.005931377410889,,5.005931377410889,15804.579999999996,0.9949999999999998,pulp_cbc,mean_domain_loss,,ortools_no_solution,180,60,True,16657.037292963792,16667.364983390977,19151.0805427942,19176.691727605437,,,,,,,,,,,
X-n204-k19,203,cold_chain,ortools:quantile_p75_scaled_seed107_or_tools,quantile_p75_scaled_seed107_or_tools,ortools,False,False,False,0,,5.005931377410889,,5.005931377410889,15804.579999999996,0.9949999999999998,pulp_cbc,mean_domain_loss,,ortools_no_solution,180,60,True,16657.037292963792,16667.364983390977,19151.0805427942,19176.691727605437,,,,,,,,,,,
X-n204-k19,203,atm,ortools:robust_mean_1std_scaled_seed113_or_tools,robust_mean_1std_scaled_seed113_or_tools,ortools,False,False,False,0,,5.005242109298706,,5.005242109298706,15804.580000000002,0.9950000000000001,pulp_cbc,mean_domain_loss,,ortools_no_solution,180,60,True,16657.037292963792,16667.364983390977,19151.0805427942,19176.691727605437,,,,,,,,,,,
X-n204-k19,203,grocery,ortools:robust_mean_1std_scaled_seed113_or_tools,robust_mean_1std_scaled_seed113_or_tools,ortools,False,False,False,0,,5.005242109298706,,5.005242109298706,15804.580000000002,0.9950000000000001,pulp_cbc,mean_domain_loss,,ortools_no_solution,180,60,True,16657.037292963792,16667.364983390977,19151.0805427942,19176.691727605437,,,,,,,,,,,
X-n204-k19,203,cargo,ortools:robust_mean_1std_scaled_seed113_or_tools,robust_mean_1std_scaled_seed113_or_tools,ortools,False,False,False,0,,5.005242109298706,,5.005242109298706,15804.580000000002,0.9950000000000001,pulp_cbc,mean_domain_loss,,ortools_no_solution,180,60,True,16657.037292963792,16667.364983390977,19151.0805427942,19176.691727605437,,,,,,,,,,,
X-n204-k19,203,cold_chain,ortools:robust_mean_1std_scaled_seed113_or_tools,robust_mean_1std_scaled_seed113_or_tools,ortools,False,False,False,0,,5.005242109298706,,5.005242109298706,15804.580000000002,0.9950000000000001,pulp_cbc,mean_domain_loss,,ortools_no_solution,180,60,True,16657.037292963792,16667.364983390977,19151.0805427942,19176.691727605437,,,,,,,,,,,
X-n209-k16,208,atm,ortools:nominal_or_tools,nominal_or_tools,ortools,True,True,True,16,32468.0,5.000195741653442,1.2773466110229492,6.277542352676392,1547.0,0.9573019801980198,pulp_cbc,mean_domain_loss,657.0886228103674,,180,60,True,1728.5373708196844,1732.707831817492,2088.5534407537966,2090.6974809885087,1393.196367961813,1616.0,33125.08862281038,33618.254967338566,34145.95434159225,168.98839236560966,309.41665682907075,0.418125,209.73719517061446,657.0886228103674,0.0
X-n209-k16,208,grocery,ortools:nominal_or_tools,nominal_or_tools,ortools,True,True,True,16,32468.0,5.000195741653442,1.2944655418395996,6.294661283493042,1547.0,0.9573019801980198,pulp_cbc,mean_domain_loss,427.2823557062654,,180,60,True,1728.5373708196844,1732.707831817492,2088.5534407537966,2090.6974809885087,661.0592210367805,1615.9999977,32895.282355706266,33122.6465154596,33397.24237963702,168.79428169745367,309.5809971317456,0.4157692307692308,209.54308220245855,427.2823557062654,0.0
X-n209-k16,208,cargo,ortools:nominal_or_tools,nominal_or_tools,ortools,True,True,True,16,32468.0,5.000195741653442,1.288764476776123,6.288960218429565,1547.0,0.9573019801980198,pulp_cbc,mean_domain_loss,499.88936156391173,,180,60,True,1728.5373708196844,1732.707831817492,2088.5534407537966,2090.6974809885087,1268.0271961572364,1615.9999983999999,32967.88936156392,33350.44114296016,33751.17079314795,169.83330780307003,309.4771114250763,0.4171153846153846,210.58210900807487,499.88936156391173,0.0
X-n209-k16,208,cold_chain,ortools:nominal_or_tools,nominal_or_tools,ortools,True,True,True,16,32468.0,5.000195741653442,1.2693440914154053,6.269539833068848,1547.0,0.9573019801980198,pulp_cbc,mean_domain_loss,621.2639202694689,,180,60,True,1728.5373708196844,1732.707831817492,2088.5534407537966,2090.6974809885087,1467.642604683375,1615.9999988,33383.66934647551,33664.28004397765,34021.652083240784,169.07571503200307,309.30677634098396,0.41192307692307695,209.82451663700792,621.2639202694689,294.40542620604026
X-n209-k16,208,atm,ortools:proxy_mean_or_tools,proxy_mean_or_tools,ortools,False,False,False,0,,0.0,,0.0,1728.5373708196846,1.069639462140894,pulp_cbc,mean_domain_loss,,total_load_exceeds_fleet_capacity,180,60,True,1728.5373708196844,1732.707831817492,2088.5534407537966,2090.6974809885087,,,,,,,,,,,
X-n209-k16,208,grocery,ortools:proxy_mean_or_tools,proxy_mean_or_tools,ortools,False,False,False,0,,0.0,,0.0,1728.5373708196846,1.069639462140894,pulp_cbc,mean_domain_loss,,total_load_exceeds_fleet_capacity,180,60,True,1728.5373708196844,1732.707831817492,2088.5534407537966,2090.6974809885087,,,,,,,,,,,
X-n209-k16,208,cargo,ortools:proxy_mean_or_tools,proxy_mean_or_tools,ortools,False,False,False,0,,0.0,,0.0,1728.5373708196846,1.069639462140894,pulp_cbc,mean_domain_loss,,total_load_exceeds_fleet_capacity,180,60,True,1728.5373708196844,1732.707831817492,2088.5534407537966,2090.6974809885087,,,,,,,,,,,
X-n209-k16,208,cold_chain,ortools:proxy_mean_or_tools,proxy_mean_or_tools,ortools,False,False,False,0,,0.0,,0.0,1728.5373708196846,1.069639462140894,pulp_cbc,mean_domain_loss,,total_load_exceeds_fleet_capacity,180,60,True,1728.5373708196844,1732.707831817492,2088.5534407537966,2090.6974809885087,,,,,,,,,,,
X-n209-k16,208,atm,ortools:quantile_p75_or_tools,quantile_p75_or_tools,ortools,False,False,False,0,,0.0,,0.0,2000.347262898636,1.2378386527838094,pulp_cbc,mean_domain_loss,,total_load_exceeds_fleet_capacity,180,60,True,1728.5373708196844,1732.707831817492,2088.5534407537966,2090.6974809885087,,,,,,,,,,,
X-n209-k16,208,grocery,ortools:quantile_p75_or_tools,quantile_p75_or_tools,ortools,False,False,False,0,,0.0,,0.0,2000.347262898636,1.2378386527838094,pulp_cbc,mean_domain_loss,,total_load_exceeds_fleet_capacity,180,60,True,1728.5373708196844,1732.707831817492,2088.5534407537966,2090.6974809885087,,,,,,,,,,,
X-n209-k16,208,cargo,ortools:quantile_p75_or_tools,quantile_p75_or_tools,ortools,False,False,False,0,,0.0,,0.0,2000.347262898636,1.2378386527838094,pulp_cbc,mean_domain_loss,,total_load_exceeds_fleet_capacity,180,60,True,1728.5373708196844,1732.707831817492,2088.5534407537966,2090.6974809885087,,,,,,,,,,,
X-n209-k16,208,cold_chain,ortools:quantile_p75_or_tools,quantile_p75_or_tools,ortools,False,False,False,0,,0.0,,0.0,2000.347262898636,1.2378386527838094,pulp_cbc,mean_domain_loss,,total_load_exceeds_fleet_capacity,180,60,True,1728.5373708196844,1732.707831817492,2088.5534407537966,2090.6974809885087,,,,,,,,,,,
X-n209-k16,208,atm,ortools:quantile_p90_or_tools,quantile_p90_or_tools,ortools,False,False,False,0,,0.0,,0.0,2397.6571938195757,1.4836987585517176,pulp_cbc,mean_domain_loss,,total_load_exceeds_fleet_capacity,180,60,True,1728.5373708196844,1732.707831817492,2088.5534407537966,2090.6974809885087,,,,,,,,,,,
X-n209-k16,208,grocery,ortools:quantile_p90_or_tools,quantile_p90_or_tools,ortools,False,False,False,0,,0.0,,0.0,2397.6571938195757,1.4836987585517176,pulp_cbc,mean_domain_loss,,total_load_exceeds_fleet_capacity,180,60,True,1728.5373708196844,1732.707831817492,2088.5534407537966,2090.6974809885087,,,,,,,,,,,
X-n209-k16,208,cargo,ortools:quantile_p90_or_tools,quantile_p90_or_tools,ortools,False,False,False,0,,0.0,,0.0,2397.6571938195757,1.4836987585517176,pulp_cbc,mean_domain_loss,,total_load_exceeds_fleet_capacity,180,60,True,1728.5373708196844,1732.707831817492,2088.5534407537966,2090.6974809885087,,,,,,,,,,,
X-n209-k16,208,cold_chain,ortools:quantile_p90_or_tools,quantile_p90_or_tools,ortools,False,False,False,0,,0.0,,0.0,2397.6571938195757,1.4836987585517176,pulp_cbc,mean_domain_loss,,total_load_exceeds_fleet_capacity,180,60,True,1728.5373708196844,1732.707831817492,2088.5534407537966,2090.6974809885087,,,,,,,,,,,
X-n209-k16,208,atm,ortools:robust_mean_1std_or_tools,robust_mean_1std_or_tools,ortools,False,False,False,0,,0.0,,0.0,2247.8245849010827,1.3909805599635412,pulp_cbc,mean_domain_loss,,total_load_exceeds_fleet_capacity,180,60,True,1728.5373708196844,1732.707831817492,2088.5534407537966,2090.6974809885087,,,,,,,,,,,
X-n209-k16,208,grocery,ortools:robust_mean_1std_or_tools,robust_mean_1std_or_tools,ortools,False,False,False,0,,0.0,,0.0,2247.8245849010827,1.3909805599635412,pulp_cbc,mean_domain_loss,,total_load_exceeds_fleet_capacity,180,60,True,1728.5373708196844,1732.707831817492,2088.5534407537966,2090.6974809885087,,,,,,,,,,,
X-n209-k16,208,cargo,ortools:robust_mean_1std_or_tools,robust_mean_1std_or_tools,ortools,False,False,False,0,,0.0,,0.0,2247.8245849010827,1.3909805599635412,pulp_cbc,mean_domain_loss,,total_load_exceeds_fleet_capacity,180,60,True,1728.5373708196844,1732.707831817492,2088.5534407537966,2090.6974809885087,,,,,,,,,,,
X-n209-k16,208,cold_chain,ortools:robust_mean_1std_or_tools,robust_mean_1std_or_tools,ortools,False,False,False,0,,0.0,,0.0,2247.8245849010827,1.3909805599635412,pulp_cbc,mean_domain_loss,,total_load_exceeds_fleet_capacity,180,60,True,1728.5373708196844,1732.707831817492,2088.5534407537966,2090.6974809885087,,,,,,,,,,,
X-n209-k16,208,atm,ortools:robust_mean_2std_or_tools,robust_mean_2std_or_tools,ortools,False,False,False,0,,0.0,,0.0,2767.1117989824807,1.7123216577861886,pulp_cbc,mean_domain_loss,,total_load_exceeds_fleet_capacity,180,60,True,1728.5373708196844,1732.707831817492,2088.5534407537966,2090.6974809885087,,,,,,,,,,,
X-n209-k16,208,grocery,ortools:robust_mean_2std_or_tools,robust_mean_2std_or_tools,ortools,False,False,False,0,,0.0,,0.0,2767.1117989824807,1.7123216577861886,pulp_cbc,mean_domain_loss,,total_load_exceeds_fleet_capacity,180,60,True,1728.5373708196844,1732.707831817492,2088.5534407537966,2090.6974809885087,,,,,,,,,,,
X-n209-k16,208,cargo,ortools:robust_mean_2std_or_tools,robust_mean_2std_or_tools,ortools,False,False,False,0,,0.0,,0.0,2767.1117989824807,1.7123216577861886,pulp_cbc,mean_domain_loss,,total_load_exceeds_fleet_capacity,180,60,True,1728.5373708196844,1732.707831817492,2088.5534407537966,2090.6974809885087,,,,,,,,,,,
X-n209-k16,208,cold_chain,ortools:robust_mean_2std_or_tools,robust_mean_2std_or_tools,ortools,False,False,False,0,,0.0,,0.0,2767.1117989824807,1.7123216577861886,pulp_cbc,mean_domain_loss,,total_load_exceeds_fleet_capacity,180,60,True,1728.5373708196844,1732.707831817492,2088.5534407537966,2090.6974809885087,,,,,,,,,,,
X-n209-k16,208,atm,ortools:proxy_mean_scaled_or_tools,proxy_mean_scaled_or_tools,ortools,True,True,True,16,32551.0,5.000476360321045,1.3660988807678223,6.366575241088867,1607.9200000000003,0.9950000000000002,pulp_cbc,mean_domain_loss,647.4799621859964,,180,60,True,1728.5373708196844,1732.707831817492,2088.5534407537966,2090.6974809885087,1383.7688841065274,1615.9999998,33198.479962186,33704.393416463965,34218.35576559953,166.84008363600927,310.7244592115177,0.4157692307692308,207.58888624101408,647.4799621859964,0.0
X-n209-k16,208,grocery,ortools:proxy_mean_scaled_or_tools,proxy_mean_scaled_or_tools,ortools,True,True,True,16,32551.0,5.000476360321045,1.2296736240386963,6.230149984359741,1607.9200000000003,0.9950000000000002,pulp_cbc,mean_domain_loss,421.5680865414455,,180,60,True,1728.5373708196844,1732.707831817492,2088.5534407537966,2090.6974809885087,656.2504545493919,1615.999998,32972.56808654145,33207.12827770577,33473.34648315828,166.36693798833883,310.3773389339134,0.41389423076923076,207.11573879334378,421.5680865414455,0.0
X-n209-k16,208,cargo,ortools:proxy_mean_scaled_or_tools,proxy_mean_scaled_or_tools,ortools,True,True,True,16,32551.0,5.000476360321045,1.2871448993682861,6.287621259689331,1607.9200000000003,0.9950000000000002,pulp_cbc,mean_domain_loss,490.6566949977541,,180,60,True,1728.5373708196844,1732.707831817492,2088.5534407537966,2090.6974809885087,1256.9736325859587,1615.9999966999999,33041.65669499776,33433.285001324155,33820.960050841306,167.35888186467974,311.0615339171534,0.4166346153846154,208.10768136968466,490.6566949977541,0.0
X-n209-k16,208,cold_chain,ortools:proxy_mean_scaled_or_tools,proxy_mean_scaled_or_tools,ortools,True,True,True,16,32551.0,5.000476360321045,1.2846596240997314,6.285135984420776,1607.9200000000003,0.9950000000000002,pulp_cbc,mean_domain_loss,614.1464369102657,,180,60,True,1728.5373708196844,1732.707831817492,2088.5534407537966,2090.6974809885087,1459.1642310916545,1615.9999992,33459.03771758867,33742.16577429639,34094.38798815254,167.0600969004681,309.4347621682568,0.41283653846153845,207.808898905473,614.1464369102657,293.8912806783997
X-n209-k16,208,atm,ortools:quantile_p75_scaled_or_tools,quantile_p75_scaled_or_tools,ortools,True,True,True,16,32977.0,5.0007593631744385,1.1484146118164062,6.149173974990845,1607.92,0.995,pulp_cbc,mean_domain_loss,637.8894045413869,,180,60,True,1728.5373708196844,1732.707831817492,2088.5534407537966,2090.6974809885087,1372.5412483280318,1616.0000008000002,33614.88940454138,34108.88952843058,34635.957119566585,164.569628905614,305.57403876680326,0.4148076923076923,205.31843251061892,637.8894045413869,0.0
X-n209-k16,208,grocery,ortools:quantile_p75_scaled_or_tools,quantile_p75_scaled_or_tools,ortools,True,True,True,16,32977.0,5.0007593631744385,1.2717556953430176,6.272515058517456,1607.92,0.995,pulp_cbc,mean_domain_loss,417.03691994899947,,180,60,True,1728.5373708196844,1732.707831817492,2088.5534407537966,2090.6974809885087,650.4840719819892,1615.9999982999998,33394.036919949,33621.02380156514,33895.30466079464,164.3370538234293,305.5669956304337,0.41259615384615383,205.0858549284342,417.03691994899947,0.0
X-n209-k16,208,cargo,ortools:quantile_p75_scaled_or_tools,quantile_p75_scaled_or_tools,ortools,True,True,True,16,32977.0,5.0007593631744385,1.2443995475769043,6.245158910751343,1607.92,0.995,pulp_cbc,mean_domain_loss,482.5122508752145,,180,60,True,1728.5373708196844,1732.707831817492,2088.5534407537966,2090.6974809885087,1243.9732027693776,1616.0000008,33459.51225087522,33835.39740980731,34238.84797934382,165.25658029646547,304.1715606080648,0.4133173076923077,206.00538390147034,482.5122508752145,0.0
X-n209-k16,208,cold_chain,ortools:quantile_p75_scaled_or_tools,quantile_p75_scaled_or_tools,ortools,True,True,True,16,32977.0,5.0007593631744385,1.185831069946289,6.1865904331207275,1607.92,0.995,pulp_cbc,mean_domain_loss,605.6372658704969,,180,60,True,1728.5373708196844,1732.707831817492,2088.5534407537966,2090.6974809885087,1454.1641727782514,1616.0000015,33880.4868771417,34160.00953843578,34516.28228905772,164.42007036760796,306.176395655044,0.41052884615384616,205.1688746726128,605.6372658704969,297.84961127120516
X-n209-k16,208,atm,ortools:quantile_p90_scaled_or_tools,quantile_p90_scaled_or_tools,ortools,False,False,False,0,,5.0026750564575195,,5.0026750564575195,1607.9200000000003,0.9950000000000002,pulp_cbc,mean_domain_loss,,ortools_no_solution,180,60,True,1728.5373708196844,1732.707831817492,2088.5534407537966,2090.6974809885087,,,,,,,,,,,
X-n209-k16,208,grocery,ortools:quantile_p90_scaled_or_tools,quantile_p90_scaled_or_tools,ortools,False,False,False,0,,5.0026750564575195,,5.0026750564575195,1607.9200000000003,0.9950000000000002,pulp_cbc,mean_domain_loss,,ortools_no_solution,180,60,True,1728.5373708196844,1732.707831817492,2088.5534407537966,2090.6974809885087,,,,,,,,,,,
X-n209-k16,208,cargo,ortools:quantile_p90_scaled_or_tools,quantile_p90_scaled_or_tools,ortools,False,False,False,0,,5.0026750564575195,,5.0026750564575195,1607.9200000000003,0.9950000000000002,pulp_cbc,mean_domain_loss,,ortools_no_solution,180,60,True,1728.5373708196844,1732.707831817492,2088.5534407537966,2090.6974809885087,,,,,,,,,,,
X-n209-k16,208,cold_chain,ortools:quantile_p90_scaled_or_tools,quantile_p90_scaled_or_tools,ortools,False,False,False,0,,5.0026750564575195,,5.0026750564575195,1607.9200000000003,0.9950000000000002,pulp_cbc,mean_domain_loss,,ortools_no_solution,180,60,True,1728.5373708196844,1732.707831817492,2088.5534407537966,2090.6974809885087,,,,,,,,,,,
X-n209-k16,208,atm,ortools:robust_mean_1std_scaled_or_tools,robust_mean_1std_scaled_or_tools,ortools,False,False,False,0,,5.00195574760437,,5.00195574760437,1607.9199999999998,0.9949999999999999,pulp_cbc,mean_domain_loss,,ortools_no_solution,180,60,True,1728.5373708196844,1732.707831817492,2088.5534407537966,2090.6974809885087,,,,,,,,,,,
X-n209-k16,208,grocery,ortools:robust_mean_1std_scaled_or_tools,robust_mean_1std_scaled_or_tools,ortools,False,False,False,0,,5.00195574760437,,5.00195574760437,1607.9199999999998,0.9949999999999999,pulp_cbc,mean_domain_loss,,ortools_no_solution,180,60,True,1728.5373708196844,1732.707831817492,2088.5534407537966,2090.6974809885087,,,,,,,,,,,
X-n209-k16,208,cargo,ortools:robust_mean_1std_scaled_or_tools,robust_mean_1std_scaled_or_tools,ortools,False,False,False,0,,5.00195574760437,,5.00195574760437,1607.9199999999998,0.9949999999999999,pulp_cbc,mean_domain_loss,,ortools_no_solution,180,60,True,1728.5373708196844,1732.707831817492,2088.5534407537966,2090.6974809885087,,,,,,,,,,,
X-n209-k16,208,cold_chain,ortools:robust_mean_1std_scaled_or_tools,robust_mean_1std_scaled_or_tools,ortools,False,False,False,0,,5.00195574760437,,5.00195574760437,1607.9199999999998,0.9949999999999999,pulp_cbc,mean_domain_loss,,ortools_no_solution,180,60,True,1728.5373708196844,1732.707831817492,2088.5534407537966,2090.6974809885087,,,,,,,,,,,
X-n209-k16,208,atm,ortools:robust_mean_2std_scaled_or_tools,robust_mean_2std_scaled_or_tools,ortools,False,False,False,0,,0.0,,0.0,1607.9199999999996,0.9949999999999998,pulp_cbc,mean_domain_loss,,total_load_exceeds_fleet_capacity,180,60,True,1728.5373708196844,1732.707831817492,2088.5534407537966,2090.6974809885087,,,,,,,,,,,
X-n209-k16,208,grocery,ortools:robust_mean_2std_scaled_or_tools,robust_mean_2std_scaled_or_tools,ortools,False,False,False,0,,0.0,,0.0,1607.9199999999996,0.9949999999999998,pulp_cbc,mean_domain_loss,,total_load_exceeds_fleet_capacity,180,60,True,1728.5373708196844,1732.707831817492,2088.5534407537966,2090.6974809885087,,,,,,,,,,,
X-n209-k16,208,cargo,ortools:robust_mean_2std_scaled_or_tools,robust_mean_2std_scaled_or_tools,ortools,False,False,False,0,,0.0,,0.0,1607.9199999999996,0.9949999999999998,pulp_cbc,mean_domain_loss,,total_load_exceeds_fleet_capacity,180,60,True,1728.5373708196844,1732.707831817492,2088.5534407537966,2090.6974809885087,,,,,,,,,,,
X-n209-k16,208,cold_chain,ortools:robust_mean_2std_scaled_or_tools,robust_mean_2std_scaled_or_tools,ortools,False,False,False,0,,0.0,,0.0,1607.9199999999996,0.9949999999999998,pulp_cbc,mean_domain_loss,,total_load_exceeds_fleet_capacity,180,60,True,1728.5373708196844,1732.707831817492,2088.5534407537966,2090.6974809885087,,,,,,,,,,,
X-n209-k16,208,atm,ortools:nominal_seed101_or_tools,nominal_seed101_or_tools,ortools,True,True,True,16,33133.0,5.0013628005981445,1.3003265857696533,6.301689386367798,1547.0,0.9573019801980198,pulp_cbc,mean_domain_loss,679.0645195223346,,180,60,True,1728.5373708196844,1732.707831817492,2088.5534407537966,2090.6974809885087,1423.895587692978,1616.0000006999999,33812.06451952233,34336.789959642745,34842.82358840661,174.86257601307025,323.74751848801105,0.43149038461538464,215.61137951807513,679.0645195223346,0.0
X-n209-k16,208,grocery,ortools:nominal_seed101_or_tools,nominal_seed101_or_tools,ortools,True,True,True,16,33133.0,5.0013628005981445,1.1961066722869873,6.197469472885132,1547.0,0.9573019801980198,pulp_cbc,mean_domain_loss,437.7974883918946,,180,60,True,1728.5373708196844,1732.707831817492,2088.5534407537966,2090.6974809885087,677.6684939244841,1606.9520072,33570.797488391894,33817.47093712119,34082.808143956594,174.9468749638628,324.0428654308344,0.4313461538461538,206.64768496886774,437.7974883918946,0.0
X-n209-k16,208,cargo,ortools:nominal_seed101_or_tools,nominal_seed101_or_tools,ortools,True,True,True,16,33133.0,5.0013628005981445,1.4954211711883545,6.496783971786499,1547.0,0.9573019801980198,pulp_cbc,mean_domain_loss,516.9333448201047,,180,60,True,1728.5373708196844,1732.707831817492,2088.5534407537966,2090.6974809885087,1292.9670784747793,1615.9999983,33649.93334482011,34057.85940200951,34440.50340986558,175.97415563266765,325.47028229644053,0.431875,216.72295673767255,516.9333448201047,0.0
X-n209-k16,208,cold_chain,ortools:nominal_seed101_or_tools,nominal_seed101_or_tools,ortools,True,True,True,16,33133.0,5.0013628005981445,1.2669928073883057,6.26835560798645,1547.0,0.9573019801980198,pulp_cbc,mean_domain_loss,633.872296650502,,180,60,True,1728.5373708196844,1732.707831817492,2088.5534407537966,2090.6974809885087,1493.6275516941955,1603.4724305999998,34061.99704162767,34367.93832163191,34715.3638092824,175.58556799226125,324.8446719753789,0.4283173076923077,203.80680139726607,633.872296650502,295.1247449771687
X-n209-k16,208,atm,ortools:nominal_seed103_or_tools,nominal_seed103_or_tools,ortools,True,True,True,16,33343.0,5.0003721714019775,1.3879380226135254,6.388310194015503,1547.0,0.9573019801980198,pulp_cbc,mean_domain_loss,696.2532444980266,,180,60,True,1728.5373708196844,1732.707831817492,2088.5534407537966,2090.6974809885087,1458.855614601892,1611.3306784000001,34039.253244498024,34544.056690039986,35082.29317999947,179.88876897653194,323.53730193295746,0.4447596153846154,215.96825018153683,696.2532444980266,0.0
X-n209-k16,208,grocery,ortools:nominal_seed103_or_tools,nominal_seed103_or_tools,ortools,True,True,True,16,33343.0,5.0003721714019775,1.239269495010376,6.2396416664123535,1547.0,0.9573019801980198,pulp_cbc,mean_domain_loss,442.92241027183945,,180,60,True,1728.5373708196844,1732.707831817492,2088.5534407537966,2090.6974809885087,690.5075633464932,1586.9187123000002,33785.922410271836,34024.85736076167,34310.91406990817,180.46668732889637,326.1617989070517,0.44495192307692305,192.13420243390124,442.92241027183945,0.0
X-n209-k16,208,cargo,ortools:nominal_seed103_or_tools,nominal_seed103_or_tools,ortools,True,True,True,16,33343.0,5.0003721714019775,1.5307574272155762,6.531129598617554,1547.0,0.9573019801980198,pulp_cbc,mean_domain_loss,527.429300445972,,180,60,True,1728.5373708196844,1732.707831817492,2088.5534407537966,2090.6974809885087,1319.2902298412755,1615.9999998,33870.429300445976,34260.639348705365,34668.68548870333,180.43082630036926,323.03823186870875,0.44485576923076925,221.17962890537416,527.429300445972,0.0
X-n209-k16,208,cold_chain,ortools:nominal_seed103_or_tools,nominal_seed103_or_tools,ortools,True,True,True,16,33343.0,5.0003721714019775,1.305528163909912,6.30590033531189,1547.0,0.9573019801980198,pulp_cbc,mean_domain_loss,639.3847518929915,,180,60,True,1728.5373708196844,1732.707831817492,2088.5534407537966,2090.6974809885087,1510.9569573140586,1584.7953578000001,34274.232449722665,34575.66215108393,34947.854031749324,181.598062448304,327.43772440731635,0.44350961538461536,191.14222305330887,639.3847518929915,291.8476978296733
X-n209-k16,208,atm,ortools:proxy_mean_scaled_seed109_or_tools,proxy_mean_scaled_seed109_or_tools,ortools,True,True,True,16,33286.0,4.999741554260254,1.387718915939331,6.387460470199585,1607.9200000000003,0.9950000000000002,pulp_cbc,mean_domain_loss,644.8727847191726,,180,60,True,1728.5373708196844,1732.707831817492,2088.5534407537966,2090.6974809885087,1380.1306898439818,1615.9999993000001,33930.87278471918,34426.30967985039,34949.051347085355,166.00856757722457,307.22691135344746,0.4137980769230769,206.75736968222947,644.8727847191726,0.0
X-n209-k16,208,grocery,ortools:proxy_mean_scaled_seed109_or_tools,proxy_mean_scaled_seed109_or_tools,ortools,True,True,True,16,33286.0,4.999741554260254,1.2962827682495117,6.296024322509766,1607.9200000000003,0.9950000000000002,pulp_cbc,mean_domain_loss,420.3748978626624,,180,60,True,1728.5373708196844,1732.707831817492,2088.5534407537966,2090.6974809885087,654.0233982520377,1615.9999984,33706.37489786266,33933.458832025026,34206.27536374388,165.74610121273088,306.7632869682,0.41168269230769233,206.49490241773572,420.3748978626624,0.0
X-n209-k16,208,cargo,ortools:proxy_mean_scaled_seed109_or_tools,proxy_mean_scaled_seed109_or_tools,ortools,True,True,True,16,33286.0,4.999741554260254,1.4488530158996582,6.448594570159912,1607.9200000000003,0.9950000000000002,pulp_cbc,mean_domain_loss,489.8966169740301,,180,60,True,1728.5373708196844,1732.707831817492,2088.5534407537966,2090.6974809885087,1254.5491922412934,1615.9999988999998,33775.89661697403,34158.93635694379,34553.3803536381,166.73376100441817,307.17896658602365,0.4107692307692308,207.48256270942304,489.8966169740301,0.0
X-n209-k16,208,cold_chain,ortools:proxy_mean_scaled_seed109_or_tools,proxy_mean_scaled_seed109_or_tools,ortools,True,True,True,16,33286.0,4.999741554260254,1.3083088397979736,6.3080503940582275,1607.9200000000003,0.9950000000000002,pulp_cbc,mean_domain_loss,612.7210710296266,,180,60,True,1728.5373708196844,1732.707831817492,2088.5534407537966,2090.6974809885087,1463.896074009176,1615.9999991,34199.956364212405,34482.601829075655,34832.12666892055,166.33777745928518,308.64194080853304,0.4076923076923077,207.08657936429006,612.7210710296266,301.2352931827749
X-n209-k16,208,atm,ortools:quantile_p75_scaled_seed107_or_tools,quantile_p75_scaled_seed107_or_tools,ortools,False,False,False,0,,5.002204656600952,,5.002204656600952,1607.92,0.995,pulp_cbc,mean_domain_loss,,ortools_no_solution,180,60,True,1728.5373708196844,1732.707831817492,2088.5534407537966,2090.6974809885087,,,,,,,,,,,
X-n209-k16,208,grocery,ortools:quantile_p75_scaled_seed107_or_tools,quantile_p75_scaled_seed107_or_tools,ortools,False,False,False,0,,5.002204656600952,,5.002204656600952,1607.92,0.995,pulp_cbc,mean_domain_loss,,ortools_no_solution,180,60,True,1728.5373708196844,1732.707831817492,2088.5534407537966,2090.6974809885087,,,,,,,,,,,
X-n209-k16,208,cargo,ortools:quantile_p75_scaled_seed107_or_tools,quantile_p75_scaled_seed107_or_tools,ortools,False,False,False,0,,5.002204656600952,,5.002204656600952,1607.92,0.995,pulp_cbc,mean_domain_loss,,ortools_no_solution,180,60,True,1728.5373708196844,1732.707831817492,2088.5534407537966,2090.6974809885087,,,,,,,,,,,
X-n209-k16,208,cold_chain,ortools:quantile_p75_scaled_seed107_or_tools,quantile_p75_scaled_seed107_or_tools,ortools,False,False,False,0,,5.002204656600952,,5.002204656600952,1607.92,0.995,pulp_cbc,mean_domain_loss,,ortools_no_solution,180,60,True,1728.5373708196844,1732.707831817492,2088.5534407537966,2090.6974809885087,,,,,,,,,,,
X-n209-k16,208,atm,ortools:robust_mean_1std_scaled_seed113_or_tools,robust_mean_1std_scaled_seed113_or_tools,ortools,False,False,False,0,,5.003084659576416,,5.003084659576416,1607.9199999999998,0.9949999999999999,pulp_cbc,mean_domain_loss,,ortools_no_solution,180,60,True,1728.5373708196844,1732.707831817492,2088.5534407537966,2090.6974809885087,,,,,,,,,,,
X-n209-k16,208,grocery,ortools:robust_mean_1std_scaled_seed113_or_tools,robust_mean_1std_scaled_seed113_or_tools,ortools,False,False,False,0,,5.003084659576416,,5.003084659576416,1607.9199999999998,0.9949999999999999,pulp_cbc,mean_domain_loss,,ortools_no_solution,180,60,True,1728.5373708196844,1732.707831817492,2088.5534407537966,2090.6974809885087,,,,,,,,,,,
X-n209-k16,208,cargo,ortools:robust_mean_1std_scaled_seed113_or_tools,robust_mean_1std_scaled_seed113_or_tools,ortools,False,False,False,0,,5.003084659576416,,5.003084659576416,1607.9199999999998,0.9949999999999999,pulp_cbc,mean_domain_loss,,ortools_no_solution,180,60,True,1728.5373708196844,1732.707831817492,2088.5534407537966,2090.6974809885087,,,,,,,,,,,
X-n209-k16,208,cold_chain,ortools:robust_mean_1std_scaled_seed113_or_tools,robust_mean_1std_scaled_seed113_or_tools,ortools,False,False,False,0,,5.003084659576416,,5.003084659576416,1607.9199999999998,0.9949999999999999,pulp_cbc,mean_domain_loss,,ortools_no_solution,180,60,True,1728.5373708196844,1732.707831817492,2088.5534407537966,2090.6974809885087,,,,,,,,,,,
X-n223-k34,222,atm,ortools:nominal_or_tools,nominal_or_tools,ortools,True,True,True,34,44118.0,4.9997406005859375,1.0818395614624023,6.08158016204834,1234.0,0.9809220985691574,pulp_cbc,mean_domain_loss,614.0965974864771,,180,60,True,1378.2518636282953,1385.8779151195247,1599.402231662014,1602.47449459314,1269.34093466905,1258.0000012199998,44732.096597486474,45191.763424051336,45714.60779443024,157.81109871820317,284.86906269349305,0.4614864864864865,154.0675872648633,614.0965974864771,0.0
X-n223-k34,222,grocery,ortools:nominal_or_tools,nominal_or_tools,ortools,True,True,True,34,44118.0,4.9997406005859375,1.1143395900726318,6.114080190658569,1234.0,0.9809220985691574,pulp_cbc,mean_domain_loss,385.67418055494693,,180,60,True,1378.2518636282953,1385.8779151195247,1599.402231662014,1602.47449459314,590.9029120975586,1257.99999705,44503.674180554946,44715.17914412405,45000.51173330813,157.65766410870248,284.45123057088944,0.4582432432432432,153.9141484853626,385.67418055494693,0.0
X-n223-k34,222,cargo,ortools:nominal_or_tools,nominal_or_tools,ortools,True,True,True,34,44118.0,4.9997406005859375,1.1353039741516113,6.135044574737549,1234.0,0.9809220985691574,pulp_cbc,mean_domain_loss,461.8626280270527,,180,60,True,1378.2518636282953,1385.8779151195247,1599.402231662014,1602.47449459314,1145.8756241620874,1258.0000004800002,44579.862628027055,44930.45001771728,45326.61204839687,157.9322097597372,286.4071419403203,0.45193693693693693,154.1886975663973,461.8626280270527,0.0
X-n223-k34,222,cold_chain,ortools:nominal_or_tools,nominal_or_tools,ortools,True,True,True,34,44118.0,4.9997406005859375,1.1841638088226318,6.183904409408569,1234.0,0.9809220985691574,pulp_cbc,mean_domain_loss,556.7673911508879,,180,60,True,1378.2518636282953,1385.8779151195247,1599.402231662014,1602.47449459314,1291.849726709438,1258.00000196,44908.58671415189,45163.25527622893,45546.83904792575,157.90307877930982,284.4666330843843,0.45432432432432435,154.15956806596998,556.7673911508879,233.81932300100797
X-n223-k34,222,atm,ortools:proxy_mean_or_tools,proxy_mean_or_tools,ortools,False,False,False,0,,0.0,,0.0,1378.2518636282955,1.0955897167156563,pulp_cbc,mean_domain_loss,,total_load_exceeds_fleet_capacity,180,60,True,1378.2518636282953,1385.8779151195247,1599.402231662014,1602.47449459314,,,,,,,,,,,
X-n223-k34,222,grocery,ortools:proxy_mean_or_tools,proxy_mean_or_tools,ortools,False,False,False,0,,0.0,,0.0,1378.2518636282955,1.0955897167156563,pulp_cbc,mean_domain_loss,,total_load_exceeds_fleet_capacity,180,60,True,1378.2518636282953,1385.8779151195247,1599.402231662014,1602.47449459314,,,,,,,,,,,
X-n223-k34,222,cargo,ortools:proxy_mean_or_tools,proxy_mean_or_tools,ortools,False,False,False,0,,0.0,,0.0,1378.2518636282955,1.0955897167156563,pulp_cbc,mean_domain_loss,,total_load_exceeds_fleet_capacity,180,60,True,1378.2518636282953,1385.8779151195247,1599.402231662014,1602.47449459314,,,,,,,,,,,
X-n223-k34,222,cold_chain,ortools:proxy_mean_or_tools,proxy_mean_or_tools,ortools,False,False,False,0,,0.0,,0.0,1378.2518636282955,1.0955897167156563,pulp_cbc,mean_domain_loss,,total_load_exceeds_fleet_capacity,180,60,True,1378.2518636282953,1385.8779151195247,1599.402231662014,1602.47449459314,,,,,,,,,,,
X-n223-k34,222,atm,ortools:quantile_p75_or_tools,quantile_p75_or_tools,ortools,False,False,False,0,,0.0,,0.0,1604.1314669543583,1.2751442503611752,pulp_cbc,mean_domain_loss,,total_load_exceeds_fleet_capacity,180,60,True,1378.2518636282953,1385.8779151195247,1599.402231662014,1602.47449459314,,,,,,,,,,,
X-n223-k34,222,grocery,ortools:quantile_p75_or_tools,quantile_p75_or_tools,ortools,False,False,False,0,,0.0,,0.0,1604.1314669543583,1.2751442503611752,pulp_cbc,mean_domain_loss,,total_load_exceeds_fleet_capacity,180,60,True,1378.2518636282953,1385.8779151195247,1599.402231662014,1602.47449459314,,,,,,,,,,,
X-n223-k34,222,cargo,ortools:quantile_p75_or_tools,quantile_p75_or_tools,ortools,False,False,False,0,,0.0,,0.0,1604.1314669543583,1.2751442503611752,pulp_cbc,mean_domain_loss,,total_load_exceeds_fleet_capacity,180,60,True,1378.2518636282953,1385.8779151195247,1599.402231662014,1602.47449459314,,,,,,,,,,,
X-n223-k34,222,cold_chain,ortools:quantile_p75_or_tools,quantile_p75_or_tools,ortools,False,False,False,0,,0.0,,0.0,1604.1314669543583,1.2751442503611752,pulp_cbc,mean_domain_loss,,total_load_exceeds_fleet_capacity,180,60,True,1378.2518636282953,1385.8779151195247,1599.402231662014,1602.47449459314,,,,,,,,,,,
X-n223-k34,222,atm,ortools:quantile_p90_or_tools,quantile_p90_or_tools,ortools,False,False,False,0,,0.0,,0.0,1928.6301388005313,1.5330923201912015,pulp_cbc,mean_domain_loss,,total_load_exceeds_fleet_capacity,180,60,True,1378.2518636282953,1385.8779151195247,1599.402231662014,1602.47449459314,,,,,,,,,,,
X-n223-k34,222,grocery,ortools:quantile_p90_or_tools,quantile_p90_or_tools,ortools,False,False,False,0,,0.0,,0.0,1928.6301388005313,1.5330923201912015,pulp_cbc,mean_domain_loss,,total_load_exceeds_fleet_capacity,180,60,True,1378.2518636282953,1385.8779151195247,1599.402231662014,1602.47449459314,,,,,,,,,,,
X-n223-k34,222,cargo,ortools:quantile_p90_or_tools,quantile_p90_or_tools,ortools,False,False,False,0,,0.0,,0.0,1928.6301388005313,1.5330923201912015,pulp_cbc,mean_domain_loss,,total_load_exceeds_fleet_capacity,180,60,True,1378.2518636282953,1385.8779151195247,1599.402231662014,1602.47449459314,,,,,,,,,,,
X-n223-k34,222,cold_chain,ortools:quantile_p90_or_tools,quantile_p90_or_tools,ortools,False,False,False,0,,0.0,,0.0,1928.6301388005313,1.5330923201912015,pulp_cbc,mean_domain_loss,,total_load_exceeds_fleet_capacity,180,60,True,1378.2518636282953,1385.8779151195247,1599.402231662014,1602.47449459314,,,,,,,,,,,
X-n223-k34,222,atm,ortools:robust_mean_1std_or_tools,robust_mean_1std_or_tools,ortools,False,False,False,0,,0.0,,0.0,1811.4975966612374,1.4399821913046402,pulp_cbc,mean_domain_loss,,total_load_exceeds_fleet_capacity,180,60,True,1378.2518636282953,1385.8779151195247,1599.402231662014,1602.47449459314,,,,,,,,,,,
X-n223-k34,222,grocery,ortools:robust_mean_1std_or_tools,robust_mean_1std_or_tools,ortools,False,False,False,0,,0.0,,0.0,1811.4975966612374,1.4399821913046402,pulp_cbc,mean_domain_loss,,total_load_exceeds_fleet_capacity,180,60,True,1378.2518636282953,1385.8779151195247,1599.402231662014,1602.47449459314,,,,,,,,,,,
X-n223-k34,222,cargo,ortools:robust_mean_1std_or_tools,robust_mean_1std_or_tools,ortools,False,False,False,0,,0.0,,0.0,1811.4975966612374,1.4399821913046402,pulp_cbc,mean_domain_loss,,total_load_exceeds_fleet_capacity,180,60,True,1378.2518636282953,1385.8779151195247,1599.402231662014,1602.47449459314,,,,,,,,,,,
X-n223-k34,222,cold_chain,ortools:robust_mean_1std_or_tools,robust_mean_1std_or_tools,ortools,False,False,False,0,,0.0,,0.0,1811.4975966612374,1.4399821913046402,pulp_cbc,mean_domain_loss,,total_load_exceeds_fleet_capacity,180,60,True,1378.2518636282953,1385.8779151195247,1599.402231662014,1602.47449459314,,,,,,,,,,,
X-n223-k34,222,atm,ortools:robust_mean_2std_or_tools,robust_mean_2std_or_tools,ortools,False,False,False,0,,0.0,,0.0,2244.7433296941795,1.7843746658936244,pulp_cbc,mean_domain_loss,,total_load_exceeds_fleet_capacity,180,60,True,1378.2518636282953,1385.8779151195247,1599.402231662014,1602.47449459314,,,,,,,,,,,
X-n223-k34,222,grocery,ortools:robust_mean_2std_or_tools,robust_mean_2std_or_tools,ortools,False,False,False,0,,0.0,,0.0,2244.7433296941795,1.7843746658936244,pulp_cbc,mean_domain_loss,,total_load_exceeds_fleet_capacity,180,60,True,1378.2518636282953,1385.8779151195247,1599.402231662014,1602.47449459314,,,,,,,,,,,
X-n223-k34,222,cargo,ortools:robust_mean_2std_or_tools,robust_mean_2std_or_tools,ortools,False,False,False,0,,0.0,,0.0,2244.7433296941795,1.7843746658936244,pulp_cbc,mean_domain_loss,,total_load_exceeds_fleet_capacity,180,60,True,1378.2518636282953,1385.8779151195247,1599.402231662014,1602.47449459314,,,,,,,,,,,
X-n223-k34,222,cold_chain,ortools:robust_mean_2std_or_tools,robust_mean_2std_or_tools,ortools,False,False,False,0,,0.0,,0.0,2244.7433296941795,1.7843746658936244,pulp_cbc,mean_domain_loss,,total_load_exceeds_fleet_capacity,180,60,True,1378.2518636282953,1385.8779151195247,1599.402231662014,1602.47449459314,,,,,,,,,,,
X-n223-k34,222,atm,ortools:proxy_mean_scaled_or_tools,proxy_mean_scaled_or_tools,ortools,True,True,True,34,46581.0,4.999784231185913,1.2684078216552734,6.2681920528411865,1251.71,0.995,pulp_cbc,mean_domain_loss,614.8352779090555,,180,60,True,1378.2518636282953,1385.8779151195247,1599.402231662014,1602.47449459314,1268.300710882181,1258.00000052,47195.83527790905,47659.406536300725,48178.87307450031,158.01710671729504,284.8193489040936,0.4605855855855856,154.27359456395513,614.8352779090555,0.0
X-n223-k34,222,grocery,ortools:proxy_mean_scaled_or_tools,proxy_mean_scaled_or_tools,ortools,True,True,True,34,46581.0,4.999784231185913,1.3587040901184082,6.358488321304321,1251.71,0.995,pulp_cbc,mean_domain_loss,386.28311722905414,,180,60,True,1378.2518636282953,1385.8779151195247,1599.402231662014,1602.47449459314,590.3618564502721,1257.9999966999999,46967.283117229046,47180.390595566096,47464.17217164942,157.88246986763627,284.13540467549154,0.4582432432432432,154.1389538942964,386.28311722905414,0.0
X-n223-k34,222,cargo,ortools:proxy_mean_scaled_or_tools,proxy_mean_scaled_or_tools,ortools,True,True,True,34,46581.0,4.999784231185913,1.2857482433319092,6.285532474517822,1251.71,0.995,pulp_cbc,mean_domain_loss,462.2554622002064,,180,60,True,1378.2518636282953,1385.8779151195247,1599.402231662014,1602.47449459314,1144.4487977811384,1258.0000011500001,47043.255462200206,47393.33989429821,47789.91701154517,158.2309613957037,285.77735927428967,0.45063063063063064,154.48744987236384,462.2554622002064,0.0
X-n223-k34,222,cold_chain,ortools:proxy_mean_scaled_or_tools,proxy_mean_scaled_or_tools,ortools,True,True,True,34,46581.0,4.999784231185913,1.280026912689209,6.279811143875122,1251.71,0.995,pulp_cbc,mean_domain_loss,556.8966616066717,,180,60,True,1378.2518636282953,1385.8779151195247,1599.402231662014,1602.47449459314,1289.5684128236778,1258.00000051,47370.32683199023,47628.85463864252,48010.23531786245,157.90913479539554,284.4489777280393,0.45400900900900903,154.16562263205563,556.8966616066717,232.43017038355075
X-n223-k34,222,atm,ortools:quantile_p75_scaled_or_tools,quantile_p75_scaled_or_tools,ortools,True,True,True,34,46188.0,5.004038333892822,1.1929852962493896,6.197023630142212,1251.71,0.995,pulp_cbc,mean_domain_loss,609.4457255119975,,180,60,True,1378.2518636282953,1385.8779151195247,1599.402231662014,1602.47449459314,1262.787094074401,1258.00000021,46797.445725512,47261.09013697496,47781.642943999745,156.6439783080025,285.45805381988987,0.45414414414414417,152.90046584466262,609.4457255119975,0.0
X-n223-k34,222,grocery,ortools:quantile_p75_scaled_or_tools,quantile_p75_scaled_or_tools,ortools,True,True,True,34,46188.0,5.004038333892822,1.3277533054351807,6.331791639328003,1251.71,0.995,pulp_cbc,mean_domain_loss,383.314438448563,,180,60,True,1378.2518636282953,1385.8779151195247,1599.402231662014,1602.47449459314,587.7394053763987,1257.99999876,46571.314438448564,46785.53765428107,47068.41836813548,156.48456711500185,285.06231825851137,0.45193693693693693,152.741053201662,383.314438448563,0.0
X-n223-k34,222,cargo,ortools:quantile_p75_scaled_or_tools,quantile_p75_scaled_or_tools,ortools,True,True,True,34,46188.0,5.004038333892822,1.3972225189208984,6.401260852813721,1251.71,0.995,pulp_cbc,mean_domain_loss,456.1308754746471,,180,60,True,1378.2518636282953,1385.8779151195247,1599.402231662014,1602.47449459314,1136.7012489344877,1257.9999996,46644.130875474664,46995.54936066893,47390.0643596066,156.76848976739606,285.5626723744382,0.44472972972972974,153.02497669405622,456.1308754746471,0.0
X-n223-k34,222,cold_chain,ortools:quantile_p75_scaled_or_tools,quantile_p75_scaled_or_tools,ortools,True,True,True,34,46188.0,5.004038333892822,1.2101154327392578,6.21415376663208,1251.71,0.995,pulp_cbc,mean_domain_loss,553.2680964432004,,180,60,True,1378.2518636282953,1385.8779151195247,1599.402231662014,1602.47449459314,1289.4559238295105,1257.99999974,46977.95558297447,47233.943381496785,47618.92282447281,156.76444939514232,284.9792565693462,0.4483783783783784,153.02093646180242,553.2680964432004,236.68748653127085
X-n223-k34,222,atm,ortools:quantile_p90_scaled_or_tools,quantile_p90_scaled_or_tools,ortools,False,False,False,0,,0.0,,0.0,1251.71,0.995,pulp_cbc,mean_domain_loss,,total_load_exceeds_fleet_capacity,180,60,True,1378.2518636282953,1385.8779151195247,1599.402231662014,1602.47449459314,,,,,,,,,,,
X-n223-k34,222,grocery,ortools:quantile_p90_scaled_or_tools,quantile_p90_scaled_or_tools,ortools,False,False,False,0,,0.0,,0.0,1251.71,0.995,pulp_cbc,mean_domain_loss,,total_load_exceeds_fleet_capacity,180,60,True,1378.2518636282953,1385.8779151195247,1599.402231662014,1602.47449459314,,,,,,,,,,,
X-n223-k34,222,cargo,ortools:quantile_p90_scaled_or_tools,quantile_p90_scaled_or_tools,ortools,False,False,False,0,,0.0,,0.0,1251.71,0.995,pulp_cbc,mean_domain_loss,,total_load_exceeds_fleet_capacity,180,60,True,1378.2518636282953,1385.8779151195247,1599.402231662014,1602.47449459314,,,,,,,,,,,
X-n223-k34,222,cold_chain,ortools:quantile_p90_scaled_or_tools,quantile_p90_scaled_or_tools,ortools,False,False,False,0,,0.0,,0.0,1251.71,0.995,pulp_cbc,mean_domain_loss,,total_load_exceeds_fleet_capacity,180,60,True,1378.2518636282953,1385.8779151195247,1599.402231662014,1602.47449459314,,,,,,,,,,,
X-n223-k34,222,atm,ortools:robust_mean_1std_scaled_or_tools,robust_mean_1std_scaled_or_tools,ortools,True,True,True,34,47633.0,4.999718904495239,1.1795082092285156,6.179227113723755,1251.7100000000003,0.9950000000000002,pulp_cbc,mean_domain_loss,605.468509961756,,180,60,True,1378.2518636282953,1385.8779151195247,1599.402231662014,1602.47449459314,1259.9890101524925,1258.00000108,48238.46850996176,48702.41318129694,49221.71756516238,155.73458338918837,282.4448502762177,0.4545045045045045,151.99107179584848,605.468509961756,0.0
X-n223-k34,222,grocery,ortools:robust_mean_1std_scaled_or_tools,robust_mean_1std_scaled_or_tools,ortools,True,True,True,34,47633.0,4.999718904495239,1.2717382907867432,6.271457195281982,1251.7100000000003,0.9950000000000002,pulp_cbc,mean_domain_loss,381.05016290822516,,180,60,True,1378.2518636282953,1385.8779151195247,1599.402231662014,1602.47449459314,586.3297335775185,1257.9999976899999,48014.05016290822,48227.333541403765,48510.784847867806,155.6225629808054,282.31757717402826,0.4525225225225225,151.87904799746556,381.05016290822516,0.0
X-n223-k34,222,cargo,ortools:robust_mean_1std_scaled_or_tools,robust_mean_1std_scaled_or_tools,ortools,True,True,True,34,47633.0,4.999718904495239,1.2643468379974365,6.264065742492676,1251.7100000000003,0.9950000000000002,pulp_cbc,mean_domain_loss,453.2221092278894,,180,60,True,1378.2518636282953,1385.8779151195247,1599.402231662014,1602.47449459314,1133.9010321173682,1258.00000022,48086.2221092279,48435.605826725674,48830.767534054256,155.86393391692275,282.5239361824813,0.43995495495495496,152.1204214635829,453.2221092278894,0.0
X-n223-k34,222,cold_chain,ortools:robust_mean_1std_scaled_or_tools,robust_mean_1std_scaled_or_tools,ortools,True,True,True,34,47633.0,4.999718904495239,1.1084167957305908,6.10813570022583,1251.7100000000003,0.9950000000000002,pulp_cbc,mean_domain_loss,550.1291828704235,,180,60,True,1378.2518636282953,1385.8779151195247,1599.402231662014,1602.47449459314,1292.5685490313872,1257.99999961,48424.999761371975,48684.445882804896,49064.26089399091,155.79202578393782,282.36922328321214,0.4450900900900901,152.04851272059793,550.1291828704235,241.87057850154994
X-n223-k34,222,atm,ortools:robust_mean_2std_scaled_or_tools,robust_mean_2std_scaled_or_tools,ortools,False,False,False,0,,0.0,,0.0,1251.7100000000003,0.9950000000000002,pulp_cbc,mean_domain_loss,,total_load_exceeds_fleet_capacity,180,60,True,1378.2518636282953,1385.8779151195247,1599.402231662014,1602.47449459314,,,,,,,,,,,
X-n223-k34,222,grocery,ortools:robust_mean_2std_scaled_or_tools,robust_mean_2std_scaled_or_tools,ortools,False,False,False,0,,0.0,,0.0,1251.7100000000003,0.9950000000000002,pulp_cbc,mean_domain_loss,,total_load_exceeds_fleet_capacity,180,60,True,1378.2518636282953,1385.8779151195247,1599.402231662014,1602.47449459314,,,,,,,,,,,
X-n223-k34,222,cargo,ortools:robust_mean_2std_scaled_or_tools,robust_mean_2std_scaled_or_tools,ortools,False,False,False,0,,0.0,,0.0,1251.7100000000003,0.9950000000000002,pulp_cbc,mean_domain_loss,,total_load_exceeds_fleet_capacity,180,60,True,1378.2518636282953,1385.8779151195247,1599.402231662014,1602.47449459314,,,,,,,,,,,
X-n223-k34,222,cold_chain,ortools:robust_mean_2std_scaled_or_tools,robust_mean_2std_scaled_or_tools,ortools,False,False,False,0,,0.0,,0.0,1251.7100000000003,0.9950000000000002,pulp_cbc,mean_domain_loss,,total_load_exceeds_fleet_capacity,180,60,True,1378.2518636282953,1385.8779151195247,1599.402231662014,1602.47449459314,,,,,,,,,,,
X-n223-k34,222,atm,ortools:nominal_seed101_or_tools,nominal_seed101_or_tools,ortools,True,True,True,34,44090.0,5.0251758098602295,1.240889072418213,6.266064882278442,1234.0,0.9809220985691574,pulp_cbc,mean_domain_loss,614.5431853551596,,180,60,True,1378.2518636282953,1385.8779151195247,1599.402231662014,1602.47449459314,1271.645227349693,1258.00000012,44704.54318535517,45167.20751839729,45685.34488576975,157.85690988161375,285.5841427592536,0.464954954954955,154.11339732827386,614.5431853551596,0.0
X-n223-k34,222,grocery,ortools:nominal_seed101_or_tools,nominal_seed101_or_tools,ortools,True,True,True,34,44090.0,5.0251758098602295,1.0311601161956787,6.056335926055908,1234.0,0.9809220985691574,pulp_cbc,mean_domain_loss,385.9892504296259,,180,60,True,1378.2518636282953,1385.8779151195247,1599.402231662014,1602.47449459314,592.0647584629992,1258.00000055,44475.98925042963,44689.27190964506,44971.55481132287,157.81290788369554,284.68786600768226,0.4631081081081081,154.0693957603557,385.9892504296259,0.0
X-n223-k34,222,cargo,ortools:nominal_seed101_or_tools,nominal_seed101_or_tools,ortools,True,True,True,34,44090.0,5.0251758098602295,1.1236627101898193,6.148838520050049,1234.0,0.9809220985691574,pulp_cbc,mean_domain_loss,462.49084954499915,,180,60,True,1378.2518636282953,1385.8779151195247,1599.402231662014,1602.47449459314,1148.5036912554676,1257.99999987,44552.490849545,44907.13895239164,45299.367849752176,158.08840239060027,287.9218808022766,0.4578378378378378,154.3448895872604,462.49084954499915,0.0
X-n223-k34,222,cold_chain,ortools:nominal_seed101_or_tools,nominal_seed101_or_tools,ortools,True,True,True,34,44090.0,5.0251758098602295,1.099560260772705,6.124736070632935,1234.0,0.9809220985691574,pulp_cbc,mean_domain_loss,556.6259612750571,,180,60,True,1378.2518636282953,1385.8779151195247,1599.402231662014,1602.47449459314,1293.8526754387576,1257.9999996400002,44880.424903047366,45140.08133401514,45519.64331736458,157.82643966336872,286.99000002431785,0.45666666666666667,154.08292663002885,556.6259612750571,233.79894177231054
X-n223-k34,222,atm,ortools:nominal_seed103_or_tools,nominal_seed103_or_tools,ortools,True,True,True,34,43892.0,4.999906301498413,1.1040771007537842,6.103983402252197,1234.0,0.9809220985691574,pulp_cbc,mean_domain_loss,613.6990689932043,,180,60,True,1378.2518636282953,1385.8779151195247,1599.402231662014,1602.47449459314,1268.4895252290453,1257.99999923,44505.699068993206,44963.78791222192,45486.953225235055,157.6142441751907,284.95109972829226,0.45707207207207207,153.87073073185084,613.6990689932043,0.0
X-n223-k34,222,grocery,ortools:nominal_seed103_or_tools,nominal_seed103_or_tools,ortools,True,True,True,34,43892.0,4.999906301498413,1.1150059700012207,6.114912271499634,1234.0,0.9809220985691574,pulp_cbc,mean_domain_loss,385.41862988109096,,180,60,True,1378.2518636282953,1385.8779151195247,1599.402231662014,1602.47449459314,590.223912067686,1257.99999798,44277.41862988109,44487.48729449044,44773.50235919158,157.51571549867583,284.8333750011646,0.4549099099099099,153.77220080533593,385.41862988109096,0.0
X-n223-k34,222,cargo,ortools:nominal_seed103_or_tools,nominal_seed103_or_tools,ortools,True,True,True,34,43892.0,4.999906301498413,1.1734309196472168,6.17333722114563,1234.0,0.9809220985691574,pulp_cbc,mean_domain_loss,461.9264193535395,,180,60,True,1378.2518636282953,1385.8779151195247,1599.402231662014,1602.47449459314,1146.0027637224207,1257.99999967,44353.92641935354,44705.763789895325,45100.37029796139,157.8038435058992,286.14129781825415,0.45036036036036037,154.0603305025594,461.9264193535395,0.0
X-n223-k34,222,cold_chain,ortools:nominal_seed103_or_tools,nominal_seed103_or_tools,ortools,True,True,True,34,43892.0,4.999906301498413,1.192305326461792,6.192211627960205,1234.0,0.9809220985691574,pulp_cbc,mean_domain_loss,555.7362090788927,,180,60,True,1378.2518636282953,1385.8779151195247,1599.402231662014,1602.47449459314,1288.8863220631604,1258.0000020000002,44679.50548849129,44930.9870977034,45317.74107013202,157.5935709159611,284.51697917582845,0.45234234234234233,153.85006024262125,555.7362090788927,231.76927941239916
X-n223-k34,222,atm,ortools:proxy_mean_scaled_seed109_or_tools,proxy_mean_scaled_seed109_or_tools,ortools,True,True,True,34,44102.0,5.000697135925293,1.0592155456542969,6.05991268157959,1251.71,0.995,pulp_cbc,mean_domain_loss,612.5667089078572,,180,60,True,1378.2518636282953,1385.8779151195247,1599.402231662014,1602.47449459314,1267.6141763596297,1258.00000256,44714.56670890785,45181.46945500586,45699.22063744006,157.36025828944352,285.71981952282675,0.4571171171171171,153.61674817610364,612.5667089078572,0.0
X-n223-k34,222,grocery,ortools:proxy_mean_scaled_seed109_or_tools,proxy_mean_scaled_seed109_or_tools,ortools,True,True,True,34,44102.0,5.000697135925293,1.074587106704712,6.075284242630005,1251.71,0.995,pulp_cbc,mean_domain_loss,384.73845482122016,,180,60,True,1378.2518636282953,1385.8779151195247,1599.402231662014,1602.47449459314,590.148374351095,1257.99999819,44486.738454821214,44700.32044028762,44984.318808701835,157.1518338529279,284.12734307450205,0.4540540540540541,153.40831936958804,384.73845482122016,0.0
X-n223-k34,222,cargo,ortools:proxy_mean_scaled_seed109_or_tools,proxy_mean_scaled_seed109_or_tools,ortools,True,True,True,34,44102.0,5.000697135925293,1.0724711418151855,6.0731682777404785,1251.71,0.995,pulp_cbc,mean_domain_loss,461.18837752001446,,180,60,True,1378.2518636282953,1385.8779151195247,1599.402231662014,1602.47449459314,1143.1164491054126,1257.9999992799999,44563.18837752001,44917.611924676436,45311.41373789466,158.00654089849706,286.9460491832256,0.4483333333333333,154.2630275051572,461.18837752001446,0.0
X-n223-k34,222,cold_chain,ortools:proxy_mean_scaled_seed109_or_tools,proxy_mean_scaled_seed109_or_tools,ortools,True,True,True,34,44102.0,5.000697135925293,1.131627082824707,6.13232421875,1251.71,0.995,pulp_cbc,mean_domain_loss,555.1716762112185,,180,60,True,1378.2518636282953,1385.8779151195247,1599.402231662014,1602.47449459314,1288.164205390731,1258.0000004899998,44888.91944091769,45146.200134511106,45529.983338590464,157.38961205991345,285.3646747345062,0.44725225225225224,153.6460998765736,555.1716762112185,231.74776470647427
X-n223-k34,222,atm,ortools:quantile_p75_scaled_seed107_or_tools,quantile_p75_scaled_seed107_or_tools,ortools,True,True,True,34,44117.0,5.00199294090271,1.0614304542541504,6.06342339515686,1251.71,0.995,pulp_cbc,mean_domain_loss,605.7577612639852,,180,60,True,1378.2518636282953,1385.8779151195247,1599.402231662014,1602.47449459314,1261.1198400428107,1258.0000003200003,44722.757761263994,45183.60190208585,45703.26232691842,155.94624354897965,281.42692593604454,0.46,152.20273119563979,605.7577612639852,0.0
X-n223-k34,222,grocery,ortools:quantile_p75_scaled_seed107_or_tools,quantile_p75_scaled_seed107_or_tools,ortools,True,True,True,34,44117.0,5.00199294090271,1.1516826152801514,6.153675556182861,1251.71,0.995,pulp_cbc,mean_domain_loss,381.35217177111605,,180,60,True,1378.2518636282953,1385.8779151195247,1599.402231662014,1602.47449459314,586.952041635479,1257.99999926,44498.35217177113,44709.63190793213,44992.95008777494,155.8155831075288,280.7274385369053,0.45594594594594595,152.0720696941889,381.35217177111605,0.0
X-n223-k34,222,cargo,ortools:quantile_p75_scaled_seed107_or_tools,quantile_p75_scaled_seed107_or_tools,ortools,True,True,True,34,44117.0,5.00199294090271,1.1802124977111816,6.182205438613892,1251.71,0.995,pulp_cbc,mean_domain_loss,453.7841506081573,,180,60,True,1378.2518636282953,1385.8779151195247,1599.402231662014,1602.47449459314,1134.8960102964345,1258.00000079,44570.78415060815,44918.36683642017,45313.60216376686,156.28628816231947,281.83031075133675,0.45157657657657657,152.5427762789796,453.7841506081573,0.0
X-n223-k34,222,cold_chain,ortools:quantile_p75_scaled_seed107_or_tools,quantile_p75_scaled_seed107_or_tools,ortools,True,True,True,34,44117.0,5.00199294090271,1.1943049430847168,6.196297883987427,1251.71,0.995,pulp_cbc,mean_domain_loss,550.5376409523228,,180,60,True,1378.2518636282953,1385.8779151195247,1599.402231662014,1602.47449459314,1284.5349569722835,1257.99999823,44900.584650752295,45158.60540181384,45538.28475872554,156.1528862501361,282.55066068777245,0.4527027027027027,152.40937180679626,550.5376409523228,233.04700979995894
X-n223-k34,222,atm,ortools:robust_mean_1std_scaled_seed113_or_tools,robust_mean_1std_scaled_seed113_or_tools,ortools,False,False,False,0,,5.002606153488159,,5.002606153488159,1251.7100000000003,0.9950000000000002,pulp_cbc,mean_domain_loss,,ortools_no_solution,180,60,True,1378.2518636282953,1385.8779151195247,1599.402231662014,1602.47449459314,,,,,,,,,,,
X-n223-k34,222,grocery,ortools:robust_mean_1std_scaled_seed113_or_tools,robust_mean_1std_scaled_seed113_or_tools,ortools,False,False,False,0,,5.002606153488159,,5.002606153488159,1251.7100000000003,0.9950000000000002,pulp_cbc,mean_domain_loss,,ortools_no_solution,180,60,True,1378.2518636282953,1385.8779151195247,1599.402231662014,1602.47449459314,,,,,,,,,,,
X-n223-k34,222,cargo,ortools:robust_mean_1std_scaled_seed113_or_tools,robust_mean_1std_scaled_seed113_or_tools,ortools,False,False,False,0,,5.002606153488159,,5.002606153488159,1251.7100000000003,0.9950000000000002,pulp_cbc,mean_domain_loss,,ortools_no_solution,180,60,True,1378.2518636282953,1385.8779151195247,1599.402231662014,1602.47449459314,,,,,,,,,,,
X-n223-k34,222,cold_chain,ortools:robust_mean_1std_scaled_seed113_or_tools,robust_mean_1std_scaled_seed113_or_tools,ortools,False,False,False,0,,5.002606153488159,,5.002606153488159,1251.7100000000003,0.9950000000000002,pulp_cbc,mean_domain_loss,,ortools_no_solution,180,60,True,1378.2518636282953,1385.8779151195247,1599.402231662014,1602.47449459314,,,,,,,,,,,
X-n228-k23,227,atm,ortools:nominal_or_tools,nominal_or_tools,ortools,True,True,True,23,30349.0,5.002960205078125,1.290475845336914,6.293436050415039,3478.0,0.9819311123658949,pulp_cbc,mean_domain_loss,1932.4947434032856,,180,60,True,3871.187173963408,3880.369089269405,4574.970830957401,4579.389746009339,3701.579847603631,3541.9999967899994,32281.49474340328,33527.26912305699,34758.772869064625,480.279808805464,803.3319447531271,0.4643612334801762,452.5967457224303,1932.4947434032856,0.0
X-n228-k23,227,grocery,ortools:nominal_or_tools,nominal_or_tools,ortools,True,True,True,23,30349.0,5.002960205078125,1.1529500484466553,6.15591025352478,3478.0,0.9819311123658949,pulp_cbc,mean_domain_loss,1209.510749296349,,180,60,True,3871.187173963408,3880.369089269405,4574.970830957401,4579.389746009339,1768.0600270341054,3541.9999958199996,31558.51074929635,32149.875605177687,32816.21911640059,479.52488251563693,800.260408742767,0.4573568281938326,451.8418184626033,1209.510749296349,0.0
X-n228-k23,227,cargo,ortools:nominal_or_tools,nominal_or_tools,ortools,True,True,True,23,30349.0,5.002960205078125,1.3541765213012695,6.3571367263793945,3478.0,0.9819311123658949,pulp_cbc,mean_domain_loss,1452.5319315968861,,180,60,True,3871.187173963408,3880.369089269405,4574.970830957401,4579.389746009339,3296.5804808211305,3542.0000015999995,31801.53193159689,32795.49950702219,33678.71290420934,483.3169529166622,808.6677234927962,0.45220264317180614,455.6338946436286,1452.5319315968861,0.0
X-n228-k23,227,cold_chain,ortools:nominal_or_tools,nominal_or_tools,ortools,True,True,True,23,30349.0,5.002960205078125,1.1619007587432861,6.164860963821411,3478.0,0.9819311123658949,pulp_cbc,mean_domain_loss,1753.5634629357414,,180,60,True,3871.187173963408,3880.369089269405,4574.970830957401,4579.389746009339,3767.1863865951536,3541.99999673,32740.61240900832,33492.58907880021,34360.44494836638,480.7003782413628,799.8416031363696,0.4531718061674009,453.0173150983292,1753.5634629357414,638.0489460725779
X-n228-k23,227,atm,ortools:proxy_mean_or_tools,proxy_mean_or_tools,ortools,False,False,False,0,,0.0,,0.0,3871.187173963407,1.0929382196395843,pulp_cbc,mean_domain_loss,,total_load_exceeds_fleet_capacity,180,60,True,3871.187173963408,3880.369089269405,4574.970830957401,4579.389746009339,,,,,,,,,,,
X-n228-k23,227,grocery,ortools:proxy_mean_or_tools,proxy_mean_or_tools,ortools,False,False,False,0,,0.0,,0.0,3871.187173963407,1.0929382196395843,pulp_cbc,mean_domain_loss,,total_load_exceeds_fleet_capacity,180,60,True,3871.187173963408,3880.369089269405,4574.970830957401,4579.389746009339,,,,,,,,,,,
X-n228-k23,227,cargo,ortools:proxy_mean_or_tools,proxy_mean_or_tools,ortools,False,False,False,0,,0.0,,0.0,3871.187173963407,1.0929382196395843,pulp_cbc,mean_domain_loss,,total_load_exceeds_fleet_capacity,180,60,True,3871.187173963408,3880.369089269405,4574.970830957401,4579.389746009339,,,,,,,,,,,
X-n228-k23,227,cold_chain,ortools:proxy_mean_or_tools,proxy_mean_or_tools,ortools,False,False,False,0,,0.0,,0.0,3871.187173963407,1.0929382196395843,pulp_cbc,mean_domain_loss,,total_load_exceeds_fleet_capacity,180,60,True,3871.187173963408,3880.369089269405,4574.970830957401,4579.389746009339,,,,,,,,,,,
X-n228-k23,227,atm,ortools:quantile_p75_or_tools,quantile_p75_or_tools,ortools,False,False,False,0,,0.0,,0.0,4556.243803037865,1.2863477704793522,pulp_cbc,mean_domain_loss,,total_load_exceeds_fleet_capacity,180,60,True,3871.187173963408,3880.369089269405,4574.970830957401,4579.389746009339,,,,,,,,,,,
X-n228-k23,227,grocery,ortools:quantile_p75_or_tools,quantile_p75_or_tools,ortools,False,False,False,0,,0.0,,0.0,4556.243803037865,1.2863477704793522,pulp_cbc,mean_domain_loss,,total_load_exceeds_fleet_capacity,180,60,True,3871.187173963408,3880.369089269405,4574.970830957401,4579.389746009339,,,,,,,,,,,
X-n228-k23,227,cargo,ortools:quantile_p75_or_tools,quantile_p75_or_tools,ortools,False,False,False,0,,0.0,,0.0,4556.243803037865,1.2863477704793522,pulp_cbc,mean_domain_loss,,total_load_exceeds_fleet_capacity,180,60,True,3871.187173963408,3880.369089269405,4574.970830957401,4579.389746009339,,,,,,,,,,,
X-n228-k23,227,cold_chain,ortools:quantile_p75_or_tools,quantile_p75_or_tools,ortools,False,False,False,0,,0.0,,0.0,4556.243803037865,1.2863477704793522,pulp_cbc,mean_domain_loss,,total_load_exceeds_fleet_capacity,180,60,True,3871.187173963408,3880.369089269405,4574.970830957401,4579.389746009339,,,,,,,,,,,
X-n228-k23,227,atm,ortools:quantile_p90_or_tools,quantile_p90_or_tools,ortools,False,False,False,0,,0.0,,0.0,5584.6445303042965,1.5766924139763683,pulp_cbc,mean_domain_loss,,single_node_exceeds_capacity,180,60,True,3871.187173963408,3880.369089269405,4574.970830957401,4579.389746009339,,,,,,,,,,,
X-n228-k23,227,grocery,ortools:quantile_p90_or_tools,quantile_p90_or_tools,ortools,False,False,False,0,,0.0,,0.0,5584.6445303042965,1.5766924139763683,pulp_cbc,mean_domain_loss,,single_node_exceeds_capacity,180,60,True,3871.187173963408,3880.369089269405,4574.970830957401,4579.389746009339,,,,,,,,,,,
X-n228-k23,227,cargo,ortools:quantile_p90_or_tools,quantile_p90_or_tools,ortools,False,False,False,0,,0.0,,0.0,5584.6445303042965,1.5766924139763683,pulp_cbc,mean_domain_loss,,single_node_exceeds_capacity,180,60,True,3871.187173963408,3880.369089269405,4574.970830957401,4579.389746009339,,,,,,,,,,,
X-n228-k23,227,cold_chain,ortools:quantile_p90_or_tools,quantile_p90_or_tools,ortools,False,False,False,0,,0.0,,0.0,5584.6445303042965,1.5766924139763683,pulp_cbc,mean_domain_loss,,single_node_exceeds_capacity,180,60,True,3871.187173963408,3880.369089269405,4574.970830957401,4579.389746009339,,,,,,,,,,,
X-n228-k23,227,atm,ortools:robust_mean_1std_or_tools,robust_mean_1std_or_tools,ortools,False,False,False,0,,0.0,,0.0,5202.3356349219775,1.4687565315985256,pulp_cbc,mean_domain_loss,,single_node_exceeds_capacity,180,60,True,3871.187173963408,3880.369089269405,4574.970830957401,4579.389746009339,,,,,,,,,,,
X-n228-k23,227,grocery,ortools:robust_mean_1std_or_tools,robust_mean_1std_or_tools,ortools,False,False,False,0,,0.0,,0.0,5202.3356349219775,1.4687565315985256,pulp_cbc,mean_domain_loss,,single_node_exceeds_capacity,180,60,True,3871.187173963408,3880.369089269405,4574.970830957401,4579.389746009339,,,,,,,,,,,
X-n228-k23,227,cargo,ortools:robust_mean_1std_or_tools,robust_mean_1std_or_tools,ortools,False,False,False,0,,0.0,,0.0,5202.3356349219775,1.4687565315985256,pulp_cbc,mean_domain_loss,,single_node_exceeds_capacity,180,60,True,3871.187173963408,3880.369089269405,4574.970830957401,4579.389746009339,,,,,,,,,,,
X-n228-k23,227,cold_chain,ortools:robust_mean_1std_or_tools,robust_mean_1std_or_tools,ortools,False,False,False,0,,0.0,,0.0,5202.3356349219775,1.4687565315985256,pulp_cbc,mean_domain_loss,,single_node_exceeds_capacity,180,60,True,3871.187173963408,3880.369089269405,4574.970830957401,4579.389746009339,,,,,,,,,,,
X-n228-k23,227,atm,ortools:robust_mean_2std_or_tools,robust_mean_2std_or_tools,ortools,False,False,False,0,,0.0,,0.0,6533.484095880547,1.8445748435574667,pulp_cbc,mean_domain_loss,,single_node_exceeds_capacity,180,60,True,3871.187173963408,3880.369089269405,4574.970830957401,4579.389746009339,,,,,,,,,,,
X-n228-k23,227,grocery,ortools:robust_mean_2std_or_tools,robust_mean_2std_or_tools,ortools,False,False,False,0,,0.0,,0.0,6533.484095880547,1.8445748435574667,pulp_cbc,mean_domain_loss,,single_node_exceeds_capacity,180,60,True,3871.187173963408,3880.369089269405,4574.970830957401,4579.389746009339,,,,,,,,,,,
X-n228-k23,227,cargo,ortools:robust_mean_2std_or_tools,robust_mean_2std_or_tools,ortools,False,False,False,0,,0.0,,0.0,6533.484095880547,1.8445748435574667,pulp_cbc,mean_domain_loss,,single_node_exceeds_capacity,180,60,True,3871.187173963408,3880.369089269405,4574.970830957401,4579.389746009339,,,,,,,,,,,
X-n228-k23,227,cold_chain,ortools:robust_mean_2std_or_tools,robust_mean_2std_or_tools,ortools,False,False,False,0,,0.0,,0.0,6533.484095880547,1.8445748435574667,pulp_cbc,mean_domain_loss,,single_node_exceeds_capacity,180,60,True,3871.187173963408,3880.369089269405,4574.970830957401,4579.389746009339,,,,,,,,,,,
X-n228-k23,227,atm,ortools:proxy_mean_scaled_or_tools,proxy_mean_scaled_or_tools,ortools,True,True,True,23,33383.0,5.0014495849609375,1.2113845348358154,6.212834119796753,3524.2900000000004,0.9950000000000001,pulp_cbc,mean_domain_loss,1931.0868540360766,,180,60,True,3871.187173963408,3880.369089269405,4574.970830957401,4579.389746009339,3690.1591800177134,3542.0000039099996,35314.08685403608,36591.88263581611,37794.38698347174,480.3454253337775,811.3822012937558,0.4742290748898678,452.66236937074376,1931.0868540360766,0.0
X-n228-k23,227,grocery,ortools:proxy_mean_scaled_or_tools,proxy_mean_scaled_or_tools,ortools,True,True,True,23,33383.0,5.0014495849609375,1.1480364799499512,6.149486064910889,3524.2900000000004,0.9950000000000001,pulp_cbc,mean_domain_loss,1208.4218402323977,,180,60,True,3871.187173963408,3880.369089269405,4574.970830957401,4579.389746009339,1762.0176232923152,3541.9999989199996,34591.4218402324,35210.67442526068,35852.52326626371,479.2656645989917,810.1528224832597,0.4694273127753304,451.5826036459582,1208.4218402323977,0.0
X-n228-k23,227,cargo,ortools:proxy_mean_scaled_or_tools,proxy_mean_scaled_or_tools,ortools,True,True,True,23,33383.0,5.0014495849609375,1.274533987045288,6.275983572006226,3524.2900000000004,0.9950000000000001,pulp_cbc,mean_domain_loss,1452.3115572460183,,180,60,True,3871.187173963408,3880.369089269405,4574.970830957401,4579.389746009339,3282.699525840719,3541.9999947399997,34835.31155724602,35834.117259358805,36715.16126441839,484.42517647752817,812.5304730648375,0.4706167400881057,456.7421113444945,1452.3115572460183,0.0
X-n228-k23,227,cold_chain,ortools:proxy_mean_scaled_or_tools,proxy_mean_scaled_or_tools,ortools,True,True,True,23,33383.0,5.0014495849609375,1.1958556175231934,6.197305202484131,3524.2900000000004,0.9950000000000001,pulp_cbc,mean_domain_loss,1750.4527513020262,,180,60,True,3871.187173963408,3880.369089269405,4574.970830957401,4579.389746009339,3684.697210189243,3542.0000009200003,35703.7865983556,36474.46064509625,37329.80814094097,482.0631548481895,810.6504211584759,0.4716299559471366,454.3800958951558,1750.4527513020262,570.3338470535714
X-n228-k23,227,atm,ortools:quantile_p75_scaled_or_tools,quantile_p75_scaled_or_tools,ortools,False,False,False,0,,5.005172252655029,,5.005172252655029,3524.2899999999995,0.9949999999999999,pulp_cbc,mean_domain_loss,,ortools_no_solution,180,60,True,3871.187173963408,3880.369089269405,4574.970830957401,4579.389746009339,,,,,,,,,,,
X-n228-k23,227,grocery,ortools:quantile_p75_scaled_or_tools,quantile_p75_scaled_or_tools,ortools,False,False,False,0,,5.005172252655029,,5.005172252655029,3524.2899999999995,0.9949999999999999,pulp_cbc,mean_domain_loss,,ortools_no_solution,180,60,True,3871.187173963408,3880.369089269405,4574.970830957401,4579.389746009339,,,,,,,,,,,
X-n228-k23,227,cargo,ortools:quantile_p75_scaled_or_tools,quantile_p75_scaled_or_tools,ortools,False,False,False,0,,5.005172252655029,,5.005172252655029,3524.2899999999995,0.9949999999999999,pulp_cbc,mean_domain_loss,,ortools_no_solution,180,60,True,3871.187173963408,3880.369089269405,4574.970830957401,4579.389746009339,,,,,,,,,,,
X-n228-k23,227,cold_chain,ortools:quantile_p75_scaled_or_tools,quantile_p75_scaled_or_tools,ortools,False,False,False,0,,5.005172252655029,,5.005172252655029,3524.2899999999995,0.9949999999999999,pulp_cbc,mean_domain_loss,,ortools_no_solution,180,60,True,3871.187173963408,3880.369089269405,4574.970830957401,4579.389746009339,,,,,,,,,,,
X-n228-k23,227,atm,ortools:quantile_p90_scaled_or_tools,quantile_p90_scaled_or_tools,ortools,False,False,False,0,,5.004305124282837,,5.004305124282837,3524.290000000001,0.9950000000000002,pulp_cbc,mean_domain_loss,,ortools_no_solution,180,60,True,3871.187173963408,3880.369089269405,4574.970830957401,4579.389746009339,,,,,,,,,,,
X-n228-k23,227,grocery,ortools:quantile_p90_scaled_or_tools,quantile_p90_scaled_or_tools,ortools,False,False,False,0,,5.004305124282837,,5.004305124282837,3524.290000000001,0.9950000000000002,pulp_cbc,mean_domain_loss,,ortools_no_solution,180,60,True,3871.187173963408,3880.369089269405,4574.970830957401,4579.389746009339,,,,,,,,,,,
X-n228-k23,227,cargo,ortools:quantile_p90_scaled_or_tools,quantile_p90_scaled_or_tools,ortools,False,False,False,0,,5.004305124282837,,5.004305124282837,3524.290000000001,0.9950000000000002,pulp_cbc,mean_domain_loss,,ortools_no_solution,180,60,True,3871.187173963408,3880.369089269405,4574.970830957401,4579.389746009339,,,,,,,,,,,
X-n228-k23,227,cold_chain,ortools:quantile_p90_scaled_or_tools,quantile_p90_scaled_or_tools,ortools,False,False,False,0,,5.004305124282837,,5.004305124282837,3524.290000000001,0.9950000000000002,pulp_cbc,mean_domain_loss,,ortools_no_solution,180,60,True,3871.187173963408,3880.369089269405,4574.970830957401,4579.389746009339,,,,,,,,,,,
X-n228-k23,227,atm,ortools:robust_mean_1std_scaled_or_tools,robust_mean_1std_scaled_or_tools,ortools,False,False,False,0,,0.0,,0.0,3524.29,0.995,pulp_cbc,mean_domain_loss,,total_load_exceeds_fleet_capacity,180,60,True,3871.187173963408,3880.369089269405,4574.970830957401,4579.389746009339,,,,,,,,,,,
X-n228-k23,227,grocery,ortools:robust_mean_1std_scaled_or_tools,robust_mean_1std_scaled_or_tools,ortools,False,False,False,0,,0.0,,0.0,3524.29,0.995,pulp_cbc,mean_domain_loss,,total_load_exceeds_fleet_capacity,180,60,True,3871.187173963408,3880.369089269405,4574.970830957401,4579.389746009339,,,,,,,,,,,
X-n228-k23,227,cargo,ortools:robust_mean_1std_scaled_or_tools,robust_mean_1std_scaled_or_tools,ortools,False,False,False,0,,0.0,,0.0,3524.29,0.995,pulp_cbc,mean_domain_loss,,total_load_exceeds_fleet_capacity,180,60,True,3871.187173963408,3880.369089269405,4574.970830957401,4579.389746009339,,,,,,,,,,,
X-n228-k23,227,cold_chain,ortools:robust_mean_1std_scaled_or_tools,robust_mean_1std_scaled_or_tools,ortools,False,False,False,0,,0.0,,0.0,3524.29,0.995,pulp_cbc,mean_domain_loss,,total_load_exceeds_fleet_capacity,180,60,True,3871.187173963408,3880.369089269405,4574.970830957401,4579.389746009339,,,,,,,,,,,
X-n228-k23,227,atm,ortools:robust_mean_2std_scaled_or_tools,robust_mean_2std_scaled_or_tools,ortools,False,False,False,0,,5.003828763961792,,5.003828763961792,3524.2900000000004,0.9950000000000001,pulp_cbc,mean_domain_loss,,ortools_no_solution,180,60,True,3871.187173963408,3880.369089269405,4574.970830957401,4579.389746009339,,,,,,,,,,,
X-n228-k23,227,grocery,ortools:robust_mean_2std_scaled_or_tools,robust_mean_2std_scaled_or_tools,ortools,False,False,False,0,,5.003828763961792,,5.003828763961792,3524.2900000000004,0.9950000000000001,pulp_cbc,mean_domain_loss,,ortools_no_solution,180,60,True,3871.187173963408,3880.369089269405,4574.970830957401,4579.389746009339,,,,,,,,,,,
X-n228-k23,227,cargo,ortools:robust_mean_2std_scaled_or_tools,robust_mean_2std_scaled_or_tools,ortools,False,False,False,0,,5.003828763961792,,5.003828763961792,3524.2900000000004,0.9950000000000001,pulp_cbc,mean_domain_loss,,ortools_no_solution,180,60,True,3871.187173963408,3880.369089269405,4574.970830957401,4579.389746009339,,,,,,,,,,,
X-n228-k23,227,cold_chain,ortools:robust_mean_2std_scaled_or_tools,robust_mean_2std_scaled_or_tools,ortools,False,False,False,0,,5.003828763961792,,5.003828763961792,3524.2900000000004,0.9950000000000001,pulp_cbc,mean_domain_loss,,ortools_no_solution,180,60,True,3871.187173963408,3880.369089269405,4574.970830957401,4579.389746009339,,,,,,,,,,,
X-n228-k23,227,atm,ortools:nominal_seed101_or_tools,nominal_seed101_or_tools,ortools,True,True,True,23,31166.0,5.001343727111816,1.2250556945800781,6.2263994216918945,3478.0,0.9819311123658949,pulp_cbc,mean_domain_loss,1950.6880920278747,,180,60,True,3871.187173963408,3880.369089269405,4574.970830957401,4579.389746009339,3723.58008518691,3542.00000044,33116.68809202787,34333.09300768345,35583.74221615966,484.7564835146918,799.509838321593,0.47070484581497796,457.07342408165806,1950.6880920278747,0.0
X-n228-k23,227,grocery,ortools:nominal_seed101_or_tools,nominal_seed101_or_tools,ortools,True,True,True,23,31166.0,5.001343727111816,1.2430572509765625,6.244400978088379,3478.0,0.9819311123658949,pulp_cbc,mean_domain_loss,1218.2062823796543,,180,60,True,3871.187173963408,3880.369089269405,4574.970830957401,4579.389746009339,1780.6792871371401,3541.99999832,32384.206282379655,32965.21537570868,33637.70278708807,483.2899041517055,796.9975537216735,0.4643612334801762,455.6068425986718,1218.2062823796543,0.0
X-n228-k23,227,cargo,ortools:nominal_seed101_or_tools,nominal_seed101_or_tools,ortools,True,True,True,23,31166.0,5.001343727111816,1.398019552230835,6.399363279342651,3478.0,0.9819311123658949,pulp_cbc,mean_domain_loss,1469.774144649997,,180,60,True,3871.187173963408,3880.369089269405,4574.970830957401,4579.389746009339,3315.7509001439416,3542.00000023,32635.77414465,33604.73910778383,34507.29024319612,488.8284737266071,803.3420543531133,0.4679295154185022,461.1454140835733,1469.774144649997,0.0
X-n228-k23,227,cold_chain,ortools:nominal_seed101_or_tools,nominal_seed101_or_tools,ortools,True,True,True,23,31166.0,5.001343727111816,1.2255685329437256,6.226912260055542,3478.0,0.9819311123658949,pulp_cbc,mean_domain_loss,1765.6414003613797,,180,60,True,3871.187173963408,3880.369089269405,4574.970830957401,4579.389746009339,3770.7588813418715,3541.9999991400005,33556.350206834155,34342.4962167918,35175.33650387552,484.53936991421955,795.8975308764625,0.4654625550660793,456.856309181186,1765.6414003613797,624.7088064727726
X-n228-k23,227,atm,ortools:nominal_seed103_or_tools,nominal_seed103_or_tools,ortools,False,False,False,0,,5.002654552459717,,5.002654552459717,3478.0,0.9819311123658949,pulp_cbc,mean_domain_loss,,ortools_no_solution,180,60,True,3871.187173963408,3880.369089269405,4574.970830957401,4579.389746009339,,,,,,,,,,,
X-n228-k23,227,grocery,ortools:nominal_seed103_or_tools,nominal_seed103_or_tools,ortools,False,False,False,0,,5.002654552459717,,5.002654552459717,3478.0,0.9819311123658949,pulp_cbc,mean_domain_loss,,ortools_no_solution,180,60,True,3871.187173963408,3880.369089269405,4574.970830957401,4579.389746009339,,,,,,,,,,,
X-n228-k23,227,cargo,ortools:nominal_seed103_or_tools,nominal_seed103_or_tools,ortools,False,False,False,0,,5.002654552459717,,5.002654552459717,3478.0,0.9819311123658949,pulp_cbc,mean_domain_loss,,ortools_no_solution,180,60,True,3871.187173963408,3880.369089269405,4574.970830957401,4579.389746009339,,,,,,,,,,,
X-n228-k23,227,cold_chain,ortools:nominal_seed103_or_tools,nominal_seed103_or_tools,ortools,False,False,False,0,,5.002654552459717,,5.002654552459717,3478.0,0.9819311123658949,pulp_cbc,mean_domain_loss,,ortools_no_solution,180,60,True,3871.187173963408,3880.369089269405,4574.970830957401,4579.389746009339,,,,,,,,,,,
X-n228-k23,227,atm,ortools:proxy_mean_scaled_seed109_or_tools,proxy_mean_scaled_seed109_or_tools,ortools,False,False,False,0,,5.0051589012146,,5.0051589012146,3524.2900000000004,0.9950000000000001,pulp_cbc,mean_domain_loss,,ortools_no_solution,180,60,True,3871.187173963408,3880.369089269405,4574.970830957401,4579.389746009339,,,,,,,,,,,
X-n228-k23,227,grocery,ortools:proxy_mean_scaled_seed109_or_tools,proxy_mean_scaled_seed109_or_tools,ortools,False,False,False,0,,5.0051589012146,,5.0051589012146,3524.2900000000004,0.9950000000000001,pulp_cbc,mean_domain_loss,,ortools_no_solution,180,60,True,3871.187173963408,3880.369089269405,4574.970830957401,4579.389746009339,,,,,,,,,,,
X-n228-k23,227,cargo,ortools:proxy_mean_scaled_seed109_or_tools,proxy_mean_scaled_seed109_or_tools,ortools,False,False,False,0,,5.0051589012146,,5.0051589012146,3524.2900000000004,0.9950000000000001,pulp_cbc,mean_domain_loss,,ortools_no_solution,180,60,True,3871.187173963408,3880.369089269405,4574.970830957401,4579.389746009339,,,,,,,,,,,
X-n228-k23,227,cold_chain,ortools:proxy_mean_scaled_seed109_or_tools,proxy_mean_scaled_seed109_or_tools,ortools,False,False,False,0,,5.0051589012146,,5.0051589012146,3524.2900000000004,0.9950000000000001,pulp_cbc,mean_domain_loss,,ortools_no_solution,180,60,True,3871.187173963408,3880.369089269405,4574.970830957401,4579.389746009339,,,,,,,,,,,
X-n228-k23,227,atm,ortools:quantile_p75_scaled_seed107_or_tools,quantile_p75_scaled_seed107_or_tools,ortools,False,False,False,0,,5.001706838607788,,5.001706838607788,3524.2899999999995,0.9949999999999999,pulp_cbc,mean_domain_loss,,ortools_no_solution,180,60,True,3871.187173963408,3880.369089269405,4574.970830957401,4579.389746009339,,,,,,,,,,,
X-n228-k23,227,grocery,ortools:quantile_p75_scaled_seed107_or_tools,quantile_p75_scaled_seed107_or_tools,ortools,False,False,False,0,,5.001706838607788,,5.001706838607788,3524.2899999999995,0.9949999999999999,pulp_cbc,mean_domain_loss,,ortools_no_solution,180,60,True,3871.187173963408,3880.369089269405,4574.970830957401,4579.389746009339,,,,,,,,,,,
X-n228-k23,227,cargo,ortools:quantile_p75_scaled_seed107_or_tools,quantile_p75_scaled_seed107_or_tools,ortools,False,False,False,0,,5.001706838607788,,5.001706838607788,3524.2899999999995,0.9949999999999999,pulp_cbc,mean_domain_loss,,ortools_no_solution,180,60,True,3871.187173963408,3880.369089269405,4574.970830957401,4579.389746009339,,,,,,,,,,,
X-n228-k23,227,cold_chain,ortools:quantile_p75_scaled_seed107_or_tools,quantile_p75_scaled_seed107_or_tools,ortools,False,False,False,0,,5.001706838607788,,5.001706838607788,3524.2899999999995,0.9949999999999999,pulp_cbc,mean_domain_loss,,ortools_no_solution,180,60,True,3871.187173963408,3880.369089269405,4574.970830957401,4579.389746009339,,,,,,,,,,,
X-n228-k23,227,atm,ortools:robust_mean_1std_scaled_seed113_or_tools,robust_mean_1std_scaled_seed113_or_tools,ortools,False,False,False,0,,0.0,,0.0,3524.29,0.995,pulp_cbc,mean_domain_loss,,total_load_exceeds_fleet_capacity,180,60,True,3871.187173963408,3880.369089269405,4574.970830957401,4579.389746009339,,,,,,,,,,,
X-n228-k23,227,grocery,ortools:robust_mean_1std_scaled_seed113_or_tools,robust_mean_1std_scaled_seed113_or_tools,ortools,False,False,False,0,,0.0,,0.0,3524.29,0.995,pulp_cbc,mean_domain_loss,,total_load_exceeds_fleet_capacity,180,60,True,3871.187173963408,3880.369089269405,4574.970830957401,4579.389746009339,,,,,,,,,,,
X-n228-k23,227,cargo,ortools:robust_mean_1std_scaled_seed113_or_tools,robust_mean_1std_scaled_seed113_or_tools,ortools,False,False,False,0,,0.0,,0.0,3524.29,0.995,pulp_cbc,mean_domain_loss,,total_load_exceeds_fleet_capacity,180,60,True,3871.187173963408,3880.369089269405,4574.970830957401,4579.389746009339,,,,,,,,,,,
X-n228-k23,227,cold_chain,ortools:robust_mean_1std_scaled_seed113_or_tools,robust_mean_1std_scaled_seed113_or_tools,ortools,False,False,False,0,,0.0,,0.0,3524.29,0.995,pulp_cbc,mean_domain_loss,,total_load_exceeds_fleet_capacity,180,60,True,3871.187173963408,3880.369089269405,4574.970830957401,4579.389746009339,,,,,,,,,,,
X-n237-k14,236,atm,ortools:nominal_or_tools,nominal_or_tools,ortools,True,True,True,14,29009.0,4.99995756149292,1.3210277557373047,6.320985317230225,236.0,0.9365079365079365,pulp_cbc,mean_domain_loss,106.92074236707346,,180,60,True,263.8174816145851,264.3221102784825,313.4568471108956,314.5631472546253,235.73985390516086,237.72165777,29115.920742367074,29196.709065762,29282.707953472313,28.248184831610534,50.96917353308239,0.4710169491525424,25.47272390457048,106.92074236707346,0.0
X-n237-k14,236,grocery,ortools:nominal_or_tools,nominal_or_tools,ortools,True,True,True,14,29009.0,4.99995756149292,1.46138596534729,6.46134352684021,236.0,0.9365079365079365,pulp_cbc,mean_domain_loss,66.39953275263633,,180,60,True,263.8174816145851,264.3221102784825,313.4568471108956,314.5631472546253,108.06576981675619,236.85561266000002,29075.39953275263,29114.37508360475,29159.42551734444,28.236058433231914,50.82442617402449,0.46961864406779663,24.594552396191865,66.39953275263633,0.0
X-n237-k14,236,cargo,ortools:nominal_or_tools,nominal_or_tools,ortools,True,True,True,14,29009.0,4.99995756149292,1.4430112838745117,6.442968845367432,236.0,0.9365079365079365,pulp_cbc,mean_domain_loss,81.194384082054,,180,60,True,263.8174816145851,264.3221102784825,313.4568471108956,314.5631472546253,215.80019971805058,237.93170183,29090.194384082053,29152.470973760304,29217.641214743104,28.415642244977384,51.465447907519106,0.4709322033898305,25.850225377937342,81.194384082054,0.0
X-n237-k14,236,cold_chain,ortools:nominal_or_tools,nominal_or_tools,ortools,True,True,True,14,29009.0,4.99995756149292,1.3919222354888916,6.3918797969818115,236.0,0.9365079365079365,pulp_cbc,mean_domain_loss,94.39519033063145,,180,60,True,263.8174816145851,264.3221102784825,313.4568471108956,314.5631472546253,236.24334280618575,236.90640724000002,29146.56188113991,29196.037207249312,29254.71078853808,28.346818469494888,50.94759867786966,0.4699576271186441,24.75610701245484,94.39519033063145,43.16669080928282
X-n237-k14,236,atm,ortools:proxy_mean_or_tools,proxy_mean_or_tools,ortools,True,True,True,14,29009.0,5.0009026527404785,1.3819665908813477,6.382869243621826,263.81748161458506,1.0468947683118455,pulp_cbc,mean_domain_loss,106.92074236707346,,180,60,True,263.8174816145851,264.3221102784825,313.4568471108956,314.5631472546253,235.73985390516086,237.72165777,29115.920742367074,29196.709065762,29282.707953472313,28.248184831610534,50.96917353308239,0.4710169491525424,25.47272390457048,106.92074236707346,0.0
X-n237-k14,236,grocery,ortools:proxy_mean_or_tools,proxy_mean_or_tools,ortools,True,True,True,14,29009.0,5.0009026527404785,1.4656872749328613,6.46658992767334,263.81748161458506,1.0468947683118455,pulp_cbc,mean_domain_loss,66.39953275263633,,180,60,True,263.8174816145851,264.3221102784825,313.4568471108956,314.5631472546253,108.06576981675619,236.85561266000002,29075.39953275263,29114.37508360475,29159.42551734444,28.236058433231914,50.82442617402449,0.46961864406779663,24.594552396191865,66.39953275263633,0.0
X-n237-k14,236,cargo,ortools:proxy_mean_or_tools,proxy_mean_or_tools,ortools,True,True,True,14,29009.0,5.0009026527404785,1.5235512256622314,6.52445387840271,263.81748161458506,1.0468947683118455,pulp_cbc,mean_domain_loss,81.194384082054,,180,60,True,263.8174816145851,264.3221102784825,313.4568471108956,314.5631472546253,215.80019971805058,237.93170183,29090.194384082053,29152.470973760304,29217.641214743104,28.415642244977384,51.465447907519106,0.4709322033898305,25.850225377937342,81.194384082054,0.0
X-n237-k14,236,cold_chain,ortools:proxy_mean_or_tools,proxy_mean_or_tools,ortools,True,True,True,14,29009.0,5.0009026527404785,1.4727444648742676,6.473647117614746,263.81748161458506,1.0468947683118455,pulp_cbc,mean_domain_loss,94.39519033063145,,180,60,True,263.8174816145851,264.3221102784825,313.4568471108956,314.5631472546253,236.24334280618575,236.90640724000002,29146.56188113991,29196.037207249312,29254.71078853808,28.346818469494888,50.94759867786966,0.4699576271186441,24.75610701245484,94.39519033063145,43.16669080928282
X-n237-k14,236,atm,ortools:quantile_p75_or_tools,quantile_p75_or_tools,ortools,True,True,True,14,29009.0,5.000705718994141,1.444979190826416,6.445684909820557,304.6620761982683,1.208976492850271,pulp_cbc,mean_domain_loss,106.92074236707346,,180,60,True,263.8174816145851,264.3221102784825,313.4568471108956,314.5631472546253,235.73985390516086,237.72165777,29115.920742367074,29196.709065762,29282.707953472313,28.248184831610534,50.96917353308239,0.4710169491525424,25.47272390457048,106.92074236707346,0.0
X-n237-k14,236,grocery,ortools:quantile_p75_or_tools,quantile_p75_or_tools,ortools,True,True,True,14,29009.0,5.000705718994141,1.4772815704345703,6.477987289428711,304.6620761982683,1.208976492850271,pulp_cbc,mean_domain_loss,66.39953275263633,,180,60,True,263.8174816145851,264.3221102784825,313.4568471108956,314.5631472546253,108.06576981675619,236.85561266000002,29075.39953275263,29114.37508360475,29159.42551734444,28.236058433231914,50.82442617402449,0.46961864406779663,24.594552396191865,66.39953275263633,0.0
X-n237-k14,236,cargo,ortools:quantile_p75_or_tools,quantile_p75_or_tools,ortools,True,True,True,14,29009.0,5.000705718994141,1.4330260753631592,6.4337317943573,304.6620761982683,1.208976492850271,pulp_cbc,mean_domain_loss,81.194384082054,,180,60,True,263.8174816145851,264.3221102784825,313.4568471108956,314.5631472546253,215.80019971805058,237.93170183,29090.194384082053,29152.470973760304,29217.641214743104,28.415642244977384,51.465447907519106,0.4709322033898305,25.850225377937342,81.194384082054,0.0
X-n237-k14,236,cold_chain,ortools:quantile_p75_or_tools,quantile_p75_or_tools,ortools,True,True,True,14,29009.0,5.000705718994141,1.4137835502624512,6.414489269256592,304.6620761982683,1.208976492850271,pulp_cbc,mean_domain_loss,94.39519033063145,,180,60,True,263.8174816145851,264.3221102784825,313.4568471108956,314.5631472546253,236.24334280618575,236.90640724000002,29146.56188113991,29196.037207249312,29254.71078853808,28.346818469494888,50.94759867786966,0.4699576271186441,24.75610701245484,94.39519033063145,43.16669080928282
X-n237-k14,236,atm,ortools:quantile_p90_or_tools,quantile_p90_or_tools,ortools,False,False,False,0,,0.0,,0.0,364.69108357563425,1.4471868395858503,pulp_cbc,mean_domain_loss,,total_load_exceeds_fleet_capacity,180,60,True,263.8174816145851,264.3221102784825,313.4568471108956,314.5631472546253,,,,,,,,,,,
X-n237-k14,236,grocery,ortools:quantile_p90_or_tools,quantile_p90_or_tools,ortools,False,False,False,0,,0.0,,0.0,364.69108357563425,1.4471868395858503,pulp_cbc,mean_domain_loss,,total_load_exceeds_fleet_capacity,180,60,True,263.8174816145851,264.3221102784825,313.4568471108956,314.5631472546253,,,,,,,,,,,
X-n237-k14,236,cargo,ortools:quantile_p90_or_tools,quantile_p90_or_tools,ortools,False,False,False,0,,0.0,,0.0,364.69108357563425,1.4471868395858503,pulp_cbc,mean_domain_loss,,total_load_exceeds_fleet_capacity,180,60,True,263.8174816145851,264.3221102784825,313.4568471108956,314.5631472546253,,,,,,,,,,,
X-n237-k14,236,cold_chain,ortools:quantile_p90_or_tools,quantile_p90_or_tools,ortools,False,False,False,0,,0.0,,0.0,364.69108357563425,1.4471868395858503,pulp_cbc,mean_domain_loss,,total_load_exceeds_fleet_capacity,180,60,True,263.8174816145851,264.3221102784825,313.4568471108956,314.5631472546253,,,,,,,,,,,
X-n237-k14,236,atm,ortools:robust_mean_1std_or_tools,robust_mean_1std_or_tools,ortools,False,False,False,0,,0.0,,0.0,342.3667748954358,1.3585983130771262,pulp_cbc,mean_domain_loss,,total_load_exceeds_fleet_capacity,180,60,True,263.8174816145851,264.3221102784825,313.4568471108956,314.5631472546253,,,,,,,,,,,
X-n237-k14,236,grocery,ortools:robust_mean_1std_or_tools,robust_mean_1std_or_tools,ortools,False,False,False,0,,0.0,,0.0,342.3667748954358,1.3585983130771262,pulp_cbc,mean_domain_loss,,total_load_exceeds_fleet_capacity,180,60,True,263.8174816145851,264.3221102784825,313.4568471108956,314.5631472546253,,,,,,,,,,,
X-n237-k14,236,cargo,ortools:robust_mean_1std_or_tools,robust_mean_1std_or_tools,ortools,False,False,False,0,,0.0,,0.0,342.3667748954358,1.3585983130771262,pulp_cbc,mean_domain_loss,,total_load_exceeds_fleet_capacity,180,60,True,263.8174816145851,264.3221102784825,313.4568471108956,314.5631472546253,,,,,,,,,,,
X-n237-k14,236,cold_chain,ortools:robust_mean_1std_or_tools,robust_mean_1std_or_tools,ortools,False,False,False,0,,0.0,,0.0,342.3667748954358,1.3585983130771262,pulp_cbc,mean_domain_loss,,total_load_exceeds_fleet_capacity,180,60,True,263.8174816145851,264.3221102784825,313.4568471108956,314.5631472546253,,,,,,,,,,,
X-n237-k14,236,atm,ortools:robust_mean_2std_or_tools,robust_mean_2std_or_tools,ortools,False,False,False,0,,0.0,,0.0,420.91606817628656,1.670301857842407,pulp_cbc,mean_domain_loss,,total_load_exceeds_fleet_capacity,180,60,True,263.8174816145851,264.3221102784825,313.4568471108956,314.5631472546253,,,,,,,,,,,
X-n237-k14,236,grocery,ortools:robust_mean_2std_or_tools,robust_mean_2std_or_tools,ortools,False,False,False,0,,0.0,,0.0,420.91606817628656,1.670301857842407,pulp_cbc,mean_domain_loss,,total_load_exceeds_fleet_capacity,180,60,True,263.8174816145851,264.3221102784825,313.4568471108956,314.5631472546253,,,,,,,,,,,
X-n237-k14,236,cargo,ortools:robust_mean_2std_or_tools,robust_mean_2std_or_tools,ortools,False,False,False,0,,0.0,,0.0,420.91606817628656,1.670301857842407,pulp_cbc,mean_domain_loss,,total_load_exceeds_fleet_capacity,180,60,True,263.8174816145851,264.3221102784825,313.4568471108956,314.5631472546253,,,,,,,,,,,
X-n237-k14,236,cold_chain,ortools:robust_mean_2std_or_tools,robust_mean_2std_or_tools,ortools,False,False,False,0,,0.0,,0.0,420.91606817628656,1.670301857842407,pulp_cbc,mean_domain_loss,,total_load_exceeds_fleet_capacity,180,60,True,263.8174816145851,264.3221102784825,313.4568471108956,314.5631472546253,,,,,,,,,,,
X-n237-k14,236,atm,ortools:proxy_mean_scaled_or_tools,proxy_mean_scaled_or_tools,ortools,True,True,True,14,29009.0,5.001090049743652,1.3568406105041504,6.357930660247803,250.74,0.995,pulp_cbc,mean_domain_loss,106.92074236707346,,180,60,True,263.8174816145851,264.3221102784825,313.4568471108956,314.5631472546253,235.73985390516086,237.72165777,29115.920742367074,29196.709065762,29282.707953472313,28.248184831610534,50.96917353308239,0.4710169491525424,25.47272390457048,106.92074236707346,0.0
X-n237-k14,236,grocery,ortools:proxy_mean_scaled_or_tools,proxy_mean_scaled_or_tools,ortools,True,True,True,14,29009.0,5.001090049743652,1.3521196842193604,6.353209733963013,250.74,0.995,pulp_cbc,mean_domain_loss,66.39953275263633,,180,60,True,263.8174816145851,264.3221102784825,313.4568471108956,314.5631472546253,108.06576981675619,236.85561266000002,29075.39953275263,29114.37508360475,29159.42551734444,28.236058433231914,50.82442617402449,0.46961864406779663,24.594552396191865,66.39953275263633,0.0
X-n237-k14,236,cargo,ortools:proxy_mean_scaled_or_tools,proxy_mean_scaled_or_tools,ortools,True,True,True,14,29009.0,5.001090049743652,1.6018493175506592,6.6029393672943115,250.74,0.995,pulp_cbc,mean_domain_loss,81.194384082054,,180,60,True,263.8174816145851,264.3221102784825,313.4568471108956,314.5631472546253,215.80019971805058,237.93170183,29090.194384082053,29152.470973760304,29217.641214743104,28.415642244977384,51.465447907519106,0.4709322033898305,25.850225377937342,81.194384082054,0.0
X-n237-k14,236,cold_chain,ortools:proxy_mean_scaled_or_tools,proxy_mean_scaled_or_tools,ortools,True,True,True,14,29009.0,5.001090049743652,1.3694701194763184,6.370560169219971,250.74,0.995,pulp_cbc,mean_domain_loss,94.39519033063145,,180,60,True,263.8174816145851,264.3221102784825,313.4568471108956,314.5631472546253,236.24334280618575,236.90640724000002,29146.56188113991,29196.037207249312,29254.71078853808,28.346818469494888,50.94759867786966,0.4699576271186441,24.75610701245484,94.39519033063145,43.16669080928282
X-n237-k14,236,atm,ortools:quantile_p75_scaled_or_tools,quantile_p75_scaled_or_tools,ortools,True,True,True,14,29009.0,5.000397205352783,1.550715446472168,6.551112651824951,250.73999999999998,0.9949999999999999,pulp_cbc,mean_domain_loss,106.92074236707346,,180,60,True,263.8174816145851,264.3221102784825,313.4568471108956,314.5631472546253,235.73985390516086,237.72165777,29115.920742367074,29196.709065762,29282.707953472313,28.248184831610534,50.96917353308239,0.4710169491525424,25.47272390457048,106.92074236707346,0.0
X-n237-k14,236,grocery,ortools:quantile_p75_scaled_or_tools,quantile_p75_scaled_or_tools,ortools,True,True,True,14,29009.0,5.000397205352783,1.3954205513000488,6.395817756652832,250.73999999999998,0.9949999999999999,pulp_cbc,mean_domain_loss,66.39953275263633,,180,60,True,263.8174816145851,264.3221102784825,313.4568471108956,314.5631472546253,108.06576981675619,236.85561266000002,29075.39953275263,29114.37508360475,29159.42551734444,28.236058433231914,50.82442617402449,0.46961864406779663,24.594552396191865,66.39953275263633,0.0
X-n237-k14,236,cargo,ortools:quantile_p75_scaled_or_tools,quantile_p75_scaled_or_tools,ortools,True,True,True,14,29009.0,5.000397205352783,1.4753398895263672,6.47573709487915,250.73999999999998,0.9949999999999999,pulp_cbc,mean_domain_loss,81.194384082054,,180,60,True,263.8174816145851,264.3221102784825,313.4568471108956,314.5631472546253,215.80019971805058,237.93170183,29090.194384082053,29152.470973760304,29217.641214743104,28.415642244977384,51.465447907519106,0.4709322033898305,25.850225377937342,81.194384082054,0.0
X-n237-k14,236,cold_chain,ortools:quantile_p75_scaled_or_tools,quantile_p75_scaled_or_tools,ortools,True,True,True,14,29009.0,5.000397205352783,1.4983899593353271,6.49878716468811,250.73999999999998,0.9949999999999999,pulp_cbc,mean_domain_loss,94.39519033063145,,180,60,True,263.8174816145851,264.3221102784825,313.4568471108956,314.5631472546253,236.24334280618575,236.90640724000002,29146.56188113991,29196.037207249312,29254.71078853808,28.346818469494888,50.94759867786966,0.4699576271186441,24.75610701245484,94.39519033063145,43.16669080928282
X-n237-k14,236,atm,ortools:quantile_p90_scaled_or_tools,quantile_p90_scaled_or_tools,ortools,True,True,True,14,29009.0,4.9997851848602295,1.4315338134765625,6.431318998336792,250.74,0.995,pulp_cbc,mean_domain_loss,106.92074236707346,,180,60,True,263.8174816145851,264.3221102784825,313.4568471108956,314.5631472546253,235.73985390516086,237.72165777,29115.920742367074,29196.709065762,29282.707953472313,28.248184831610534,50.96917353308239,0.4710169491525424,25.47272390457048,106.92074236707346,0.0
X-n237-k14,236,grocery,ortools:quantile_p90_scaled_or_tools,quantile_p90_scaled_or_tools,ortools,True,True,True,14,29009.0,4.9997851848602295,1.3886613845825195,6.388446569442749,250.74,0.995,pulp_cbc,mean_domain_loss,66.39953275263633,,180,60,True,263.8174816145851,264.3221102784825,313.4568471108956,314.5631472546253,108.06576981675619,236.85561266000002,29075.39953275263,29114.37508360475,29159.42551734444,28.236058433231914,50.82442617402449,0.46961864406779663,24.594552396191865,66.39953275263633,0.0
X-n237-k14,236,cargo,ortools:quantile_p90_scaled_or_tools,quantile_p90_scaled_or_tools,ortools,True,True,True,14,29009.0,4.9997851848602295,1.4772536754608154,6.477038860321045,250.74,0.995,pulp_cbc,mean_domain_loss,81.194384082054,,180,60,True,263.8174816145851,264.3221102784825,313.4568471108956,314.5631472546253,215.80019971805058,237.93170183,29090.194384082053,29152.470973760304,29217.641214743104,28.415642244977384,51.465447907519106,0.4709322033898305,25.850225377937342,81.194384082054,0.0
X-n237-k14,236,cold_chain,ortools:quantile_p90_scaled_or_tools,quantile_p90_scaled_or_tools,ortools,True,True,True,14,29009.0,4.9997851848602295,1.3908603191375732,6.390645503997803,250.74,0.995,pulp_cbc,mean_domain_loss,94.39519033063145,,180,60,True,263.8174816145851,264.3221102784825,313.4568471108956,314.5631472546253,236.24334280618575,236.90640724000002,29146.56188113991,29196.037207249312,29254.71078853808,28.346818469494888,50.94759867786966,0.4699576271186441,24.75610701245484,94.39519033063145,43.16669080928282
X-n237-k14,236,atm,ortools:robust_mean_1std_scaled_or_tools,robust_mean_1std_scaled_or_tools,ortools,True,True,True,14,29009.0,5.001031160354614,1.4304566383361816,6.431487798690796,250.74,0.995,pulp_cbc,mean_domain_loss,106.92074236707346,,180,60,True,263.8174816145851,264.3221102784825,313.4568471108956,314.5631472546253,235.73985390516086,237.72165777,29115.920742367074,29196.709065762,29282.707953472313,28.248184831610534,50.96917353308239,0.4710169491525424,25.47272390457048,106.92074236707346,0.0
X-n237-k14,236,grocery,ortools:robust_mean_1std_scaled_or_tools,robust_mean_1std_scaled_or_tools,ortools,True,True,True,14,29009.0,5.001031160354614,1.4862916469573975,6.487322807312012,250.74,0.995,pulp_cbc,mean_domain_loss,66.39953275263633,,180,60,True,263.8174816145851,264.3221102784825,313.4568471108956,314.5631472546253,108.06576981675619,236.85561266000002,29075.39953275263,29114.37508360475,29159.42551734444,28.236058433231914,50.82442617402449,0.46961864406779663,24.594552396191865,66.39953275263633,0.0
X-n237-k14,236,cargo,ortools:robust_mean_1std_scaled_or_tools,robust_mean_1std_scaled_or_tools,ortools,True,True,True,14,29009.0,5.001031160354614,1.503974199295044,6.505005359649658,250.74,0.995,pulp_cbc,mean_domain_loss,81.194384082054,,180,60,True,263.8174816145851,264.3221102784825,313.4568471108956,314.5631472546253,215.80019971805058,237.93170183,29090.194384082053,29152.470973760304,29217.641214743104,28.415642244977384,51.465447907519106,0.4709322033898305,25.850225377937342,81.194384082054,0.0
X-n237-k14,236,cold_chain,ortools:robust_mean_1std_scaled_or_tools,robust_mean_1std_scaled_or_tools,ortools,True,True,True,14,29009.0,5.001031160354614,1.369844675064087,6.370875835418701,250.74,0.995,pulp_cbc,mean_domain_loss,94.39519033063145,,180,60,True,263.8174816145851,264.3221102784825,313.4568471108956,314.5631472546253,236.24334280618575,236.90640724000002,29146.56188113991,29196.037207249312,29254.71078853808,28.346818469494888,50.94759867786966,0.4699576271186441,24.75610701245484,94.39519033063145,43.16669080928282
X-n237-k14,236,atm,ortools:robust_mean_2std_scaled_or_tools,robust_mean_2std_scaled_or_tools,ortools,True,True,True,14,29009.0,5.000209331512451,1.4415669441223145,6.441776275634766,250.74,0.995,pulp_cbc,mean_domain_loss,106.92074236707346,,180,60,True,263.8174816145851,264.3221102784825,313.4568471108956,314.5631472546253,235.73985390516086,237.72165777,29115.920742367074,29196.709065762,29282.707953472313,28.248184831610534,50.96917353308239,0.4710169491525424,25.47272390457048,106.92074236707346,0.0
X-n237-k14,236,grocery,ortools:robust_mean_2std_scaled_or_tools,robust_mean_2std_scaled_or_tools,ortools,True,True,True,14,29009.0,5.000209331512451,1.3367292881011963,6.3369386196136475,250.74,0.995,pulp_cbc,mean_domain_loss,66.39953275263633,,180,60,True,263.8174816145851,264.3221102784825,313.4568471108956,314.5631472546253,108.06576981675619,236.85561266000002,29075.39953275263,29114.37508360475,29159.42551734444,28.236058433231914,50.82442617402449,0.46961864406779663,24.594552396191865,66.39953275263633,0.0
X-n237-k14,236,cargo,ortools:robust_mean_2std_scaled_or_tools,robust_mean_2std_scaled_or_tools,ortools,True,True,True,14,29009.0,5.000209331512451,1.5145938396453857,6.514803171157837,250.74,0.995,pulp_cbc,mean_domain_loss,81.194384082054,,180,60,True,263.8174816145851,264.3221102784825,313.4568471108956,314.5631472546253,215.80019971805058,237.93170183,29090.194384082053,29152.470973760304,29217.641214743104,28.415642244977384,51.465447907519106,0.4709322033898305,25.850225377937342,81.194384082054,0.0
X-n237-k14,236,cold_chain,ortools:robust_mean_2std_scaled_or_tools,robust_mean_2std_scaled_or_tools,ortools,True,True,True,14,29009.0,5.000209331512451,1.4215819835662842,6.421791315078735,250.74,0.995,pulp_cbc,mean_domain_loss,94.39519033063145,,180,60,True,263.8174816145851,264.3221102784825,313.4568471108956,314.5631472546253,236.24334280618575,236.90640724000002,29146.56188113991,29196.037207249312,29254.71078853808,28.346818469494888,50.94759867786966,0.4699576271186441,24.75610701245484,94.39519033063145,43.16669080928282
X-n237-k14,236,atm,ortools:nominal_seed101_or_tools,nominal_seed101_or_tools,ortools,True,True,True,14,28862.0,5.000953912734985,1.3906574249267578,6.391611337661743,236.0,0.9365079365079365,pulp_cbc,mean_domain_loss,106.8909832491927,,180,60,True,263.8174816145851,264.3221102784825,313.4568471108956,314.5631472546253,235.74559094748696,237.72165750000002,28968.890983249195,29049.56468314182,29135.603048591263,28.251034547123908,50.934993470225336,0.4705508474576271,25.47557335008386,106.8909832491927,0.0
X-n237-k14,236,grocery,ortools:nominal_seed101_or_tools,nominal_seed101_or_tools,ortools,True,True,True,14,28862.0,5.000953912734985,1.2722351551055908,6.273189067840576,236.0,0.9365079365079365,pulp_cbc,mean_domain_loss,66.47272313513554,,180,60,True,263.8174816145851,264.3221102784825,313.4568471108956,314.5631472546253,108.07549560651483,236.85561270000002,28928.47272313514,28967.457887637927,29012.492524046964,28.262887620457523,50.83941598080081,0.4701271186440678,24.62138162341747,66.47272313513554,0.0
X-n237-k14,236,cargo,ortools:nominal_seed101_or_tools,nominal_seed101_or_tools,ortools,True,True,True,14,28862.0,5.000953912734985,1.4371657371520996,6.438119649887085,236.0,0.9365079365079365,pulp_cbc,mean_domain_loss,81.20654659943496,,180,60,True,263.8174816145851,264.3221102784825,313.4568471108956,314.5631472546253,215.8397382733581,237.93170096,28943.20654659943,29004.330941771812,29070.787959168425,28.399274196011735,51.08629013172554,0.4719915254237288,25.83385645897168,81.20654659943496,0.0
X-n237-k14,236,cold_chain,ortools:nominal_seed101_or_tools,nominal_seed101_or_tools,ortools,True,True,True,14,28862.0,5.000953912734985,1.3897852897644043,6.39073920249939,236.0,0.9365079365079365,pulp_cbc,mean_domain_loss,94.38312408636085,,180,60,True,263.8174816145851,264.3221102784825,313.4568471108956,314.5631472546253,235.81929200112438,236.90640785,28999.170811490938,29048.672878241683,29107.11161692363,28.36468116559175,50.97148063611336,0.46953389830508474,24.7739703185517,94.38312408636085,42.7876874045727
X-n237-k14,236,atm,ortools:nominal_seed103_or_tools,nominal_seed103_or_tools,ortools,True,True,True,14,28519.0,5.000946521759033,1.4138712882995605,6.414817810058594,236.0,0.9365079365079365,pulp_cbc,mean_domain_loss,106.83990369271878,,180,60,True,263.8174816145851,264.3221102784825,313.4568471108956,314.5631472546253,235.73741214793088,237.72165741000003,28625.839903692715,28707.319005176712,28792.406147800084,28.244146915161352,51.143165025208646,0.4703389830508475,25.468685628121296,106.83990369271878,0.0
X-n237-k14,236,grocery,ortools:nominal_seed103_or_tools,nominal_seed103_or_tools,ortools,True,True,True,14,28519.0,5.000946521759033,1.3647034168243408,6.365649938583374,236.0,0.9365079365079365,pulp_cbc,mean_domain_loss,66.3803768494011,,180,60,True,263.8174816145851,264.3221102784825,313.4568471108956,314.5631472546253,108.07104352760548,236.85561277,28585.380376849404,28625.11478690261,28669.237258823654,28.230884293914347,51.11796167320863,0.47029661016949154,24.589378366874303,66.3803768494011,0.0
X-n237-k14,236,cargo,ortools:nominal_seed103_or_tools,nominal_seed103_or_tools,ortools,True,True,True,14,28519.0,5.000946521759033,1.4574973583221436,6.458443880081177,236.0,0.9365079365079365,pulp_cbc,mean_domain_loss,81.05429190005287,,180,60,True,263.8174816145851,264.3221102784825,313.4568471108956,314.5631472546253,215.84810912176667,237.93170131000002,28600.054291900058,28661.055695346742,28727.37492892855,28.384355479089358,51.02773507780919,0.4724576271186441,25.818938092049315,81.05429190005287,0.0
X-n237-k14,236,cold_chain,ortools:nominal_seed103_or_tools,nominal_seed103_or_tools,ortools,True,True,True,14,28519.0,5.000946521759033,1.4914872646331787,6.492433786392212,236.0,0.9365079365079365,pulp_cbc,mean_domain_loss,94.18301415629736,,180,60,True,263.8174816145851,264.3221102784825,313.4568471108956,314.5631472546253,236.0223314249505,236.90640743,28656.143926822104,28706.613844731542,28763.913542948263,28.29004901046499,51.15471208415687,0.4688983050847458,24.699337743424948,94.18301415629736,42.96091266580893
X-n237-k14,236,atm,ortools:proxy_mean_scaled_seed109_or_tools,proxy_mean_scaled_seed109_or_tools,ortools,True,True,True,14,28600.0,5.000337600708008,1.4005768299102783,6.400914430618286,250.74,0.995,pulp_cbc,mean_domain_loss,106.91121614275495,,180,60,True,263.8174816145851,264.3221102784825,313.4568471108956,314.5631472546253,235.72214531230117,237.72165745,28706.911216142755,28787.85312923502,28873.677225371404,28.258127091199114,51.018322701187465,0.47127118644067795,25.482665844159065,106.91121614275495,0.0
X-n237-k14,236,grocery,ortools:proxy_mean_scaled_seed109_or_tools,proxy_mean_scaled_seed109_or_tools,ortools,True,True,True,14,28600.0,5.000337600708008,1.3326122760772705,6.332949876785278,250.74,0.995,pulp_cbc,mean_domain_loss,66.44415775439995,,180,60,True,263.8174816145851,264.3221102784825,313.4568471108956,314.5631472546253,108.06456159360201,236.85561227000002,28666.444157754402,28705.60718310385,28750.45331284981,28.252949338827616,50.908408728519184,0.4699576271186441,24.611442911787577,66.44415775439995,0.0
X-n237-k14,236,cargo,ortools:proxy_mean_scaled_seed109_or_tools,proxy_mean_scaled_seed109_or_tools,ortools,True,True,True,14,28600.0,5.000337600708008,1.4521512985229492,6.452488899230957,250.74,0.995,pulp_cbc,mean_domain_loss,81.25274819746556,,180,60,True,263.8174816145851,264.3221102784825,313.4568471108956,314.5631472546253,215.7492354038726,237.9317015,28681.252748197465,28743.184109609145,28808.512755126598,28.471942115270295,51.43917107212484,0.4727542372881356,25.906524918230254,81.25274819746556,0.0
X-n237-k14,236,cold_chain,ortools:proxy_mean_scaled_seed109_or_tools,proxy_mean_scaled_seed109_or_tools,ortools,True,True,True,14,28600.0,5.000337600708008,1.3749544620513916,6.375292062759399,250.74,0.995,pulp_cbc,mean_domain_loss,94.34903606869005,,180,60,True,263.8174816145851,264.3221102784825,313.4568471108956,314.5631472546253,235.84203430298422,236.9064083,28737.162531866477,28786.88096856841,28845.165567528067,28.356412734231576,51.028521799678224,0.46932203389830507,24.765702337191527,94.34903606869005,42.81349579778637
X-n237-k14,236,atm,ortools:quantile_p75_scaled_seed107_or_tools,quantile_p75_scaled_seed107_or_tools,ortools,True,True,True,14,29173.0,5.0002381801605225,1.4067637920379639,6.407001972198486,250.73999999999998,0.9949999999999999,pulp_cbc,mean_domain_loss,106.82833897680854,,180,60,True,263.8174816145851,264.3221102784825,313.4568471108956,314.5631472546253,235.711182502093,237.72165758,29279.82833897681,29361.135477786476,29446.654089474534,28.234927406975093,51.08679683996025,0.4705084745762712,25.45946628993504,106.82833897680854,0.0
X-n237-k14,236,grocery,ortools:quantile_p75_scaled_seed107_or_tools,quantile_p75_scaled_seed107_or_tools,ortools,True,True,True,14,29173.0,5.0002381801605225,1.2525851726531982,6.252823352813721,250.73999999999998,0.9949999999999999,pulp_cbc,mean_domain_loss,66.41663037620471,,180,60,True,263.8174816145851,264.3221102784825,313.4568471108956,314.5631472546253,108.05465297372857,236.85561252000002,29239.4166303762,29278.645472395026,29323.51229158781,28.242005599821276,50.92689880895732,0.4701271186440678,24.600499422781237,66.41663037620471,0.0
X-n237-k14,236,cargo,ortools:quantile_p75_scaled_seed107_or_tools,quantile_p75_scaled_seed107_or_tools,ortools,True,True,True,14,29173.0,5.0002381801605225,1.5608172416687012,6.561055421829224,250.73999999999998,0.9949999999999999,pulp_cbc,mean_domain_loss,81.20677140334483,,180,60,True,263.8174816145851,264.3221102784825,313.4568471108956,314.5631472546253,215.75642235092218,237.93170124,29254.20677140335,29315.70600648159,29381.346171246034,28.451815477295348,51.27518823242621,0.47402542372881357,25.8863980202553,81.20677140334483,0.0
X-n237-k14,236,cold_chain,ortools:quantile_p75_scaled_seed107_or_tools,quantile_p75_scaled_seed107_or_tools,ortools,True,True,True,14,29173.0,5.0002381801605225,1.7410144805908203,6.741252660751343,250.73999999999998,0.9949999999999999,pulp_cbc,mean_domain_loss,94.28024550570673,,180,60,True,263.8174816145851,264.3221102784825,313.4568471108956,314.5631472546253,235.7601830110648,236.90640733000004,29310.052614939526,29359.71088675418,29418.201358065824,28.331401913806147,50.98679653106916,0.4700423728813559,24.74069054676609,94.28024550570673,42.772369433820266
X-n237-k14,236,atm,ortools:robust_mean_1std_scaled_seed113_or_tools,robust_mean_1std_scaled_seed113_or_tools,ortools,True,True,True,14,28893.0,5.000156879425049,1.4090330600738525,6.409189939498901,250.74,0.995,pulp_cbc,mean_domain_loss,106.88811301007021,,180,60,True,263.8174816145851,264.3221102784825,313.4568471108956,314.5631472546253,235.7506484736616,237.72165710000002,28999.888113010074,29080.850831404783,29166.490627117368,28.24468850048579,50.99985020289364,0.469364406779661,25.469226903445733,106.88811301007021,0.0
X-n237-k14,236,grocery,ortools:robust_mean_1std_scaled_seed113_or_tools,robust_mean_1std_scaled_seed113_or_tools,ortools,True,True,True,14,28893.0,5.000156879425049,1.3068437576293945,6.307000637054443,250.74,0.995,pulp_cbc,mean_domain_loss,66.49904878408488,,180,60,True,263.8174816145851,264.3221102784825,313.4568471108956,314.5631472546253,108.06332140020075,236.85561273000002,28959.49904878408,28998.628292714526,29043.44536525113,28.270773654401523,50.899085682893634,0.46902542372881356,24.629267687361484,66.49904878408488,0.0
X-n237-k14,236,cargo,ortools:robust_mean_1std_scaled_seed113_or_tools,robust_mean_1std_scaled_seed113_or_tools,ortools,True,True,True,14,28893.0,5.000156879425049,1.4074251651763916,6.40758204460144,250.74,0.995,pulp_cbc,mean_domain_loss,81.11355843149062,,180,60,True,263.8174816145851,264.3221102784825,313.4568471108956,314.5631472546253,215.8389465373725,237.93170107999998,28974.113558431487,29035.82469496886,29101.399054146586,28.432829044938075,51.354444748978004,0.47326271186440677,25.867411427898034,81.11355843149062,0.0
X-n237-k14,236,cold_chain,ortools:robust_mean_1std_scaled_seed113_or_tools,robust_mean_1std_scaled_seed113_or_tools,ortools,True,True,True,14,28893.0,5.000156879425049,1.4497606754302979,6.449917554855347,250.74,0.995,pulp_cbc,mean_domain_loss,94.28292109218279,,180,60,True,263.8174816145851,264.3221102784825,313.4568471108956,314.5631472546253,235.6954430616884,236.90640796000002,29029.986834469288,29079.62901694194,29137.99316643386,28.331792900889823,50.97698064246668,0.4705084745762712,24.74108216384978,94.28292109218279,42.70391337710991
X-n242-k48,241,atm,ortools:nominal_or_tools,nominal_or_tools,ortools,True,True,True,48,86573.0,5.000218391418457,1.098433256149292,6.098651647567749,1324.0,0.9851190476190477,pulp_cbc,mean_domain_loss,702.0335920166694,,180,60,True,1475.973949221342,1477.1879078045301,1719.0860596616137,1721.4645129425173,1269.3796391786675,1344.0000006699997,87275.03359201668,87818.7251822911,88296.16995056198,180.6536470109376,331.05581494258274,0.4802904564315353,157.60211157908958,702.0335920166694,0.0
X-n242-k48,241,grocery,ortools:nominal_or_tools,nominal_or_tools,ortools,True,True,True,48,86573.0,5.000218391418457,1.2224788665771484,6.2226972579956055,1324.0,0.9851190476190477,pulp_cbc,mean_domain_loss,434.023789962162,,180,60,True,1475.973949221342,1477.1879078045301,1719.0860596616137,1721.4645129425173,606.4763104936214,1338.84649687,87007.02378996216,87270.02809412946,87527.85860715347,180.84654009045323,333.8352307024457,0.47800829875518674,152.64150085860518,434.023789962162,0.0
X-n242-k48,241,cargo,ortools:nominal_or_tools,nominal_or_tools,ortools,True,True,True,48,86573.0,5.000218391418457,1.246661901473999,6.246880292892456,1324.0,0.9851190476190477,pulp_cbc,mean_domain_loss,529.7338250737972,,180,60,True,1475.973949221342,1477.1879078045301,1719.0860596616137,1721.4645129425173,1129.5375130836644,1344.0000014900002,87102.73382507378,87521.97563939655,87881.55478008321,180.72438508769213,331.2729650835191,0.476597510373444,157.6728504758441,529.7338250737972,0.0
X-n242-k48,241,cold_chain,ortools:nominal_or_tools,nominal_or_tools,ortools,True,True,True,48,86573.0,5.000218391418457,1.1997380256652832,6.19995641708374,1324.0,0.9851190476190477,pulp_cbc,mean_domain_loss,620.3684882245335,,180,60,True,1475.973949221342,1477.1879078045301,1719.0860596616137,1721.4645129425173,1304.4526383387074,1338.02453143,87444.04986508198,87775.92361054686,88116.30963754952,181.03504339822496,333.794992263919,0.47655601659751035,152.00803872637684,620.3684882245335,250.68137685745293
X-n242-k48,241,atm,ortools:proxy_mean_or_tools,proxy_mean_or_tools,ortools,False,False,False,0,,0.0,,0.0,1475.973949221342,1.0981949026944509,pulp_cbc,mean_domain_loss,,total_load_exceeds_fleet_capacity,180,60,True,1475.973949221342,1477.1879078045301,1719.0860596616137,1721.4645129425173,,,,,,,,,,,
X-n242-k48,241,grocery,ortools:proxy_mean_or_tools,proxy_mean_or_tools,ortools,False,False,False,0,,0.0,,0.0,1475.973949221342,1.0981949026944509,pulp_cbc,mean_domain_loss,,total_load_exceeds_fleet_capacity,180,60,True,1475.973949221342,1477.1879078045301,1719.0860596616137,1721.4645129425173,,,,,,,,,,,
X-n242-k48,241,cargo,ortools:proxy_mean_or_tools,proxy_mean_or_tools,ortools,False,False,False,0,,0.0,,0.0,1475.973949221342,1.0981949026944509,pulp_cbc,mean_domain_loss,,total_load_exceeds_fleet_capacity,180,60,True,1475.973949221342,1477.1879078045301,1719.0860596616137,1721.4645129425173,,,,,,,,,,,
X-n242-k48,241,cold_chain,ortools:proxy_mean_or_tools,proxy_mean_or_tools,ortools,False,False,False,0,,0.0,,0.0,1475.973949221342,1.0981949026944509,pulp_cbc,mean_domain_loss,,total_load_exceeds_fleet_capacity,180,60,True,1475.973949221342,1477.1879078045301,1719.0860596616137,1721.4645129425173,,,,,,,,,,,
X-n242-k48,241,atm,ortools:quantile_p75_or_tools,quantile_p75_or_tools,ortools,False,False,False,0,,0.0,,0.0,1720.4345777020517,1.2800852512664076,pulp_cbc,mean_domain_loss,,total_load_exceeds_fleet_capacity,180,60,True,1475.973949221342,1477.1879078045301,1719.0860596616137,1721.4645129425173,,,,,,,,,,,
X-n242-k48,241,grocery,ortools:quantile_p75_or_tools,quantile_p75_or_tools,ortools,False,False,False,0,,0.0,,0.0,1720.4345777020517,1.2800852512664076,pulp_cbc,mean_domain_loss,,total_load_exceeds_fleet_capacity,180,60,True,1475.973949221342,1477.1879078045301,1719.0860596616137,1721.4645129425173,,,,,,,,,,,
X-n242-k48,241,cargo,ortools:quantile_p75_or_tools,quantile_p75_or_tools,ortools,False,False,False,0,,0.0,,0.0,1720.4345777020517,1.2800852512664076,pulp_cbc,mean_domain_loss,,total_load_exceeds_fleet_capacity,180,60,True,1475.973949221342,1477.1879078045301,1719.0860596616137,1721.4645129425173,,,,,,,,,,,
X-n242-k48,241,cold_chain,ortools:quantile_p75_or_tools,quantile_p75_or_tools,ortools,False,False,False,0,,0.0,,0.0,1720.4345777020517,1.2800852512664076,pulp_cbc,mean_domain_loss,,total_load_exceeds_fleet_capacity,180,60,True,1475.973949221342,1477.1879078045301,1719.0860596616137,1721.4645129425173,,,,,,,,,,,
X-n242-k48,241,atm,ortools:quantile_p90_or_tools,quantile_p90_or_tools,ortools,False,False,False,0,,0.0,,0.0,2062.798372470243,1.534820217611788,pulp_cbc,mean_domain_loss,,total_load_exceeds_fleet_capacity,180,60,True,1475.973949221342,1477.1879078045301,1719.0860596616137,1721.4645129425173,,,,,,,,,,,
X-n242-k48,241,grocery,ortools:quantile_p90_or_tools,quantile_p90_or_tools,ortools,False,False,False,0,,0.0,,0.0,2062.798372470243,1.534820217611788,pulp_cbc,mean_domain_loss,,total_load_exceeds_fleet_capacity,180,60,True,1475.973949221342,1477.1879078045301,1719.0860596616137,1721.4645129425173,,,,,,,,,,,
X-n242-k48,241,cargo,ortools:quantile_p90_or_tools,quantile_p90_or_tools,ortools,False,False,False,0,,0.0,,0.0,2062.798372470243,1.534820217611788,pulp_cbc,mean_domain_loss,,total_load_exceeds_fleet_capacity,180,60,True,1475.973949221342,1477.1879078045301,1719.0860596616137,1721.4645129425173,,,,,,,,,,,
X-n242-k48,241,cold_chain,ortools:quantile_p90_or_tools,quantile_p90_or_tools,ortools,False,False,False,0,,0.0,,0.0,2062.798372470243,1.534820217611788,pulp_cbc,mean_domain_loss,,total_load_exceeds_fleet_capacity,180,60,True,1475.973949221342,1477.1879078045301,1719.0860596616137,1721.4645129425173,,,,,,,,,,,
X-n242-k48,241,atm,ortools:robust_mean_1std_or_tools,robust_mean_1std_or_tools,ortools,False,False,False,0,,0.0,,0.0,1928.3946869713754,1.4348174754251306,pulp_cbc,mean_domain_loss,,total_load_exceeds_fleet_capacity,180,60,True,1475.973949221342,1477.1879078045301,1719.0860596616137,1721.4645129425173,,,,,,,,,,,
X-n242-k48,241,grocery,ortools:robust_mean_1std_or_tools,robust_mean_1std_or_tools,ortools,False,False,False,0,,0.0,,0.0,1928.3946869713754,1.4348174754251306,pulp_cbc,mean_domain_loss,,total_load_exceeds_fleet_capacity,180,60,True,1475.973949221342,1477.1879078045301,1719.0860596616137,1721.4645129425173,,,,,,,,,,,
X-n242-k48,241,cargo,ortools:robust_mean_1std_or_tools,robust_mean_1std_or_tools,ortools,False,False,False,0,,0.0,,0.0,1928.3946869713754,1.4348174754251306,pulp_cbc,mean_domain_loss,,total_load_exceeds_fleet_capacity,180,60,True,1475.973949221342,1477.1879078045301,1719.0860596616137,1721.4645129425173,,,,,,,,,,,
X-n242-k48,241,cold_chain,ortools:robust_mean_1std_or_tools,robust_mean_1std_or_tools,ortools,False,False,False,0,,0.0,,0.0,1928.3946869713754,1.4348174754251306,pulp_cbc,mean_domain_loss,,total_load_exceeds_fleet_capacity,180,60,True,1475.973949221342,1477.1879078045301,1719.0860596616137,1721.4645129425173,,,,,,,,,,,
X-n242-k48,241,atm,ortools:robust_mean_2std_or_tools,robust_mean_2std_or_tools,ortools,False,False,False,0,,0.0,,0.0,2380.815424721409,1.7714400481558101,pulp_cbc,mean_domain_loss,,total_load_exceeds_fleet_capacity,180,60,True,1475.973949221342,1477.1879078045301,1719.0860596616137,1721.4645129425173,,,,,,,,,,,
X-n242-k48,241,grocery,ortools:robust_mean_2std_or_tools,robust_mean_2std_or_tools,ortools,False,False,False,0,,0.0,,0.0,2380.815424721409,1.7714400481558101,pulp_cbc,mean_domain_loss,,total_load_exceeds_fleet_capacity,180,60,True,1475.973949221342,1477.1879078045301,1719.0860596616137,1721.4645129425173,,,,,,,,,,,
X-n242-k48,241,cargo,ortools:robust_mean_2std_or_tools,robust_mean_2std_or_tools,ortools,False,False,False,0,,0.0,,0.0,2380.815424721409,1.7714400481558101,pulp_cbc,mean_domain_loss,,total_load_exceeds_fleet_capacity,180,60,True,1475.973949221342,1477.1879078045301,1719.0860596616137,1721.4645129425173,,,,,,,,,,,
X-n242-k48,241,cold_chain,ortools:robust_mean_2std_or_tools,robust_mean_2std_or_tools,ortools,False,False,False,0,,0.0,,0.0,2380.815424721409,1.7714400481558101,pulp_cbc,mean_domain_loss,,total_load_exceeds_fleet_capacity,180,60,True,1475.973949221342,1477.1879078045301,1719.0860596616137,1721.4645129425173,,,,,,,,,,,
X-n242-k48,241,atm,ortools:proxy_mean_scaled_or_tools,proxy_mean_scaled_or_tools,ortools,True,True,True,48,88091.0,5.000218868255615,1.1082510948181152,6.1084699630737305,1337.2800000000002,0.9950000000000001,pulp_cbc,mean_domain_loss,694.234769852542,,180,60,True,1475.973949221342,1477.1879078045301,1719.0860596616137,1721.4645129425173,1259.0102693971592,1343.99999785,88785.23476985254,89322.9994151525,89803.897216638,178.69350809988248,331.0343015332375,0.4770124481327801,155.64196984803445,694.234769852542,0.0
X-n242-k48,241,grocery,ortools:proxy_mean_scaled_or_tools,proxy_mean_scaled_or_tools,ortools,True,True,True,48,88091.0,5.000218868255615,1.098071575164795,6.09829044342041,1337.2800000000002,0.9950000000000001,pulp_cbc,mean_domain_loss,430.67672416495117,,180,60,True,1475.973949221342,1477.1879078045301,1719.0860596616137,1721.4645129425173,601.9142084413155,1344.00000056,88521.67672416495,88783.92016710373,89037.1651294938,178.65044963350658,331.516444010658,0.4746473029045643,155.5989140916585,430.67672416495117,0.0
X-n242-k48,241,cargo,ortools:proxy_mean_scaled_or_tools,proxy_mean_scaled_or_tools,ortools,True,True,True,48,88091.0,5.000218868255615,1.1444549560546875,6.144673824310303,1337.2800000000002,0.9950000000000001,pulp_cbc,mean_domain_loss,523.6895529518853,,180,60,True,1475.973949221342,1477.1879078045301,1719.0860596616137,1721.4645129425173,1120.2867319195914,1343.99999944,88614.68955295187,89031.5612640549,89390.81847486323,178.82690277195522,331.195029052063,0.47319502074688796,155.77536611010714,523.6895529518853,0.0
X-n242-k48,241,cold_chain,ortools:proxy_mean_scaled_or_tools,proxy_mean_scaled_or_tools,ortools,True,True,True,48,88091.0,5.000218868255615,1.1519699096679688,6.152188777923584,1337.2800000000002,0.9950000000000001,pulp_cbc,mean_domain_loss,616.368889271537,,180,60,True,1475.973949221342,1477.1879078045301,1719.0860596616137,1721.4645129425173,1302.4992404881552,1343.46048837,88962.53784360459,89290.67900193331,89627.12871077113,178.60564846218347,330.9434451041263,0.4695020746887967,155.01460073033542,616.368889271537,255.16895433306473
X-n242-k48,241,atm,ortools:quantile_p75_scaled_or_tools,quantile_p75_scaled_or_tools,ortools,True,True,True,48,91803.0,4.99976658821106,1.140094518661499,6.139861106872559,1337.2800000000002,0.9950000000000001,pulp_cbc,mean_domain_loss,687.2225261076482,,180,60,True,1475.973949221342,1477.1879078045301,1719.0860596616137,1721.4645129425173,1251.846664187264,1343.9999992500002,92490.22252610764,93035.63293183608,93514.58289764108,177.09187066270144,331.7920779154112,0.47311203319502076,154.04033381085344,687.2225261076482,0.0
X-n242-k48,241,grocery,ortools:quantile_p75_scaled_or_tools,quantile_p75_scaled_or_tools,ortools,True,True,True,48,91803.0,4.99976658821106,1.1757700443267822,6.175536632537842,1337.2800000000002,0.9950000000000001,pulp_cbc,mean_domain_loss,426.81133737964853,,180,60,True,1475.973949221342,1477.1879078045301,1719.0860596616137,1721.4645129425173,598.3423242967791,1344.00000069,92229.81133737965,92495.33403190116,92748.83724503509,177.01121540797655,331.52735415161965,0.4709128630705394,153.95967999612847,426.81133737964853,0.0
X-n242-k48,241,cargo,ortools:quantile_p75_scaled_or_tools,quantile_p75_scaled_or_tools,ortools,True,True,True,48,91803.0,4.99976658821106,1.0698192119598389,6.069585800170898,1337.2800000000002,0.9950000000000001,pulp_cbc,mean_domain_loss,517.0942082228623,,180,60,True,1475.973949221342,1477.1879078045301,1719.0860596616137,1721.4645129425173,1111.3477968199345,1343.9999975800001,92320.09420822287,92732.1872875833,93097.40305936875,177.26120573382204,331.7517150673125,0.46365145228215765,154.20966721197388,517.0942082228623,0.0
X-n242-k48,241,cold_chain,ortools:quantile_p75_scaled_or_tools,quantile_p75_scaled_or_tools,ortools,True,True,True,48,91803.0,4.99976658821106,1.0586750507354736,6.058441638946533,1337.2800000000002,0.9950000000000001,pulp_cbc,mean_domain_loss,611.4763156729633,,180,60,True,1475.973949221342,1477.1879078045301,1719.0860596616137,1721.4645129425173,1302.741061832646,1343.9999976000001,92675.54641683109,93008.9550560095,93343.93442269792,177.05789377124148,331.259778375919,0.46721991701244814,154.00635526939334,611.4763156729633,261.0701011581293
X-n242-k48,241,atm,ortools:quantile_p90_scaled_or_tools,quantile_p90_scaled_or_tools,ortools,False,False,False,0,,0.0,,0.0,1337.2799999999997,0.9949999999999998,pulp_cbc,mean_domain_loss,,total_load_exceeds_fleet_capacity,180,60,True,1475.973949221342,1477.1879078045301,1719.0860596616137,1721.4645129425173,,,,,,,,,,,
X-n242-k48,241,grocery,ortools:quantile_p90_scaled_or_tools,quantile_p90_scaled_or_tools,ortools,False,False,False,0,,0.0,,0.0,1337.2799999999997,0.9949999999999998,pulp_cbc,mean_domain_loss,,total_load_exceeds_fleet_capacity,180,60,True,1475.973949221342,1477.1879078045301,1719.0860596616137,1721.4645129425173,,,,,,,,,,,
X-n242-k48,241,cargo,ortools:quantile_p90_scaled_or_tools,quantile_p90_scaled_or_tools,ortools,False,False,False,0,,0.0,,0.0,1337.2799999999997,0.9949999999999998,pulp_cbc,mean_domain_loss,,total_load_exceeds_fleet_capacity,180,60,True,1475.973949221342,1477.1879078045301,1719.0860596616137,1721.4645129425173,,,,,,,,,,,
X-n242-k48,241,cold_chain,ortools:quantile_p90_scaled_or_tools,quantile_p90_scaled_or_tools,ortools,False,False,False,0,,0.0,,0.0,1337.2799999999997,0.9949999999999998,pulp_cbc,mean_domain_loss,,total_load_exceeds_fleet_capacity,180,60,True,1475.973949221342,1477.1879078045301,1719.0860596616137,1721.4645129425173,,,,,,,,,,,
X-n242-k48,241,atm,ortools:robust_mean_1std_scaled_or_tools,robust_mean_1std_scaled_or_tools,ortools,False,False,False,0,,0.0,,0.0,1337.2799999999997,0.9949999999999998,pulp_cbc,mean_domain_loss,,total_load_exceeds_fleet_capacity,180,60,True,1475.973949221342,1477.1879078045301,1719.0860596616137,1721.4645129425173,,,,,,,,,,,
X-n242-k48,241,grocery,ortools:robust_mean_1std_scaled_or_tools,robust_mean_1std_scaled_or_tools,ortools,False,False,False,0,,0.0,,0.0,1337.2799999999997,0.9949999999999998,pulp_cbc,mean_domain_loss,,total_load_exceeds_fleet_capacity,180,60,True,1475.973949221342,1477.1879078045301,1719.0860596616137,1721.4645129425173,,,,,,,,,,,
X-n242-k48,241,cargo,ortools:robust_mean_1std_scaled_or_tools,robust_mean_1std_scaled_or_tools,ortools,False,False,False,0,,0.0,,0.0,1337.2799999999997,0.9949999999999998,pulp_cbc,mean_domain_loss,,total_load_exceeds_fleet_capacity,180,60,True,1475.973949221342,1477.1879078045301,1719.0860596616137,1721.4645129425173,,,,,,,,,,,
X-n242-k48,241,cold_chain,ortools:robust_mean_1std_scaled_or_tools,robust_mean_1std_scaled_or_tools,ortools,False,False,False,0,,0.0,,0.0,1337.2799999999997,0.9949999999999998,pulp_cbc,mean_domain_loss,,total_load_exceeds_fleet_capacity,180,60,True,1475.973949221342,1477.1879078045301,1719.0860596616137,1721.4645129425173,,,,,,,,,,,
X-n242-k48,241,atm,ortools:robust_mean_2std_scaled_or_tools,robust_mean_2std_scaled_or_tools,ortools,False,False,False,0,,0.0,,0.0,1337.2799999999997,0.9949999999999998,pulp_cbc,mean_domain_loss,,total_load_exceeds_fleet_capacity,180,60,True,1475.973949221342,1477.1879078045301,1719.0860596616137,1721.4645129425173,,,,,,,,,,,
X-n242-k48,241,grocery,ortools:robust_mean_2std_scaled_or_tools,robust_mean_2std_scaled_or_tools,ortools,False,False,False,0,,0.0,,0.0,1337.2799999999997,0.9949999999999998,pulp_cbc,mean_domain_loss,,total_load_exceeds_fleet_capacity,180,60,True,1475.973949221342,1477.1879078045301,1719.0860596616137,1721.4645129425173,,,,,,,,,,,
X-n242-k48,241,cargo,ortools:robust_mean_2std_scaled_or_tools,robust_mean_2std_scaled_or_tools,ortools,False,False,False,0,,0.0,,0.0,1337.2799999999997,0.9949999999999998,pulp_cbc,mean_domain_loss,,total_load_exceeds_fleet_capacity,180,60,True,1475.973949221342,1477.1879078045301,1719.0860596616137,1721.4645129425173,,,,,,,,,,,
X-n242-k48,241,cold_chain,ortools:robust_mean_2std_scaled_or_tools,robust_mean_2std_scaled_or_tools,ortools,False,False,False,0,,0.0,,0.0,1337.2799999999997,0.9949999999999998,pulp_cbc,mean_domain_loss,,total_load_exceeds_fleet_capacity,180,60,True,1475.973949221342,1477.1879078045301,1719.0860596616137,1721.4645129425173,,,,,,,,,,,
X-n242-k48,241,atm,ortools:nominal_seed101_or_tools,nominal_seed101_or_tools,ortools,True,True,True,48,87329.0,4.999963283538818,1.0494368076324463,6.049400091171265,1324.0,0.9851190476190477,pulp_cbc,mean_domain_loss,713.0907913782685,,180,60,True,1475.973949221342,1477.1879078045301,1719.0860596616137,1721.4645129425173,1287.6749275791024,1335.07847308,88042.09079137824,88592.61649755605,89077.3212469017,184.03994960517318,335.0868107574314,0.49224066390041493,152.06688658332507,713.0907913782685,0.0
X-n242-k48,241,grocery,ortools:nominal_seed101_or_tools,nominal_seed101_or_tools,ortools,True,True,True,48,87329.0,4.999963283538818,1.1165046691894531,6.1164679527282715,1324.0,0.9851190476190477,pulp_cbc,mean_domain_loss,438.61953051342186,,180,60,True,1475.973949221342,1477.1879078045301,1719.0860596616137,1721.4645129425173,613.6444020479614,1330.90677718,87767.61953051342,88037.54416547708,88295.82396340255,184.18051957457098,338.3550443773824,0.48925311203319505,148.03576065272293,438.61953051342186,0.0
X-n242-k48,241,cargo,ortools:nominal_seed101_or_tools,nominal_seed101_or_tools,ortools,True,True,True,48,87329.0,4.999963283538818,1.1366660594940186,6.136629343032837,1324.0,0.9851190476190477,pulp_cbc,mean_domain_loss,537.0717960457903,,180,60,True,1475.973949221342,1477.1879078045301,1719.0860596616137,1721.4645129425173,1144.0294127994873,1335.07847297,87866.07179604581,88290.12757367613,88653.36107828151,184.0098556014171,334.88718293864434,0.48609958506224066,152.03679246956898,537.0717960457903,0.0
X-n242-k48,241,cold_chain,ortools:nominal_seed101_or_tools,nominal_seed101_or_tools,ortools,True,True,True,48,87329.0,4.999963283538818,1.1539607048034668,6.153923988342285,1324.0,0.9851190476190477,pulp_cbc,mean_domain_loss,625.6869859251697,,180,60,True,1475.973949221342,1477.1879078045301,1719.0860596616137,1721.4645129425173,1316.7174982820673,1330.24779933,88206.55627737341,88548.31415739897,88888.60923019427,184.3619300516298,338.97210162404093,0.48688796680497926,147.55819327978176,625.6869859251697,251.86929144821994
X-n242-k48,241,atm,ortools:nominal_seed103_or_tools,nominal_seed103_or_tools,ortools,True,True,True,48,86092.0,4.99969220161438,1.0409908294677734,6.040683031082153,1324.0,0.9851190476190477,pulp_cbc,mean_domain_loss,695.0398421363332,,180,60,True,1475.973949221342,1477.1879078045301,1719.0860596616137,1721.4645129425173,1258.7676768058684,1343.9999966300002,86787.03984213634,87329.68618985768,87805.78657522774,178.7429646848158,328.68198253966113,0.4758091286307054,155.69142521296774,695.0398421363332,0.0
X-n242-k48,241,grocery,ortools:nominal_seed103_or_tools,nominal_seed103_or_tools,ortools,True,True,True,48,86092.0,4.99969220161438,1.114642858505249,6.114335060119629,1324.0,0.9851190476190477,pulp_cbc,mean_domain_loss,430.99488783088265,,180,60,True,1475.973949221342,1477.1879078045301,1719.0860596616137,1721.4645129425173,601.6761561385345,1343.99999755,86522.9948878309,86787.49728172655,87039.26534702125,178.65910033797525,328.17218409207123,0.4713692946058091,155.60756178612718,430.99488783088265,0.0
X-n242-k48,241,cargo,ortools:nominal_seed103_or_tools,nominal_seed103_or_tools,ortools,True,True,True,48,86092.0,4.99969220161438,1.101597547531128,6.101289749145508,1324.0,0.9851190476190477,pulp_cbc,mean_domain_loss,524.9218371827442,,180,60,True,1475.973949221342,1477.1879078045301,1719.0860596616137,1721.4645129425173,1120.711611309432,1344.00000048,86616.92183718273,87036.21922026073,87392.97820465759,178.97010053764959,328.21837319761545,0.4720746887966805,155.9185649158015,524.9218371827442,0.0
X-n242-k48,241,cold_chain,ortools:nominal_seed103_or_tools,nominal_seed103_or_tools,ortools,True,True,True,48,86092.0,4.99969220161438,1.243217945098877,6.242910146713257,1324.0,0.9851190476190477,pulp_cbc,mean_domain_loss,616.9136934959055,,180,60,True,1475.973949221342,1477.1879078045301,1719.0860596616137,1721.4645129425173,1295.5389782305685,1343.4604866099999,86958.084609625,87290.5738557237,87623.13878993804,178.79283429304326,327.8946726382724,0.4658091286307054,155.20178480119523,616.9136934959055,249.17091612908982
X-n242-k48,241,atm,ortools:proxy_mean_scaled_seed109_or_tools,proxy_mean_scaled_seed109_or_tools,ortools,True,True,True,48,87732.0,4.999455690383911,1.1835169792175293,6.18297266960144,1337.2800000000002,0.9950000000000001,pulp_cbc,mean_domain_loss,694.5769227185713,,180,60,True,1475.973949221342,1477.1879078045301,1719.0860596616137,1721.4645129425173,1259.1701440053675,1343.99999828,88426.57692271857,88968.0395990776,89446.87975858929,178.67295513011504,331.073208573044,0.4770124481327801,155.62141730826698,694.5769227185713,0.0
X-n242-k48,241,grocery,ortools:proxy_mean_scaled_seed109_or_tools,proxy_mean_scaled_seed109_or_tools,ortools,True,True,True,48,87732.0,4.999455690383911,1.0773754119873047,6.076831102371216,1337.2800000000002,0.9950000000000001,pulp_cbc,mean_domain_loss,431.07159161129033,,180,60,True,1475.973949221342,1477.1879078045301,1719.0860596616137,1721.4645129425173,601.9469066957233,1343.99999928,88163.07159161128,88427.4941837605,88679.68217275191,178.73715847799605,330.7721731053181,0.4750622406639004,155.685621656148,431.07159161129033,0.0
X-n242-k48,241,cargo,ortools:proxy_mean_scaled_seed109_or_tools,proxy_mean_scaled_seed109_or_tools,ortools,True,True,True,48,87732.0,4.999455690383911,1.060652494430542,6.060108184814453,1337.2800000000002,0.9950000000000001,pulp_cbc,mean_domain_loss,524.2773031091176,,180,60,True,1475.973949221342,1477.1879078045301,1719.0860596616137,1721.4645129425173,1120.4011974088507,1343.9999999600002,88256.27730310909,88674.37404519856,89032.84981828782,178.93226919757564,330.3328300941762,0.47282157676348546,155.88073305572755,524.2773031091176,0.0
X-n242-k48,241,cold_chain,ortools:proxy_mean_scaled_seed109_or_tools,proxy_mean_scaled_seed109_or_tools,ortools,True,True,True,48,87732.0,4.999455690383911,1.1413631439208984,6.14081883430481,1337.2800000000002,0.9950000000000001,pulp_cbc,mean_domain_loss,616.9210907125977,,180,60,True,1475.973949221342,1477.1879078045301,1719.0860596616137,1721.4645129425173,1304.0658187883469,1343.46048793,88605.57547409613,88938.36976065059,89271.77459008314,178.65546170762033,329.7919865854632,0.4683402489626556,155.0644135357723,616.9210907125977,256.65438338351345
X-n242-k48,241,atm,ortools:quantile_p75_scaled_seed107_or_tools,quantile_p75_scaled_seed107_or_tools,ortools,True,True,True,48,89764.0,5.000499725341797,1.1594948768615723,6.159994602203369,1337.2800000000002,0.9950000000000001,pulp_cbc,mean_domain_loss,687.4873230234774,,180,60,True,1475.973949221342,1477.1879078045301,1719.0860596616137,1721.4645129425173,1251.0600316351479,1344.0000010899998,90451.48732302347,90995.11617214044,91473.7676402755,177.204273966246,331.42691550392385,0.4753941908713693,154.15273895439796,687.4873230234774,0.0
X-n242-k48,241,grocery,ortools:quantile_p75_scaled_seed107_or_tools,quantile_p75_scaled_seed107_or_tools,ortools,True,True,True,48,89764.0,5.000499725341797,1.1485328674316406,6.1490325927734375,1337.2800000000002,0.9950000000000001,pulp_cbc,mean_domain_loss,427.0478571551005,,180,60,True,1475.973949221342,1477.1879078045301,1719.0860596616137,1721.4645129425173,597.9974225944504,1344.0000001600001,90191.04785715509,90456.07188572807,90708.82019808059,177.1390963910796,331.3931124967639,0.471701244813278,154.08756044923155,427.0478571551005,0.0
X-n242-k48,241,cargo,ortools:quantile_p75_scaled_seed107_or_tools,quantile_p75_scaled_seed107_or_tools,ortools,True,True,True,48,89764.0,5.000499725341797,1.1802725791931152,6.180772304534912,1337.2800000000002,0.9950000000000001,pulp_cbc,mean_domain_loss,517.2261794389892,,180,60,True,1475.973949221342,1477.1879078045301,1719.0860596616137,1721.4645129425173,1110.8375636513483,1343.99999755,90281.22617943898,90692.56454448002,91057.65020800575,177.27446521085167,331.26911422186276,0.46593360995850625,154.22292665900363,517.2261794389892,0.0
X-n242-k48,241,cold_chain,ortools:quantile_p75_scaled_seed107_or_tools,quantile_p75_scaled_seed107_or_tools,ortools,True,True,True,48,89764.0,5.000499725341797,1.0241334438323975,6.024633169174194,1337.2800000000002,0.9950000000000001,pulp_cbc,mean_domain_loss,612.1197397127369,,180,60,True,1475.973949221342,1477.1879078045301,1719.0860596616137,1721.4645129425173,1308.8505271954348,1344.0000001399999,90643.55106269669,90972.91802710279,91310.4717016133,177.13267798643196,329.56247859260816,0.46647302904564314,154.08114202458393,612.1197397127369,267.4313229839436
X-n242-k48,241,atm,ortools:robust_mean_1std_scaled_seed113_or_tools,robust_mean_1std_scaled_seed113_or_tools,ortools,False,False,False,0,,0.0,,0.0,1337.2799999999997,0.9949999999999998,pulp_cbc,mean_domain_loss,,total_load_exceeds_fleet_capacity,180,60,True,1475.973949221342,1477.1879078045301,1719.0860596616137,1721.4645129425173,,,,,,,,,,,
X-n242-k48,241,grocery,ortools:robust_mean_1std_scaled_seed113_or_tools,robust_mean_1std_scaled_seed113_or_tools,ortools,False,False,False,0,,0.0,,0.0,1337.2799999999997,0.9949999999999998,pulp_cbc,mean_domain_loss,,total_load_exceeds_fleet_capacity,180,60,True,1475.973949221342,1477.1879078045301,1719.0860596616137,1721.4645129425173,,,,,,,,,,,
X-n242-k48,241,cargo,ortools:robust_mean_1std_scaled_seed113_or_tools,robust_mean_1std_scaled_seed113_or_tools,ortools,False,False,False,0,,0.0,,0.0,1337.2799999999997,0.9949999999999998,pulp_cbc,mean_domain_loss,,total_load_exceeds_fleet_capacity,180,60,True,1475.973949221342,1477.1879078045301,1719.0860596616137,1721.4645129425173,,,,,,,,,,,
X-n242-k48,241,cold_chain,ortools:robust_mean_1std_scaled_seed113_or_tools,robust_mean_1std_scaled_seed113_or_tools,ortools,False,False,False,0,,0.0,,0.0,1337.2799999999997,0.9949999999999998,pulp_cbc,mean_domain_loss,,total_load_exceeds_fleet_capacity,180,60,True,1475.973949221342,1477.1879078045301,1719.0860596616137,1721.4645129425173,,,,,,,,,,,
X-n251-k28,250,atm,ortools:nominal_or_tools,nominal_or_tools,ortools,True,True,True,28,40465.0,5.000310659408569,1.1583585739135742,6.1586692333221436,1867.0,0.9663561076604554,pulp_cbc,mean_domain_loss,838.7487142387239,,180,60,True,2083.418657642686,2086.52559340612,2424.7257298494433,2425.3478480666686,1696.4652289665305,1932.0000021,41303.748714238725,41931.40251650499,42576.28329455781,217.42323223945456,396.95138801507926,0.43748,239.20005838704034,838.7487142387239,0.0
X-n251-k28,250,grocery,ortools:nominal_or_tools,nominal_or_tools,ortools,True,True,True,28,40465.0,5.000310659408569,1.102635383605957,6.102946043014526,1867.0,0.9663561076604554,pulp_cbc,mean_domain_loss,534.703397765502,,180,60,True,2083.418657642686,2086.52559340612,2424.7257298494433,2425.3478480666686,805.6037943242404,1926.0939971,40999.7033977655,41290.08857671861,41633.85781033521,217.56581676675498,395.7862885693988,0.43736,233.43663791434076,534.703397765502,0.0
X-n251-k28,250,cargo,ortools:nominal_or_tools,nominal_or_tools,ortools,True,True,True,28,40465.0,5.000310659408569,1.200024127960205,6.200334787368774,1867.0,0.9663561076604554,pulp_cbc,mean_domain_loss,634.7669454829879,,180,60,True,2083.418657642686,2086.52559340612,2424.7257298494433,2425.3478480666686,1526.6296280112604,1931.9999996,41099.76694548299,41586.256070631534,42068.508017177985,217.9185903460944,397.26578127661816,0.43316,239.69541399368012,634.7669454829879,0.0
X-n251-k28,250,cold_chain,ortools:nominal_or_tools,nominal_or_tools,ortools,True,True,True,28,40465.0,5.000310659408569,1.11409592628479,6.114406585693359,1867.0,0.9663561076604554,pulp_cbc,mean_domain_loss,770.3228017741324,,180,60,True,2083.418657642686,2086.52559340612,2424.7257298494433,2425.3478480666686,1770.769658106567,1923.6758217000001,41585.11981963547,41944.228610009704,42391.988199898755,218.3258188828903,396.4782681195302,0.43368,231.77846463047615,770.3228017741324,349.79701786132966
X-n251-k28,250,atm,ortools:proxy_mean_or_tools,proxy_mean_or_tools,ortools,False,False,False,0,,0.0,,0.0,2083.4186576426864,1.078374046398906,pulp_cbc,mean_domain_loss,,total_load_exceeds_fleet_capacity,180,60,True,2083.418657642686,2086.52559340612,2424.7257298494433,2425.3478480666686,,,,,,,,,,,
X-n251-k28,250,grocery,ortools:proxy_mean_or_tools,proxy_mean_or_tools,ortools,False,False,False,0,,0.0,,0.0,2083.4186576426864,1.078374046398906,pulp_cbc,mean_domain_loss,,total_load_exceeds_fleet_capacity,180,60,True,2083.418657642686,2086.52559340612,2424.7257298494433,2425.3478480666686,,,,,,,,,,,
X-n251-k28,250,cargo,ortools:proxy_mean_or_tools,proxy_mean_or_tools,ortools,False,False,False,0,,0.0,,0.0,2083.4186576426864,1.078374046398906,pulp_cbc,mean_domain_loss,,total_load_exceeds_fleet_capacity,180,60,True,2083.418657642686,2086.52559340612,2424.7257298494433,2425.3478480666686,,,,,,,,,,,
X-n251-k28,250,cold_chain,ortools:proxy_mean_or_tools,proxy_mean_or_tools,ortools,False,False,False,0,,0.0,,0.0,2083.4186576426864,1.078374046398906,pulp_cbc,mean_domain_loss,,total_load_exceeds_fleet_capacity,180,60,True,2083.418657642686,2086.52559340612,2424.7257298494433,2425.3478480666686,,,,,,,,,,,
X-n251-k28,250,atm,ortools:quantile_p75_or_tools,quantile_p75_or_tools,ortools,False,False,False,0,,0.0,,0.0,2414.0827511830857,1.2495252335316178,pulp_cbc,mean_domain_loss,,total_load_exceeds_fleet_capacity,180,60,True,2083.418657642686,2086.52559340612,2424.7257298494433,2425.3478480666686,,,,,,,,,,,
X-n251-k28,250,grocery,ortools:quantile_p75_or_tools,quantile_p75_or_tools,ortools,False,False,False,0,,0.0,,0.0,2414.0827511830857,1.2495252335316178,pulp_cbc,mean_domain_loss,,total_load_exceeds_fleet_capacity,180,60,True,2083.418657642686,2086.52559340612,2424.7257298494433,2425.3478480666686,,,,,,,,,,,
X-n251-k28,250,cargo,ortools:quantile_p75_or_tools,quantile_p75_or_tools,ortools,False,False,False,0,,0.0,,0.0,2414.0827511830857,1.2495252335316178,pulp_cbc,mean_domain_loss,,total_load_exceeds_fleet_capacity,180,60,True,2083.418657642686,2086.52559340612,2424.7257298494433,2425.3478480666686,,,,,,,,,,,
X-n251-k28,250,cold_chain,ortools:quantile_p75_or_tools,quantile_p75_or_tools,ortools,False,False,False,0,,0.0,,0.0,2414.0827511830857,1.2495252335316178,pulp_cbc,mean_domain_loss,,total_load_exceeds_fleet_capacity,180,60,True,2083.418657642686,2086.52559340612,2424.7257298494433,2425.3478480666686,,,,,,,,,,,
X-n251-k28,250,atm,ortools:quantile_p90_or_tools,quantile_p90_or_tools,ortools,False,False,False,0,,0.0,,0.0,2884.177096927553,1.492845288264779,pulp_cbc,mean_domain_loss,,total_load_exceeds_fleet_capacity,180,60,True,2083.418657642686,2086.52559340612,2424.7257298494433,2425.3478480666686,,,,,,,,,,,
X-n251-k28,250,grocery,ortools:quantile_p90_or_tools,quantile_p90_or_tools,ortools,False,False,False,0,,0.0,,0.0,2884.177096927553,1.492845288264779,pulp_cbc,mean_domain_loss,,total_load_exceeds_fleet_capacity,180,60,True,2083.418657642686,2086.52559340612,2424.7257298494433,2425.3478480666686,,,,,,,,,,,
X-n251-k28,250,cargo,ortools:quantile_p90_or_tools,quantile_p90_or_tools,ortools,False,False,False,0,,0.0,,0.0,2884.177096927553,1.492845288264779,pulp_cbc,mean_domain_loss,,total_load_exceeds_fleet_capacity,180,60,True,2083.418657642686,2086.52559340612,2424.7257298494433,2425.3478480666686,,,,,,,,,,,
X-n251-k28,250,cold_chain,ortools:quantile_p90_or_tools,quantile_p90_or_tools,ortools,False,False,False,0,,0.0,,0.0,2884.177096927553,1.492845288264779,pulp_cbc,mean_domain_loss,,total_load_exceeds_fleet_capacity,180,60,True,2083.418657642686,2086.52559340612,2424.7257298494433,2425.3478480666686,,,,,,,,,,,
X-n251-k28,250,atm,ortools:robust_mean_1std_or_tools,robust_mean_1std_or_tools,ortools,False,False,False,0,,0.0,,0.0,2699.811484473962,1.3974179526262744,pulp_cbc,mean_domain_loss,,total_load_exceeds_fleet_capacity,180,60,True,2083.418657642686,2086.52559340612,2424.7257298494433,2425.3478480666686,,,,,,,,,,,
X-n251-k28,250,grocery,ortools:robust_mean_1std_or_tools,robust_mean_1std_or_tools,ortools,False,False,False,0,,0.0,,0.0,2699.811484473962,1.3974179526262744,pulp_cbc,mean_domain_loss,,total_load_exceeds_fleet_capacity,180,60,True,2083.418657642686,2086.52559340612,2424.7257298494433,2425.3478480666686,,,,,,,,,,,
X-n251-k28,250,cargo,ortools:robust_mean_1std_or_tools,robust_mean_1std_or_tools,ortools,False,False,False,0,,0.0,,0.0,2699.811484473962,1.3974179526262744,pulp_cbc,mean_domain_loss,,total_load_exceeds_fleet_capacity,180,60,True,2083.418657642686,2086.52559340612,2424.7257298494433,2425.3478480666686,,,,,,,,,,,
X-n251-k28,250,cold_chain,ortools:robust_mean_1std_or_tools,robust_mean_1std_or_tools,ortools,False,False,False,0,,0.0,,0.0,2699.811484473962,1.3974179526262744,pulp_cbc,mean_domain_loss,,total_load_exceeds_fleet_capacity,180,60,True,2083.418657642686,2086.52559340612,2424.7257298494433,2425.3478480666686,,,,,,,,,,,
X-n251-k28,250,atm,ortools:robust_mean_2std_or_tools,robust_mean_2std_or_tools,ortools,False,False,False,0,,0.0,,0.0,3316.204311305238,1.7164618588536429,pulp_cbc,mean_domain_loss,,total_load_exceeds_fleet_capacity,180,60,True,2083.418657642686,2086.52559340612,2424.7257298494433,2425.3478480666686,,,,,,,,,,,
X-n251-k28,250,grocery,ortools:robust_mean_2std_or_tools,robust_mean_2std_or_tools,ortools,False,False,False,0,,0.0,,0.0,3316.204311305238,1.7164618588536429,pulp_cbc,mean_domain_loss,,total_load_exceeds_fleet_capacity,180,60,True,2083.418657642686,2086.52559340612,2424.7257298494433,2425.3478480666686,,,,,,,,,,,
X-n251-k28,250,cargo,ortools:robust_mean_2std_or_tools,robust_mean_2std_or_tools,ortools,False,False,False,0,,0.0,,0.0,3316.204311305238,1.7164618588536429,pulp_cbc,mean_domain_loss,,total_load_exceeds_fleet_capacity,180,60,True,2083.418657642686,2086.52559340612,2424.7257298494433,2425.3478480666686,,,,,,,,,,,
X-n251-k28,250,cold_chain,ortools:robust_mean_2std_or_tools,robust_mean_2std_or_tools,ortools,False,False,False,0,,0.0,,0.0,3316.204311305238,1.7164618588536429,pulp_cbc,mean_domain_loss,,total_load_exceeds_fleet_capacity,180,60,True,2083.418657642686,2086.52559340612,2424.7257298494433,2425.3478480666686,,,,,,,,,,,
X-n251-k28,250,atm,ortools:proxy_mean_scaled_or_tools,proxy_mean_scaled_or_tools,ortools,False,False,False,0,,5.00445294380188,,5.00445294380188,1922.3399999999997,0.9949999999999999,pulp_cbc,mean_domain_loss,,ortools_no_solution,180,60,True,2083.418657642686,2086.52559340612,2424.7257298494433,2425.3478480666686,,,,,,,,,,,
X-n251-k28,250,grocery,ortools:proxy_mean_scaled_or_tools,proxy_mean_scaled_or_tools,ortools,False,False,False,0,,5.00445294380188,,5.00445294380188,1922.3399999999997,0.9949999999999999,pulp_cbc,mean_domain_loss,,ortools_no_solution,180,60,True,2083.418657642686,2086.52559340612,2424.7257298494433,2425.3478480666686,,,,,,,,,,,
X-n251-k28,250,cargo,ortools:proxy_mean_scaled_or_tools,proxy_mean_scaled_or_tools,ortools,False,False,False,0,,5.00445294380188,,5.00445294380188,1922.3399999999997,0.9949999999999999,pulp_cbc,mean_domain_loss,,ortools_no_solution,180,60,True,2083.418657642686,2086.52559340612,2424.7257298494433,2425.3478480666686,,,,,,,,,,,
X-n251-k28,250,cold_chain,ortools:proxy_mean_scaled_or_tools,proxy_mean_scaled_or_tools,ortools,False,False,False,0,,5.00445294380188,,5.00445294380188,1922.3399999999997,0.9949999999999999,pulp_cbc,mean_domain_loss,,ortools_no_solution,180,60,True,2083.418657642686,2086.52559340612,2424.7257298494433,2425.3478480666686,,,,,,,,,,,
X-n251-k28,250,atm,ortools:quantile_p75_scaled_or_tools,quantile_p75_scaled_or_tools,ortools,False,False,False,0,,5.003156661987305,,5.003156661987305,1922.3400000000001,0.9950000000000001,pulp_cbc,mean_domain_loss,,ortools_no_solution,180,60,True,2083.418657642686,2086.52559340612,2424.7257298494433,2425.3478480666686,,,,,,,,,,,
X-n251-k28,250,grocery,ortools:quantile_p75_scaled_or_tools,quantile_p75_scaled_or_tools,ortools,False,False,False,0,,5.003156661987305,,5.003156661987305,1922.3400000000001,0.9950000000000001,pulp_cbc,mean_domain_loss,,ortools_no_solution,180,60,True,2083.418657642686,2086.52559340612,2424.7257298494433,2425.3478480666686,,,,,,,,,,,
X-n251-k28,250,cargo,ortools:quantile_p75_scaled_or_tools,quantile_p75_scaled_or_tools,ortools,False,False,False,0,,5.003156661987305,,5.003156661987305,1922.3400000000001,0.9950000000000001,pulp_cbc,mean_domain_loss,,ortools_no_solution,180,60,True,2083.418657642686,2086.52559340612,2424.7257298494433,2425.3478480666686,,,,,,,,,,,
X-n251-k28,250,cold_chain,ortools:quantile_p75_scaled_or_tools,quantile_p75_scaled_or_tools,ortools,False,False,False,0,,5.003156661987305,,5.003156661987305,1922.3400000000001,0.9950000000000001,pulp_cbc,mean_domain_loss,,ortools_no_solution,180,60,True,2083.418657642686,2086.52559340612,2424.7257298494433,2425.3478480666686,,,,,,,,,,,
X-n251-k28,250,atm,ortools:quantile_p90_scaled_or_tools,quantile_p90_scaled_or_tools,ortools,False,False,False,0,,0.0,,0.0,1922.34,0.995,pulp_cbc,mean_domain_loss,,total_load_exceeds_fleet_capacity,180,60,True,2083.418657642686,2086.52559340612,2424.7257298494433,2425.3478480666686,,,,,,,,,,,
X-n251-k28,250,grocery,ortools:quantile_p90_scaled_or_tools,quantile_p90_scaled_or_tools,ortools,False,False,False,0,,0.0,,0.0,1922.34,0.995,pulp_cbc,mean_domain_loss,,total_load_exceeds_fleet_capacity,180,60,True,2083.418657642686,2086.52559340612,2424.7257298494433,2425.3478480666686,,,,,,,,,,,
X-n251-k28,250,cargo,ortools:quantile_p90_scaled_or_tools,quantile_p90_scaled_or_tools,ortools,False,False,False,0,,0.0,,0.0,1922.34,0.995,pulp_cbc,mean_domain_loss,,total_load_exceeds_fleet_capacity,180,60,True,2083.418657642686,2086.52559340612,2424.7257298494433,2425.3478480666686,,,,,,,,,,,
X-n251-k28,250,cold_chain,ortools:quantile_p90_scaled_or_tools,quantile_p90_scaled_or_tools,ortools,False,False,False,0,,0.0,,0.0,1922.34,0.995,pulp_cbc,mean_domain_loss,,total_load_exceeds_fleet_capacity,180,60,True,2083.418657642686,2086.52559340612,2424.7257298494433,2425.3478480666686,,,,,,,,,,,
X-n251-k28,250,atm,ortools:robust_mean_1std_scaled_or_tools,robust_mean_1std_scaled_or_tools,ortools,False,False,False,0,,5.004738807678223,,5.004738807678223,1922.3400000000001,0.9950000000000001,pulp_cbc,mean_domain_loss,,ortools_no_solution,180,60,True,2083.418657642686,2086.52559340612,2424.7257298494433,2425.3478480666686,,,,,,,,,,,
X-n251-k28,250,grocery,ortools:robust_mean_1std_scaled_or_tools,robust_mean_1std_scaled_or_tools,ortools,False,False,False,0,,5.004738807678223,,5.004738807678223,1922.3400000000001,0.9950000000000001,pulp_cbc,mean_domain_loss,,ortools_no_solution,180,60,True,2083.418657642686,2086.52559340612,2424.7257298494433,2425.3478480666686,,,,,,,,,,,
X-n251-k28,250,cargo,ortools:robust_mean_1std_scaled_or_tools,robust_mean_1std_scaled_or_tools,ortools,False,False,False,0,,5.004738807678223,,5.004738807678223,1922.3400000000001,0.9950000000000001,pulp_cbc,mean_domain_loss,,ortools_no_solution,180,60,True,2083.418657642686,2086.52559340612,2424.7257298494433,2425.3478480666686,,,,,,,,,,,
X-n251-k28,250,cold_chain,ortools:robust_mean_1std_scaled_or_tools,robust_mean_1std_scaled_or_tools,ortools,False,False,False,0,,5.004738807678223,,5.004738807678223,1922.3400000000001,0.9950000000000001,pulp_cbc,mean_domain_loss,,ortools_no_solution,180,60,True,2083.418657642686,2086.52559340612,2424.7257298494433,2425.3478480666686,,,,,,,,,,,
X-n251-k28,250,atm,ortools:robust_mean_2std_scaled_or_tools,robust_mean_2std_scaled_or_tools,ortools,False,False,False,0,,0.0,,0.0,1922.3399999999997,0.9949999999999999,pulp_cbc,mean_domain_loss,,total_load_exceeds_fleet_capacity,180,60,True,2083.418657642686,2086.52559340612,2424.7257298494433,2425.3478480666686,,,,,,,,,,,
X-n251-k28,250,grocery,ortools:robust_mean_2std_scaled_or_tools,robust_mean_2std_scaled_or_tools,ortools,False,False,False,0,,0.0,,0.0,1922.3399999999997,0.9949999999999999,pulp_cbc,mean_domain_loss,,total_load_exceeds_fleet_capacity,180,60,True,2083.418657642686,2086.52559340612,2424.7257298494433,2425.3478480666686,,,,,,,,,,,
X-n251-k28,250,cargo,ortools:robust_mean_2std_scaled_or_tools,robust_mean_2std_scaled_or_tools,ortools,False,False,False,0,,0.0,,0.0,1922.3399999999997,0.9949999999999999,pulp_cbc,mean_domain_loss,,total_load_exceeds_fleet_capacity,180,60,True,2083.418657642686,2086.52559340612,2424.7257298494433,2425.3478480666686,,,,,,,,,,,
X-n251-k28,250,cold_chain,ortools:robust_mean_2std_scaled_or_tools,robust_mean_2std_scaled_or_tools,ortools,False,False,False,0,,0.0,,0.0,1922.3399999999997,0.9949999999999999,pulp_cbc,mean_domain_loss,,total_load_exceeds_fleet_capacity,180,60,True,2083.418657642686,2086.52559340612,2424.7257298494433,2425.3478480666686,,,,,,,,,,,
X-n251-k28,250,atm,ortools:nominal_seed101_or_tools,nominal_seed101_or_tools,ortools,True,True,True,28,40789.0,5.000386476516724,1.2038390636444092,6.204225540161133,1867.0,0.9663561076604554,pulp_cbc,mean_domain_loss,835.8976204206328,,180,60,True,2083.418657642686,2086.52559340612,2424.7257298494433,2425.3478480666686,1693.6468361537113,1932.0000018,41624.89762042064,42244.17897039533,42895.35749466615,216.49827097620917,393.62069338530614,0.43272,238.27509682379497,835.8976204206328,0.0
X-n251-k28,250,grocery,ortools:nominal_seed101_or_tools,nominal_seed101_or_tools,ortools,True,True,True,28,40789.0,5.000386476516724,1.1764090061187744,6.176795482635498,1867.0,0.9663561076604554,pulp_cbc,mean_domain_loss,533.9422029290008,,180,60,True,2083.418657642686,2086.52559340612,2424.7257298494433,2425.3478480666686,804.3440751739189,1929.3613421,41322.942202929,41610.40938521837,41954.6807790947,216.5951774475531,392.03543393553093,0.43312,235.7333435951389,533.9422029290008,0.0
X-n251-k28,250,cargo,ortools:nominal_seed101_or_tools,nominal_seed101_or_tools,ortools,True,True,True,28,40789.0,5.000386476516724,1.2911674976348877,6.291553974151611,1867.0,0.9663561076604554,pulp_cbc,mean_domain_loss,632.7469471922806,,180,60,True,2083.418657642686,2086.52559340612,2424.7257298494433,2425.3478480666686,1525.3176803446654,1931.9999998,41421.74694719228,41901.08174494202,42393.3790456158,216.795405074967,393.19382656743284,0.43116,238.57222892255274,632.7469471922806,0.0
X-n251-k28,250,cold_chain,ortools:nominal_seed101_or_tools,nominal_seed101_or_tools,ortools,True,True,True,28,40789.0,5.000386476516724,1.1396496295928955,6.140036106109619,1867.0,0.9663561076604554,pulp_cbc,mean_domain_loss,769.7294380486899,,180,60,True,2083.418657642686,2086.52559340612,2424.7257298494433,2425.3478480666686,1770.95327883561,1926.685266,41910.789690446254,42264.2376140524,42718.030149015176,217.23382616982195,393.67491598260386,0.42992,233.69591621740773,769.7294380486899,352.060252397568
X-n251-k28,250,atm,ortools:nominal_seed103_or_tools,nominal_seed103_or_tools,ortools,True,True,True,28,40522.0,4.993817329406738,1.2081098556518555,6.201927185058594,1867.0,0.9663561076604554,pulp_cbc,mean_domain_loss,822.1565327390407,,180,60,True,2083.418657642686,2086.52559340612,2424.7257298494433,2425.3478480666686,1673.349754488663,1931.9999975,41344.15653273905,41970.12848406352,42603.67775831801,212.9982914796032,391.97402018948134,0.42964,234.77511302718904,822.1565327390407,0.0
X-n251-k28,250,grocery,ortools:nominal_seed103_or_tools,nominal_seed103_or_tools,ortools,True,True,True,28,40522.0,4.993817329406738,1.1944422721862793,6.188259601593018,1867.0,0.9663561076604554,pulp_cbc,mean_domain_loss,526.2231918762034,,180,60,True,2083.418657642686,2086.52559340612,2424.7257298494433,2425.3478480666686,793.3825333695573,1932.0000006999999,41048.223191876205,41337.56434582842,41672.49593465142,212.72903954160972,391.24648583665646,0.42864,234.50586428919544,526.2231918762034,0.0
X-n251-k28,250,cargo,ortools:nominal_seed103_or_tools,nominal_seed103_or_tools,ortools,True,True,True,28,40522.0,4.993817329406738,1.1415870189666748,6.135404348373413,1867.0,0.9663561076604554,pulp_cbc,mean_domain_loss,622.3337922050911,,180,60,True,2083.418657642686,2086.52559340612,2424.7257298494433,2425.3478480666686,1506.1930464421173,1932.0000003999999,41144.33379220509,41625.12991527438,42104.04929328391,213.6790027597575,391.0783121008116,0.42608,235.45582720734322,622.3337922050911,0.0
X-n251-k28,250,cold_chain,ortools:nominal_seed103_or_tools,nominal_seed103_or_tools,ortools,True,True,True,28,40522.0,4.993817329406738,1.093397617340088,6.087214946746826,1867.0,0.9663561076604554,pulp_cbc,mean_domain_loss,760.0884446383731,,180,60,True,2083.418657642686,2086.52559340612,2424.7257298494433,2425.3478480666686,1757.7194522505072,1932.0000003999999,41638.02320830903,41988.061573802064,42430.48041385936,213.06174478272428,390.26508261509986,0.42488,234.83856923031007,760.0884446383731,355.9347636706605
X-n251-k28,250,atm,ortools:proxy_mean_scaled_seed109_or_tools,proxy_mean_scaled_seed109_or_tools,ortools,False,False,False,0,,5.0004048347473145,,5.0004048347473145,1922.3399999999997,0.9949999999999999,pulp_cbc,mean_domain_loss,,ortools_no_solution,180,60,True,2083.418657642686,2086.52559340612,2424.7257298494433,2425.3478480666686,,,,,,,,,,,
X-n251-k28,250,grocery,ortools:proxy_mean_scaled_seed109_or_tools,proxy_mean_scaled_seed109_or_tools,ortools,False,False,False,0,,5.0004048347473145,,5.0004048347473145,1922.3399999999997,0.9949999999999999,pulp_cbc,mean_domain_loss,,ortools_no_solution,180,60,True,2083.418657642686,2086.52559340612,2424.7257298494433,2425.3478480666686,,,,,,,,,,,
X-n251-k28,250,cargo,ortools:proxy_mean_scaled_seed109_or_tools,proxy_mean_scaled_seed109_or_tools,ortools,False,False,False,0,,5.0004048347473145,,5.0004048347473145,1922.3399999999997,0.9949999999999999,pulp_cbc,mean_domain_loss,,ortools_no_solution,180,60,True,2083.418657642686,2086.52559340612,2424.7257298494433,2425.3478480666686,,,,,,,,,,,
X-n251-k28,250,cold_chain,ortools:proxy_mean_scaled_seed109_or_tools,proxy_mean_scaled_seed109_or_tools,ortools,False,False,False,0,,5.0004048347473145,,5.0004048347473145,1922.3399999999997,0.9949999999999999,pulp_cbc,mean_domain_loss,,ortools_no_solution,180,60,True,2083.418657642686,2086.52559340612,2424.7257298494433,2425.3478480666686,,,,,,,,,,,
X-n251-k28,250,atm,ortools:quantile_p75_scaled_seed107_or_tools,quantile_p75_scaled_seed107_or_tools,ortools,False,False,False,0,,5.007025957107544,,5.007025957107544,1922.3400000000001,0.9950000000000001,pulp_cbc,mean_domain_loss,,ortools_no_solution,180,60,True,2083.418657642686,2086.52559340612,2424.7257298494433,2425.3478480666686,,,,,,,,,,,
X-n251-k28,250,grocery,ortools:quantile_p75_scaled_seed107_or_tools,quantile_p75_scaled_seed107_or_tools,ortools,False,False,False,0,,5.007025957107544,,5.007025957107544,1922.3400000000001,0.9950000000000001,pulp_cbc,mean_domain_loss,,ortools_no_solution,180,60,True,2083.418657642686,2086.52559340612,2424.7257298494433,2425.3478480666686,,,,,,,,,,,
X-n251-k28,250,cargo,ortools:quantile_p75_scaled_seed107_or_tools,quantile_p75_scaled_seed107_or_tools,ortools,False,False,False,0,,5.007025957107544,,5.007025957107544,1922.3400000000001,0.9950000000000001,pulp_cbc,mean_domain_loss,,ortools_no_solution,180,60,True,2083.418657642686,2086.52559340612,2424.7257298494433,2425.3478480666686,,,,,,,,,,,
X-n251-k28,250,cold_chain,ortools:quantile_p75_scaled_seed107_or_tools,quantile_p75_scaled_seed107_or_tools,ortools,False,False,False,0,,5.007025957107544,,5.007025957107544,1922.3400000000001,0.9950000000000001,pulp_cbc,mean_domain_loss,,ortools_no_solution,180,60,True,2083.418657642686,2086.52559340612,2424.7257298494433,2425.3478480666686,,,,,,,,,,,
X-n251-k28,250,atm,ortools:robust_mean_1std_scaled_seed113_or_tools,robust_mean_1std_scaled_seed113_or_tools,ortools,False,False,False,0,,5.001004457473755,,5.001004457473755,1922.3400000000001,0.9950000000000001,pulp_cbc,mean_domain_loss,,ortools_no_solution,180,60,True,2083.418657642686,2086.52559340612,2424.7257298494433,2425.3478480666686,,,,,,,,,,,
X-n251-k28,250,grocery,ortools:robust_mean_1std_scaled_seed113_or_tools,robust_mean_1std_scaled_seed113_or_tools,ortools,False,False,False,0,,5.001004457473755,,5.001004457473755,1922.3400000000001,0.9950000000000001,pulp_cbc,mean_domain_loss,,ortools_no_solution,180,60,True,2083.418657642686,2086.52559340612,2424.7257298494433,2425.3478480666686,,,,,,,,,,,
X-n251-k28,250,cargo,ortools:robust_mean_1std_scaled_seed113_or_tools,robust_mean_1std_scaled_seed113_or_tools,ortools,False,False,False,0,,5.001004457473755,,5.001004457473755,1922.3400000000001,0.9950000000000001,pulp_cbc,mean_domain_loss,,ortools_no_solution,180,60,True,2083.418657642686,2086.52559340612,2424.7257298494433,2425.3478480666686,,,,,,,,,,,
X-n251-k28,250,cold_chain,ortools:robust_mean_1std_scaled_seed113_or_tools,robust_mean_1std_scaled_seed113_or_tools,ortools,False,False,False,0,,5.001004457473755,,5.001004457473755,1922.3400000000001,0.9950000000000001,pulp_cbc,mean_domain_loss,,ortools_no_solution,180,60,True,2083.418657642686,2086.52559340612,2424.7257298494433,2425.3478480666686,,,,,,,,,,,
X-n261-k13,260,atm,ortools:nominal_or_tools,nominal_or_tools,ortools,True,True,True,13,29400.0,5.003624677658081,1.6242539882659912,6.627878665924072,13381.0,0.9521810289617875,pulp_cbc,mean_domain_loss,7139.379719312001,,180,60,True,14982.669280417082,15021.029351368781,17862.196299766994,17900.458727447764,13411.517153933544,14002.1914857,36539.379719312004,42224.51573945209,47588.60333589073,1819.7780066090977,3383.9799630268512,0.4716923076923077,1952.9323002790388,7139.379719312001,0.0
X-n261-k13,260,grocery,ortools:nominal_or_tools,nominal_or_tools,ortools,True,True,True,13,29400.0,5.003624677658081,1.3584415912628174,6.362066268920898,13381.0,0.9521810289617875,pulp_cbc,mean_domain_loss,4460.108945227881,,180,60,True,14982.669280417082,15021.029351368781,17862.196299766994,17900.458727447764,6376.568815771133,13743.4380643,33860.10894522788,36775.41967888087,39503.04323029045,1828.84588146365,3475.3431738854415,0.469,1703.2467537335915,4460.108945227881,0.0
X-n261-k13,260,cargo,ortools:nominal_or_tools,nominal_or_tools,ortools,True,True,True,13,29400.0,5.003624677658081,1.798750638961792,6.802375316619873,13381.0,0.9521810289617875,pulp_cbc,mean_domain_loss,5395.081246246153,,180,60,True,14982.669280417082,15021.029351368781,17862.196299766994,17900.458727447764,12079.481633349169,14044.51100378,34795.08124624615,39106.1788080085,43217.04713403518,1827.2241185431021,3389.378139929159,0.4719615384615385,2002.6979302930436,5395.081246246153,0.0
X-n261-k13,260,cold_chain,ortools:nominal_or_tools,nominal_or_tools,ortools,True,True,True,13,29400.0,5.003624677658081,1.6435024738311768,6.647127151489258,13381.0,0.9521810289617875,pulp_cbc,mean_domain_loss,6415.259558615205,,180,60,True,14982.669280417082,15021.029351368781,17862.196299766994,17900.458727447764,13970.20962167748,13719.0793718,38482.41610663443,42150.04462659556,45768.28700740573,1834.874010820082,3479.4388200611797,0.4616923076923077,1684.9161905900235,6415.259558615205,2667.1565480192244
X-n261-k13,260,atm,ortools:proxy_mean_or_tools,proxy_mean_or_tools,ortools,False,False,False,0,,0.0,,0.0,14982.669280417082,1.0661545065407445,pulp_cbc,mean_domain_loss,,total_load_exceeds_fleet_capacity,180,60,True,14982.669280417082,15021.029351368781,17862.196299766994,17900.458727447764,,,,,,,,,,,
X-n261-k13,260,grocery,ortools:proxy_mean_or_tools,proxy_mean_or_tools,ortools,False,False,False,0,,0.0,,0.0,14982.669280417082,1.0661545065407445,pulp_cbc,mean_domain_loss,,total_load_exceeds_fleet_capacity,180,60,True,14982.669280417082,15021.029351368781,17862.196299766994,17900.458727447764,,,,,,,,,,,
X-n261-k13,260,cargo,ortools:proxy_mean_or_tools,proxy_mean_or_tools,ortools,False,False,False,0,,0.0,,0.0,14982.669280417082,1.0661545065407445,pulp_cbc,mean_domain_loss,,total_load_exceeds_fleet_capacity,180,60,True,14982.669280417082,15021.029351368781,17862.196299766994,17900.458727447764,,,,,,,,,,,
X-n261-k13,260,cold_chain,ortools:proxy_mean_or_tools,proxy_mean_or_tools,ortools,False,False,False,0,,0.0,,0.0,14982.669280417082,1.0661545065407445,pulp_cbc,mean_domain_loss,,total_load_exceeds_fleet_capacity,180,60,True,14982.669280417082,15021.029351368781,17862.196299766994,17900.458727447764,,,,,,,,,,,
X-n261-k13,260,atm,ortools:quantile_p75_or_tools,quantile_p75_or_tools,ortools,False,False,False,0,,0.0,,0.0,17475.904120622596,1.2435710610277233,pulp_cbc,mean_domain_loss,,total_load_exceeds_fleet_capacity,180,60,True,14982.669280417082,15021.029351368781,17862.196299766994,17900.458727447764,,,,,,,,,,,
X-n261-k13,260,grocery,ortools:quantile_p75_or_tools,quantile_p75_or_tools,ortools,False,False,False,0,,0.0,,0.0,17475.904120622596,1.2435710610277233,pulp_cbc,mean_domain_loss,,total_load_exceeds_fleet_capacity,180,60,True,14982.669280417082,15021.029351368781,17862.196299766994,17900.458727447764,,,,,,,,,,,
X-n261-k13,260,cargo,ortools:quantile_p75_or_tools,quantile_p75_or_tools,ortools,False,False,False,0,,0.0,,0.0,17475.904120622596,1.2435710610277233,pulp_cbc,mean_domain_loss,,total_load_exceeds_fleet_capacity,180,60,True,14982.669280417082,15021.029351368781,17862.196299766994,17900.458727447764,,,,,,,,,,,
X-n261-k13,260,cold_chain,ortools:quantile_p75_or_tools,quantile_p75_or_tools,ortools,False,False,False,0,,0.0,,0.0,17475.904120622596,1.2435710610277233,pulp_cbc,mean_domain_loss,,total_load_exceeds_fleet_capacity,180,60,True,14982.669280417082,15021.029351368781,17862.196299766994,17900.458727447764,,,,,,,,,,,
X-n261-k13,260,atm,ortools:quantile_p90_or_tools,quantile_p90_or_tools,ortools,False,False,False,0,,0.0,,0.0,21271.899348778796,1.5136909804866432,pulp_cbc,mean_domain_loss,,total_load_exceeds_fleet_capacity,180,60,True,14982.669280417082,15021.029351368781,17862.196299766994,17900.458727447764,,,,,,,,,,,
X-n261-k13,260,grocery,ortools:quantile_p90_or_tools,quantile_p90_or_tools,ortools,False,False,False,0,,0.0,,0.0,21271.899348778796,1.5136909804866432,pulp_cbc,mean_domain_loss,,total_load_exceeds_fleet_capacity,180,60,True,14982.669280417082,15021.029351368781,17862.196299766994,17900.458727447764,,,,,,,,,,,
X-n261-k13,260,cargo,ortools:quantile_p90_or_tools,quantile_p90_or_tools,ortools,False,False,False,0,,0.0,,0.0,21271.899348778796,1.5136909804866432,pulp_cbc,mean_domain_loss,,total_load_exceeds_fleet_capacity,180,60,True,14982.669280417082,15021.029351368781,17862.196299766994,17900.458727447764,,,,,,,,,,,
X-n261-k13,260,cold_chain,ortools:quantile_p90_or_tools,quantile_p90_or_tools,ortools,False,False,False,0,,0.0,,0.0,21271.899348778796,1.5136909804866432,pulp_cbc,mean_domain_loss,,total_load_exceeds_fleet_capacity,180,60,True,14982.669280417082,15021.029351368781,17862.196299766994,17900.458727447764,,,,,,,,,,,
X-n261-k13,260,atm,ortools:robust_mean_1std_or_tools,robust_mean_1std_or_tools,ortools,False,False,False,0,,0.0,,0.0,19780.571878001512,1.407569335942611,pulp_cbc,mean_domain_loss,,total_load_exceeds_fleet_capacity,180,60,True,14982.669280417082,15021.029351368781,17862.196299766994,17900.458727447764,,,,,,,,,,,
X-n261-k13,260,grocery,ortools:robust_mean_1std_or_tools,robust_mean_1std_or_tools,ortools,False,False,False,0,,0.0,,0.0,19780.571878001512,1.407569335942611,pulp_cbc,mean_domain_loss,,total_load_exceeds_fleet_capacity,180,60,True,14982.669280417082,15021.029351368781,17862.196299766994,17900.458727447764,,,,,,,,,,,
X-n261-k13,260,cargo,ortools:robust_mean_1std_or_tools,robust_mean_1std_or_tools,ortools,False,False,False,0,,0.0,,0.0,19780.571878001512,1.407569335942611,pulp_cbc,mean_domain_loss,,total_load_exceeds_fleet_capacity,180,60,True,14982.669280417082,15021.029351368781,17862.196299766994,17900.458727447764,,,,,,,,,,,
X-n261-k13,260,cold_chain,ortools:robust_mean_1std_or_tools,robust_mean_1std_or_tools,ortools,False,False,False,0,,0.0,,0.0,19780.571878001512,1.407569335942611,pulp_cbc,mean_domain_loss,,total_load_exceeds_fleet_capacity,180,60,True,14982.669280417082,15021.029351368781,17862.196299766994,17900.458727447764,,,,,,,,,,,
X-n261-k13,260,atm,ortools:robust_mean_2std_or_tools,robust_mean_2std_or_tools,ortools,False,False,False,0,,0.0,,0.0,24578.474475585943,1.7489841653444775,pulp_cbc,mean_domain_loss,,total_load_exceeds_fleet_capacity,180,60,True,14982.669280417082,15021.029351368781,17862.196299766994,17900.458727447764,,,,,,,,,,,
X-n261-k13,260,grocery,ortools:robust_mean_2std_or_tools,robust_mean_2std_or_tools,ortools,False,False,False,0,,0.0,,0.0,24578.474475585943,1.7489841653444775,pulp_cbc,mean_domain_loss,,total_load_exceeds_fleet_capacity,180,60,True,14982.669280417082,15021.029351368781,17862.196299766994,17900.458727447764,,,,,,,,,,,
X-n261-k13,260,cargo,ortools:robust_mean_2std_or_tools,robust_mean_2std_or_tools,ortools,False,False,False,0,,0.0,,0.0,24578.474475585943,1.7489841653444775,pulp_cbc,mean_domain_loss,,total_load_exceeds_fleet_capacity,180,60,True,14982.669280417082,15021.029351368781,17862.196299766994,17900.458727447764,,,,,,,,,,,
X-n261-k13,260,cold_chain,ortools:robust_mean_2std_or_tools,robust_mean_2std_or_tools,ortools,False,False,False,0,,0.0,,0.0,24578.474475585943,1.7489841653444775,pulp_cbc,mean_domain_loss,,total_load_exceeds_fleet_capacity,180,60,True,14982.669280417082,15021.029351368781,17862.196299766994,17900.458727447764,,,,,,,,,,,
X-n261-k13,260,atm,ortools:proxy_mean_scaled_or_tools,proxy_mean_scaled_or_tools,ortools,True,True,True,13,31364.0,4.997973680496216,1.6162781715393066,6.6142518520355225,13982.735000000002,0.9950000000000002,pulp_cbc,mean_domain_loss,6476.879934705127,,180,60,True,14982.669280417082,15021.029351368781,17862.196299766994,17900.458727447764,12475.283882630689,14052.9999778,37840.879934705124,43648.96249070718,48554.15070702577,1648.571938722387,3238.681096048927,0.43088461538461537,1832.5347244923285,6476.879934705127,0.0
X-n261-k13,260,grocery,ortools:proxy_mean_scaled_or_tools,proxy_mean_scaled_or_tools,ortools,True,True,True,13,31364.0,4.997973680496216,1.389495611190796,6.387469291687012,13982.735000000002,0.9950000000000002,pulp_cbc,mean_domain_loss,4151.117058341741,,180,60,True,14982.669280417082,15021.029351368781,17862.196299766994,17900.458727447764,5926.769334822436,14052.999982000001,35515.11705834175,38316.44616357457,40900.35223238522,1646.1669770663239,3234.603305083908,0.4282692307692308,1830.1297670362653,4151.117058341741,0.0
X-n261-k13,260,cargo,ortools:proxy_mean_scaled_or_tools,proxy_mean_scaled_or_tools,ortools,True,True,True,13,31364.0,4.997973680496216,1.8633756637573242,6.86134934425354,13982.735000000002,0.9950000000000002,pulp_cbc,mean_domain_loss,4864.157803083785,,180,60,True,14982.669280417082,15021.029351368781,17862.196299766994,17900.458727447764,11250.394124171942,14052.99999629,36228.15780308379,40635.43952861511,44373.68264581958,1651.8382661331611,3246.573868592752,0.42753846153846153,1835.801070393103,4864.157803083785,0.0
X-n261-k13,260,cold_chain,ortools:proxy_mean_scaled_or_tools,proxy_mean_scaled_or_tools,ortools,True,True,True,13,31364.0,4.997973680496216,1.5198144912719727,6.5177881717681885,13982.735000000002,0.9950000000000002,pulp_cbc,mean_domain_loss,6025.565164466592,,180,60,True,14982.669280417082,15021.029351368781,17862.196299766994,17900.458727447764,13319.109097908844,14052.9999888,40101.29195624335,43626.48649548242,47018.54182638342,1646.9191017350165,3233.2560124898255,0.42303846153846153,1830.881898504959,6025.565164466592,2711.726791776756
X-n261-k13,260,atm,ortools:quantile_p75_scaled_or_tools,quantile_p75_scaled_or_tools,ortools,True,True,True,13,31282.0,5.002111196517944,1.5675268173217773,6.569638013839722,13982.735,0.995,pulp_cbc,mean_domain_loss,6467.14390662604,,180,60,True,14982.669280417082,15021.029351368781,17862.196299766994,17900.458727447764,12471.465910790594,14052.999975800001,37749.14390662604,43540.55038462132,48478.60380649354,1648.0365962666838,3235.052842096612,0.43288461538461537,1831.9993800366253,6467.14390662604,0.0
X-n261-k13,260,grocery,ortools:quantile_p75_scaled_or_tools,quantile_p75_scaled_or_tools,ortools,True,True,True,13,31282.0,5.002111196517944,1.4079608917236328,6.410072088241577,13982.735,0.995,pulp_cbc,mean_domain_loss,4149.221740114921,,180,60,True,14982.669280417082,15021.029351368781,17862.196299766994,17900.458727447764,5927.505497933556,14052.9999838,35431.221740114925,38254.05900245982,40816.82964170847,1645.9395046078953,3231.12639723885,0.4296923076923077,1829.9022963778368,4149.221740114921,0.0
X-n261-k13,260,cargo,ortools:quantile_p75_scaled_or_tools,quantile_p75_scaled_or_tools,ortools,True,True,True,13,31282.0,5.002111196517944,1.6945548057556152,6.69666600227356,13982.735,0.995,pulp_cbc,mean_domain_loss,4847.0647147170375,,180,60,True,14982.669280417082,15021.029351368781,17862.196299766994,17900.458727447764,11230.265848673416,14052.99998221,36129.06471471703,40486.1956435281,44276.61293030521,1650.5300337339513,3229.3022498857226,0.4260769230769231,1834.4928239138928,4847.0647147170375,0.0
X-n261-k13,260,cold_chain,ortools:quantile_p75_scaled_or_tools,quantile_p75_scaled_or_tools,ortools,True,True,True,13,31282.0,5.002111196517944,1.4422099590301514,6.444321155548096,13982.735,0.995,pulp_cbc,mean_domain_loss,6032.723920473414,,180,60,True,14982.669280417082,15021.029351368781,17862.196299766994,17900.458727447764,13365.286527146012,14052.9999709,40067.161645687505,43629.836053266234,46968.613223563676,1648.5654975502423,3226.370180483355,0.4219230769230769,1832.5282764201838,6032.723920473414,2752.4377252140916
X-n261-k13,260,atm,ortools:quantile_p90_scaled_or_tools,quantile_p90_scaled_or_tools,ortools,True,True,True,13,31580.0,4.999620199203491,1.5725553035736084,6.5721755027771,13982.734999999999,0.9949999999999999,pulp_cbc,mean_domain_loss,6478.370061488432,,180,60,True,14982.669280417082,15021.029351368781,17862.196299766994,17900.458727447764,12496.648741950947,14052.9999699,38058.37006148843,43844.952094690925,48804.24840738537,1653.7518770831207,3241.6981843243084,0.44046153846153846,1837.7146549530623,6478.370061488432,0.0
X-n261-k13,260,grocery,ortools:quantile_p90_scaled_or_tools,quantile_p90_scaled_or_tools,ortools,True,True,True,13,31580.0,4.999620199203491,1.3656814098358154,6.365301609039307,13982.734999999999,0.9949999999999999,pulp_cbc,mean_domain_loss,4161.7367469475585,,180,60,True,14982.669280417082,15021.029351368781,17862.196299766994,17900.458727447764,5946.192076772937,14052.999964899998,35741.736746947565,38557.151100049145,41128.67521622557,1652.4419423601867,3237.48799026089,0.43726923076923074,1836.4047152301284,4161.7367469475585,0.0
X-n261-k13,260,cargo,ortools:quantile_p90_scaled_or_tools,quantile_p90_scaled_or_tools,ortools,True,True,True,13,31580.0,4.999620199203491,1.7166414260864258,6.716261625289917,13982.734999999999,0.9949999999999999,pulp_cbc,mean_domain_loss,4859.514733182818,,180,60,True,14982.669280417082,15021.029351368781,17862.196299766994,17900.458727447764,11232.411216645456,14052.99999428,36439.51473318282,40812.938051219186,44579.14989217111,1660.0778742253578,3248.7498157191394,0.4335,1844.0406764752995,4859.514733182818,0.0
X-n261-k13,260,cold_chain,ortools:quantile_p90_scaled_or_tools,quantile_p90_scaled_or_tools,ortools,True,True,True,13,31580.0,4.999620199203491,1.4812626838684082,6.480882883071899,13982.734999999999,0.9949999999999999,pulp_cbc,mean_domain_loss,6059.351352864667,,180,60,True,14982.669280417082,15021.029351368781,17862.196299766994,17900.458727447764,13305.677175210143,14052.9999737,40311.00209562378,43868.81882584417,47247.29878663737,1660.1610278711983,3240.530670708133,0.4315,1844.12380954114,6059.351352864667,2671.6507427591164
X-n261-k13,260,atm,ortools:robust_mean_1std_scaled_or_tools,robust_mean_1std_scaled_or_tools,ortools,True,True,True,13,31915.0,4.990690231323242,1.5970313549041748,6.587721586227417,13982.735,0.995,pulp_cbc,mean_domain_loss,6467.692533351082,,180,60,True,14982.669280417082,15021.029351368781,17862.196299766994,17900.458727447764,12475.524138975257,14053.000024099998,38382.69253335107,44153.799325264095,49127.92484842919,1649.1194865502193,3231.850300087938,0.43488461538461537,1833.0823186201608,6467.692533351082,0.0
X-n261-k13,260,grocery,ortools:robust_mean_1std_scaled_or_tools,robust_mean_1std_scaled_or_tools,ortools,True,True,True,13,31915.0,4.990690231323242,1.2731130123138428,6.263803243637085,13982.735,0.995,pulp_cbc,mean_domain_loss,4153.876243969726,,180,60,True,14982.669280417082,15021.029351368781,17862.196299766994,17900.458727447764,5931.694411155062,14052.999993999998,36068.87624396973,38874.2534318515,41461.417933904275,1647.998409873283,3227.8417542737807,0.4331153846153846,1831.961211843224,4153.876243969726,0.0
X-n261-k13,260,cargo,ortools:robust_mean_1std_scaled_or_tools,robust_mean_1std_scaled_or_tools,ortools,True,True,True,13,31915.0,4.990690231323242,1.8269617557525635,6.817651987075806,13982.735,0.995,pulp_cbc,mean_domain_loss,4850.104608774512,,180,60,True,14982.669280417082,15021.029351368781,17862.196299766994,17900.458727447764,11226.286454971632,14053.0000034,36765.10460877451,41130.027287211444,44915.69485679186,1653.6401763941687,3237.8822456091398,0.42923076923076925,1837.6029877641108,4850.104608774512,0.0
X-n261-k13,260,cold_chain,ortools:robust_mean_1std_scaled_or_tools,robust_mean_1std_scaled_or_tools,ortools,True,True,True,13,31915.0,4.990690231323242,1.528756856918335,6.519447088241577,13982.735,0.995,pulp_cbc,mean_domain_loss,6032.2671578607615,,180,60,True,14982.669280417082,15021.029351368781,17862.196299766994,17900.458727447764,13353.542150662935,14052.999994999998,40682.52457985511,44272.03021878218,47609.41513340923,1649.0541023539051,3236.207907440471,0.42503846153846153,1833.0169053238467,6032.2671578607615,2735.257421994347
X-n261-k13,260,atm,ortools:robust_mean_2std_scaled_or_tools,robust_mean_2std_scaled_or_tools,ortools,True,True,True,13,31963.0,5.000209331512451,1.5409626960754395,6.541172027587891,13982.735000000002,0.9950000000000002,pulp_cbc,mean_domain_loss,6480.837623831815,,180,60,True,14982.669280417082,15021.029351368781,17862.196299766994,17900.458727447764,12502.796489562488,14052.9999849,38443.83762383181,44136.36440776961,49209.893107949894,1655.6792847517986,3222.0813883249116,0.4378076923076923,1839.6420776217408,6480.837623831815,0.0
X-n261-k13,260,grocery,ortools:robust_mean_2std_scaled_or_tools,robust_mean_2std_scaled_or_tools,ortools,True,True,True,13,31963.0,5.000209331512451,1.3265650272369385,6.32677435874939,13982.735000000002,0.9950000000000002,pulp_cbc,mean_domain_loss,4166.924429747479,,180,60,True,14982.669280417082,15021.029351368781,17862.196299766994,17900.458727447764,5954.0845497938035,14053.0000156,36129.924429747465,38891.26239989949,41538.55107886734,1654.2596602553813,3220.088811276311,0.4359230769230769,1838.222483825323,4166.924429747479,0.0
X-n261-k13,260,cargo,ortools:robust_mean_2std_scaled_or_tools,robust_mean_2std_scaled_or_tools,ortools,True,True,True,13,31963.0,5.000209331512451,1.741358995437622,6.741568326950073,13982.735000000002,0.9950000000000002,pulp_cbc,mean_domain_loss,4841.914950434352,,180,60,True,14982.669280417082,15021.029351368781,17862.196299766994,17900.458727447764,11209.532760811588,14052.99997271,36804.91495043435,41108.272419719,44941.075538606776,1660.8733273769308,3232.158747275028,0.4326153846153846,1844.8361080568727,4841.914950434352,0.0
X-n261-k13,260,cold_chain,ortools:robust_mean_2std_scaled_or_tools,robust_mean_2std_scaled_or_tools,ortools,True,True,True,13,31963.0,5.000209331512451,1.436290979385376,6.436500310897827,13982.735000000002,0.9950000000000002,pulp_cbc,mean_domain_loss,6053.948625648601,,180,60,True,14982.669280417082,15021.029351368781,17862.196299766994,17900.458727447764,13366.341919126848,14053.0000062,40737.57363259046,44277.05400186637,47683.78462147901,1658.5528064910334,3236.8635000758873,0.42973076923076925,1842.5156206609756,6053.948625648601,2720.625006941863
X-n261-k13,260,atm,ortools:nominal_seed101_or_tools,nominal_seed101_or_tools,ortools,True,True,True,13,29488.0,5.0047125816345215,1.699146032333374,6.7038586139678955,13381.0,0.9521810289617875,pulp_cbc,mean_domain_loss,7028.3955135219685,,180,60,True,14982.669280417082,15021.029351368781,17862.196299766994,17900.458727447764,13224.752583031475,14052.99996678,36516.39551352197,42389.106063843254,47452.12537913052,1788.0752450089815,3401.439503237753,0.46376923076923077,1972.038019758923,7028.3955135219685,0.0
X-n261-k13,260,grocery,ortools:nominal_seed101_or_tools,nominal_seed101_or_tools,ortools,True,True,True,13,29488.0,5.0047125816345215,1.3577189445495605,6.362431526184082,13381.0,0.9521810289617875,pulp_cbc,mean_domain_loss,4413.869077365316,,180,60,True,14982.669280417082,15021.029351368781,17862.196299766994,17900.458727447764,6303.899236890716,13850.1096259,33901.86907736531,36795.550868875085,39471.719091359955,1792.7614584190326,3430.607611633887,0.46342307692307694,1773.8338922889743,4413.869077365316,0.0
X-n261-k13,260,cargo,ortools:nominal_seed101_or_tools,nominal_seed101_or_tools,ortools,True,True,True,13,29488.0,5.0047125816345215,1.7103679180145264,6.715080499649048,13381.0,0.9521810289617875,pulp_cbc,mean_domain_loss,5316.915925866102,,180,60,True,14982.669280417082,15021.029351368781,17862.196299766994,17900.458727447764,11937.59303495972,14052.99999824,34804.9159258661,39239.259620547215,43148.03755958618,1796.956024214079,3407.496443271509,0.4645384615384615,1980.9188304240206,5316.915925866102,0.0
X-n261-k13,260,cold_chain,ortools:nominal_seed101_or_tools,nominal_seed101_or_tools,ortools,True,True,True,13,29488.0,5.0047125816345215,1.4832396507263184,6.48795223236084,13381.0,0.9521810289617875,pulp_cbc,mean_domain_loss,6355.555544224989,,180,60,True,14982.669280417082,15021.029351368781,17862.196299766994,17900.458727447764,13756.820132813647,13780.892027009999,38403.9331763322,42072.65613486244,45637.33791771748,1806.5837853397545,3455.223598844186,0.4579615384615385,1718.438620319696,6355.555544224989,2560.377632107204
X-n261-k13,260,atm,ortools:nominal_seed103_or_tools,nominal_seed103_or_tools,ortools,True,True,True,13,30943.0,4.997205972671509,1.6065967082977295,6.603802680969238,13381.0,0.9521810289617875,pulp_cbc,mean_domain_loss,7304.6336391880795,,180,60,True,14982.669280417082,15021.029351368781,17862.196299766994,17900.458727447764,13643.157457087304,13889.402064079999,38247.63363918808,44301.84727347942,49519.037149474796,1867.2719634670252,3527.083659781228,0.47796153846153844,1887.636835516967,7304.6336391880795,0.0
X-n261-k13,260,grocery,ortools:nominal_seed103_or_tools,nominal_seed103_or_tools,ortools,True,True,True,13,30943.0,4.997205972671509,1.3768017292022705,6.374007701873779,13381.0,0.9521810289617875,pulp_cbc,mean_domain_loss,4523.6437275754415,,180,60,True,14982.669280417082,15021.029351368781,17862.196299766994,17900.458727447764,6463.175627111611,13656.4987162,35466.64372757544,38517.80361975662,41216.90063072755,1870.0031088349676,3565.8000312551553,0.47492307692307695,1657.4646330049093,4523.6437275754415,0.0
X-n261-k13,260,cargo,ortools:nominal_seed103_or_tools,nominal_seed103_or_tools,ortools,True,True,True,13,30943.0,4.997205972671509,1.7287092208862305,6.725915193557739,13381.0,0.9521810289617875,pulp_cbc,mean_domain_loss,5517.082196361422,,180,60,True,14982.669280417082,15021.029351368781,17862.196299766994,17900.458727447764,12265.117891006445,13984.060658040002,36460.08219636142,41060.1842633951,45027.41142249258,1874.8043011710135,3548.298521965655,0.4796153846153846,1989.8277671809549,5517.082196361422,0.0
X-n261-k13,260,cold_chain,ortools:nominal_seed103_or_tools,nominal_seed103_or_tools,ortools,True,True,True,13,30943.0,4.997205972671509,1.5044128894805908,6.5016188621521,13381.0,0.9521810289617875,pulp_cbc,mean_domain_loss,6458.611558404373,,180,60,True,14982.669280417082,15021.029351368781,17862.196299766994,17900.458727447764,13958.59405452203,13609.1609106,39926.28559783875,43801.936857733046,47377.561165276435,1875.1174542675435,3562.0399838777685,0.47373076923076923,1615.2411728374855,6458.611558404373,2524.6740394343838
X-n261-k13,260,atm,ortools:proxy_mean_scaled_seed109_or_tools,proxy_mean_scaled_seed109_or_tools,ortools,True,True,True,13,30438.0,5.0002217292785645,1.5845959186553955,6.58481764793396,13982.735000000002,0.9950000000000002,pulp_cbc,mean_domain_loss,6479.169896472878,,180,60,True,14982.669280417082,15021.029351368781,17862.196299766994,17900.458727447764,12475.605484769472,14052.999974800001,36917.16989647288,42755.291700607006,47615.17012512561,1648.0941726961685,3244.7922027808954,0.43,1832.0569554661104,6479.169896472878,0.0
X-n261-k13,260,grocery,ortools:proxy_mean_scaled_seed109_or_tools,proxy_mean_scaled_seed109_or_tools,ortools,True,True,True,13,30438.0,5.0002217292785645,1.377924919128418,6.378146648406982,13982.735000000002,0.9950000000000002,pulp_cbc,mean_domain_loss,4148.734708802466,,180,60,True,14982.669280417082,15021.029351368781,17862.196299766994,17900.458727447764,5925.51481203128,14052.9999609,34586.73470880247,37379.59633325926,39954.84388321875,1644.7603686171708,3233.786273115582,0.4267692307692308,1828.7231374871126,4148.734708802466,0.0
X-n261-k13,260,cargo,ortools:proxy_mean_scaled_seed109_or_tools,proxy_mean_scaled_seed109_or_tools,ortools,True,True,True,13,30438.0,5.0002217292785645,1.7029674053192139,6.703189134597778,13982.735000000002,0.9950000000000002,pulp_cbc,mean_domain_loss,4867.448182120424,,180,60,True,14982.669280417082,15021.029351368781,17862.196299766994,17900.458727447764,11259.91754412044,14053.000022879998,35305.448182120424,39725.86961268319,43443.48511942726,1648.86677088946,3246.2992958929017,0.422,1832.8296017394014,4867.448182120424,0.0
X-n261-k13,260,cold_chain,ortools:proxy_mean_scaled_seed109_or_tools,proxy_mean_scaled_seed109_or_tools,ortools,True,True,True,13,30438.0,5.0002217292785645,1.3788652420043945,6.379086971282959,13982.735000000002,0.9950000000000002,pulp_cbc,mean_domain_loss,6034.878095436351,,180,60,True,14982.669280417082,15021.029351368781,17862.196299766994,17900.458727447764,13292.523878515263,14052.999993599999,39158.927478137375,42675.16186748097,46029.50609670046,1648.9987897899214,3231.293897319718,0.4185,1832.9615913598627,6034.878095436351,2686.0493827010223
X-n261-k13,260,atm,ortools:quantile_p75_scaled_seed107_or_tools,quantile_p75_scaled_seed107_or_tools,ortools,True,True,True,13,31470.0,5.001019477844238,1.6708035469055176,6.671823024749756,13982.735,0.995,pulp_cbc,mean_domain_loss,6472.716956622075,,180,60,True,14982.669280417082,15021.029351368781,17862.196299766994,17900.458727447764,12475.733311721153,14052.999972500002,37942.71695662207,43758.87662934613,48672.900288042154,1649.195085607458,3242.4648933897524,0.43123076923076925,1833.1578660774,6472.716956622075,0.0
X-n261-k13,260,grocery,ortools:quantile_p75_scaled_seed107_or_tools,quantile_p75_scaled_seed107_or_tools,ortools,True,True,True,13,31470.0,5.001019477844238,1.4297804832458496,6.430799961090088,13982.735,0.995,pulp_cbc,mean_domain_loss,4147.387421787927,,180,60,True,14982.669280417082,15021.029351368781,17862.196299766994,17900.458727447764,5930.255531943661,14052.999984999999,35617.38742178793,38463.58170927245,41005.080006082746,1644.9057112373016,3245.1163647757026,0.43003846153846154,1828.8685042072439,4147.387421787927,0.0
X-n261-k13,260,cargo,ortools:quantile_p75_scaled_seed107_or_tools,quantile_p75_scaled_seed107_or_tools,ortools,True,True,True,13,31470.0,5.001019477844238,1.7867405414581299,6.787760019302368,13982.735,0.995,pulp_cbc,mean_domain_loss,4853.467044855404,,180,60,True,14982.669280417082,15021.029351368781,17862.196299766994,17900.458727447764,11230.947244174515,14052.9999866,36323.4670448554,40704.83691640216,44469.45254778581,1652.662232533269,3240.432704399524,0.4269230769230769,1836.6250271032106,4853.467044855404,0.0
X-n261-k13,260,cold_chain,ortools:quantile_p75_scaled_seed107_or_tools,quantile_p75_scaled_seed107_or_tools,ortools,True,True,True,13,31470.0,5.001019477844238,1.494706630706787,6.495726108551025,13982.735,0.995,pulp_cbc,mean_domain_loss,6025.822843601305,,180,60,True,14982.669280417082,15021.029351368781,17862.196299766994,17900.458727447764,13238.557414644272,14052.9999897,40126.88544294829,43737.49401404484,47048.69786556006,1650.2518182463077,3247.099239987476,0.42630769230769233,1834.2146159162494,6025.822843601305,2631.0625993469785
X-n261-k13,260,atm,ortools:robust_mean_1std_scaled_seed113_or_tools,robust_mean_1std_scaled_seed113_or_tools,ortools,True,True,True,13,32161.0,5.009710311889648,1.5696547031402588,6.579365015029907,13982.735,0.995,pulp_cbc,mean_domain_loss,6473.391397860769,,180,60,True,14982.669280417082,15021.029351368781,17862.196299766994,17900.458727447764,12479.402517051827,14053.0000082,38634.39139786076,44421.68752474055,49378.20091304832,1650.761766862121,3238.0690399042724,0.43438461538461537,1834.7245830320628,6473.391397860769,0.0
X-n261-k13,260,grocery,ortools:robust_mean_1std_scaled_seed113_or_tools,robust_mean_1std_scaled_seed113_or_tools,ortools,True,True,True,13,32161.0,5.009710311889648,1.4034180641174316,6.41312837600708,13982.735,0.995,pulp_cbc,mean_domain_loss,4154.9292370552685,,180,60,True,14982.669280417082,15021.029351368781,17862.196299766994,17900.458727447764,5934.136066652899,14053.000002700002,36315.929237055265,39129.24462485276,41708.9711545837,1648.3478514510673,3231.571835201371,0.43246153846153845,1832.3106621210093,4154.9292370552685,0.0
X-n261-k13,260,cargo,ortools:robust_mean_1std_scaled_seed113_or_tools,robust_mean_1std_scaled_seed113_or_tools,ortools,True,True,True,13,32161.0,5.009710311889648,1.7263484001159668,6.736058712005615,13982.735,0.995,pulp_cbc,mean_domain_loss,4849.921758011671,,180,60,True,14982.669280417082,15021.029351368781,17862.196299766994,17900.458727447764,11222.83521578727,14052.999987259998,37010.921758011675,41363.79015406674,45152.474262243246,1655.180484597033,3236.1710723434953,0.4308461538461538,1839.1432798269755,4849.921758011671,0.0
X-n261-k13,260,cold_chain,ortools:robust_mean_1std_scaled_seed113_or_tools,robust_mean_1std_scaled_seed113_or_tools,ortools,True,True,True,13,32161.0,5.009710311889648,1.4242253303527832,6.433935642242432,13982.735,0.995,pulp_cbc,mean_domain_loss,6030.384028166283,,180,60,True,14982.669280417082,15021.029351368781,17862.196299766994,17900.458727447764,13270.859932135858,14052.9999787,40847.718889608186,44426.11262265232,47782.44165008544,1650.9871274798795,3235.962598851195,0.4264230769230769,1834.9499141498216,6030.384028166283,2656.3348614418983
X-n275-k28,274,atm,ortools:nominal_or_tools,nominal_or_tools,ortools,True,True,True,28,22472.0,4.984764575958252,1.61543607711792,6.600200653076172,274.0,0.9785714285714285,pulp_cbc,mean_domain_loss,108.61394996633572,,180,60,True,306.89828660604496,307.5660280006758,368.0009655121191,368.3309895522635,252.89804395386147,280.00000034,22580.613949966333,22657.01285719522,22757.57048916802,28.276056197151316,50.495112194120736,0.41766423357664234,34.09376522349207,108.61394996633572,0.0
X-n275-k28,274,grocery,ortools:nominal_or_tools,nominal_or_tools,ortools,True,True,True,28,22472.0,4.984764575958252,1.3710689544677734,6.355833530426025,274.0,0.9785714285714285,pulp_cbc,mean_domain_loss,70.50975225290605,,180,60,True,306.89828660604496,307.5660280006758,368.0009655121191,368.3309895522635,119.05923885447174,279.97094958,22542.509752252903,22577.9808073307,22630.203535084627,28.2657210754061,50.48675858069855,0.41664233576642334,34.05437934174685,70.50975225290605,0.0
X-n275-k28,274,cargo,ortools:nominal_or_tools,nominal_or_tools,ortools,True,True,True,28,22472.0,4.984764575958252,1.5930359363555908,6.577800512313843,274.0,0.9785714285714285,pulp_cbc,mean_domain_loss,82.79194994005351,,180,60,True,306.89828660604496,307.5660280006758,368.0009655121191,368.3309895522635,229.69661452388624,280.00000001999996,22554.791949940052,22614.005273408657,22691.238420203543,28.387489142974424,50.74635744755972,0.4197810218978102,34.20519784931517,82.79194994005351,0.0
X-n275-k28,274,cold_chain,ortools:nominal_or_tools,nominal_or_tools,ortools,True,True,True,28,22472.0,4.984764575958252,1.3835039138793945,6.3682684898376465,274.0,0.9785714285714285,pulp_cbc,mean_domain_loss,101.73705906280793,,180,60,True,306.89828660604496,307.5660280006758,368.0009655121191,368.3309895522635,258.902884590517,279.70825283,22624.421035275744,22667.645066062505,22736.297320707545,28.354385450586918,50.57371319138189,0.41693430656934305,33.88034696692766,101.73705906280793,50.683976212935
X-n275-k28,274,atm,ortools:proxy_mean_or_tools,proxy_mean_or_tools,ortools,True,True,True,28,22472.0,5.0025129318237305,1.4931492805480957,6.495662212371826,306.89828660604496,1.0960653093073034,pulp_cbc,mean_domain_loss,108.61394996633572,,180,60,True,306.89828660604496,307.5660280006758,368.0009655121191,368.3309895522635,252.89804395386147,280.00000034,22580.613949966333,22657.01285719522,22757.57048916802,28.276056197151316,50.495112194120736,0.41766423357664234,34.09376522349207,108.61394996633572,0.0
X-n275-k28,274,grocery,ortools:proxy_mean_or_tools,proxy_mean_or_tools,ortools,True,True,True,28,22472.0,5.0025129318237305,1.339843988418579,6.34235692024231,306.89828660604496,1.0960653093073034,pulp_cbc,mean_domain_loss,70.50975225290605,,180,60,True,306.89828660604496,307.5660280006758,368.0009655121191,368.3309895522635,119.05923885447174,279.97094958,22542.509752252903,22577.9808073307,22630.203535084627,28.2657210754061,50.48675858069855,0.41664233576642334,34.05437934174685,70.50975225290605,0.0
X-n275-k28,274,cargo,ortools:proxy_mean_or_tools,proxy_mean_or_tools,ortools,True,True,True,28,22472.0,5.0025129318237305,1.5982697010040283,6.600782632827759,306.89828660604496,1.0960653093073034,pulp_cbc,mean_domain_loss,82.79194994005351,,180,60,True,306.89828660604496,307.5660280006758,368.0009655121191,368.3309895522635,229.69661452388624,280.00000001999996,22554.791949940052,22614.005273408657,22691.238420203543,28.387489142974424,50.74635744755972,0.4197810218978102,34.20519784931517,82.79194994005351,0.0
X-n275-k28,274,cold_chain,ortools:proxy_mean_or_tools,proxy_mean_or_tools,ortools,True,True,True,28,22472.0,5.0025129318237305,1.3745367527008057,6.377049684524536,306.89828660604496,1.0960653093073034,pulp_cbc,mean_domain_loss,101.73705906280793,,180,60,True,306.89828660604496,307.5660280006758,368.0009655121191,368.3309895522635,258.902884590517,279.70825283,22624.421035275744,22667.645066062505,22736.297320707545,28.354385450586918,50.57371319138189,0.41693430656934305,33.88034696692766,101.73705906280793,50.683976212935
X-n275-k28,274,atm,ortools:quantile_p75_or_tools,quantile_p75_or_tools,ortools,True,True,True,28,22472.0,4.99279522895813,1.4370801448822021,6.429875373840332,354.23846786519573,1.2651373852328418,pulp_cbc,mean_domain_loss,108.61394996633572,,180,60,True,306.89828660604496,307.5660280006758,368.0009655121191,368.3309895522635,252.89804395386147,280.00000034,22580.613949966333,22657.01285719522,22757.57048916802,28.276056197151316,50.495112194120736,0.41766423357664234,34.09376522349207,108.61394996633572,0.0
X-n275-k28,274,grocery,ortools:quantile_p75_or_tools,quantile_p75_or_tools,ortools,True,True,True,28,22472.0,4.99279522895813,1.4294424057006836,6.4222376346588135,354.23846786519573,1.2651373852328418,pulp_cbc,mean_domain_loss,70.50975225290605,,180,60,True,306.89828660604496,307.5660280006758,368.0009655121191,368.3309895522635,119.05923885447174,279.97094958,22542.509752252903,22577.9808073307,22630.203535084627,28.2657210754061,50.48675858069855,0.41664233576642334,34.05437934174685,70.50975225290605,0.0
X-n275-k28,274,cargo,ortools:quantile_p75_or_tools,quantile_p75_or_tools,ortools,True,True,True,28,22472.0,4.99279522895813,1.6961405277252197,6.68893575668335,354.23846786519573,1.2651373852328418,pulp_cbc,mean_domain_loss,82.79194994005351,,180,60,True,306.89828660604496,307.5660280006758,368.0009655121191,368.3309895522635,229.69661452388624,280.00000001999996,22554.791949940052,22614.005273408657,22691.238420203543,28.387489142974424,50.74635744755972,0.4197810218978102,34.20519784931517,82.79194994005351,0.0
X-n275-k28,274,cold_chain,ortools:quantile_p75_or_tools,quantile_p75_or_tools,ortools,True,True,True,28,22472.0,4.99279522895813,1.539350986480713,6.532146215438843,354.23846786519573,1.2651373852328418,pulp_cbc,mean_domain_loss,101.73705906280793,,180,60,True,306.89828660604496,307.5660280006758,368.0009655121191,368.3309895522635,258.902884590517,279.70825283,22624.421035275744,22667.645066062505,22736.297320707545,28.354385450586918,50.57371319138189,0.41693430656934305,33.88034696692766,101.73705906280793,50.683976212935
X-n275-k28,274,atm,ortools:quantile_p90_or_tools,quantile_p90_or_tools,ortools,False,False,False,0,,0.0,,0.0,420.6868897481655,1.5024531776720198,pulp_cbc,mean_domain_loss,,total_load_exceeds_fleet_capacity,180,60,True,306.89828660604496,307.5660280006758,368.0009655121191,368.3309895522635,,,,,,,,,,,
X-n275-k28,274,grocery,ortools:quantile_p90_or_tools,quantile_p90_or_tools,ortools,False,False,False,0,,0.0,,0.0,420.6868897481655,1.5024531776720198,pulp_cbc,mean_domain_loss,,total_load_exceeds_fleet_capacity,180,60,True,306.89828660604496,307.5660280006758,368.0009655121191,368.3309895522635,,,,,,,,,,,
X-n275-k28,274,cargo,ortools:quantile_p90_or_tools,quantile_p90_or_tools,ortools,False,False,False,0,,0.0,,0.0,420.6868897481655,1.5024531776720198,pulp_cbc,mean_domain_loss,,total_load_exceeds_fleet_capacity,180,60,True,306.89828660604496,307.5660280006758,368.0009655121191,368.3309895522635,,,,,,,,,,,
X-n275-k28,274,cold_chain,ortools:quantile_p90_or_tools,quantile_p90_or_tools,ortools,False,False,False,0,,0.0,,0.0,420.6868897481655,1.5024531776720198,pulp_cbc,mean_domain_loss,,total_load_exceeds_fleet_capacity,180,60,True,306.89828660604496,307.5660280006758,368.0009655121191,368.3309895522635,,,,,,,,,,,
X-n275-k28,274,atm,ortools:robust_mean_1std_or_tools,robust_mean_1std_or_tools,ortools,False,False,False,0,,0.0,,0.0,394.6268531649772,1.4093816184463472,pulp_cbc,mean_domain_loss,,total_load_exceeds_fleet_capacity,180,60,True,306.89828660604496,307.5660280006758,368.0009655121191,368.3309895522635,,,,,,,,,,,
X-n275-k28,274,grocery,ortools:robust_mean_1std_or_tools,robust_mean_1std_or_tools,ortools,False,False,False,0,,0.0,,0.0,394.6268531649772,1.4093816184463472,pulp_cbc,mean_domain_loss,,total_load_exceeds_fleet_capacity,180,60,True,306.89828660604496,307.5660280006758,368.0009655121191,368.3309895522635,,,,,,,,,,,
X-n275-k28,274,cargo,ortools:robust_mean_1std_or_tools,robust_mean_1std_or_tools,ortools,False,False,False,0,,0.0,,0.0,394.6268531649772,1.4093816184463472,pulp_cbc,mean_domain_loss,,total_load_exceeds_fleet_capacity,180,60,True,306.89828660604496,307.5660280006758,368.0009655121191,368.3309895522635,,,,,,,,,,,
X-n275-k28,274,cold_chain,ortools:robust_mean_1std_or_tools,robust_mean_1std_or_tools,ortools,False,False,False,0,,0.0,,0.0,394.6268531649772,1.4093816184463472,pulp_cbc,mean_domain_loss,,total_load_exceeds_fleet_capacity,180,60,True,306.89828660604496,307.5660280006758,368.0009655121191,368.3309895522635,,,,,,,,,,,
X-n275-k28,274,atm,ortools:robust_mean_2std_or_tools,robust_mean_2std_or_tools,ortools,False,False,False,0,,0.0,,0.0,482.3554197239094,1.7226979275853906,pulp_cbc,mean_domain_loss,,total_load_exceeds_fleet_capacity,180,60,True,306.89828660604496,307.5660280006758,368.0009655121191,368.3309895522635,,,,,,,,,,,
X-n275-k28,274,grocery,ortools:robust_mean_2std_or_tools,robust_mean_2std_or_tools,ortools,False,False,False,0,,0.0,,0.0,482.3554197239094,1.7226979275853906,pulp_cbc,mean_domain_loss,,total_load_exceeds_fleet_capacity,180,60,True,306.89828660604496,307.5660280006758,368.0009655121191,368.3309895522635,,,,,,,,,,,
X-n275-k28,274,cargo,ortools:robust_mean_2std_or_tools,robust_mean_2std_or_tools,ortools,False,False,False,0,,0.0,,0.0,482.3554197239094,1.7226979275853906,pulp_cbc,mean_domain_loss,,total_load_exceeds_fleet_capacity,180,60,True,306.89828660604496,307.5660280006758,368.0009655121191,368.3309895522635,,,,,,,,,,,
X-n275-k28,274,cold_chain,ortools:robust_mean_2std_or_tools,robust_mean_2std_or_tools,ortools,False,False,False,0,,0.0,,0.0,482.3554197239094,1.7226979275853906,pulp_cbc,mean_domain_loss,,total_load_exceeds_fleet_capacity,180,60,True,306.89828660604496,307.5660280006758,368.0009655121191,368.3309895522635,,,,,,,,,,,
X-n275-k28,274,atm,ortools:proxy_mean_scaled_or_tools,proxy_mean_scaled_or_tools,ortools,True,True,True,28,22472.0,4.992675542831421,1.4391953945159912,6.431870937347412,278.6,0.9950000000000001,pulp_cbc,mean_domain_loss,108.61394996633572,,180,60,True,306.89828660604496,307.5660280006758,368.0009655121191,368.3309895522635,252.89804395386147,280.00000034,22580.613949966333,22657.01285719522,22757.57048916802,28.276056197151316,50.495112194120736,0.41766423357664234,34.09376522349207,108.61394996633572,0.0
X-n275-k28,274,grocery,ortools:proxy_mean_scaled_or_tools,proxy_mean_scaled_or_tools,ortools,True,True,True,28,22472.0,4.992675542831421,1.3156280517578125,6.308303594589233,278.6,0.9950000000000001,pulp_cbc,mean_domain_loss,70.50975225290605,,180,60,True,306.89828660604496,307.5660280006758,368.0009655121191,368.3309895522635,119.05923885447174,279.97094958,22542.509752252903,22577.9808073307,22630.203535084627,28.2657210754061,50.48675858069855,0.41664233576642334,34.05437934174685,70.50975225290605,0.0
X-n275-k28,274,cargo,ortools:proxy_mean_scaled_or_tools,proxy_mean_scaled_or_tools,ortools,True,True,True,28,22472.0,4.992675542831421,2.0249481201171875,7.017623662948608,278.6,0.9950000000000001,pulp_cbc,mean_domain_loss,82.79194994005351,,180,60,True,306.89828660604496,307.5660280006758,368.0009655121191,368.3309895522635,229.69661452388624,280.00000001999996,22554.791949940052,22614.005273408657,22691.238420203543,28.387489142974424,50.74635744755972,0.4197810218978102,34.20519784931517,82.79194994005351,0.0
X-n275-k28,274,cold_chain,ortools:proxy_mean_scaled_or_tools,proxy_mean_scaled_or_tools,ortools,True,True,True,28,22472.0,4.992675542831421,1.5918476581573486,6.5845232009887695,278.6,0.9950000000000001,pulp_cbc,mean_domain_loss,101.73705906280793,,180,60,True,306.89828660604496,307.5660280006758,368.0009655121191,368.3309895522635,258.902884590517,279.70825283,22624.421035275744,22667.645066062505,22736.297320707545,28.354385450586918,50.57371319138189,0.41693430656934305,33.88034696692766,101.73705906280793,50.683976212935
X-n275-k28,274,atm,ortools:quantile_p75_scaled_or_tools,quantile_p75_scaled_or_tools,ortools,True,True,True,28,22472.0,5.009199142456055,1.452796220779419,6.461995363235474,278.6,0.9950000000000001,pulp_cbc,mean_domain_loss,108.61394996633572,,180,60,True,306.89828660604496,307.5660280006758,368.0009655121191,368.3309895522635,252.89804395386147,280.00000034,22580.613949966333,22657.01285719522,22757.57048916802,28.276056197151316,50.495112194120736,0.41766423357664234,34.09376522349207,108.61394996633572,0.0
X-n275-k28,274,grocery,ortools:quantile_p75_scaled_or_tools,quantile_p75_scaled_or_tools,ortools,True,True,True,28,22472.0,5.009199142456055,1.3618416786193848,6.3710408210754395,278.6,0.9950000000000001,pulp_cbc,mean_domain_loss,70.50975225290605,,180,60,True,306.89828660604496,307.5660280006758,368.0009655121191,368.3309895522635,119.05923885447174,279.97094958,22542.509752252903,22577.9808073307,22630.203535084627,28.2657210754061,50.48675858069855,0.41664233576642334,34.05437934174685,70.50975225290605,0.0
X-n275-k28,274,cargo,ortools:quantile_p75_scaled_or_tools,quantile_p75_scaled_or_tools,ortools,True,True,True,28,22472.0,5.009199142456055,1.8360912799835205,6.845290422439575,278.6,0.9950000000000001,pulp_cbc,mean_domain_loss,82.79194994005351,,180,60,True,306.89828660604496,307.5660280006758,368.0009655121191,368.3309895522635,229.69661452388624,280.00000001999996,22554.791949940052,22614.005273408657,22691.238420203543,28.387489142974424,50.74635744755972,0.4197810218978102,34.20519784931517,82.79194994005351,0.0
X-n275-k28,274,cold_chain,ortools:quantile_p75_scaled_or_tools,quantile_p75_scaled_or_tools,ortools,True,True,True,28,22472.0,5.009199142456055,1.4017524719238281,6.410951614379883,278.6,0.9950000000000001,pulp_cbc,mean_domain_loss,101.73705906280793,,180,60,True,306.89828660604496,307.5660280006758,368.0009655121191,368.3309895522635,258.902884590517,279.70825283,22624.421035275744,22667.645066062505,22736.297320707545,28.354385450586918,50.57371319138189,0.41693430656934305,33.88034696692766,101.73705906280793,50.683976212935
X-n275-k28,274,atm,ortools:quantile_p90_scaled_or_tools,quantile_p90_scaled_or_tools,ortools,True,True,True,28,22472.0,5.0008862018585205,1.4692485332489014,6.470134735107422,278.6000000000001,0.9950000000000003,pulp_cbc,mean_domain_loss,108.61394996633572,,180,60,True,306.89828660604496,307.5660280006758,368.0009655121191,368.3309895522635,252.89804395386147,280.00000034,22580.613949966333,22657.01285719522,22757.57048916802,28.276056197151316,50.495112194120736,0.41766423357664234,34.09376522349207,108.61394996633572,0.0
X-n275-k28,274,grocery,ortools:quantile_p90_scaled_or_tools,quantile_p90_scaled_or_tools,ortools,True,True,True,28,22472.0,5.0008862018585205,1.3636267185211182,6.364512920379639,278.6000000000001,0.9950000000000003,pulp_cbc,mean_domain_loss,70.50975225290605,,180,60,True,306.89828660604496,307.5660280006758,368.0009655121191,368.3309895522635,119.05923885447174,279.97094958,22542.509752252903,22577.9808073307,22630.203535084627,28.2657210754061,50.48675858069855,0.41664233576642334,34.05437934174685,70.50975225290605,0.0
X-n275-k28,274,cargo,ortools:quantile_p90_scaled_or_tools,quantile_p90_scaled_or_tools,ortools,True,True,True,28,22472.0,5.0008862018585205,1.5960962772369385,6.596982479095459,278.6000000000001,0.9950000000000003,pulp_cbc,mean_domain_loss,82.79194994005351,,180,60,True,306.89828660604496,307.5660280006758,368.0009655121191,368.3309895522635,229.69661452388624,280.00000001999996,22554.791949940052,22614.005273408657,22691.238420203543,28.387489142974424,50.74635744755972,0.4197810218978102,34.20519784931517,82.79194994005351,0.0
X-n275-k28,274,cold_chain,ortools:quantile_p90_scaled_or_tools,quantile_p90_scaled_or_tools,ortools,True,True,True,28,22472.0,5.0008862018585205,1.454158067703247,6.455044269561768,278.6000000000001,0.9950000000000003,pulp_cbc,mean_domain_loss,101.73705906280793,,180,60,True,306.89828660604496,307.5660280006758,368.0009655121191,368.3309895522635,258.902884590517,279.70825283,22624.421035275744,22667.645066062505,22736.297320707545,28.354385450586918,50.57371319138189,0.41693430656934305,33.88034696692766,101.73705906280793,50.683976212935
X-n275-k28,274,atm,ortools:robust_mean_1std_scaled_or_tools,robust_mean_1std_scaled_or_tools,ortools,True,True,True,28,22472.0,5.007322788238525,1.441713571548462,6.449036359786987,278.59999999999997,0.9949999999999999,pulp_cbc,mean_domain_loss,108.61394996633572,,180,60,True,306.89828660604496,307.5660280006758,368.0009655121191,368.3309895522635,252.89804395386147,280.00000034,22580.613949966333,22657.01285719522,22757.57048916802,28.276056197151316,50.495112194120736,0.41766423357664234,34.09376522349207,108.61394996633572,0.0
X-n275-k28,274,grocery,ortools:robust_mean_1std_scaled_or_tools,robust_mean_1std_scaled_or_tools,ortools,True,True,True,28,22472.0,5.007322788238525,1.3350493907928467,6.342372179031372,278.59999999999997,0.9949999999999999,pulp_cbc,mean_domain_loss,70.50975225290605,,180,60,True,306.89828660604496,307.5660280006758,368.0009655121191,368.3309895522635,119.05923885447174,279.97094958,22542.509752252903,22577.9808073307,22630.203535084627,28.2657210754061,50.48675858069855,0.41664233576642334,34.05437934174685,70.50975225290605,0.0
X-n275-k28,274,cargo,ortools:robust_mean_1std_scaled_or_tools,robust_mean_1std_scaled_or_tools,ortools,True,True,True,28,22472.0,5.007322788238525,1.6104519367218018,6.617774724960327,278.59999999999997,0.9949999999999999,pulp_cbc,mean_domain_loss,82.79194994005351,,180,60,True,306.89828660604496,307.5660280006758,368.0009655121191,368.3309895522635,229.69661452388624,280.00000001999996,22554.791949940052,22614.005273408657,22691.238420203543,28.387489142974424,50.74635744755972,0.4197810218978102,34.20519784931517,82.79194994005351,0.0
X-n275-k28,274,cold_chain,ortools:robust_mean_1std_scaled_or_tools,robust_mean_1std_scaled_or_tools,ortools,True,True,True,28,22472.0,5.007322788238525,1.452326774597168,6.459649562835693,278.59999999999997,0.9949999999999999,pulp_cbc,mean_domain_loss,101.73705906280793,,180,60,True,306.89828660604496,307.5660280006758,368.0009655121191,368.3309895522635,258.902884590517,279.70825283,22624.421035275744,22667.645066062505,22736.297320707545,28.354385450586918,50.57371319138189,0.41693430656934305,33.88034696692766,101.73705906280793,50.683976212935
X-n275-k28,274,atm,ortools:robust_mean_2std_scaled_or_tools,robust_mean_2std_scaled_or_tools,ortools,True,True,True,28,22472.0,4.9921746253967285,1.4578158855438232,6.449990510940552,278.6,0.9950000000000001,pulp_cbc,mean_domain_loss,108.61394996633572,,180,60,True,306.89828660604496,307.5660280006758,368.0009655121191,368.3309895522635,252.89804395386147,280.00000034,22580.613949966333,22657.01285719522,22757.57048916802,28.276056197151316,50.495112194120736,0.41766423357664234,34.09376522349207,108.61394996633572,0.0
X-n275-k28,274,grocery,ortools:robust_mean_2std_scaled_or_tools,robust_mean_2std_scaled_or_tools,ortools,True,True,True,28,22472.0,4.9921746253967285,1.318227767944336,6.3104023933410645,278.6,0.9950000000000001,pulp_cbc,mean_domain_loss,70.50975225290605,,180,60,True,306.89828660604496,307.5660280006758,368.0009655121191,368.3309895522635,119.05923885447174,279.97094958,22542.509752252903,22577.9808073307,22630.203535084627,28.2657210754061,50.48675858069855,0.41664233576642334,34.05437934174685,70.50975225290605,0.0
X-n275-k28,274,cargo,ortools:robust_mean_2std_scaled_or_tools,robust_mean_2std_scaled_or_tools,ortools,True,True,True,28,22472.0,4.9921746253967285,1.659816026687622,6.651990652084351,278.6,0.9950000000000001,pulp_cbc,mean_domain_loss,82.79194994005351,,180,60,True,306.89828660604496,307.5660280006758,368.0009655121191,368.3309895522635,229.69661452388624,280.00000001999996,22554.791949940052,22614.005273408657,22691.238420203543,28.387489142974424,50.74635744755972,0.4197810218978102,34.20519784931517,82.79194994005351,0.0
X-n275-k28,274,cold_chain,ortools:robust_mean_2std_scaled_or_tools,robust_mean_2std_scaled_or_tools,ortools,True,True,True,28,22472.0,4.9921746253967285,1.3917911052703857,6.383965730667114,278.6,0.9950000000000001,pulp_cbc,mean_domain_loss,101.73705906280793,,180,60,True,306.89828660604496,307.5660280006758,368.0009655121191,368.3309895522635,258.902884590517,279.70825283,22624.421035275744,22667.645066062505,22736.297320707545,28.354385450586918,50.57371319138189,0.41693430656934305,33.88034696692766,101.73705906280793,50.683976212935
X-n275-k28,274,atm,ortools:nominal_seed101_or_tools,nominal_seed101_or_tools,ortools,True,True,True,28,22674.0,4.996150970458984,1.4627549648284912,6.458905935287476,274.0,0.9785714285714285,pulp_cbc,mean_domain_loss,108.6779531217067,,180,60,True,306.89828660604496,307.5660280006758,368.0009655121191,368.3309895522635,252.8912014045101,280.00000006,22782.677953121707,22860.28842336174,22959.642051084516,28.304070250904125,50.7115731742446,0.41839416058394163,34.12177899724487,108.6779531217067,0.0
X-n275-k28,274,grocery,ortools:nominal_seed101_or_tools,nominal_seed101_or_tools,ortools,True,True,True,28,22674.0,4.996150970458984,1.3545963764190674,6.350747346878052,274.0,0.9785714285714285,pulp_cbc,mean_domain_loss,70.5213584544519,,180,60,True,306.89828660604496,307.5660280006758,368.0009655121191,368.3309895522635,119.06106844331315,279.97094907,22744.52135845445,22780.959494582552,22832.20985809854,28.281153752920627,50.86874140264719,0.417992700729927,34.06981150926137,70.5213584544519,0.0
X-n275-k28,274,cargo,ortools:nominal_seed101_or_tools,nominal_seed101_or_tools,ortools,True,True,True,28,22674.0,4.996150970458984,1.6128582954406738,6.609009265899658,274.0,0.9785714285714285,pulp_cbc,mean_domain_loss,82.8118287374546,,180,60,True,306.89828660604496,307.5660280006758,368.0009655121191,368.3309895522635,229.6104101906596,280.00000069000004,22756.811828737453,22815.700130512825,22892.973454019586,28.424590887288492,50.783582945575134,0.41974452554744524,34.24230026362924,82.8118287374546,0.0
X-n275-k28,274,cold_chain,ortools:nominal_seed101_or_tools,nominal_seed101_or_tools,ortools,True,True,True,28,22674.0,4.996150970458984,1.3909213542938232,6.387072324752808,274.0,0.9785714285714285,pulp_cbc,mean_domain_loss,101.64782052101248,,180,60,True,306.89828660604496,307.5660280006758,368.0009655121191,368.3309895522635,258.7704482005884,279.70825288,22826.181215512253,22870.035142450903,22938.224015044307,28.336355702546733,50.61908329744802,0.41686131386861314,33.862317268887494,101.64782052101248,50.53339499123812
X-n275-k28,274,atm,ortools:nominal_seed103_or_tools,nominal_seed103_or_tools,ortools,True,True,True,28,22466.0,4.998498201370239,1.4423997402191162,6.4408979415893555,274.0,0.9785714285714285,pulp_cbc,mean_domain_loss,107.8282177663608,,180,60,True,306.89828660604496,307.5660280006758,368.0009655121191,368.3309895522635,251.46253501054258,280.00000038,22573.828217766364,22648.42534980658,22750.796126753372,28.049629463270918,49.87379828678131,0.4148905109489051,33.867338529611665,107.8282177663608,0.0
X-n275-k28,274,grocery,ortools:nominal_seed103_or_tools,nominal_seed103_or_tools,ortools,True,True,True,28,22466.0,4.998498201370239,1.3315882682800293,6.3300864696502686,274.0,0.9785714285714285,pulp_cbc,mean_domain_loss,70.03153149097535,,180,60,True,306.89828660604496,307.5660280006758,368.0009655121191,368.3309895522635,118.23769169804339,279.99999979999996,22536.03153149098,22569.868790328077,22623.776943616125,28.0467699822392,49.859856460482064,0.4141970802919708,33.864478468579954,70.03153149097535,0.0
X-n275-k28,274,cargo,ortools:nominal_seed103_or_tools,nominal_seed103_or_tools,ortools,True,True,True,28,22466.0,4.998498201370239,1.5218956470489502,6.5203938484191895,274.0,0.9785714285714285,pulp_cbc,mean_domain_loss,82.3040723035368,,180,60,True,306.89828660604496,307.5660280006758,368.0009655121191,368.3309895522635,228.62568411724183,280.00000004000003,22548.304072303534,22606.523020308614,22684.656919125544,28.18488037020409,50.08316977918445,0.41525547445255473,34.00258909654485,82.3040723035368,0.0
X-n275-k28,274,cold_chain,ortools:nominal_seed103_or_tools,nominal_seed103_or_tools,ortools,True,True,True,28,22466.0,4.998498201370239,1.3699722290039062,6.3684704303741455,274.0,0.9785714285714285,pulp_cbc,mean_domain_loss,101.01475774960392,,180,60,True,306.89828660604496,307.5660280006758,368.0009655121191,368.3309895522635,257.4721095484881,279.99999986,22617.642823582184,22659.023082326705,22729.297819728377,28.08063043127782,49.923691804457846,0.41295620437956204,33.89833897761858,101.01475774960392,50.628065832578066
X-n275-k28,274,atm,ortools:proxy_mean_scaled_seed109_or_tools,proxy_mean_scaled_seed109_or_tools,ortools,True,True,True,28,22488.0,5.008959531784058,1.3836603164672852,6.392619848251343,278.6,0.9950000000000001,pulp_cbc,mean_domain_loss,108.29985356818322,,180,60,True,306.89828660604496,307.5660280006758,368.0009655121191,368.3309895522635,252.1602402328647,279.99999997,22596.299853568184,22672.465597800146,22773.291693506293,28.185398061430725,50.1714014140557,0.4154744525547445,34.00310671777147,108.29985356818322,0.0
X-n275-k28,274,grocery,ortools:proxy_mean_scaled_seed109_or_tools,proxy_mean_scaled_seed109_or_tools,ortools,True,True,True,28,22488.0,5.008959531784058,1.3424186706542969,6.3513782024383545,278.6,0.9950000000000001,pulp_cbc,mean_domain_loss,70.28798983510434,,180,60,True,306.89828660604496,307.5660280006758,368.0009655121191,368.3309895522635,118.64433922518835,280.00000018000003,22558.287989835102,22593.50163705744,22646.07963163183,28.169078186841602,50.19809557505614,0.4154014598540146,33.986787053182354,70.28798983510434,0.0
X-n275-k28,274,cargo,ortools:proxy_mean_scaled_seed109_or_tools,proxy_mean_scaled_seed109_or_tools,ortools,True,True,True,28,22488.0,5.008959531784058,1.6008946895599365,6.609854221343994,278.6,0.9950000000000001,pulp_cbc,mean_domain_loss,82.64152588563589,,180,60,True,306.89828660604496,307.5660280006758,368.0009655121191,368.3309895522635,229.13706300866255,280.00000041,22570.64152588563,22628.33593862108,22706.841392158574,28.337327398217866,50.18128339133989,0.4171167883211679,34.15503649455862,82.64152588563589,0.0
X-n275-k28,274,cold_chain,ortools:proxy_mean_scaled_seed109_or_tools,proxy_mean_scaled_seed109_or_tools,ortools,True,True,True,28,22488.0,5.008959531784058,1.405601978302002,6.41456151008606,278.6,0.9950000000000001,pulp_cbc,mean_domain_loss,101.52448474058188,,180,60,True,306.89828660604496,307.5660280006758,368.0009655121191,368.3309895522635,258.0796585120876,279.99999940000004,22640.10798395508,22683.810907228148,22751.835927634176,28.23662179604817,50.42982105156335,0.4133576642335766,34.05432988238892,101.52448474058188,50.58349921450389
X-n275-k28,274,atm,ortools:quantile_p75_scaled_seed107_or_tools,quantile_p75_scaled_seed107_or_tools,ortools,True,True,True,28,22426.0,5.005742311477661,1.4898080825805664,6.4955503940582275,278.6,0.9950000000000001,pulp_cbc,mean_domain_loss,107.69324463157996,,180,60,True,306.89828660604496,307.5660280006758,368.0009655121191,368.3309895522635,251.338360616101,279.9999996,22533.69324463158,22609.317389464133,22709.450121502177,28.00898382796879,49.800963784449536,0.412992700729927,33.826692114309544,107.69324463157996,0.0
X-n275-k28,274,grocery,ortools:quantile_p75_scaled_seed107_or_tools,quantile_p75_scaled_seed107_or_tools,ortools,True,True,True,28,22426.0,5.005742311477661,1.3311545848846436,6.336896896362305,278.6,0.9950000000000001,pulp_cbc,mean_domain_loss,69.93864422349382,,180,60,True,306.89828660604496,307.5660280006758,368.0009655121191,368.3309895522635,118.20398135653058,280.00000019000004,22495.938644223486,22530.95992253091,22582.93207013904,27.984053064833898,49.8872407381093,0.41197080291970806,33.80176194117465,69.93864422349382,0.0
X-n275-k28,274,cargo,ortools:quantile_p75_scaled_seed107_or_tools,quantile_p75_scaled_seed107_or_tools,ortools,True,True,True,28,22426.0,5.005742311477661,1.6291162967681885,6.63485860824585,278.6,0.9950000000000001,pulp_cbc,mean_domain_loss,82.19201206690957,,180,60,True,306.89828660604496,307.5660280006758,368.0009655121191,368.3309895522635,228.3779019864615,280.00000012,22508.192012066917,22565.667652790144,22643.57356673279,28.142060679854104,49.842381705198875,0.4143065693430657,33.959769486194865,82.19201206690957,0.0
X-n275-k28,274,cold_chain,ortools:quantile_p75_scaled_seed107_or_tools,quantile_p75_scaled_seed107_or_tools,ortools,True,True,True,28,22426.0,5.005742311477661,1.4380042552947998,6.443746566772461,278.6,0.9950000000000001,pulp_cbc,mean_domain_loss,100.90695576490477,,180,60,True,306.89828660604496,307.5660280006758,368.0009655121191,368.3309895522635,257.3999091938634,279.99999987999996,22577.589272891302,22619.91072222222,22688.20887165459,28.03417031762084,49.7342394013871,0.4101094890510949,33.8518788839616,100.90695576490477,50.682317126400115
X-n275-k28,274,atm,ortools:robust_mean_1std_scaled_seed113_or_tools,robust_mean_1std_scaled_seed113_or_tools,ortools,True,True,True,28,22542.0,4.9979047775268555,1.427548885345459,6.4254536628723145,278.59999999999997,0.9949999999999999,pulp_cbc,mean_domain_loss,110.16343364139071,,180,60,True,306.89828660604496,307.5660280006758,368.0009655121191,368.3309895522635,255.19250847622013,279.99999975000003,22652.16343364138,22730.431302759036,22829.89112726585,28.690287547753737,51.22753274612383,0.4224087591240876,34.507995984094485,110.16343364139071,0.0
X-n275-k28,274,grocery,ortools:robust_mean_1std_scaled_seed113_or_tools,robust_mean_1std_scaled_seed113_or_tools,ortools,True,True,True,28,22542.0,4.9979047775268555,1.378183364868164,6.3760881423950195,278.59999999999997,0.9949999999999999,pulp_cbc,mean_domain_loss,71.07095832075859,,180,60,True,306.89828660604496,307.5660280006758,368.0009655121191,368.3309895522635,120.14925629076798,278.59731744,22613.070958320764,22649.579148795077,22701.758984057615,28.734750157544223,51.31904694994446,0.42295620437956205,33.149776283884975,71.07095832075859,0.0
X-n275-k28,274,cargo,ortools:robust_mean_1std_scaled_seed113_or_tools,robust_mean_1std_scaled_seed113_or_tools,ortools,True,True,True,28,22542.0,4.9979047775268555,1.6028215885162354,6.600726366043091,278.59999999999997,0.9949999999999999,pulp_cbc,mean_domain_loss,83.93001151962291,,180,60,True,306.89828660604496,307.5660280006758,368.0009655121191,368.3309895522635,231.40089638897467,280.00000013,22625.930011519627,22684.897033129553,22762.77426861949,28.844675970249845,51.20192772598601,0.4245985401459854,34.6623847865906,83.93001151962291,0.0
X-n275-k28,274,cold_chain,ortools:robust_mean_1std_scaled_seed113_or_tools,robust_mean_1std_scaled_seed113_or_tools,ortools,True,True,True,28,22542.0,4.9979047775268555,1.3799197673797607,6.377824544906616,278.59999999999997,0.9949999999999999,pulp_cbc,mean_domain_loss,102.18457255447923,,180,60,True,306.89828660604496,307.5660280006758,368.0009655121191,368.3309895522635,260.3115655951623,278.26782119,22694.616407242866,22739.20154723143,22807.972635343547,28.822997119912085,51.26009095970657,0.4229197080291971,32.90852699625284,102.18457255447923,50.43183468838644
X-n280-k17,279,atm,ortools:nominal_or_tools,nominal_or_tools,ortools,True,True,True,17,38220.0,4.999574422836304,1.4732632637023926,6.472837686538696,3233.0,0.9905024509803921,pulp_cbc,mean_domain_loss,1807.9298086326828,,180,60,True,3569.5494701131493,3575.424894705229,4199.901283616081,4206.345190262546,3283.6004573211867,3264.00000287,40027.92980863268,41088.36352211319,42339.20861903413,449.73230277401706,729.6396680996334,0.452831541218638,397.8666829556453,1807.9298086326828,0.0
X-n280-k17,279,grocery,ortools:nominal_or_tools,nominal_or_tools,ortools,True,True,True,17,38220.0,4.999574422836304,1.488424301147461,6.487998723983765,3233.0,0.9905024509803921,pulp_cbc,mean_domain_loss,1124.3018561253264,,180,60,True,3569.5494701131493,3575.424894705229,4199.901283616081,4206.345190262546,1584.479534406315,3264.00000342,39344.30185612533,39866.33051755854,40522.10614436767,449.6955761410903,732.4443001586795,0.45021505376344084,397.8299568727184,1124.3018561253264,0.0
X-n280-k17,279,cargo,ortools:nominal_or_tools,nominal_or_tools,ortools,True,True,True,17,38220.0,4.999574422836304,1.5119822025299072,6.511556625366211,3233.0,0.9905024509803921,pulp_cbc,mean_domain_loss,1360.090824136541,,180,60,True,3569.5494701131493,3575.424894705229,4199.901283616081,4206.345190262546,2911.421639161693,3264.0000001300004,39580.09082413654,40387.984738004525,41333.006901934794,451.5701457112566,732.7247542733594,0.4383870967741936,399.70452315288475,1360.090824136541,0.0
X-n280-k17,279,cold_chain,ortools:nominal_or_tools,nominal_or_tools,ortools,True,True,True,17,38220.0,4.999574422836304,1.8669066429138184,6.866481065750122,3233.0,0.9905024509803921,pulp_cbc,mean_domain_loss,1619.5335791703124,,180,60,True,3569.5494701131493,3575.424894705229,4199.901283616081,4206.345190262546,3346.458363906182,3263.99999941,40419.205373400706,41053.64002720387,41942.628981321504,450.14256840956796,728.6320262312765,0.44157706093189963,398.27694513119604,1619.5335791703124,579.6717942303974
X-n280-k17,279,atm,ortools:proxy_mean_or_tools,proxy_mean_or_tools,ortools,False,False,False,0,,0.0,,0.0,3569.5494701131493,1.093611970010156,pulp_cbc,mean_domain_loss,,total_load_exceeds_fleet_capacity,180,60,True,3569.5494701131493,3575.424894705229,4199.901283616081,4206.345190262546,,,,,,,,,,,
X-n280-k17,279,grocery,ortools:proxy_mean_or_tools,proxy_mean_or_tools,ortools,False,False,False,0,,0.0,,0.0,3569.5494701131493,1.093611970010156,pulp_cbc,mean_domain_loss,,total_load_exceeds_fleet_capacity,180,60,True,3569.5494701131493,3575.424894705229,4199.901283616081,4206.345190262546,,,,,,,,,,,
X-n280-k17,279,cargo,ortools:proxy_mean_or_tools,proxy_mean_or_tools,ortools,False,False,False,0,,0.0,,0.0,3569.5494701131493,1.093611970010156,pulp_cbc,mean_domain_loss,,total_load_exceeds_fleet_capacity,180,60,True,3569.5494701131493,3575.424894705229,4199.901283616081,4206.345190262546,,,,,,,,,,,
X-n280-k17,279,cold_chain,ortools:proxy_mean_or_tools,proxy_mean_or_tools,ortools,False,False,False,0,,0.0,,0.0,3569.5494701131493,1.093611970010156,pulp_cbc,mean_domain_loss,,total_load_exceeds_fleet_capacity,180,60,True,3569.5494701131493,3575.424894705229,4199.901283616081,4206.345190262546,,,,,,,,,,,
X-n280-k17,279,atm,ortools:quantile_p75_or_tools,quantile_p75_or_tools,ortools,False,False,False,0,,0.0,,0.0,4198.362633179833,1.2862630616359783,pulp_cbc,mean_domain_loss,,total_load_exceeds_fleet_capacity,180,60,True,3569.5494701131493,3575.424894705229,4199.901283616081,4206.345190262546,,,,,,,,,,,
X-n280-k17,279,grocery,ortools:quantile_p75_or_tools,quantile_p75_or_tools,ortools,False,False,False,0,,0.0,,0.0,4198.362633179833,1.2862630616359783,pulp_cbc,mean_domain_loss,,total_load_exceeds_fleet_capacity,180,60,True,3569.5494701131493,3575.424894705229,4199.901283616081,4206.345190262546,,,,,,,,,,,
X-n280-k17,279,cargo,ortools:quantile_p75_or_tools,quantile_p75_or_tools,ortools,False,False,False,0,,0.0,,0.0,4198.362633179833,1.2862630616359783,pulp_cbc,mean_domain_loss,,total_load_exceeds_fleet_capacity,180,60,True,3569.5494701131493,3575.424894705229,4199.901283616081,4206.345190262546,,,,,,,,,,,
X-n280-k17,279,cold_chain,ortools:quantile_p75_or_tools,quantile_p75_or_tools,ortools,False,False,False,0,,0.0,,0.0,4198.362633179833,1.2862630616359783,pulp_cbc,mean_domain_loss,,total_load_exceeds_fleet_capacity,180,60,True,3569.5494701131493,3575.424894705229,4199.901283616081,4206.345190262546,,,,,,,,,,,
X-n280-k17,279,atm,ortools:quantile_p90_or_tools,quantile_p90_or_tools,ortools,False,False,False,0,,0.0,,0.0,5126.335227470418,1.5705683907691232,pulp_cbc,mean_domain_loss,,total_load_exceeds_fleet_capacity,180,60,True,3569.5494701131493,3575.424894705229,4199.901283616081,4206.345190262546,,,,,,,,,,,
X-n280-k17,279,grocery,ortools:quantile_p90_or_tools,quantile_p90_or_tools,ortools,False,False,False,0,,0.0,,0.0,5126.335227470418,1.5705683907691232,pulp_cbc,mean_domain_loss,,total_load_exceeds_fleet_capacity,180,60,True,3569.5494701131493,3575.424894705229,4199.901283616081,4206.345190262546,,,,,,,,,,,
X-n280-k17,279,cargo,ortools:quantile_p90_or_tools,quantile_p90_or_tools,ortools,False,False,False,0,,0.0,,0.0,5126.335227470418,1.5705683907691232,pulp_cbc,mean_domain_loss,,total_load_exceeds_fleet_capacity,180,60,True,3569.5494701131493,3575.424894705229,4199.901283616081,4206.345190262546,,,,,,,,,,,
X-n280-k17,279,cold_chain,ortools:quantile_p90_or_tools,quantile_p90_or_tools,ortools,False,False,False,0,,0.0,,0.0,5126.335227470418,1.5705683907691232,pulp_cbc,mean_domain_loss,,total_load_exceeds_fleet_capacity,180,60,True,3569.5494701131493,3575.424894705229,4199.901283616081,4206.345190262546,,,,,,,,,,,
X-n280-k17,279,atm,ortools:robust_mean_1std_or_tools,robust_mean_1std_or_tools,ortools,False,False,False,0,,0.0,,0.0,4756.69403858521,1.4573204775077238,pulp_cbc,mean_domain_loss,,total_load_exceeds_fleet_capacity,180,60,True,3569.5494701131493,3575.424894705229,4199.901283616081,4206.345190262546,,,,,,,,,,,
X-n280-k17,279,grocery,ortools:robust_mean_1std_or_tools,robust_mean_1std_or_tools,ortools,False,False,False,0,,0.0,,0.0,4756.69403858521,1.4573204775077238,pulp_cbc,mean_domain_loss,,total_load_exceeds_fleet_capacity,180,60,True,3569.5494701131493,3575.424894705229,4199.901283616081,4206.345190262546,,,,,,,,,,,
X-n280-k17,279,cargo,ortools:robust_mean_1std_or_tools,robust_mean_1std_or_tools,ortools,False,False,False,0,,0.0,,0.0,4756.69403858521,1.4573204775077238,pulp_cbc,mean_domain_loss,,total_load_exceeds_fleet_capacity,180,60,True,3569.5494701131493,3575.424894705229,4199.901283616081,4206.345190262546,,,,,,,,,,,
X-n280-k17,279,cold_chain,ortools:robust_mean_1std_or_tools,robust_mean_1std_or_tools,ortools,False,False,False,0,,0.0,,0.0,4756.69403858521,1.4573204775077238,pulp_cbc,mean_domain_loss,,total_load_exceeds_fleet_capacity,180,60,True,3569.5494701131493,3575.424894705229,4199.901283616081,4206.345190262546,,,,,,,,,,,
X-n280-k17,279,atm,ortools:robust_mean_2std_or_tools,robust_mean_2std_or_tools,ortools,False,False,False,0,,0.0,,0.0,5943.838607057272,1.8210289850052919,pulp_cbc,mean_domain_loss,,single_node_exceeds_capacity,180,60,True,3569.5494701131493,3575.424894705229,4199.901283616081,4206.345190262546,,,,,,,,,,,
X-n280-k17,279,grocery,ortools:robust_mean_2std_or_tools,robust_mean_2std_or_tools,ortools,False,False,False,0,,0.0,,0.0,5943.838607057272,1.8210289850052919,pulp_cbc,mean_domain_loss,,single_node_exceeds_capacity,180,60,True,3569.5494701131493,3575.424894705229,4199.901283616081,4206.345190262546,,,,,,,,,,,
X-n280-k17,279,cargo,ortools:robust_mean_2std_or_tools,robust_mean_2std_or_tools,ortools,False,False,False,0,,0.0,,0.0,5943.838607057272,1.8210289850052919,pulp_cbc,mean_domain_loss,,single_node_exceeds_capacity,180,60,True,3569.5494701131493,3575.424894705229,4199.901283616081,4206.345190262546,,,,,,,,,,,
X-n280-k17,279,cold_chain,ortools:robust_mean_2std_or_tools,robust_mean_2std_or_tools,ortools,False,False,False,0,,0.0,,0.0,5943.838607057272,1.8210289850052919,pulp_cbc,mean_domain_loss,,single_node_exceeds_capacity,180,60,True,3569.5494701131493,3575.424894705229,4199.901283616081,4206.345190262546,,,,,,,,,,,
X-n280-k17,279,atm,ortools:proxy_mean_scaled_or_tools,proxy_mean_scaled_or_tools,ortools,True,True,True,17,39074.0,5.000588417053223,1.6192140579223633,6.619802474975586,3247.6800000000003,0.9950000000000001,pulp_cbc,mean_domain_loss,1805.7862145539957,,180,60,True,3569.5494701131493,3575.424894705229,4199.901283616081,4206.345190262546,3279.8954029221936,3264.00000171,40879.786214554,41977.353854066874,43199.06415135153,449.59265111939095,738.4170906287045,0.4613978494623656,397.72703014101927,1805.7862145539957,0.0
X-n280-k17,279,grocery,ortools:proxy_mean_scaled_or_tools,proxy_mean_scaled_or_tools,ortools,True,True,True,17,39074.0,5.000588417053223,1.6249191761016846,6.625507593154907,3247.6800000000003,0.9950000000000001,pulp_cbc,mean_domain_loss,1122.0501178680888,,180,60,True,3569.5494701131493,3575.424894705229,4199.901283616081,4206.345190262546,1582.260559463142,3264.0000057300003,40196.050117868086,40740.50299530134,41378.08234898148,449.076083658079,740.2617946171356,0.45627240143369174,397.2104666997072,1122.0501178680888,0.0
X-n280-k17,279,cargo,ortools:proxy_mean_scaled_or_tools,proxy_mean_scaled_or_tools,ortools,True,True,True,17,39074.0,5.000588417053223,1.7337267398834229,6.7343151569366455,3247.6800000000003,0.9950000000000001,pulp_cbc,mean_domain_loss,1357.9912779127317,,180,60,True,3569.5494701131493,3575.424894705229,4199.901283616081,4206.345190262546,2908.2929208910546,3263.99999645,40431.99127791273,41270.55972742524,42190.649600668476,451.4956243486384,741.9972080727051,0.4465232974910394,399.62999811026646,1357.9912779127317,0.0
X-n280-k17,279,cold_chain,ortools:proxy_mean_scaled_or_tools,proxy_mean_scaled_or_tools,ortools,True,True,True,17,39074.0,5.000588417053223,1.663236141204834,6.663824558258057,3247.6800000000003,0.9950000000000001,pulp_cbc,mean_domain_loss,1624.0940179459865,,180,60,True,3569.5494701131493,3575.424894705229,4199.901283616081,4206.345190262546,3443.709034898083,3264.0000003200003,41371.92351451938,42039.46727402439,42901.40763119443,449.59067254794223,736.7501440568813,0.44523297491039426,397.7250501795703,1624.0940179459865,673.8294965733971
X-n280-k17,279,atm,ortools:quantile_p75_scaled_or_tools,quantile_p75_scaled_or_tools,ortools,False,False,False,0,,5.002447843551636,,5.002447843551636,3247.6799999999994,0.9949999999999998,pulp_cbc,mean_domain_loss,,ortools_no_solution,180,60,True,3569.5494701131493,3575.424894705229,4199.901283616081,4206.345190262546,,,,,,,,,,,
X-n280-k17,279,grocery,ortools:quantile_p75_scaled_or_tools,quantile_p75_scaled_or_tools,ortools,False,False,False,0,,5.002447843551636,,5.002447843551636,3247.6799999999994,0.9949999999999998,pulp_cbc,mean_domain_loss,,ortools_no_solution,180,60,True,3569.5494701131493,3575.424894705229,4199.901283616081,4206.345190262546,,,,,,,,,,,
X-n280-k17,279,cargo,ortools:quantile_p75_scaled_or_tools,quantile_p75_scaled_or_tools,ortools,False,False,False,0,,5.002447843551636,,5.002447843551636,3247.6799999999994,0.9949999999999998,pulp_cbc,mean_domain_loss,,ortools_no_solution,180,60,True,3569.5494701131493,3575.424894705229,4199.901283616081,4206.345190262546,,,,,,,,,,,
X-n280-k17,279,cold_chain,ortools:quantile_p75_scaled_or_tools,quantile_p75_scaled_or_tools,ortools,False,False,False,0,,5.002447843551636,,5.002447843551636,3247.6799999999994,0.9949999999999998,pulp_cbc,mean_domain_loss,,ortools_no_solution,180,60,True,3569.5494701131493,3575.424894705229,4199.901283616081,4206.345190262546,,,,,,,,,,,
X-n280-k17,279,atm,ortools:quantile_p90_scaled_or_tools,quantile_p90_scaled_or_tools,ortools,False,False,False,0,,0.0,,0.0,3247.6799999999994,0.9949999999999998,pulp_cbc,mean_domain_loss,,total_load_exceeds_fleet_capacity,180,60,True,3569.5494701131493,3575.424894705229,4199.901283616081,4206.345190262546,,,,,,,,,,,
X-n280-k17,279,grocery,ortools:quantile_p90_scaled_or_tools,quantile_p90_scaled_or_tools,ortools,False,False,False,0,,0.0,,0.0,3247.6799999999994,0.9949999999999998,pulp_cbc,mean_domain_loss,,total_load_exceeds_fleet_capacity,180,60,True,3569.5494701131493,3575.424894705229,4199.901283616081,4206.345190262546,,,,,,,,,,,
X-n280-k17,279,cargo,ortools:quantile_p90_scaled_or_tools,quantile_p90_scaled_or_tools,ortools,False,False,False,0,,0.0,,0.0,3247.6799999999994,0.9949999999999998,pulp_cbc,mean_domain_loss,,total_load_exceeds_fleet_capacity,180,60,True,3569.5494701131493,3575.424894705229,4199.901283616081,4206.345190262546,,,,,,,,,,,
X-n280-k17,279,cold_chain,ortools:quantile_p90_scaled_or_tools,quantile_p90_scaled_or_tools,ortools,False,False,False,0,,0.0,,0.0,3247.6799999999994,0.9949999999999998,pulp_cbc,mean_domain_loss,,total_load_exceeds_fleet_capacity,180,60,True,3569.5494701131493,3575.424894705229,4199.901283616081,4206.345190262546,,,,,,,,,,,
X-n280-k17,279,atm,ortools:robust_mean_1std_scaled_or_tools,robust_mean_1std_scaled_or_tools,ortools,False,False,False,0,,0.0,,0.0,3247.6800000000003,0.9950000000000001,pulp_cbc,mean_domain_loss,,total_load_exceeds_fleet_capacity,180,60,True,3569.5494701131493,3575.424894705229,4199.901283616081,4206.345190262546,,,,,,,,,,,
X-n280-k17,279,grocery,ortools:robust_mean_1std_scaled_or_tools,robust_mean_1std_scaled_or_tools,ortools,False,False,False,0,,0.0,,0.0,3247.6800000000003,0.9950000000000001,pulp_cbc,mean_domain_loss,,total_load_exceeds_fleet_capacity,180,60,True,3569.5494701131493,3575.424894705229,4199.901283616081,4206.345190262546,,,,,,,,,,,
X-n280-k17,279,cargo,ortools:robust_mean_1std_scaled_or_tools,robust_mean_1std_scaled_or_tools,ortools,False,False,False,0,,0.0,,0.0,3247.6800000000003,0.9950000000000001,pulp_cbc,mean_domain_loss,,total_load_exceeds_fleet_capacity,180,60,True,3569.5494701131493,3575.424894705229,4199.901283616081,4206.345190262546,,,,,,,,,,,
X-n280-k17,279,cold_chain,ortools:robust_mean_1std_scaled_or_tools,robust_mean_1std_scaled_or_tools,ortools,False,False,False,0,,0.0,,0.0,3247.6800000000003,0.9950000000000001,pulp_cbc,mean_domain_loss,,total_load_exceeds_fleet_capacity,180,60,True,3569.5494701131493,3575.424894705229,4199.901283616081,4206.345190262546,,,,,,,,,,,
X-n280-k17,279,atm,ortools:robust_mean_2std_scaled_or_tools,robust_mean_2std_scaled_or_tools,ortools,False,False,False,0,,0.0,,0.0,3247.6800000000003,0.9950000000000001,pulp_cbc,mean_domain_loss,,total_load_exceeds_fleet_capacity,180,60,True,3569.5494701131493,3575.424894705229,4199.901283616081,4206.345190262546,,,,,,,,,,,
X-n280-k17,279,grocery,ortools:robust_mean_2std_scaled_or_tools,robust_mean_2std_scaled_or_tools,ortools,False,False,False,0,,0.0,,0.0,3247.6800000000003,0.9950000000000001,pulp_cbc,mean_domain_loss,,total_load_exceeds_fleet_capacity,180,60,True,3569.5494701131493,3575.424894705229,4199.901283616081,4206.345190262546,,,,,,,,,,,
X-n280-k17,279,cargo,ortools:robust_mean_2std_scaled_or_tools,robust_mean_2std_scaled_or_tools,ortools,False,False,False,0,,0.0,,0.0,3247.6800000000003,0.9950000000000001,pulp_cbc,mean_domain_loss,,total_load_exceeds_fleet_capacity,180,60,True,3569.5494701131493,3575.424894705229,4199.901283616081,4206.345190262546,,,,,,,,,,,
X-n280-k17,279,cold_chain,ortools:robust_mean_2std_scaled_or_tools,robust_mean_2std_scaled_or_tools,ortools,False,False,False,0,,0.0,,0.0,3247.6800000000003,0.9950000000000001,pulp_cbc,mean_domain_loss,,total_load_exceeds_fleet_capacity,180,60,True,3569.5494701131493,3575.424894705229,4199.901283616081,4206.345190262546,,,,,,,,,,,
X-n280-k17,279,atm,ortools:nominal_seed101_or_tools,nominal_seed101_or_tools,ortools,True,True,True,17,39975.0,4.992580413818359,1.7623493671417236,6.754929780960083,3233.0,0.9905024509803921,pulp_cbc,mean_domain_loss,1814.2302109930292,,180,60,True,3569.5494701131493,3575.424894705229,4199.901283616081,4206.345190262546,3283.9997249274147,3264.00000387,41789.230210993024,42856.16215990107,44097.222466084364,451.3483372300969,732.7781889055117,0.4586379928315412,399.48271841172505,1814.2302109930292,0.0
X-n280-k17,279,grocery,ortools:nominal_seed101_or_tools,nominal_seed101_or_tools,ortools,True,True,True,17,39975.0,4.992580413818359,1.5411930084228516,6.533773422241211,3233.0,0.9905024509803921,pulp_cbc,mean_domain_loss,1128.2083514460378,,180,60,True,3569.5494701131493,3575.424894705229,4199.901283616081,4206.345190262546,1584.3822101944897,3264.00000044,41103.20835144603,41629.75759568921,42278.12048989546,451.3165994979712,735.724718101132,0.4541935483870968,399.4509772495993,1128.2083514460378,0.0
X-n280-k17,279,cargo,ortools:nominal_seed101_or_tools,nominal_seed101_or_tools,ortools,True,True,True,17,39975.0,4.992580413818359,1.8902883529663086,6.882868766784668,3233.0,0.9905024509803921,pulp_cbc,mean_domain_loss,1366.6697882866035,,180,60,True,3569.5494701131493,3575.424894705229,4199.901283616081,4206.345190262546,2912.2392034390577,3263.9999981700003,41341.669788286614,42164.44298937649,43090.804492932504,453.70313305568413,739.1507682483166,0.4424014336917563,401.8375085373123,1366.6697882866035,0.0
X-n280-k17,279,cold_chain,ortools:nominal_seed101_or_tools,nominal_seed101_or_tools,ortools,True,True,True,17,39975.0,4.992580413818359,1.5564064979553223,6.548986911773682,3233.0,0.9905024509803921,pulp_cbc,mean_domain_loss,1631.6085731534329,,180,60,True,3569.5494701131493,3575.424894705229,4199.901283616081,4206.345190262546,3428.5643986793416,3264.0000053599997,42263.61188010914,42906.50867388015,43784.386386214326,451.9230461325512,732.7289166574756,0.440752688172043,400.05742880417915,1631.6085731534329,657.0033069557037
X-n280-k17,279,atm,ortools:nominal_seed103_or_tools,nominal_seed103_or_tools,ortools,True,True,True,17,38196.0,4.995669364929199,1.5002140998840332,6.495883464813232,3233.0,0.9905024509803921,pulp_cbc,mean_domain_loss,1805.1710303135824,,180,60,True,3569.5494701131493,3575.424894705229,4199.901283616081,4206.345190262546,3281.0397770446693,3264.00000052,40001.171030313584,41069.27029162898,42327.0527250597,449.3272935963178,731.3479663670204,0.46225806451612905,397.46167142794593,1805.1710303135824,0.0
X-n280-k17,279,grocery,ortools:nominal_seed103_or_tools,nominal_seed103_or_tools,ortools,True,True,True,17,38196.0,4.995669364929199,1.4925286769866943,6.4881980419158936,3233.0,0.9905024509803921,pulp_cbc,mean_domain_loss,1122.1085913112836,,180,60,True,3569.5494701131493,3575.424894705229,4199.901283616081,4206.345190262546,1582.7599814559646,3263.99999891,39318.108591311284,39842.96303345069,40504.96516444499,449.1303169796831,733.1815433326442,0.4595698924731183,397.26469320131116,1122.1085913112836,0.0
X-n280-k17,279,cargo,ortools:nominal_seed103_or_tools,nominal_seed103_or_tools,ortools,True,True,True,17,38196.0,4.995669364929199,1.5542476177215576,6.549916982650757,3233.0,0.9905024509803921,pulp_cbc,mean_domain_loss,1358.5335904312733,,180,60,True,3569.5494701131493,3575.424894705229,4199.901283616081,4206.345190262546,2910.620945484914,3264.0000048399997,39554.53359043127,40367.78032436998,41319.18963388453,451.65154788326487,734.9077261180671,0.45387096774193547,399.7859300348931,1358.5335904312733,0.0
X-n280-k17,279,cold_chain,ortools:nominal_seed103_or_tools,nominal_seed103_or_tools,ortools,True,True,True,17,38196.0,4.995669364929199,1.5964746475219727,6.592144012451172,3233.0,0.9905024509803921,pulp_cbc,mean_domain_loss,1620.6392921463503,,180,60,True,3569.5494701131493,3575.424894705229,4199.901283616081,4206.345190262546,3380.5718333698537,3264.0000004599997,40429.85620761103,41063.38378480575,41966.4141787088,449.90338638389903,728.0267879022032,0.4496415770609319,398.03776415552704,1620.6392921463503,613.2169154646823
X-n280-k17,279,atm,ortools:proxy_mean_scaled_seed109_or_tools,proxy_mean_scaled_seed109_or_tools,ortools,True,True,True,17,38562.0,5.00033164024353,1.7086341381072998,6.70896577835083,3247.6800000000003,0.9950000000000001,pulp_cbc,mean_domain_loss,1803.1873228108896,,180,60,True,3569.5494701131493,3575.424894705229,4199.901283616081,4206.345190262546,3276.0386148550206,3264.0000025900003,40365.187322810896,41446.03735159037,42684.363367607104,448.90326547946717,734.1196348783433,0.4607168458781362,397.0376453810952,1803.1873228108896,0.0
X-n280-k17,279,grocery,ortools:proxy_mean_scaled_seed109_or_tools,proxy_mean_scaled_seed109_or_tools,ortools,True,True,True,17,38562.0,5.00033164024353,1.4995527267456055,6.499884366989136,3247.6800000000003,0.9950000000000001,pulp_cbc,mean_domain_loss,1121.2629984041757,,180,60,True,3569.5494701131493,3575.424894705229,4199.901283616081,4206.345190262546,1580.5598339363082,3263.99999887,39683.26299840418,40213.12591669041,40863.58393709236,448.5580622891433,734.7530691041985,0.45225806451612904,396.69243847077155,1121.2629984041757,0.0
X-n280-k17,279,cargo,ortools:proxy_mean_scaled_seed109_or_tools,proxy_mean_scaled_seed109_or_tools,ortools,True,True,True,17,38562.0,5.00033164024353,1.6897363662719727,6.690068006515503,3247.6800000000003,0.9950000000000001,pulp_cbc,mean_domain_loss,1354.9802332816457,,180,60,True,3569.5494701131493,3575.424894705229,4199.901283616081,4206.345190262546,2901.4776278177205,3263.99999609,39916.98023328164,40750.11904270105,41676.354025209555,452.3323085756306,742.7823284613233,0.46,400.4666819772587,1354.9802332816457,0.0
X-n280-k17,279,cold_chain,ortools:proxy_mean_scaled_seed109_or_tools,proxy_mean_scaled_seed109_or_tools,ortools,True,True,True,17,38562.0,5.00033164024353,1.4405572414398193,6.44088888168335,3247.6800000000003,0.9950000000000001,pulp_cbc,mean_domain_loss,1617.4847616107907,,180,60,True,3569.5494701131493,3575.424894705229,4199.901283616081,4206.345190262546,3369.0592200418823,3263.99999483,40786.01423765626,41427.25546446505,42316.257671549785,448.99851213783256,729.4950774946197,0.44831541218637994,397.13288427946077,1617.4847616107907,606.5294760454642
X-n280-k17,279,atm,ortools:quantile_p75_scaled_seed107_or_tools,quantile_p75_scaled_seed107_or_tools,ortools,False,False,False,0,,5.0048980712890625,,5.0048980712890625,3247.6799999999994,0.9949999999999998,pulp_cbc,mean_domain_loss,,ortools_no_solution,180,60,True,3569.5494701131493,3575.424894705229,4199.901283616081,4206.345190262546,,,,,,,,,,,
X-n280-k17,279,grocery,ortools:quantile_p75_scaled_seed107_or_tools,quantile_p75_scaled_seed107_or_tools,ortools,False,False,False,0,,5.0048980712890625,,5.0048980712890625,3247.6799999999994,0.9949999999999998,pulp_cbc,mean_domain_loss,,ortools_no_solution,180,60,True,3569.5494701131493,3575.424894705229,4199.901283616081,4206.345190262546,,,,,,,,,,,
X-n280-k17,279,cargo,ortools:quantile_p75_scaled_seed107_or_tools,quantile_p75_scaled_seed107_or_tools,ortools,False,False,False,0,,5.0048980712890625,,5.0048980712890625,3247.6799999999994,0.9949999999999998,pulp_cbc,mean_domain_loss,,ortools_no_solution,180,60,True,3569.5494701131493,3575.424894705229,4199.901283616081,4206.345190262546,,,,,,,,,,,
X-n280-k17,279,cold_chain,ortools:quantile_p75_scaled_seed107_or_tools,quantile_p75_scaled_seed107_or_tools,ortools,False,False,False,0,,5.0048980712890625,,5.0048980712890625,3247.6799999999994,0.9949999999999998,pulp_cbc,mean_domain_loss,,ortools_no_solution,180,60,True,3569.5494701131493,3575.424894705229,4199.901283616081,4206.345190262546,,,,,,,,,,,
X-n280-k17,279,atm,ortools:robust_mean_1std_scaled_seed113_or_tools,robust_mean_1std_scaled_seed113_or_tools,ortools,False,False,False,0,,0.0,,0.0,3247.6800000000003,0.9950000000000001,pulp_cbc,mean_domain_loss,,total_load_exceeds_fleet_capacity,180,60,True,3569.5494701131493,3575.424894705229,4199.901283616081,4206.345190262546,,,,,,,,,,,
X-n280-k17,279,grocery,ortools:robust_mean_1std_scaled_seed113_or_tools,robust_mean_1std_scaled_seed113_or_tools,ortools,False,False,False,0,,0.0,,0.0,3247.6800000000003,0.9950000000000001,pulp_cbc,mean_domain_loss,,total_load_exceeds_fleet_capacity,180,60,True,3569.5494701131493,3575.424894705229,4199.901283616081,4206.345190262546,,,,,,,,,,,
X-n280-k17,279,cargo,ortools:robust_mean_1std_scaled_seed113_or_tools,robust_mean_1std_scaled_seed113_or_tools,ortools,False,False,False,0,,0.0,,0.0,3247.6800000000003,0.9950000000000001,pulp_cbc,mean_domain_loss,,total_load_exceeds_fleet_capacity,180,60,True,3569.5494701131493,3575.424894705229,4199.901283616081,4206.345190262546,,,,,,,,,,,
X-n280-k17,279,cold_chain,ortools:robust_mean_1std_scaled_seed113_or_tools,robust_mean_1std_scaled_seed113_or_tools,ortools,False,False,False,0,,0.0,,0.0,3247.6800000000003,0.9950000000000001,pulp_cbc,mean_domain_loss,,total_load_exceeds_fleet_capacity,180,60,True,3569.5494701131493,3575.424894705229,4199.901283616081,4206.345190262546,,,,,,,,,,,
X-n284-k15,283,atm,ortools:nominal_or_tools,nominal_or_tools,ortools,True,True,True,15,22522.0,5.008463621139526,1.674928903579712,6.683392524719238,1527.0,0.9339449541284404,pulp_cbc,mean_domain_loss,678.9494548426666,,180,60,True,1690.7465941899184,1691.7378069241554,2011.601490678983,2013.2207644463767,1243.4394002248116,1635.00000005,23200.949454842666,23719.12069482928,24199.413037788843,170.97596198059932,313.08472658102386,0.4143816254416961,244.34624953734536,678.9494548426666,0.0
X-n284-k15,283,grocery,ortools:nominal_or_tools,nominal_or_tools,ortools,True,True,True,15,22522.0,5.008463621139526,1.4445984363555908,6.453062057495117,1527.0,0.9339449541284404,pulp_cbc,mean_domain_loss,449.50045018467165,,180,60,True,1690.7465941899184,1691.7378069241554,2011.601490678983,2013.2207644463767,618.4165696571733,1633.31957234,22971.50045018467,23220.542593862207,23464.100393927863,170.7509623224457,313.65579511502904,0.4137102473498233,242.4408221691917,449.50045018467165,0.0
X-n284-k15,283,cargo,ortools:nominal_or_tools,nominal_or_tools,ortools,True,True,True,15,22522.0,5.008463621139526,1.9293010234832764,6.937764644622803,1527.0,0.9339449541284404,pulp_cbc,mean_domain_loss,512.868062829294,,180,60,True,1690.7465941899184,1691.7378069241554,2011.601490678983,2013.2207644463767,1104.9259187481468,1634.99999918,23034.8680628293,23439.084479079018,23796.679987911968,172.21261425190968,316.2252179601667,0.4130388692579505,245.58290093865568,512.868062829294,0.0
X-n284-k15,283,cold_chain,ortools:nominal_or_tools,nominal_or_tools,ortools,True,True,True,15,22522.0,5.008463621139526,1.5105078220367432,6.5189714431762695,1527.0,0.9339449541284404,pulp_cbc,mean_domain_loss,662.5868656016235,,180,60,True,1690.7465941899184,1691.7378069241554,2011.601490678983,2013.2207644463767,1379.3091448323037,1627.02914383,23478.334561524258,23788.329297977227,24104.242124575903,171.84256584663325,315.243569300526,0.40685512367491167,237.24199718337928,662.5868656016235,293.74769592263436
X-n284-k15,283,atm,ortools:proxy_mean_or_tools,proxy_mean_or_tools,ortools,False,False,False,0,,0.0,,0.0,1690.7465941899188,1.0340957762629472,pulp_cbc,mean_domain_loss,,total_load_exceeds_fleet_capacity,180,60,True,1690.7465941899184,1691.7378069241554,2011.601490678983,2013.2207644463767,,,,,,,,,,,
X-n284-k15,283,grocery,ortools:proxy_mean_or_tools,proxy_mean_or_tools,ortools,False,False,False,0,,0.0,,0.0,1690.7465941899188,1.0340957762629472,pulp_cbc,mean_domain_loss,,total_load_exceeds_fleet_capacity,180,60,True,1690.7465941899184,1691.7378069241554,2011.601490678983,2013.2207644463767,,,,,,,,,,,
X-n284-k15,283,cargo,ortools:proxy_mean_or_tools,proxy_mean_or_tools,ortools,False,False,False,0,,0.0,,0.0,1690.7465941899188,1.0340957762629472,pulp_cbc,mean_domain_loss,,total_load_exceeds_fleet_capacity,180,60,True,1690.7465941899184,1691.7378069241554,2011.601490678983,2013.2207644463767,,,,,,,,,,,
X-n284-k15,283,cold_chain,ortools:proxy_mean_or_tools,proxy_mean_or_tools,ortools,False,False,False,0,,0.0,,0.0,1690.7465941899188,1.0340957762629472,pulp_cbc,mean_domain_loss,,total_load_exceeds_fleet_capacity,180,60,True,1690.7465941899184,1691.7378069241554,2011.601490678983,2013.2207644463767,,,,,,,,,,,
X-n284-k15,283,atm,ortools:quantile_p75_or_tools,quantile_p75_or_tools,ortools,False,False,False,0,,0.0,,0.0,1974.0553986381892,1.2073733325004214,pulp_cbc,mean_domain_loss,,total_load_exceeds_fleet_capacity,180,60,True,1690.7465941899184,1691.7378069241554,2011.601490678983,2013.2207644463767,,,,,,,,,,,
X-n284-k15,283,grocery,ortools:quantile_p75_or_tools,quantile_p75_or_tools,ortools,False,False,False,0,,0.0,,0.0,1974.0553986381892,1.2073733325004214,pulp_cbc,mean_domain_loss,,total_load_exceeds_fleet_capacity,180,60,True,1690.7465941899184,1691.7378069241554,2011.601490678983,2013.2207644463767,,,,,,,,,,,
X-n284-k15,283,cargo,ortools:quantile_p75_or_tools,quantile_p75_or_tools,ortools,False,False,False,0,,0.0,,0.0,1974.0553986381892,1.2073733325004214,pulp_cbc,mean_domain_loss,,total_load_exceeds_fleet_capacity,180,60,True,1690.7465941899184,1691.7378069241554,2011.601490678983,2013.2207644463767,,,,,,,,,,,
X-n284-k15,283,cold_chain,ortools:quantile_p75_or_tools,quantile_p75_or_tools,ortools,False,False,False,0,,0.0,,0.0,1974.0553986381892,1.2073733325004214,pulp_cbc,mean_domain_loss,,total_load_exceeds_fleet_capacity,180,60,True,1690.7465941899184,1691.7378069241554,2011.601490678983,2013.2207644463767,,,,,,,,,,,
X-n284-k15,283,atm,ortools:quantile_p90_or_tools,quantile_p90_or_tools,ortools,False,False,False,0,,0.0,,0.0,2358.0139023713236,1.442210337841788,pulp_cbc,mean_domain_loss,,total_load_exceeds_fleet_capacity,180,60,True,1690.7465941899184,1691.7378069241554,2011.601490678983,2013.2207644463767,,,,,,,,,,,
X-n284-k15,283,grocery,ortools:quantile_p90_or_tools,quantile_p90_or_tools,ortools,False,False,False,0,,0.0,,0.0,2358.0139023713236,1.442210337841788,pulp_cbc,mean_domain_loss,,total_load_exceeds_fleet_capacity,180,60,True,1690.7465941899184,1691.7378069241554,2011.601490678983,2013.2207644463767,,,,,,,,,,,
X-n284-k15,283,cargo,ortools:quantile_p90_or_tools,quantile_p90_or_tools,ortools,False,False,False,0,,0.0,,0.0,2358.0139023713236,1.442210337841788,pulp_cbc,mean_domain_loss,,total_load_exceeds_fleet_capacity,180,60,True,1690.7465941899184,1691.7378069241554,2011.601490678983,2013.2207644463767,,,,,,,,,,,
X-n284-k15,283,cold_chain,ortools:quantile_p90_or_tools,quantile_p90_or_tools,ortools,False,False,False,0,,0.0,,0.0,2358.0139023713236,1.442210337841788,pulp_cbc,mean_domain_loss,,total_load_exceeds_fleet_capacity,180,60,True,1690.7465941899184,1691.7378069241554,2011.601490678983,2013.2207644463767,,,,,,,,,,,
X-n284-k15,283,atm,ortools:robust_mean_1std_or_tools,robust_mean_1std_or_tools,ortools,False,False,False,0,,0.0,,0.0,2209.286448239466,1.3512455340914167,pulp_cbc,mean_domain_loss,,total_load_exceeds_fleet_capacity,180,60,True,1690.7465941899184,1691.7378069241554,2011.601490678983,2013.2207644463767,,,,,,,,,,,
X-n284-k15,283,grocery,ortools:robust_mean_1std_or_tools,robust_mean_1std_or_tools,ortools,False,False,False,0,,0.0,,0.0,2209.286448239466,1.3512455340914167,pulp_cbc,mean_domain_loss,,total_load_exceeds_fleet_capacity,180,60,True,1690.7465941899184,1691.7378069241554,2011.601490678983,2013.2207644463767,,,,,,,,,,,
X-n284-k15,283,cargo,ortools:robust_mean_1std_or_tools,robust_mean_1std_or_tools,ortools,False,False,False,0,,0.0,,0.0,2209.286448239466,1.3512455340914167,pulp_cbc,mean_domain_loss,,total_load_exceeds_fleet_capacity,180,60,True,1690.7465941899184,1691.7378069241554,2011.601490678983,2013.2207644463767,,,,,,,,,,,
X-n284-k15,283,cold_chain,ortools:robust_mean_1std_or_tools,robust_mean_1std_or_tools,ortools,False,False,False,0,,0.0,,0.0,2209.286448239466,1.3512455340914167,pulp_cbc,mean_domain_loss,,total_load_exceeds_fleet_capacity,180,60,True,1690.7465941899184,1691.7378069241554,2011.601490678983,2013.2207644463767,,,,,,,,,,,
X-n284-k15,283,atm,ortools:robust_mean_2std_or_tools,robust_mean_2std_or_tools,ortools,False,False,False,0,,0.0,,0.0,2727.8263022890133,1.668395291919886,pulp_cbc,mean_domain_loss,,total_load_exceeds_fleet_capacity,180,60,True,1690.7465941899184,1691.7378069241554,2011.601490678983,2013.2207644463767,,,,,,,,,,,
X-n284-k15,283,grocery,ortools:robust_mean_2std_or_tools,robust_mean_2std_or_tools,ortools,False,False,False,0,,0.0,,0.0,2727.8263022890133,1.668395291919886,pulp_cbc,mean_domain_loss,,total_load_exceeds_fleet_capacity,180,60,True,1690.7465941899184,1691.7378069241554,2011.601490678983,2013.2207644463767,,,,,,,,,,,
X-n284-k15,283,cargo,ortools:robust_mean_2std_or_tools,robust_mean_2std_or_tools,ortools,False,False,False,0,,0.0,,0.0,2727.8263022890133,1.668395291919886,pulp_cbc,mean_domain_loss,,total_load_exceeds_fleet_capacity,180,60,True,1690.7465941899184,1691.7378069241554,2011.601490678983,2013.2207644463767,,,,,,,,,,,
X-n284-k15,283,cold_chain,ortools:robust_mean_2std_or_tools,robust_mean_2std_or_tools,ortools,False,False,False,0,,0.0,,0.0,2727.8263022890133,1.668395291919886,pulp_cbc,mean_domain_loss,,total_load_exceeds_fleet_capacity,180,60,True,1690.7465941899184,1691.7378069241554,2011.601490678983,2013.2207644463767,,,,,,,,,,,
X-n284-k15,283,atm,ortools:proxy_mean_scaled_or_tools,proxy_mean_scaled_or_tools,ortools,True,True,True,15,22663.0,4.996649980545044,1.6910231113433838,6.687673091888428,1626.825,0.995,pulp_cbc,mean_domain_loss,637.021307403249,,180,60,True,1690.7465941899184,1691.7378069241554,2011.601490678983,2013.2207644463767,1195.987320916721,1634.99999791,23300.02130740325,23832.50802122848,24286.968402131202,160.46533455647784,308.4720634152274,0.3948763250883392,233.83561997322388,637.021307403249,0.0
X-n284-k15,283,grocery,ortools:proxy_mean_scaled_or_tools,proxy_mean_scaled_or_tools,ortools,True,True,True,15,22663.0,4.996649980545044,1.5619943141937256,6.5586442947387695,1626.825,0.995,pulp_cbc,mean_domain_loss,425.64820955027346,,180,60,True,1690.7465941899184,1691.7378069241554,2011.601490678983,2013.2207644463767,592.6883827424934,1634.999996,23088.64820955028,23335.766094548897,23572.965157191145,160.34298848318988,308.44231619273455,0.392791519434629,233.7132719899359,425.64820955027346,0.0
X-n284-k15,283,cargo,ortools:proxy_mean_scaled_or_tools,proxy_mean_scaled_or_tools,ortools,True,True,True,15,22663.0,4.996649980545044,1.788984775543213,6.785634756088257,1626.825,0.995,pulp_cbc,mean_domain_loss,478.8949635168256,,180,60,True,1690.7465941899184,1691.7378069241554,2011.601490678983,2013.2207644463767,1061.1772402935017,1634.9999988999998,23141.894963516825,23544.37373869998,23894.851936169438,161.15032001830355,307.32700604028673,0.39215547703180215,234.52060642504952,478.8949635168256,0.0
X-n284-k15,283,cold_chain,ortools:proxy_mean_scaled_or_tools,proxy_mean_scaled_or_tools,ortools,True,True,True,15,22663.0,4.996649980545044,1.6186683177947998,6.615318298339844,1626.825,0.995,pulp_cbc,mean_domain_loss,630.5438176877735,,180,60,True,1690.7465941899184,1691.7378069241554,2011.601490678983,2013.2207644463767,1345.0766192420772,1634.99999987,23594.67389815191,23894.765750641684,24204.547469902263,160.81173789087765,309.0011920809297,0.3866077738515901,234.1820252676236,630.5438176877735,301.13008046413614
X-n284-k15,283,atm,ortools:quantile_p75_scaled_or_tools,quantile_p75_scaled_or_tools,ortools,True,True,True,15,23026.0,5.00551176071167,1.747448205947876,6.752959966659546,1626.8250000000003,0.9950000000000002,pulp_cbc,mean_domain_loss,638.127789063186,,180,60,True,1690.7465941899184,1691.7378069241554,2011.601490678983,2013.2207644463767,1195.4950395791054,1634.99999668,23664.12778906319,24189.816926824562,24648.314889841782,160.8008506792055,305.8464132254693,0.39491166077738515,234.1711348659515,638.127789063186,0.0
X-n284-k15,283,grocery,ortools:quantile_p75_scaled_or_tools,quantile_p75_scaled_or_tools,ortools,True,True,True,15,23026.0,5.00551176071167,1.5891659259796143,6.594677686691284,1626.8250000000003,0.9950000000000002,pulp_cbc,mean_domain_loss,426.42411813699647,,180,60,True,1690.7465941899184,1691.7378069241554,2011.601490678983,2013.2207644463767,592.6385985256807,1634.99999818,23452.424118136998,23701.488861014128,23934.750760767958,160.65148863859517,305.502675519648,0.3939575971731449,234.02177432534117,426.42411813699647,0.0
X-n284-k15,283,cargo,ortools:quantile_p75_scaled_or_tools,quantile_p75_scaled_or_tools,ortools,True,True,True,15,23026.0,5.00551176071167,1.9325165748596191,6.938028335571289,1626.8250000000003,0.9950000000000002,pulp_cbc,mean_domain_loss,478.9939048669854,,180,60,True,1690.7465941899184,1691.7378069241554,2011.601490678983,2013.2207644463767,1059.7828080134727,1634.9999984400001,23504.993904866988,23910.180655757544,24256.08617653832,161.47187482977816,305.6681560896344,0.3931802120141343,234.84216077652417,478.9939048669854,0.0
X-n284-k15,283,cold_chain,ortools:quantile_p75_scaled_or_tools,quantile_p75_scaled_or_tools,ortools,True,True,True,15,23026.0,5.00551176071167,1.5164761543273926,6.5219879150390625,1626.8250000000003,0.9950000000000002,pulp_cbc,mean_domain_loss,630.5409969823564,,180,60,True,1690.7465941899184,1691.7378069241554,2011.601490678983,2013.2207644463767,1347.8024814810938,1634.9999943799999,23960.26838406824,24265.67864377533,24569.661360991428,160.68625959916392,304.4717087564336,0.38420494699646646,234.05654148590995,630.5409969823564,303.72738708588395
X-n284-k15,283,atm,ortools:quantile_p90_scaled_or_tools,quantile_p90_scaled_or_tools,ortools,True,True,True,15,22676.0,5.000643253326416,1.6891765594482422,6.689819812774658,1626.8250000000003,0.9950000000000002,pulp_cbc,mean_domain_loss,636.3877528613336,,180,60,True,1690.7465941899184,1691.7378069241554,2011.601490678983,2013.2207644463767,1194.2573419399046,1634.9999978800001,23312.387752861334,23844.949323207602,24298.17353969855,160.7195027698275,307.9879704212858,0.3967844522968198,234.08978815657352,636.3877528613336,0.0
X-n284-k15,283,grocery,ortools:quantile_p90_scaled_or_tools,quantile_p90_scaled_or_tools,ortools,True,True,True,15,22676.0,5.000643253326416,1.5783324241638184,6.578975677490234,1626.8250000000003,0.9950000000000002,pulp_cbc,mean_domain_loss,426.34324241005396,,180,60,True,1690.7465941899184,1691.7378069241554,2011.601490678983,2013.2207644463767,592.7245137496722,1634.99999608,23102.343242410057,23351.44103860454,23586.481355214844,160.62497998681332,307.37421935274085,0.3954416961130742,233.99526357355936,426.34324241005396,0.0
X-n284-k15,283,cargo,ortools:quantile_p90_scaled_or_tools,quantile_p90_scaled_or_tools,ortools,True,True,True,15,22676.0,5.000643253326416,1.8806607723236084,6.881304025650024,1626.8250000000003,0.9950000000000002,pulp_cbc,mean_domain_loss,474.79803857065343,,180,60,True,1690.7465941899184,1691.7378069241554,2011.601490678983,2013.2207644463767,1054.5006291754994,1635.00000083,23150.798038570658,23557.857520054484,23901.460794912982,161.12043134187715,308.89037220583975,0.39021201413427564,234.49071967862312,474.79803857065343,0.0
X-n284-k15,283,cold_chain,ortools:quantile_p90_scaled_or_tools,quantile_p90_scaled_or_tools,ortools,True,True,True,15,22676.0,5.000643253326416,1.670640230178833,6.671283483505249,1626.8250000000003,0.9950000000000002,pulp_cbc,mean_domain_loss,630.1018662556423,,180,60,True,1690.7465941899184,1691.7378069241554,2011.601490678983,2013.2207644463767,1346.8453888067645,1634.99999968,23609.417689845926,23914.36046517012,24219.83559585453,160.70291499142243,306.4333445775052,0.38657243816254416,234.07320217816843,630.1018662556423,303.315823590282
X-n284-k15,283,atm,ortools:robust_mean_1std_scaled_or_tools,robust_mean_1std_scaled_or_tools,ortools,True,True,True,15,23151.0,5.000400066375732,1.7353591918945312,6.735759258270264,1626.8249999999998,0.9949999999999999,pulp_cbc,mean_domain_loss,633.161219104918,,180,60,True,1690.7465941899184,1691.7378069241554,2011.601490678983,2013.2207644463767,1190.76016165266,1634.9999978300002,23784.161219104913,24314.482969107423,24769.35060181714,159.75244525178402,306.55434485975474,0.3927208480565371,233.12273058853,633.161219104918,0.0
X-n284-k15,283,grocery,ortools:robust_mean_1std_scaled_or_tools,robust_mean_1std_scaled_or_tools,ortools,True,True,True,15,23151.0,5.000400066375732,1.435157299041748,6.4355573654174805,1626.8249999999998,0.9949999999999999,pulp_cbc,mean_domain_loss,424.2744675668801,,180,60,True,1690.7465941899184,1691.7378069241554,2011.601490678983,2013.2207644463767,590.7150329898989,1635.00000051,23575.274467566884,23826.289104853902,24057.59852689061,159.67063999778728,307.64886124446997,0.3910600706713781,233.0409280145333,424.2744675668801,0.0
X-n284-k15,283,cargo,ortools:robust_mean_1std_scaled_or_tools,robust_mean_1std_scaled_or_tools,ortools,True,True,True,15,23151.0,5.000400066375732,1.8334012031555176,6.83380126953125,1626.8249999999998,0.9949999999999999,pulp_cbc,mean_domain_loss,472.7503851201091,,180,60,True,1690.7465941899184,1691.7378069241554,2011.601490678983,2013.2207644463767,1051.9142743034804,1635.00000055,23623.7503851201,24031.71708103608,24372.461290063045,160.27008775322238,307.16348845712434,0.3880918727915194,233.64037580996836,472.7503851201091,0.0
X-n284-k15,283,cold_chain,ortools:robust_mean_1std_scaled_or_tools,robust_mean_1std_scaled_or_tools,ortools,True,True,True,15,23151.0,5.000400066375732,1.7008895874023438,6.701289653778076,1626.8249999999998,0.9949999999999999,pulp_cbc,mean_domain_loss,627.9291281277341,,180,60,True,1690.7465941899184,1691.7378069241554,2011.601490678983,2013.2207644463767,1349.7304890235685,1634.9999982,24088.154335397863,24396.461454222797,24697.035852923724,159.88688126531878,306.0612251003451,0.38070671378091875,233.25716697206477,627.9291281277341,309.22520727012835
X-n284-k15,283,atm,ortools:robust_mean_2std_scaled_or_tools,robust_mean_2std_scaled_or_tools,ortools,True,True,True,15,23628.0,5.000474452972412,1.7141034603118896,6.714577913284302,1626.8249999999998,0.9949999999999999,pulp_cbc,mean_domain_loss,632.1886490081176,,180,60,True,1690.7465941899184,1691.7378069241554,2011.601490678983,2013.2207644463767,1190.7032246425324,1634.99999962,24260.18864900812,24785.9737763554,25249.83885870485,159.71400210059974,306.41068166670715,0.3952650176678445,233.08428922734575,632.1886490081176,0.0
X-n284-k15,283,grocery,ortools:robust_mean_2std_scaled_or_tools,robust_mean_2std_scaled_or_tools,ortools,True,True,True,15,23628.0,5.000474452972412,1.4787893295288086,6.479263782501221,1626.8249999999998,0.9949999999999999,pulp_cbc,mean_domain_loss,423.755407431865,,180,60,True,1690.7465941899184,1691.7378069241554,2011.601490678983,2013.2207644463767,591.0313266219346,1635.00000142,24051.755407431872,24297.30083614186,24537.176923600346,159.46755725611897,305.8250882063436,0.3946996466431095,232.83784618286495,423.755407431865,0.0
X-n284-k15,283,cargo,ortools:robust_mean_2std_scaled_or_tools,robust_mean_2std_scaled_or_tools,ortools,True,True,True,15,23628.0,5.000474452972412,1.881986141204834,6.882460594177246,1626.8249999999998,0.9949999999999999,pulp_cbc,mean_domain_loss,471.0380043573678,,180,60,True,1690.7465941899184,1691.7378069241554,2011.601490678983,2013.2207644463767,1049.4517162202703,1634.9999999499998,24099.038004357368,24500.24577317995,24850.007407483303,160.344667608306,307.47687164912526,0.3902826855123675,233.71495506505198,471.0380043573678,0.0
X-n284-k15,283,cold_chain,ortools:robust_mean_2std_scaled_or_tools,robust_mean_2std_scaled_or_tools,ortools,True,True,True,15,23628.0,5.000474452972412,1.614905595779419,6.615380048751831,1626.8249999999998,0.9949999999999999,pulp_cbc,mean_domain_loss,627.7363060098996,,180,60,True,1690.7465941899184,1691.7378069241554,2011.601490678983,2013.2207644463767,1352.0506187215994,1634.9999999799998,24566.609209831935,24874.301748434136,25179.087510657504,159.77004157967792,305.3531379736467,0.3837809187279152,233.14032906642396,627.7363060098996,310.87290382203844
X-n284-k15,283,atm,ortools:nominal_seed101_or_tools,nominal_seed101_or_tools,ortools,True,True,True,15,22020.0,5.0041773319244385,1.5811729431152344,6.585350275039673,1527.0,0.9339449541284404,pulp_cbc,mean_domain_loss,687.3790753909436,,180,60,True,1690.7465941899184,1691.7378069241554,2011.601490678983,2013.2207644463767,1253.9665452918912,1634.9999999300003,22707.379075390938,23247.876841110938,23706.294338367996,173.29683881995138,321.657706049811,0.4234628975265018,246.66712625669734,687.3790753909436,0.0
X-n284-k15,283,grocery,ortools:nominal_seed101_or_tools,nominal_seed101_or_tools,ortools,True,True,True,15,22020.0,5.0041773319244385,1.465547800064087,6.469725131988525,1527.0,0.9339449541284404,pulp_cbc,mean_domain_loss,454.66102401267995,,180,60,True,1690.7465941899184,1691.7378069241554,2011.601490678983,2013.2207644463767,624.3505405187179,1633.7874092,22474.661024012676,22735.330785543323,22967.79080566104,173.01194790732808,322.11055994415597,0.42056537102473496,245.16964461407406,454.66102401267995,0.0
X-n284-k15,283,cargo,ortools:nominal_seed101_or_tools,nominal_seed101_or_tools,ortools,True,True,True,15,22020.0,5.0041773319244385,1.9282891750335693,6.932466506958008,1527.0,0.9339449541284404,pulp_cbc,mean_domain_loss,519.4604958755457,,180,60,True,1690.7465941899184,1691.7378069241554,2011.601490678983,2013.2207644463767,1114.7796634039528,1635.00000033,22539.460495875544,22956.857020957308,23303.834956763465,174.03736985311204,323.12475267884247,0.4192932862190813,247.40765768985807,519.4604958755457,0.0
X-n284-k15,283,cold_chain,ortools:nominal_seed101_or_tools,nominal_seed101_or_tools,ortools,True,True,True,15,22020.0,5.0041773319244385,1.5463175773620605,6.550494909286499,1527.0,0.9339449541284404,pulp_cbc,mean_domain_loss,670.5450010993148,,180,60,True,1690.7465941899184,1691.7378069241554,2011.601490678983,2013.2207644463767,1397.44035996937,1627.3311337599998,22992.021650631297,23316.748381684094,23618.815893567928,173.84617950811992,321.896486948535,0.41416961130742047,239.54760077486597,670.5450010993148,301.4766495319873
X-n284-k15,283,atm,ortools:nominal_seed103_or_tools,nominal_seed103_or_tools,ortools,True,True,True,15,22228.0,5.002877950668335,1.760329246520996,6.763207197189331,1527.0,0.9339449541284404,pulp_cbc,mean_domain_loss,711.5448960428016,,180,60,True,1690.7465941899184,1691.7378069241554,2011.601490678983,2013.2207644463767,1292.0948427099086,1635.0000027800002,22939.544896042804,23496.865125323257,23954.522802694224,179.60124946080256,333.47506434842364,0.4376678445229682,252.9715397475486,711.5448960428016,0.0
X-n284-k15,283,grocery,ortools:nominal_seed103_or_tools,nominal_seed103_or_tools,ortools,True,True,True,15,22228.0,5.002877950668335,1.503770112991333,6.506648063659668,1527.0,0.9339449541284404,pulp_cbc,mean_domain_loss,463.3068469247701,,180,60,True,1690.7465941899184,1691.7378069241554,2011.601490678983,2013.2207644463767,640.0421610433465,1612.39874775,22691.30684692477,22961.944808178334,23199.90187395593,180.13638276500726,333.2376848734625,0.4373851590106007,230.9054180217533,463.3068469247701,0.0
X-n284-k15,283,cargo,ortools:nominal_seed103_or_tools,nominal_seed103_or_tools,ortools,True,True,True,15,22228.0,5.002877950668335,2.0478217601776123,7.050699710845947,1527.0,0.9339449541284404,pulp_cbc,mean_domain_loss,536.3010252374129,,180,60,True,1690.7465941899184,1691.7378069241554,2011.601490678983,2013.2207644463767,1145.4948637509317,1634.99999819,22764.301025237408,23193.467536320702,23541.89678899047,180.63873644612397,335.3072551453662,0.43381625441696114,254.0090221428699,536.3010252374129,0.0
X-n284-k15,283,cold_chain,ortools:nominal_seed103_or_tools,nominal_seed103_or_tools,ortools,True,True,True,15,22228.0,5.002877950668335,1.5746574401855469,6.577535390853882,1527.0,0.9339449541284404,pulp_cbc,mean_domain_loss,675.9757997812006,,180,60,True,1690.7465941899184,1691.7378069241554,2011.601490678983,2013.2207644463767,1411.2435171243753,1601.04472796,23195.57073888554,23541.053713969774,23848.84532272645,181.7618029169436,336.7045794255277,0.4287279151943463,221.1768183836896,675.9757997812006,291.5949391043449
X-n284-k15,283,atm,ortools:proxy_mean_scaled_seed109_or_tools,proxy_mean_scaled_seed109_or_tools,ortools,True,True,True,15,22726.0,4.996514081954956,1.647369623184204,6.64388370513916,1626.825,0.995,pulp_cbc,mean_domain_loss,640.5763672463539,,180,60,True,1690.7465941899184,1691.7378069241554,2011.601490678983,2013.2207644463767,1199.1161044928738,1634.99999807,23366.57636724635,23906.48279390563,24348.781861790754,161.46622868684645,309.90748820577284,0.3977031802120141,234.83651426359248,640.5763672463539,0.0
X-n284-k15,283,grocery,ortools:proxy_mean_scaled_seed109_or_tools,proxy_mean_scaled_seed109_or_tools,ortools,True,True,True,15,22726.0,4.996514081954956,1.5605552196502686,6.557069301605225,1626.825,0.995,pulp_cbc,mean_domain_loss,427.0911750798079,,180,60,True,1690.7465941899184,1691.7378069241554,2011.601490678983,2013.2207644463767,594.5526562508545,1634.99999536,23153.091175079808,23406.791073942382,23635.269650589,160.99773712833456,307.9745581707615,0.39501766784452297,234.36801999508054,427.0911750798079,0.0
X-n284-k15,283,cargo,ortools:proxy_mean_scaled_seed109_or_tools,proxy_mean_scaled_seed109_or_tools,ortools,True,True,True,15,22726.0,4.996514081954956,1.8584041595458984,6.8549182415008545,1626.825,0.995,pulp_cbc,mean_domain_loss,480.261069703861,,180,60,True,1690.7465941899184,1691.7378069241554,2011.601490678983,2013.2207644463767,1063.239389856095,1634.9999990800002,23206.261069703858,23624.301394388523,23957.238443064853,161.759084663768,311.1418749960477,0.392756183745583,235.12937125051397,480.261069703861,0.0
X-n284-k15,283,cold_chain,ortools:proxy_mean_scaled_seed109_or_tools,proxy_mean_scaled_seed109_or_tools,ortools,True,True,True,15,22726.0,4.996514081954956,1.5560755729675293,6.552589654922485,1626.825,0.995,pulp_cbc,mean_domain_loss,633.5875143566021,,180,60,True,1690.7465941899184,1691.7378069241554,2011.601490678983,2013.2207644463767,1355.9009575302985,1634.99999711,23668.223341256158,23982.98759252059,24276.81537300355,161.50736945596088,309.3748496793833,0.3845583038869258,234.8776540727069,633.5875143566021,308.63582689956144
X-n284-k15,283,atm,ortools:quantile_p75_scaled_seed107_or_tools,quantile_p75_scaled_seed107_or_tools,ortools,True,True,True,15,22386.0,4.9993736743927,1.5855915546417236,6.584965229034424,1626.8250000000003,0.9950000000000002,pulp_cbc,mean_domain_loss,635.7357642851738,,180,60,True,1690.7465941899184,1691.7378069241554,2011.601490678983,2013.2207644463767,1192.2616630779617,1634.99999654,23021.73576428518,23546.494185293977,24005.707397443555,160.15819829288378,306.38257270416216,0.393321554770318,233.52848233962976,635.7357642851738,0.0
X-n284-k15,283,grocery,ortools:quantile_p75_scaled_seed107_or_tools,quantile_p75_scaled_seed107_or_tools,ortools,True,True,True,15,22386.0,4.9993736743927,1.5374865531921387,6.536860227584839,1626.8250000000003,0.9950000000000002,pulp_cbc,mean_domain_loss,424.80594042150915,,180,60,True,1690.7465941899184,1691.7378069241554,2011.601490678983,2013.2207644463767,590.9130313557082,1634.99999761,22810.80594042151,23056.33658653703,23293.196887101723,159.9092551767356,306.7927494961888,0.3911660777385159,233.27954029348163,424.80594042150915,0.0
X-n284-k15,283,cargo,ortools:quantile_p75_scaled_seed107_or_tools,quantile_p75_scaled_seed107_or_tools,ortools,True,True,True,15,22386.0,4.9993736743927,2.0372719764709473,7.0366456508636475,1626.8250000000003,0.9950000000000002,pulp_cbc,mean_domain_loss,476.1735521664881,,180,60,True,1690.7465941899184,1691.7378069241554,2011.601490678983,2013.2207644463767,1056.7843081962424,1634.99999604,22862.17355216649,23263.477254590376,23611.90035115276,160.43817914235552,306.964642976177,0.38674911660777384,233.8084626891015,476.1735521664881,0.0
X-n284-k15,283,cold_chain,ortools:quantile_p75_scaled_seed107_or_tools,quantile_p75_scaled_seed107_or_tools,ortools,True,True,True,15,22386.0,4.9993736743927,1.6049423217773438,6.604315996170044,1626.8250000000003,0.9950000000000002,pulp_cbc,mean_domain_loss,629.9884836974784,,180,60,True,1690.7465941899184,1691.7378069241554,2011.601490678983,2013.2207644463767,1348.059887029666,1634.99999846,23322.759339836513,23622.897233799897,23931.129498917464,160.34431362268035,306.0168473144813,0.3828621908127208,233.7145995894263,629.9884836974784,306.77085613903677
X-n284-k15,283,atm,ortools:robust_mean_1std_scaled_seed113_or_tools,robust_mean_1std_scaled_seed113_or_tools,ortools,True,True,True,15,23033.0,4.991445779800415,1.698875904083252,6.690321683883667,1626.8249999999998,0.9949999999999999,pulp_cbc,mean_domain_loss,633.5185706748488,,180,60,True,1690.7465941899184,1691.7378069241554,2011.601490678983,2013.2207644463767,1191.55552561675,1634.99999796,23666.51857067485,24194.06053667911,24650.844641839667,159.90434377741556,307.6369864918093,0.3943109540636042,233.2746292441615,633.5185706748488,0.0
X-n284-k15,283,grocery,ortools:robust_mean_1std_scaled_seed113_or_tools,robust_mean_1std_scaled_seed113_or_tools,ortools,True,True,True,15,23033.0,4.991445779800415,1.481114387512207,6.472560167312622,1626.8249999999998,0.9949999999999999,pulp_cbc,mean_domain_loss,423.79854685624684,,180,60,True,1690.7465941899184,1691.7378069241554,2011.601490678983,2013.2207644463767,591.0390049113267,1634.99999973,23456.798546856247,23706.91768681208,23938.350050119436,159.56186651832562,306.4173234706874,0.393321554770318,232.93215375507162,423.79854685624684,0.0
X-n284-k15,283,cargo,ortools:robust_mean_1std_scaled_seed113_or_tools,robust_mean_1std_scaled_seed113_or_tools,ortools,True,True,True,15,23033.0,4.991445779800415,1.8919458389282227,6.883391618728638,1626.8249999999998,0.9949999999999999,pulp_cbc,mean_domain_loss,472.86682933570825,,180,60,True,1690.7465941899184,1691.7378069241554,2011.601490678983,2013.2207644463767,1052.9138284499506,1635.0000000999999,23505.866829335708,23912.242390863154,24254.329910641518,160.23581324740127,307.01194331828407,0.39053003533568903,233.60610085414726,472.86682933570825,0.0
X-n284-k15,283,cold_chain,ortools:robust_mean_1std_scaled_seed113_or_tools,robust_mean_1std_scaled_seed113_or_tools,ortools,True,True,True,15,23033.0,4.991445779800415,1.7804388999938965,6.7718846797943115,1626.8249999999998,0.9949999999999999,pulp_cbc,mean_domain_loss,627.9052422618407,,180,60,True,1690.7465941899184,1691.7378069241554,2011.601490678983,2013.2207644463767,1354.2797361945873,1634.99999592,23973.354628155925,24276.92685490372,24583.713371505622,159.87081697250338,306.4901456498915,0.3846996466431095,233.24110039924938,627.9052422618407,312.44938589408633
