Instance,Customers,Domain,Candidate,Route Plan,Routing Provider,Route Feasible,LP Feasible,Candidate Feasible,Route Count,Route Cost,Route Runtime Sec,LP Runtime Sec,Total Runtime Sec,Planned Route Load Total,Planned Route Load Ratio,LP Backend,Score Metric,Score Value,Reason,lp_planning_scenarios_original,lp_planning_scenarios_used,lp_scenario_reduced,lp_original_total_demand_mean,lp_reduced_total_demand_mean,lp_original_total_demand_p90,lp_reduced_total_demand_p90,Objective Value Train,Optimized Load Total,mean_total_cost,p90_total_cost,cvar90_total_cost,mean_shortfall,p90_shortfall,stockout_rate,mean_surplus,mean_domain_loss,mean_load_penalty_loss,Primary Score,Primary Score Minimum,Primary Score Relative Gap
X-n106-k14,105,atm,ortools:nominal_seed101_or_tools,nominal_seed101_or_tools,ortools,True,True,True,14,27425.0,4.999421119689941,0.7844493389129639,5.783870458602905,7864.0,0.9361904761904762,pulp_cbc,mean_domain_loss,2748.2930429128896,,180,60,True,8678.48886970813,8708.388879095239,10372.84775102459,10379.445766360304,6405.605381442355,8399.999995999999,30173.293042912894,31897.26599766773,33014.588640671966,695.5387654866415,1198.8336561409112,0.3797142857142857,1183.8874840021133,2748.2930429128896,0.0,2748.2930429128896,2748.2930429128896,0.0
X-n106-k14,105,atm,ortools:nominal_seed103_or_tools,nominal_seed103_or_tools,ortools,True,True,True,14,27116.0,5.000891447067261,0.6819500923156738,5.682841539382935,7864.0,0.9361904761904762,pulp_cbc,mean_domain_loss,2759.4568837813003,,180,60,True,8678.48886970813,8708.388879095239,10372.84775102459,10379.445766360304,6411.576962968327,8400.000006000002,29875.456883781306,31651.356702281268,32659.372151671363,698.1668150090438,1202.8915089887942,0.381047619047619,1186.5155435245158,2759.4568837813003,0.0,2759.4568837813003,2748.2930429128896,0.004062099890402614
X-n106-k14,105,cargo,ortools:nominal_seed101_or_tools,nominal_seed101_or_tools,ortools,True,True,True,14,27425.0,4.999421119689941,0.7256789207458496,5.725100040435791,7864.0,0.9361904761904762,pulp_cbc,mean_domain_loss,2059.8620187528672,,180,60,True,8678.48886970813,8708.388879095239,10372.84775102459,10379.445766360304,5818.556281301745,8400.000001,29484.862018752865,30837.941343318787,31668.56657801956,694.2233660658711,1199.8059912198296,0.3771428571428571,1182.572089581343,2059.8620187528672,0.0,2059.8620187528672,2059.8620187528672,0.0
X-n106-k14,105,cold_chain,ortools:nominal_seed101_or_tools,nominal_seed101_or_tools,ortools,True,True,True,14,27425.0,4.999421119689941,0.7223830223083496,5.721804141998291,7864.0,0.9361904761904762,pulp_cbc,mean_domain_loss,2788.6221849769317,,180,60,True,8678.48886970813,8708.388879095239,10372.84775102459,10379.445766360304,7070.766932443664,8350.391932999999,31734.38763257724,32651.33021729003,33396.906885872595,700.0981077344026,1202.1821621107174,0.3755238095238095,1138.8387632498743,2788.6221849769317,1520.7654476003015,2788.6221849769317,2788.6221849769317,0.0
X-n106-k14,105,cold_chain,ortools:nominal_seed103_or_tools,nominal_seed103_or_tools,ortools,True,True,True,14,27116.0,5.000891447067261,0.6930432319641113,5.693934679031372,7864.0,0.9361904761904762,pulp_cbc,mean_domain_loss,2794.303286008658,,180,60,True,8678.48886970813,8708.388879095239,10372.84775102459,10379.445766360304,7072.828150362775,8342.390484,31428.285684172064,32434.0853854722,33061.79980832896,703.0433335503651,1204.9296586227122,0.3756190476190476,1133.7825400658369,2794.303286008658,1517.9823981634063,2794.303286008658,2788.6221849769317,0.0020372430020573137
X-n106-k14,105,grocery,ortools:nominal_seed101_or_tools,nominal_seed101_or_tools,ortools,True,True,True,14,27425.0,4.999421119689941,0.7244720458984375,5.723893165588379,7864.0,0.9361904761904762,pulp_cbc,mean_domain_loss,1890.1919422785213,,180,60,True,8678.48886970813,8708.388879095239,10372.84775102459,10379.445766360304,3095.6896988900376,8388.949703,29315.19194227852,30074.13884247028,30648.304332195687,696.2345330595385,1199.2830349602723,0.3783809523809524,1173.5329585750103,1890.1919422785213,0.0,1890.1919422785213,1890.1919422785213,0.0
X-n106-k14,105,grocery,ortools:nominal_seed103_or_tools,nominal_seed103_or_tools,ortools,True,True,True,14,27116.0,5.000891447067261,0.7150909900665283,5.715982437133789,7864.0,0.9361904761904762,pulp_cbc,mean_domain_loss,1893.2774253889093,,180,60,True,8678.48886970813,8708.388879095239,10372.84775102459,10379.445766360304,3095.7818063988275,8381.965509000001,29009.277425388907,29811.5224023786,30314.10982565296,699.0647035003313,1205.5899612862024,0.3791428571428571,1169.378935015803,1893.2774253889093,0.0,1893.2774253889093,1890.1919422785213,0.0016323649685378312
X-n110-k13,109,atm,ortools:proxy_mean_scaled_or_tools,proxy_mean_scaled_or_tools,ortools,True,True,True,13,16439.0,4.99757981300354,0.7238273620605469,5.721407175064087,853.7099999999999,0.995,pulp_cbc,mean_domain_loss,364.1820445717232,,180,60,True,922.107056749831,926.0446089731709,1096.1448904465033,1097.6485758926672,757.6819555241201,858.0000011,16803.182044571724,17178.498124894657,17531.427140292948,94.04854094138712,202.60999770081904,0.4193577981651376,107.57653379123366,364.1820445717232,0.0,364.1820445717232,364.1820445717232,0.0
X-n110-k13,109,atm,ortools:proxy_mean_scaled_seed109_or_tools,proxy_mean_scaled_seed109_or_tools,ortools,True,True,True,13,16162.0,5.0015599727630615,0.8712325096130371,5.872792482376099,853.7099999999999,0.995,pulp_cbc,mean_domain_loss,366.44428694709296,,180,60,True,922.107056749831,926.0446089731709,1096.1448904465033,1097.6485758926672,758.8925236955324,857.9999984999998,16528.444286947095,16898.900393438482,17256.222581262817,94.523797387928,201.678714256222,0.4194495412844036,108.05178763777448,366.44428694709296,0.0,366.44428694709296,364.1820445717232,0.006211844897598196
X-n110-k13,109,cargo,ortools:proxy_mean_scaled_or_tools,proxy_mean_scaled_or_tools,ortools,True,True,True,13,16439.0,4.99757981300354,0.8212237358093262,5.818803548812866,853.7099999999999,0.995,pulp_cbc,mean_domain_loss,274.38095278114463,,180,60,True,922.107056749831,926.0446089731709,1096.1448904465033,1097.6485758926672,684.8107296216272,857.9999993,16713.380952781143,16994.327094824934,17266.817021762592,94.5299652896207,203.42703445925744,0.4241284403669725,108.05795633946722,274.38095278114463,0.0,274.38095278114463,274.38095278114463,0.0
X-n110-k13,109,cargo,ortools:proxy_mean_scaled_seed109_or_tools,proxy_mean_scaled_seed109_or_tools,ortools,True,True,True,13,16162.0,5.0015599727630615,0.7127585411071777,5.714318513870239,853.7099999999999,0.995,pulp_cbc,mean_domain_loss,275.91521727990363,,180,60,True,922.107056749831,926.0446089731709,1096.1448904465033,1097.6485758926672,686.1034369139503,857.9999988000001,16437.915217279908,16715.09577089392,16991.58463717551,95.15654422091464,203.55701695053028,0.4230275229357798,108.68453477076116,275.91521727990363,0.0,275.91521727990363,274.38095278114463,0.005591731070278705
X-n110-k13,109,cold_chain,ortools:proxy_mean_scaled_or_tools,proxy_mean_scaled_or_tools,ortools,True,True,True,13,16439.0,4.99757981300354,0.8053743839263916,5.802954196929932,853.7099999999999,0.995,pulp_cbc,mean_domain_loss,340.68849751542524,,180,60,True,922.107056749831,926.0446089731709,1096.1448904465033,1097.6485758926672,797.633405042239,858.0000011,16941.109704982275,17154.105629773443,17407.801236644933,94.34325685393156,201.51886375905048,0.4180733944954128,107.87124970377806,340.68849751542524,161.4212074668497,340.68849751542524,340.68849751542524,0.0
X-n110-k13,109,cold_chain,ortools:proxy_mean_scaled_seed109_or_tools,proxy_mean_scaled_seed109_or_tools,ortools,True,True,True,13,16162.0,5.0015599727630615,0.8114402294158936,5.813000202178955,853.7099999999999,0.995,pulp_cbc,mean_domain_loss,341.97089077785085,,180,60,True,922.107056749831,926.0446089731709,1096.1448904465033,1097.6485758926672,795.5479727083874,858.0000007,16662.78664090444,16870.340826434232,17128.86796762567,94.8287851898901,200.17386199737527,0.4153211009174312,108.35677763973658,341.97089077785085,158.81575012659073,341.97089077785085,340.68849751542524,0.0037641225687918977
X-n110-k13,109,grocery,ortools:proxy_mean_scaled_or_tools,proxy_mean_scaled_or_tools,ortools,True,True,True,13,16439.0,4.99757981300354,0.714425802230835,5.712005615234375,853.7099999999999,0.995,pulp_cbc,mean_domain_loss,234.9093451197681,,180,60,True,922.107056749831,926.0446089731709,1096.1448904465033,1097.6485758926672,358.8240928507556,858.0000006,16673.90934511977,16848.55095941915,17039.479481751623,94.0175147468046,201.72546424081895,0.4166055045871559,107.5455070966511,234.9093451197681,0.0,234.9093451197681,234.9093451197681,0.0
X-n110-k13,109,grocery,ortools:proxy_mean_scaled_seed109_or_tools,proxy_mean_scaled_seed109_or_tools,ortools,True,True,True,13,16162.0,5.0015599727630615,0.7426130771636963,5.744173049926758,853.7099999999999,0.995,pulp_cbc,mean_domain_loss,236.12403870337192,,180,60,True,922.107056749831,926.0446089731709,1096.1448904465033,1097.6485758926672,359.4763356143396,858.0000019000001,16398.124038703372,16571.761074531347,16763.423864067965,94.51817303101936,201.6521864191385,0.4168807339449541,108.04616668086584,236.12403870337192,0.0,236.12403870337192,234.9093451197681,0.005170903622350669
X-n115-k10,114,atm,ortools:nominal_seed101_or_tools,nominal_seed101_or_tools,ortools,True,True,True,10,13293.0,4.9994518756866455,0.7465560436248779,5.746007919311523,1535.0,0.908284023668639,pulp_cbc,mean_domain_loss,777.6402806709661,,180,60,True,1696.498515200886,1698.9645533588098,2024.6258510269995,2026.4340508376151,1371.6381350782935,1690.00000773,14070.640280670968,14828.350866665962,15391.205601509952,188.6269351328029,386.2844916160241,0.3783333333333333,281.4311012001081,777.6402806709661,0.0,777.6402806709661,777.6402806709661,0.0
X-n115-k10,114,cargo,ortools:nominal_seed101_or_tools,nominal_seed101_or_tools,ortools,True,True,True,10,13293.0,4.9994518756866455,0.803525447845459,5.8029773235321045,1535.0,0.908284023668639,pulp_cbc,mean_domain_loss,582.5397757824704,,180,60,True,1696.498515200886,1698.9645533588098,2024.6258510269995,2026.4340508376151,1232.3173644133717,1690.00000283,13875.539775782468,14460.132819448823,14876.085129864829,191.0321699370128,393.4708423442263,0.3854385964912281,283.8363311043181,582.5397757824704,0.0,582.5397757824704,582.5397757824704,0.0
X-n115-k10,114,cold_chain,ortools:nominal_seed101_or_tools,nominal_seed101_or_tools,ortools,True,True,True,10,13293.0,4.9994518756866455,0.7695567607879639,5.769008636474609,1535.0,0.908284023668639,pulp_cbc,mean_domain_loss,776.700882791405,,180,60,True,1696.498515200886,1698.9645533588098,2024.6258510269995,2026.4340508376151,1544.0816886347604,1689.9999948,14367.127331402244,14857.105419456697,15202.603524700728,188.50592564993528,383.3430804954208,0.3597368421052631,281.31007878724057,776.700882791405,297.4264486108382,776.700882791405,776.700882791405,0.0
X-n115-k10,114,grocery,ortools:nominal_seed101_or_tools,nominal_seed101_or_tools,ortools,True,True,True,10,13293.0,4.9994518756866455,0.7105214595794678,5.709973335266113,1535.0,0.908284023668639,pulp_cbc,mean_domain_loss,522.2532530989699,,180,60,True,1696.498515200886,1698.9645533588098,2024.6258510269995,2026.4340508376151,683.8615511221763,1690.000009,13815.253253098974,14187.881287788585,14471.802398507129,188.68328626172715,386.3518170133175,0.3707894736842105,281.4874535990324,522.2532530989699,0.0,522.2532530989699,522.2532530989699,0.0
X-n115-k10,114,grocery,ortools:nominal_or_tools,nominal_or_tools,ortools,True,True,True,10,13298.0,5.002923011779785,0.8443522453308105,5.847275257110596,1535.0,0.908284023668639,pulp_cbc,mean_domain_loss,526.5178485025136,,180,60,True,1696.498515200886,1698.9645533588098,2024.6258510269995,2026.4340508376151,693.7872186405539,1690.00000617,13824.517848502512,14184.57717673431,14474.932080773462,190.77948115244527,386.62969254078337,0.3899122807017544,283.5836456597506,526.5178485025136,0.0,526.5178485025136,522.2532530989699,0.008165761301127845
X-n120-k6,119,atm,ortools:nominal_seed101_or_tools,nominal_seed101_or_tools,ortools,True,True,True,6,14404.0,4.996934413909912,1.0270013809204102,6.023935794830322,119.0,0.9444444444444444,pulp_cbc,mean_domain_loss,50.18015681760088,,180,60,True,133.52122460451002,133.78447753711538,155.4085028189589,155.70208638891222,105.61851985273104,125.99999993,14454.1801568176,14492.996443293772,14520.840236416534,13.026570547010255,24.22606299875746,0.4307563025210084,17.27124245079859,50.18015681760088,0.0,50.18015681760088,50.18015681760088,0.0
X-n120-k6,119,atm,ortools:nominal_seed103_or_tools,nominal_seed103_or_tools,ortools,True,True,True,6,14579.0,5.001913070678711,0.984865665435791,5.986778736114502,119.0,0.9444444444444444,pulp_cbc,mean_domain_loss,50.41707045423357,,180,60,True,133.52122460451002,133.78447753711538,155.4085028189589,155.70208638891222,105.72839892828598,126.00000028,14629.41707045423,14668.163498209413,14696.928938004245,13.069035467916668,24.19857464171844,0.43,17.313707721705,50.41707045423357,0.0,50.41707045423357,50.18015681760088,0.0047212613841331645
X-n120-k6,119,atm,ortools:robust_mean_1std_scaled_or_tools,robust_mean_1std_scaled_or_tools,ortools,True,True,True,6,14052.0,4.9991865158081055,1.068657159805298,6.067843675613403,125.37000000000002,0.995,pulp_cbc,mean_domain_loss,50.44082719963188,,180,60,True,133.52122460451002,133.78447753711538,155.4085028189589,155.70208638891222,105.6060933462234,125.99999999,14102.440827199633,14143.044982462054,14169.150155773616,13.07191078916863,24.738836496554576,0.4291596638655462,17.31658275295696,50.44082719963188,0.0,50.44082719963188,50.18015681760088,0.005194690462576844
X-n120-k6,119,atm,ortools:robust_mean_2std_scaled_or_tools,robust_mean_2std_scaled_or_tools,ortools,True,True,True,6,14052.0,5.001163721084595,1.0609886646270752,6.06215238571167,125.36999999999998,0.9949999999999998,pulp_cbc,mean_domain_loss,50.44082719963188,,180,60,True,133.52122460451002,133.78447753711538,155.4085028189589,155.70208638891222,105.6060933462234,125.99999999,14102.440827199633,14143.044982462054,14169.150155773616,13.07191078916863,24.738836496554576,0.4291596638655462,17.31658275295696,50.44082719963188,0.0,50.44082719963188,50.18015681760088,0.005194690462576844
X-n120-k6,119,atm,ortools:quantile_p75_scaled_seed107_or_tools,quantile_p75_scaled_seed107_or_tools,ortools,True,True,True,6,14111.0,4.996662139892578,1.0847623348236084,6.0814244747161865,125.36999999999998,0.9949999999999998,pulp_cbc,mean_domain_loss,50.44428961899985,,180,60,True,133.52122460451002,133.78447753711538,155.4085028189589,155.70208638891222,105.77066378982292,125.99999976,14161.444289618998,14202.085659178236,14229.003441846977,13.070916743307226,24.812917985251087,0.4286554621848739,17.31558847709556,50.44428961899985,0.0,50.44428961899985,50.18015681760088,0.005263690234350294
X-n120-k6,119,atm,ortools:nominal_or_tools,nominal_or_tools,ortools,True,True,True,6,14219.0,4.997507810592651,0.9653053283691406,5.962813138961792,119.0,0.9444444444444444,pulp_cbc,mean_domain_loss,50.48507407722796,,180,60,True,133.52122460451002,133.78447753711538,155.4085028189589,155.70208638891222,105.60723402381196,126.00000002000002,14269.485074077224,14309.836949178847,14336.125553094407,13.078305344229143,24.70451331846113,0.4284873949579832,17.32297733801748,50.48507407722796,0.0,50.48507407722796,50.18015681760088,0.0060764509113714876
X-n120-k6,119,atm,ortools:proxy_mean_or_tools,proxy_mean_or_tools,ortools,True,True,True,6,14219.0,5.002407789230347,0.9235682487487792,5.925976037979126,133.52122460451005,1.0596922587659527,pulp_cbc,mean_domain_loss,50.48507407722796,,180,60,True,133.52122460451002,133.78447753711538,155.4085028189589,155.70208638891222,105.60723402381196,126.00000002000002,14269.485074077224,14309.836949178847,14336.125553094407,13.078305344229143,24.70451331846113,0.4284873949579832,17.32297733801748,50.48507407722796,0.0,50.48507407722796,50.18015681760088,0.0060764509113714876
X-n120-k6,119,atm,ortools:proxy_mean_scaled_or_tools,proxy_mean_scaled_or_tools,ortools,True,True,True,6,14219.0,5.00138521194458,1.1101279258728027,6.111513137817383,125.37000000000002,0.995,pulp_cbc,mean_domain_loss,50.48507407722796,,180,60,True,133.52122460451002,133.78447753711538,155.4085028189589,155.70208638891222,105.60723402381196,126.00000002000002,14269.485074077224,14309.836949178847,14336.125553094407,13.078305344229143,24.70451331846113,0.4284873949579832,17.32297733801748,50.48507407722796,0.0,50.48507407722796,50.18015681760088,0.0060764509113714876
X-n120-k6,119,atm,ortools:quantile_p75_or_tools,quantile_p75_or_tools,ortools,True,True,True,6,14219.0,5.000904083251953,1.044589281082153,6.045493364334106,154.0527270492996,1.222640690867457,pulp_cbc,mean_domain_loss,50.48507407722796,,180,60,True,133.52122460451002,133.78447753711538,155.4085028189589,155.70208638891222,105.60723402381196,126.00000002000002,14269.485074077224,14309.836949178847,14336.125553094407,13.078305344229143,24.70451331846113,0.4284873949579832,17.32297733801748,50.48507407722796,0.0,50.48507407722796,50.18015681760088,0.0060764509113714876
X-n120-k6,119,atm,ortools:quantile_p75_scaled_or_tools,quantile_p75_scaled_or_tools,ortools,True,True,True,6,14219.0,4.99603009223938,1.1625323295593262,6.158562421798706,125.36999999999998,0.9949999999999998,pulp_cbc,mean_domain_loss,50.48507407722796,,180,60,True,133.52122460451002,133.78447753711538,155.4085028189589,155.70208638891222,105.60723402381196,126.00000002000002,14269.485074077224,14309.836949178847,14336.125553094407,13.078305344229143,24.70451331846113,0.4284873949579832,17.32297733801748,50.48507407722796,0.0,50.48507407722796,50.18015681760088,0.0060764509113714876
X-n120-k6,119,atm,ortools:quantile_p90_scaled_or_tools,quantile_p90_scaled_or_tools,ortools,True,True,True,6,14219.0,5.011655330657959,1.117762327194214,6.129417657852173,125.37,0.995,pulp_cbc,mean_domain_loss,50.48507407722796,,180,60,True,133.52122460451002,133.78447753711538,155.4085028189589,155.70208638891222,105.60723402381196,126.00000002000002,14269.485074077224,14309.836949178847,14336.125553094407,13.078305344229143,24.70451331846113,0.4284873949579832,17.32297733801748,50.48507407722796,0.0,50.48507407722796,50.18015681760088,0.0060764509113714876
X-n120-k6,119,atm,ortools:proxy_mean_scaled_seed109_or_tools,proxy_mean_scaled_seed109_or_tools,ortools,True,True,True,6,14703.0,5.002030849456787,0.9348034858703612,5.936834335327148,125.37000000000002,0.995,pulp_cbc,mean_domain_loss,50.59413891321051,,180,60,True,133.52122460451002,133.78447753711538,155.4085028189589,155.70208638891222,105.41442957857056,125.99999999,14753.594138913211,14792.307256749027,14820.444801638809,13.102987139461456,24.252384860120824,0.429327731092437,17.34765910324979,50.59413891321051,0.0,50.59413891321051,50.18015681760088,0.00824991633873133
X-n120-k6,119,cargo,ortools:nominal_seed101_or_tools,nominal_seed101_or_tools,ortools,True,True,True,6,14404.0,4.996934413909912,1.1463639736175537,6.143298387527466,119.0,0.9444444444444444,pulp_cbc,mean_domain_loss,38.39383626884781,,180,60,True,133.52122460451002,133.78447753711538,155.4085028189589,155.70208638891222,96.05719618921049,126.00000009,14442.393836268846,14472.654360725624,14494.043016835014,13.174552967930987,24.50665017117956,0.4349579831932773,17.419225031719325,38.39383626884781,0.0,38.39383626884781,38.39383626884781,0.0
X-n120-k6,119,cargo,ortools:nominal_seed103_or_tools,nominal_seed103_or_tools,ortools,True,True,True,6,14579.0,5.001913070678711,1.065394401550293,6.067307472229004,119.0,0.9444444444444444,pulp_cbc,mean_domain_loss,38.6058316479046,,180,60,True,133.52122460451002,133.78447753711538,155.4085028189589,155.70208638891222,96.19407632680804,125.99999997000002,14617.605831647905,14648.516124188092,14669.726094676556,13.195393384789492,24.38295739953347,0.433109243697479,17.440065328577827,38.6058316479046,0.0,38.6058316479046,38.39383626884781,0.005521599289331884
X-n120-k6,119,cargo,ortools:quantile_p75_scaled_seed107_or_tools,quantile_p75_scaled_seed107_or_tools,ortools,True,True,True,6,14111.0,4.996662139892578,0.9857354164123536,5.982397556304932,125.36999999999998,0.9949999999999998,pulp_cbc,mean_domain_loss,38.61458376222157,,180,60,True,133.52122460451002,133.78447753711538,155.4085028189589,155.70208638891222,96.21900453224328,125.99999996,14149.61458376222,14181.740450128023,14201.805555127416,13.22134545332114,24.98277857305978,0.4338655462184874,17.466017387109478,38.61458376222157,0.0,38.61458376222157,38.39383626884781,0.005749555523131601
X-n120-k6,119,cargo,ortools:robust_mean_1std_scaled_or_tools,robust_mean_1std_scaled_or_tools,ortools,True,True,True,6,14052.0,4.9991865158081055,1.1110012531280518,6.110187768936157,125.37000000000002,0.995,pulp_cbc,mean_domain_loss,38.62856113326309,,180,60,True,133.52122460451002,133.78447753711538,155.4085028189589,155.70208638891222,96.16531555414775,125.99999972999998,14090.628561133262,14121.770405652744,14142.175377451564,13.19317450436805,24.796427599611764,0.4294957983193277,17.437846208156387,38.62856113326309,0.0,38.62856113326309,38.39383626884781,0.006113607996128703
X-n120-k6,119,cargo,ortools:robust_mean_2std_scaled_or_tools,robust_mean_2std_scaled_or_tools,ortools,True,True,True,6,14052.0,5.001163721084595,1.0329821109771729,6.034145832061768,125.36999999999998,0.9949999999999998,pulp_cbc,mean_domain_loss,38.62856113326309,,180,60,True,133.52122460451002,133.78447753711538,155.4085028189589,155.70208638891222,96.16531555414775,125.99999972999998,14090.628561133262,14121.770405652744,14142.175377451564,13.19317450436805,24.796427599611764,0.4294957983193277,17.437846208156387,38.62856113326309,0.0,38.62856113326309,38.39383626884781,0.006113607996128703
X-n120-k6,119,cargo,ortools:nominal_or_tools,nominal_or_tools,ortools,True,True,True,6,14219.0,4.997507810592651,1.020371675491333,6.017879486083984,119.0,0.9444444444444444,pulp_cbc,mean_domain_loss,38.65317471644423,,180,60,True,133.52122460451002,133.78447753711538,155.4085028189589,155.70208638891222,96.16087815330567,125.99999970000002,14257.653174716446,14289.04169860365,14309.212696583898,13.202548628240276,24.801524802450107,0.4280672268907563,17.44722030202861,38.65317471644423,0.0,38.65317471644423,38.39383626884781,0.006754689627273412
X-n120-k6,119,cargo,ortools:proxy_mean_or_tools,proxy_mean_or_tools,ortools,True,True,True,6,14219.0,5.002407789230347,0.9790334701538086,5.981441259384155,133.52122460451005,1.0596922587659527,pulp_cbc,mean_domain_loss,38.65317471644423,,180,60,True,133.52122460451002,133.78447753711538,155.4085028189589,155.70208638891222,96.16087815330567,125.99999970000002,14257.653174716446,14289.04169860365,14309.212696583898,13.202548628240276,24.801524802450107,0.4280672268907563,17.44722030202861,38.65317471644423,0.0,38.65317471644423,38.39383626884781,0.006754689627273412
X-n120-k6,119,cargo,ortools:proxy_mean_scaled_or_tools,proxy_mean_scaled_or_tools,ortools,True,True,True,6,14219.0,5.00138521194458,1.060542345046997,6.061927556991577,125.37000000000002,0.995,pulp_cbc,mean_domain_loss,38.65317471644423,,180,60,True,133.52122460451002,133.78447753711538,155.4085028189589,155.70208638891222,96.16087815330567,125.99999970000002,14257.653174716446,14289.04169860365,14309.212696583898,13.202548628240276,24.801524802450107,0.4280672268907563,17.44722030202861,38.65317471644423,0.0,38.65317471644423,38.39383626884781,0.006754689627273412
X-n120-k6,119,cargo,ortools:quantile_p75_or_tools,quantile_p75_or_tools,ortools,True,True,True,6,14219.0,5.000904083251953,1.1201963424682615,6.121100425720215,154.0527270492996,1.222640690867457,pulp_cbc,mean_domain_loss,38.65317471644423,,180,60,True,133.52122460451002,133.78447753711538,155.4085028189589,155.70208638891222,96.16087815330567,125.99999970000002,14257.653174716446,14289.04169860365,14309.212696583898,13.202548628240276,24.801524802450107,0.4280672268907563,17.44722030202861,38.65317471644423,0.0,38.65317471644423,38.39383626884781,0.006754689627273412
X-n120-k6,119,cargo,ortools:quantile_p75_scaled_or_tools,quantile_p75_scaled_or_tools,ortools,True,True,True,6,14219.0,4.99603009223938,1.189134120941162,6.185164213180542,125.36999999999998,0.9949999999999998,pulp_cbc,mean_domain_loss,38.65317471644423,,180,60,True,133.52122460451002,133.78447753711538,155.4085028189589,155.70208638891222,96.16087815330567,125.99999970000002,14257.653174716446,14289.04169860365,14309.212696583898,13.202548628240276,24.801524802450107,0.4280672268907563,17.44722030202861,38.65317471644423,0.0,38.65317471644423,38.39383626884781,0.006754689627273412
X-n120-k6,119,cargo,ortools:quantile_p90_scaled_or_tools,quantile_p90_scaled_or_tools,ortools,True,True,True,6,14219.0,5.011655330657959,1.0819907188415527,6.093646049499512,125.37,0.995,pulp_cbc,mean_domain_loss,38.65317471644423,,180,60,True,133.52122460451002,133.78447753711538,155.4085028189589,155.70208638891222,96.16087815330567,125.99999970000002,14257.653174716446,14289.04169860365,14309.212696583898,13.202548628240276,24.801524802450107,0.4280672268907563,17.44722030202861,38.65317471644423,0.0,38.65317471644423,38.39383626884781,0.006754689627273412
X-n120-k6,119,cargo,ortools:proxy_mean_scaled_seed109_or_tools,proxy_mean_scaled_seed109_or_tools,ortools,True,True,True,6,14703.0,5.002030849456787,1.0324866771697998,6.034517526626587,125.37000000000002,0.995,pulp_cbc,mean_domain_loss,38.69076578884435,,180,60,True,133.52122460451002,133.78447753711538,155.4085028189589,155.70208638891222,95.91603260877297,125.99999984,14741.690765788844,14771.967897547547,14793.35627922993,13.2383456897516,24.320683573962715,0.4326890756302521,17.483017503539937,38.69076578884435,0.0,38.69076578884435,38.39383626884781,0.007733780962062133
X-n120-k6,119,cold_chain,ortools:nominal_seed101_or_tools,nominal_seed101_or_tools,ortools,True,True,True,6,14404.0,4.996934413909912,1.0066215991973877,6.0035560131073,119.0,0.9444444444444444,pulp_cbc,mean_domain_loss,46.84196804803088,,180,60,True,133.52122460451002,133.78447753711538,155.4085028189589,155.70208638891222,111.2530195537686,123.98894292000004,14473.023733007642,14496.162463096032,14515.41366308164,13.187466250695168,24.4129656595649,0.4350420168067226,15.421081144483503,46.84196804803088,22.18176495961129,46.84196804803088,46.84196804803088,0.0
X-n120-k6,119,cold_chain,ortools:quantile_p75_scaled_seed107_or_tools,quantile_p75_scaled_seed107_or_tools,ortools,True,True,True,6,14111.0,4.996662139892578,1.0126457214355469,6.009307861328125,125.36999999999998,0.9949999999999998,pulp_cbc,mean_domain_loss,46.917675743061565,,180,60,True,133.52122460451002,133.78447753711538,155.4085028189589,155.70208638891222,111.0443267287984,124.13313019000002,14179.893770180528,14203.95705485783,14222.604303417747,13.179871449560364,25.014657316809565,0.4319327731092437,15.5576736133487,46.917675743061565,21.976094437466504,46.917675743061565,46.84196804803088,0.00161623642612662
X-n120-k6,119,cold_chain,ortools:nominal_or_tools,nominal_or_tools,ortools,True,True,True,6,14219.0,4.997507810592651,1.010460615158081,6.007968425750732,119.0,0.9444444444444444,pulp_cbc,mean_domain_loss,47.00494485641273,,180,60,True,133.52122460451002,133.78447753711538,155.4085028189589,155.70208638891222,111.00399592439034,123.96886357000002,14288.064427958892,14312.167909705826,14330.405143650363,13.23090223937023,24.69426546086963,0.4308403361344537,15.44443778315857,47.00494485641273,22.059483102481465,47.00494485641273,46.84196804803088,0.003479290370864342
X-n120-k6,119,cold_chain,ortools:proxy_mean_or_tools,proxy_mean_or_tools,ortools,True,True,True,6,14219.0,5.002407789230347,1.0622365474700928,6.06464433670044,133.52122460451005,1.0596922587659527,pulp_cbc,mean_domain_loss,47.00494485641273,,180,60,True,133.52122460451002,133.78447753711538,155.4085028189589,155.70208638891222,111.00399592439034,123.96886357000002,14288.064427958892,14312.167909705826,14330.405143650363,13.23090223937023,24.69426546086963,0.4308403361344537,15.44443778315857,47.00494485641273,22.059483102481465,47.00494485641273,46.84196804803088,0.003479290370864342
X-n120-k6,119,cold_chain,ortools:proxy_mean_scaled_or_tools,proxy_mean_scaled_or_tools,ortools,True,True,True,6,14219.0,5.00138521194458,1.0911214351654053,6.092506647109985,125.37000000000002,0.995,pulp_cbc,mean_domain_loss,47.00494485641273,,180,60,True,133.52122460451002,133.78447753711538,155.4085028189589,155.70208638891222,111.00399592439034,123.96886357000002,14288.064427958892,14312.167909705826,14330.405143650363,13.23090223937023,24.69426546086963,0.4308403361344537,15.44443778315857,47.00494485641273,22.059483102481465,47.00494485641273,46.84196804803088,0.003479290370864342
X-n120-k6,119,cold_chain,ortools:quantile_p75_or_tools,quantile_p75_or_tools,ortools,True,True,True,6,14219.0,5.000904083251953,1.0106046199798584,6.011508703231812,154.0527270492996,1.222640690867457,pulp_cbc,mean_domain_loss,47.00494485641273,,180,60,True,133.52122460451002,133.78447753711538,155.4085028189589,155.70208638891222,111.00399592439034,123.96886357000002,14288.064427958892,14312.167909705826,14330.405143650363,13.23090223937023,24.69426546086963,0.4308403361344537,15.44443778315857,47.00494485641273,22.059483102481465,47.00494485641273,46.84196804803088,0.003479290370864342
X-n120-k6,119,cold_chain,ortools:quantile_p75_scaled_or_tools,quantile_p75_scaled_or_tools,ortools,True,True,True,6,14219.0,4.99603009223938,1.1103644371032717,6.106394529342651,125.36999999999998,0.9949999999999998,pulp_cbc,mean_domain_loss,47.00494485641273,,180,60,True,133.52122460451002,133.78447753711538,155.4085028189589,155.70208638891222,111.00399592439034,123.96886357000002,14288.064427958892,14312.167909705826,14330.405143650363,13.23090223937023,24.69426546086963,0.4308403361344537,15.44443778315857,47.00494485641273,22.059483102481465,47.00494485641273,46.84196804803088,0.003479290370864342
X-n120-k6,119,cold_chain,ortools:quantile_p90_scaled_or_tools,quantile_p90_scaled_or_tools,ortools,True,True,True,6,14219.0,5.011655330657959,1.0414855480194092,6.053140878677368,125.37,0.995,pulp_cbc,mean_domain_loss,47.00494485641273,,180,60,True,133.52122460451002,133.78447753711538,155.4085028189589,155.70208638891222,111.00399592439034,123.96886357000002,14288.064427958892,14312.167909705826,14330.405143650363,13.23090223937023,24.69426546086963,0.4308403361344537,15.44443778315857,47.00494485641273,22.059483102481465,47.00494485641273,46.84196804803088,0.003479290370864342
X-n120-k6,119,cold_chain,ortools:robust_mean_1std_scaled_or_tools,robust_mean_1std_scaled_or_tools,ortools,True,True,True,6,14052.0,4.9991865158081055,1.0621187686920166,6.061305284500122,125.37000000000002,0.995,pulp_cbc,mean_domain_loss,47.01053805268677,,180,60,True,133.52122460451002,133.78447753711538,155.4085028189589,155.70208638891222,110.90552178710324,123.97941279000004,14120.988893839678,14145.25866342326,14163.31345043104,13.247279275539883,24.763310989424863,0.4319327731092437,15.471364039328217,47.01053805268677,21.97835578698798,47.01053805268677,46.84196804803088,0.003598696034356245
X-n120-k6,119,cold_chain,ortools:robust_mean_2std_scaled_or_tools,robust_mean_2std_scaled_or_tools,ortools,True,True,True,6,14052.0,5.001163721084595,1.171471357345581,6.172635078430176,125.36999999999998,0.9949999999999998,pulp_cbc,mean_domain_loss,47.01053805268677,,180,60,True,133.52122460451002,133.78447753711538,155.4085028189589,155.70208638891222,110.90552178710324,123.97941279000004,14120.988893839678,14145.25866342326,14163.31345043104,13.247279275539883,24.763310989424863,0.4319327731092437,15.471364039328217,47.01053805268677,21.97835578698798,47.01053805268677,46.84196804803088,0.003598696034356245
X-n120-k6,119,cold_chain,ortools:nominal_seed103_or_tools,nominal_seed103_or_tools,ortools,True,True,True,6,14579.0,5.001913070678711,1.0623161792755127,6.064229249954224,119.0,0.9444444444444444,pulp_cbc,mean_domain_loss,47.01814266108384,,180,60,True,133.52122460451002,133.78447753711538,155.4085028189589,155.70208638891222,111.11795590935004,123.91899432,14648.043571987204,14670.692008912543,14691.252603948617,13.251866924037463,24.365892616756916,0.4346218487394958,15.415533217825798,47.01814266108384,22.025429326120022,47.01814266108384,46.84196804803088,0.003761042082440223
X-n120-k6,119,cold_chain,ortools:robust_mean_1std_scaled_seed113_or_tools,robust_mean_1std_scaled_seed113_or_tools,ortools,True,True,True,6,14278.0,5.013936519622803,0.9600026607513428,5.9739391803741455,125.37000000000002,0.995,pulp_cbc,mean_domain_loss,47.20503772789293,,180,60,True,133.52122460451002,133.78447753711538,155.4085028189589,155.70208638891222,111.06945241736013,124.17196491,14347.291112736491,14370.70594913782,14389.976784101022,13.250473359935572,24.7067399178516,0.4325210084033613,15.66711024372391,47.20503772789293,22.08607500859777,47.20503772789293,46.84196804803088,0.007750948454807997
X-n120-k6,119,cold_chain,ortools:proxy_mean_scaled_seed109_or_tools,proxy_mean_scaled_seed109_or_tools,ortools,True,True,True,6,14703.0,5.002030849456787,1.0850417613983154,6.087072610855103,125.37000000000002,0.995,pulp_cbc,mean_domain_loss,47.22261171244136,,180,60,True,133.52122460451002,133.78447753711538,155.4085028189589,155.70208638891222,111.10565969864308,124.19020026,14772.37796395144,14794.786952591156,14814.851835583191,13.229190089416722,24.226931945509453,0.4300840336134454,15.664062323205057,47.22261171244136,22.155352239001687,47.22261171244136,46.84196804803088,0.008126124504849582
X-n120-k6,119,grocery,ortools:nominal_seed101_or_tools,nominal_seed101_or_tools,ortools,True,True,True,6,14404.0,4.996934413909912,1.1323058605194092,6.129240274429321,119.0,0.9444444444444444,pulp_cbc,mean_domain_loss,32.559513820423966,,180,60,True,133.52122460451002,133.78447753711538,155.4085028189589,155.70208638891222,50.93720576685841,124.73241838999998,14436.55951382042,14454.654028904546,14469.678984814524,13.069735748212755,24.29971152144355,0.4336974789915966,16.046826112001092,32.559513820423966,0.0,32.559513820423966,32.559513820423966,0.0
X-n120-k6,119,grocery,ortools:quantile_p75_scaled_seed107_or_tools,quantile_p75_scaled_seed107_or_tools,ortools,True,True,True,6,14111.0,4.996662139892578,1.016110897064209,6.012773036956787,125.36999999999998,0.9949999999999998,pulp_cbc,mean_domain_loss,32.58657903389567,,180,60,True,133.52122460451002,133.78447753711538,155.4085028189589,155.70208638891222,50.97583605920819,124.39527102999998,14143.586579033896,14162.843603305568,14177.264865158668,13.123142068879076,24.893995733414982,0.4305042016806722,15.763085072667414,32.58657903389567,0.0,32.58657903389567,32.559513820423966,0.0008312536121077951
X-n120-k6,119,grocery,ortools:nominal_seed103_or_tools,nominal_seed103_or_tools,ortools,True,True,True,6,14579.0,5.001913070678711,1.0207812786102295,6.02269434928894,119.0,0.9444444444444444,pulp_cbc,mean_domain_loss,32.623431124141455,,180,60,True,133.52122460451002,133.78447753711538,155.4085028189589,155.70208638891222,50.96930606029763,124.49388691,14611.623431124142,14629.78238482446,14645.248759227205,13.119362975748174,24.19869779232333,0.434453781512605,15.857921859536509,32.623431124141455,0.0,32.623431124141455,32.559513820423966,0.0019630914659848017
X-n120-k6,119,grocery,ortools:robust_mean_1std_scaled_or_tools,robust_mean_1std_scaled_or_tools,ortools,True,True,True,6,14052.0,4.9991865158081055,0.9967572689056396,5.995943784713745,125.37000000000002,0.995,pulp_cbc,mean_domain_loss,32.62369873245793,,180,60,True,133.52122460451002,133.78447753711538,155.4085028189589,155.70208638891222,50.86637383689899,124.38679033,14084.623698732456,14103.985213340233,14117.849941031138,13.137770869151169,24.72285827962889,0.4321008403361344,15.769233172939504,32.62369873245793,0.0,32.62369873245793,32.559513820423966,0.00197131051734881
X-n120-k6,119,grocery,ortools:robust_mean_2std_scaled_or_tools,robust_mean_2std_scaled_or_tools,ortools,True,True,True,6,14052.0,5.001163721084595,1.0886425971984863,6.089806318283081,125.36999999999998,0.9949999999999998,pulp_cbc,mean_domain_loss,32.62369873245793,,180,60,True,133.52122460451002,133.78447753711538,155.4085028189589,155.70208638891222,50.86637383689899,124.38679033,14084.623698732456,14103.985213340233,14117.849941031138,13.137770869151169,24.72285827962889,0.4321008403361344,15.769233172939504,32.62369873245793,0.0,32.62369873245793,32.559513820423966,0.00197131051734881
X-n120-k6,119,grocery,ortools:nominal_or_tools,nominal_or_tools,ortools,True,True,True,6,14219.0,4.997507810592651,1.012645959854126,6.010153770446777,119.0,0.9444444444444444,pulp_cbc,mean_domain_loss,32.649270413492005,,180,60,True,133.52122460451002,133.78447753711538,155.4085028189589,155.70208638891222,50.865395551376544,124.38679039,14251.649270413487,14270.900579937832,14284.913027954264,13.147725682589083,24.682564386615763,0.4312605042016806,15.77918804637742,32.649270413492005,0.0,32.649270413492005,32.559513820423966,0.002756693283661257
X-n120-k6,119,grocery,ortools:proxy_mean_or_tools,proxy_mean_or_tools,ortools,True,True,True,6,14219.0,5.002407789230347,1.1327965259552002,6.135204315185547,133.52122460451005,1.0596922587659527,pulp_cbc,mean_domain_loss,32.649270413492005,,180,60,True,133.52122460451002,133.78447753711538,155.4085028189589,155.70208638891222,50.865395551376544,124.38679039,14251.649270413487,14270.900579937832,14284.913027954264,13.147725682589083,24.682564386615763,0.4312605042016806,15.77918804637742,32.649270413492005,0.0,32.649270413492005,32.559513820423966,0.002756693283661257
X-n120-k6,119,grocery,ortools:proxy_mean_scaled_or_tools,proxy_mean_scaled_or_tools,ortools,True,True,True,6,14219.0,5.00138521194458,1.083998203277588,6.085383415222168,125.37000000000002,0.995,pulp_cbc,mean_domain_loss,32.649270413492005,,180,60,True,133.52122460451002,133.78447753711538,155.4085028189589,155.70208638891222,50.865395551376544,124.38679039,14251.649270413487,14270.900579937832,14284.913027954264,13.147725682589083,24.682564386615763,0.4312605042016806,15.77918804637742,32.649270413492005,0.0,32.649270413492005,32.559513820423966,0.002756693283661257
X-n120-k6,119,grocery,ortools:quantile_p75_or_tools,quantile_p75_or_tools,ortools,True,True,True,6,14219.0,5.000904083251953,1.0677893161773682,6.068693399429321,154.0527270492996,1.222640690867457,pulp_cbc,mean_domain_loss,32.649270413492005,,180,60,True,133.52122460451002,133.78447753711538,155.4085028189589,155.70208638891222,50.865395551376544,124.38679039,14251.649270413487,14270.900579937832,14284.913027954264,13.147725682589083,24.682564386615763,0.4312605042016806,15.77918804637742,32.649270413492005,0.0,32.649270413492005,32.559513820423966,0.002756693283661257
X-n120-k6,119,grocery,ortools:quantile_p75_scaled_or_tools,quantile_p75_scaled_or_tools,ortools,True,True,True,6,14219.0,4.99603009223938,1.086510181427002,6.082540273666382,125.36999999999998,0.9949999999999998,pulp_cbc,mean_domain_loss,32.649270413492005,,180,60,True,133.52122460451002,133.78447753711538,155.4085028189589,155.70208638891222,50.865395551376544,124.38679039,14251.649270413487,14270.900579937832,14284.913027954264,13.147725682589083,24.682564386615763,0.4312605042016806,15.77918804637742,32.649270413492005,0.0,32.649270413492005,32.559513820423966,0.002756693283661257
X-n120-k6,119,grocery,ortools:quantile_p90_scaled_or_tools,quantile_p90_scaled_or_tools,ortools,True,True,True,6,14219.0,5.011655330657959,1.1235084533691406,6.1351637840271,125.37,0.995,pulp_cbc,mean_domain_loss,32.649270413492005,,180,60,True,133.52122460451002,133.78447753711538,155.4085028189589,155.70208638891222,50.865395551376544,124.38679039,14251.649270413487,14270.900579937832,14284.913027954264,13.147725682589083,24.682564386615763,0.4312605042016806,15.77918804637742,32.649270413492005,0.0,32.649270413492005,32.559513820423966,0.002756693283661257
X-n120-k6,119,grocery,ortools:proxy_mean_scaled_seed109_or_tools,proxy_mean_scaled_seed109_or_tools,ortools,True,True,True,6,14703.0,5.002030849456787,1.0215229988098145,6.023553848266602,125.37000000000002,0.995,pulp_cbc,mean_domain_loss,32.75581488617996,,180,60,True,133.52122460451002,133.78447753711538,155.4085028189589,155.70208638891222,50.867439557596505,124.68491582,14735.75581488618,14754.110779916984,14769.01746392284,13.14101814570829,24.296172780019845,0.4316806722689075,16.070605939496627,32.75581488617996,0.0,32.75581488617996,32.559513820423966,0.006028992534675389
X-n120-k6,119,grocery,ortools:robust_mean_1std_scaled_seed113_or_tools,robust_mean_1std_scaled_seed113_or_tools,ortools,True,True,True,6,14278.0,5.013936519622803,0.9589624404907228,5.972898960113525,125.37000000000002,0.995,pulp_cbc,mean_domain_loss,32.84865683790065,,180,60,True,133.52122460451002,133.78447753711538,155.4085028189589,155.70208638891222,50.94797612072424,124.51039606,14310.8486568379,14329.585973468798,14344.38540021155,13.206404664033336,24.52222877514898,0.432016806722689,15.961472697821671,32.84865683790065,0.0,32.84865683790065,32.559513820423966,0.008880446405661884
X-n129-k18,128,atm,ortools:robust_mean_1std_scaled_seed113_or_tools,robust_mean_1std_scaled_seed113_or_tools,ortools,True,True,True,18,33799.0,4.998306751251221,0.940281629562378,5.938588380813599,698.4899999999999,0.995,pulp_cbc,mean_domain_loss,299.72499004697625,,180,60,True,727.1353695075978,729.545141336595,853.7757199603714,854.5229848707611,580.9015029184474,702.00000185,34098.724990046976,34319.071955875115,34594.04450805763,76.37821020472867,137.08297322674233,0.415078125,91.46514292652938,299.72499004697625,0.0,299.72499004697625,299.72499004697625,0.0
X-n129-k18,128,atm,ortools:robust_mean_2std_scaled_or_tools,robust_mean_2std_scaled_or_tools,ortools,True,True,True,18,33757.0,5.003014802932739,1.1402359008789062,6.1432507038116455,698.4900000000001,0.9950000000000002,pulp_cbc,mean_domain_loss,300.3414510310033,,180,60,True,727.1353695075978,729.545141336595,853.7757199603714,854.5229848707611,581.5905891576475,702.0000017899999,34057.34145103101,34280.29955539244,34552.55049725283,76.61181085885876,137.96332178663133,0.42203125,91.69874352065948,300.3414510310033,0.0,300.3414510310033,299.72499004697625,0.0020567553740862676
X-n129-k18,128,atm,ortools:robust_mean_1std_scaled_or_tools,robust_mean_1std_scaled_or_tools,ortools,True,True,True,18,33008.0,4.995619058609009,1.129169225692749,6.124788284301758,698.4899999999999,0.995,pulp_cbc,mean_domain_loss,300.57723612463053,,180,60,True,727.1353695075978,729.545141336595,853.7757199603714,854.5229848707611,581.1925234516762,702.00000185,33308.577236124635,33531.96986204169,33803.21886597731,76.65053734913714,138.0360559905883,0.421015625,91.73747007093785,300.57723612463053,0.0,300.57723612463053,299.72499004697625,0.0028434268277753956
X-n129-k18,128,atm,ortools:quantile_p90_scaled_or_tools,quantile_p90_scaled_or_tools,ortools,True,True,True,18,33579.0,5.002501726150513,0.9594841003417968,5.96198582649231,698.49,0.995,pulp_cbc,mean_domain_loss,301.14084575611514,,180,60,True,727.1353695075978,729.545141336595,853.7757199603714,854.5229848707611,581.3697540636226,702.00000102,33880.140845756105,34099.25638698599,34375.11186160926,76.80215979663483,137.1661939974458,0.42171875,91.88909168843554,301.14084575611514,0.0,301.14084575611514,299.72499004697625,0.004723849382452184
X-n129-k18,128,cargo,ortools:robust_mean_2std_scaled_or_tools,robust_mean_2std_scaled_or_tools,ortools,True,True,True,18,33757.0,5.003014802932739,0.9605023860931396,5.963517189025879,698.4900000000001,0.9950000000000002,pulp_cbc,mean_domain_loss,222.98350203425397,,180,60,True,727.1353695075978,729.545141336595,853.7757199603714,854.5229848707611,524.8954195619019,702.0000006600001,33979.98350203426,34149.544794864174,34352.65168309516,76.89964500257497,137.8564578012109,0.40765625,91.98657653437571,222.98350203425397,0.0,222.98350203425397,222.98350203425397,0.0
X-n129-k18,128,cargo,ortools:robust_mean_1std_scaled_seed113_or_tools,robust_mean_1std_scaled_seed113_or_tools,ortools,True,True,True,18,33799.0,4.998306751251221,0.9025025367736816,5.900809288024902,698.4899999999999,0.995,pulp_cbc,mean_domain_loss,223.0036069511017,,180,60,True,727.1353695075978,729.545141336595,853.7757199603714,854.5229848707611,524.6702460359405,701.99999997,34022.0036069511,34189.66824366217,34395.77176254371,76.72713551270675,136.89188119942602,0.403828125,91.81406635450747,223.0036069511017,0.0,223.0036069511017,222.98350203425397,9.016324824168223e-05
X-n129-k18,128,cargo,ortools:quantile_p90_scaled_or_tools,quantile_p90_scaled_or_tools,ortools,True,True,True,18,33579.0,5.002501726150513,1.1001791954040527,6.102680921554565,698.49,0.995,pulp_cbc,mean_domain_loss,223.58360477034017,,180,60,True,727.1353695075978,729.545141336595,853.7757199603714,854.5229848707611,524.5598723333494,702.0000005,33802.58360477034,33971.46010136075,34175.313677589234,77.10353164796383,137.66739710919748,0.408828125,92.19046301976456,223.58360477034017,0.0,223.58360477034017,222.98350203425397,0.0026912427628570205
X-n129-k18,128,cargo,ortools:robust_mean_1std_scaled_or_tools,robust_mean_1std_scaled_or_tools,ortools,True,True,True,18,33008.0,4.995619058609009,1.158951997756958,6.154571056365967,698.4899999999999,0.995,pulp_cbc,mean_domain_loss,223.7400122719317,,180,60,True,727.1353695075978,729.545141336595,853.7757199603714,854.5229848707611,525.4636547560766,702.0000008899999,33231.740012271934,33403.802277724535,33604.622765492255,76.97162422205173,138.69550359894342,0.410390625,92.05855598385246,223.7400122719317,0.0,223.7400122719317,222.98350203425397,0.0033926735869522664
X-n129-k18,128,cold_chain,ortools:robust_mean_1std_scaled_seed113_or_tools,robust_mean_1std_scaled_seed113_or_tools,ortools,True,True,True,18,33799.0,4.998306751251221,1.004490852355957,6.002797603607178,698.4899999999999,0.995,pulp_cbc,mean_domain_loss,284.21520884216176,,180,60,True,727.1353695075978,729.545141336595,853.7757199603714,854.5229848707611,636.1036092692957,702.00000194,34212.64319152196,34360.477864709006,34528.65928034541,76.47260269923791,136.43498046314863,0.40828125,91.55953551103865,284.21520884216176,129.4279826797938,284.21520884216176,284.21520884216176,0.0
X-n129-k18,128,cold_chain,ortools:robust_mean_2std_scaled_or_tools,robust_mean_2std_scaled_or_tools,ortools,True,True,True,18,33757.0,5.003014802932739,1.075547456741333,6.078562259674072,698.4900000000001,0.9950000000000002,pulp_cbc,mean_domain_loss,285.4448212827025,,180,60,True,727.1353695075978,729.545141336595,853.7757199603714,854.5229848707611,644.6507216973544,701.99999996,34178.899058608404,34328.89732608928,34495.031256511065,76.69843133317022,137.96412383165193,0.414453125,91.78536216497098,285.4448212827025,136.4542373257081,285.4448212827025,284.21520884216176,0.004326342863740259
X-n129-k18,128,cold_chain,ortools:robust_mean_1std_scaled_or_tools,robust_mean_1std_scaled_or_tools,ortools,True,True,True,18,33008.0,4.995619058609009,1.0969197750091553,6.092538833618164,698.4899999999999,0.995,pulp_cbc,mean_domain_loss,285.6910377529352,,180,60,True,727.1353695075978,729.545141336595,853.7757199603714,854.5229848707611,641.247121644086,702.00000237,33427.298148353424,33579.67864194429,33742.02141545316,76.81093595533154,137.22311593845632,0.412734375,91.89786919713224,285.6910377529352,133.6071106004864,285.6910377529352,284.21520884216176,0.005192645800995921
X-n129-k18,128,cold_chain,ortools:quantile_p90_scaled_or_tools,quantile_p90_scaled_or_tools,ortools,True,True,True,18,33579.0,5.002501726150513,1.005399227142334,6.007900953292847,698.49,0.995,pulp_cbc,mean_domain_loss,286.2898012970911,,180,60,True,727.1353695075978,729.545141336595,853.7757199603714,854.5229848707611,644.1517665375515,701.99999875,34001.53268487473,34148.10785660036,34317.03279884225,76.8595528073446,137.14932781406267,0.41421875,91.94648242914532,286.2898012970911,136.24288357764073,286.2898012970911,284.21520884216176,0.0072993717098421675
X-n129-k18,128,grocery,ortools:robust_mean_1std_scaled_seed113_or_tools,robust_mean_1std_scaled_seed113_or_tools,ortools,True,True,True,18,33799.0,4.998306751251221,0.9154863357543944,5.913793087005615,698.4899999999999,0.995,pulp_cbc,mean_domain_loss,194.5715418976228,,180,60,True,727.1353695075978,729.545141336595,853.7757199603714,854.5229848707611,275.95965502423365,702.00000108,33993.57154189762,34107.08635967669,34241.078120680344,76.35847208783456,137.5767669847423,0.415625,91.44540403963528,194.5715418976228,0.0,194.5715418976228,194.5715418976228,0.0
X-n129-k18,128,grocery,ortools:robust_mean_2std_scaled_or_tools,robust_mean_2std_scaled_or_tools,ortools,True,True,True,18,33757.0,5.003014802932739,0.956697940826416,5.959712743759155,698.4900000000001,0.9950000000000002,pulp_cbc,mean_domain_loss,194.79288578024887,,180,60,True,727.1353695075978,729.545141336595,853.7757199603714,854.5229848707611,276.31810479981743,702.0000008899999,33951.79288578024,34066.92069960439,34199.109770626994,76.47823651291567,138.35126913418802,0.42,91.5651682747164,194.79288578024887,0.0,194.79288578024887,194.5715418976228,0.001137596384688787
X-n129-k18,128,grocery,ortools:robust_mean_1std_scaled_or_tools,robust_mean_1std_scaled_or_tools,ortools,True,True,True,18,33008.0,4.995619058609009,0.9942405223846436,5.989859580993652,698.4899999999999,0.995,pulp_cbc,mean_domain_loss,194.9551503316339,,180,60,True,727.1353695075978,729.545141336595,853.7757199603714,854.5229848707611,276.05274889299926,702.0000013700001,33202.95515033163,33317.13325645282,33450.18668699423,76.59633635330827,138.0842371427478,0.421015625,91.683268595109,194.9551503316339,0.0,194.9551503316339,194.5715418976228,0.001971554679938356
X-n129-k18,128,grocery,ortools:quantile_p90_scaled_or_tools,quantile_p90_scaled_or_tools,ortools,True,True,True,18,33579.0,5.002501726150513,0.8573155403137207,5.859817266464233,698.49,0.995,pulp_cbc,mean_domain_loss,195.5371067847058,,180,60,True,727.1353695075978,729.545141336595,853.7757199603714,854.5229848707611,276.3015948167221,702.00000189,33774.5371067847,33886.90238472785,34021.494172437335,76.77044299804474,137.34607648869047,0.42078125,91.85737575984544,195.5371067847058,0.0,195.5371067847058,194.5715418976228,0.004962518555725068
X-n134-k13,133,atm,ortools:nominal_seed101_or_tools,nominal_seed101_or_tools,ortools,True,True,True,13,12635.0,4.999899625778198,0.938624620437622,5.93852424621582,8220.0,0.9833712166527095,pulp_cbc,mean_domain_loss,3793.488372404494,,180,60,True,9183.395205809104,9198.564456324051,11030.147738079117,11050.704860248838,8181.241689470445,8358.9999938,16428.488372404492,18852.32724406231,22466.34765497997,994.3124860229708,1691.3831556442867,0.4612781954887218,932.3880986914512,3793.488372404494,0.0,3793.488372404494,3793.488372404494,0.0
X-n134-k13,133,atm,ortools:nominal_seed103_or_tools,nominal_seed103_or_tools,ortools,True,True,True,13,12210.0,5.003038644790649,0.8235633373260498,5.826601982116699,8220.0,0.9833712166527095,pulp_cbc,mean_domain_loss,3794.452391810793,,180,60,True,9183.395205809104,9198.564456324051,11030.147738079117,11050.704860248838,8182.523165495621,8359.0000064,16004.452391810795,18422.740971404462,22045.75669761709,994.4922910511284,1688.281720325176,0.4613533834586466,932.5679163196088,3794.452391810793,0.0,3794.452391810793,3793.488372404494,0.00025412478216929103
X-n134-k13,133,atm,ortools:robust_mean_1std_scaled_or_tools,robust_mean_1std_scaled_or_tools,ortools,True,True,True,13,14509.0,5.00058913230896,0.9171814918518066,5.917770624160767,8317.205000000002,0.9950000000000002,pulp_cbc,mean_domain_loss,3794.837714984225,,180,60,True,9183.395205809104,9198.564456324051,11030.147738079117,11050.704860248838,8180.662451520805,8358.999989800002,18303.837714984227,20726.586486328888,24350.78614212427,995.913224618718,1693.2971765639022,0.4625563909774436,933.9888332871984,3794.837714984225,0.0,3794.837714984225,3793.488372404494,0.000355699674617883
X-n134-k13,133,atm,ortools:quantile_p75_scaled_or_tools,quantile_p75_scaled_or_tools,ortools,True,True,True,13,15401.0,5.0022873878479,0.8480875492095947,5.850374937057495,8317.205,0.995,pulp_cbc,mean_domain_loss,3798.2267284495615,,180,60,True,9183.395205809104,9198.564456324051,11030.147738079117,11050.704860248838,8176.996421517809,8359.0000009,19199.22672844956,21631.779631854224,25238.205546809444,996.0030410999112,1695.2340951780404,0.4603007518796992,934.0786608683916,3798.2267284495615,0.0,3798.2267284495615,3793.488372404494,0.0012490762010861733
X-n134-k13,133,atm,ortools:nominal_or_tools,nominal_or_tools,ortools,True,True,True,13,13630.0,5.001455068588257,2.0003926753997803,7.001847743988037,8220.0,0.9833712166527095,pulp_cbc,mean_domain_loss,3805.903125198727,,180,60,True,9183.395205809104,9198.564456324051,11030.147738079117,11050.704860248838,8185.9088367484355,8359.0000051,17435.90312519873,19850.10309365184,23482.60553283081,997.5183154130442,1691.2198707651708,0.4624812030075187,935.5939393815246,3805.903125198727,0.0,3805.903125198727,3793.488372404494,0.003272648173787375
X-n134-k13,133,atm,ortools:robust_mean_1std_scaled_seed113_or_tools,robust_mean_1std_scaled_seed113_or_tools,ortools,True,True,True,13,14602.0,5.0003721714019775,0.8803505897521973,5.880722761154175,8317.205000000002,0.9950000000000002,pulp_cbc,mean_domain_loss,3807.542401782629,,180,60,True,9183.395205809104,9198.564456324051,11030.147738079117,11050.704860248838,8186.002136449845,8358.9999953,18409.54240178263,20846.11695360649,24454.875862889094,999.7074378427264,1700.2615414884306,0.465187969924812,937.7830520112068,3807.542401782629,0.0,3807.542401782629,3793.488372404494,0.0037047772389050297
X-n134-k13,133,atm,ortools:quantile_p90_scaled_or_tools,quantile_p90_scaled_or_tools,ortools,True,True,True,13,15608.0,5.0015482902526855,0.8644731044769287,5.866021394729614,8317.205000000002,0.9950000000000002,pulp_cbc,mean_domain_loss,3812.81790567278,,180,60,True,9183.395205809104,9198.564456324051,11030.147738079117,11050.704860248838,8186.3124690180675,8358.999991100001,19420.81790567278,21842.919719270547,25464.74172060956,1000.8998602985728,1697.9123202687504,0.463984962406015,938.9754702670532,3812.81790567278,0.0,3812.81790567278,3793.488372404494,0.005095450775306854
X-n134-k13,133,cargo,ortools:quantile_p75_scaled_or_tools,quantile_p75_scaled_or_tools,ortools,True,True,True,13,15401.0,5.0022873878479,0.8517699241638184,5.854057312011719,8317.205,0.995,pulp_cbc,mean_domain_loss,2783.165318312376,,180,60,True,9183.395205809104,9198.564456324051,11030.147738079117,11050.704860248838,7213.58105407049,8358.9999809,18184.16531831237,19998.655843704608,22646.164118141158,1002.4450453097622,1697.0606282270785,0.4486466165413534,940.5206450782426,2783.165318312376,0.0,2783.165318312376,2783.165318312376,0.0
X-n134-k13,133,cargo,ortools:nominal_seed101_or_tools,nominal_seed101_or_tools,ortools,True,True,True,13,12635.0,4.999899625778198,0.8853096961975098,5.885209321975708,8220.0,0.9833712166527095,pulp_cbc,mean_domain_loss,2784.7382126081984,,180,60,True,9183.395205809104,9198.564456324051,11030.147738079117,11050.704860248838,7235.512320505766,8358.9999974,15419.738212608198,17256.49873084052,19897.735385738903,997.2705090927116,1698.461243509539,0.4550375939849624,935.346125361192,2784.7382126081984,0.0,2784.7382126081984,2783.165318312376,0.0005651458378966726
X-n134-k13,133,cargo,ortools:robust_mean_1std_scaled_or_tools,robust_mean_1std_scaled_or_tools,ortools,True,True,True,13,14509.0,5.00058913230896,0.8502037525177002,5.85079288482666,8317.205000000002,0.9950000000000002,pulp_cbc,mean_domain_loss,2784.7555908310296,,180,60,True,9183.395205809104,9198.564456324051,11030.147738079117,11050.704860248838,7213.040464412831,8359.000007499999,17293.755590831028,19100.570549392058,21760.610959643083,1003.762011429377,1690.816157350942,0.4478947368421053,941.8376377978576,2784.7555908310296,0.0,2784.7555908310296,2783.165318312376,0.0005713898876902184
X-n134-k13,133,cargo,ortools:nominal_seed103_or_tools,nominal_seed103_or_tools,ortools,True,True,True,13,12210.0,5.003038644790649,0.8583793640136719,5.861418008804321,8220.0,0.9833712166527095,pulp_cbc,mean_domain_loss,2788.7216445455906,,180,60,True,9183.395205809104,9198.564456324051,11030.147738079117,11050.704860248838,7239.737115864031,8359.0000177,14998.721644545589,16827.61977481226,19485.763185659427,997.8312298361903,1694.7813136673794,0.4585714285714286,935.9068664046706,2788.7216445455906,0.0,2788.7216445455906,2783.165318312376,0.001996405386577606
X-n134-k13,133,cargo,ortools:robust_mean_1std_scaled_seed113_or_tools,robust_mean_1std_scaled_seed113_or_tools,ortools,True,True,True,13,14602.0,5.0003721714019775,0.8297944068908691,5.830166578292847,8317.205000000002,0.9950000000000002,pulp_cbc,mean_domain_loss,2791.8240187322667,,180,60,True,9183.395205809104,9198.564456324051,11030.147738079117,11050.704860248838,7222.757028909949,8358.9999969,17393.824018732266,19217.47907686279,21854.37326252329,1005.2550104536718,1692.696642036787,0.4529323308270677,943.3306262221522,2791.8240187322667,0.0,2791.8240187322667,2783.165318312376,0.003111098130937218
X-n134-k13,133,cargo,ortools:nominal_or_tools,nominal_or_tools,ortools,True,True,True,13,13630.0,5.001455068588257,0.9341540336608888,5.9356091022491455,8220.0,0.9833712166527095,pulp_cbc,mean_domain_loss,2795.7093662631505,,180,60,True,9183.395205809104,9198.564456324051,11030.147738079117,11050.704860248838,7240.39604520481,8358.9999928,16425.709366263152,18232.685004183197,20913.40022308379,999.774243234309,1680.8736556424644,0.4532330827067669,937.8498549027894,2795.7093662631505,0.0,2795.7093662631505,2783.165318312376,0.00450711564571415
X-n134-k13,133,cargo,ortools:quantile_p90_scaled_or_tools,quantile_p90_scaled_or_tools,ortools,True,True,True,13,15608.0,5.0015482902526855,0.8787398338317871,5.880288124084473,8317.205000000002,0.9950000000000002,pulp_cbc,mean_domain_loss,2796.8342624584184,,180,60,True,9183.395205809104,9198.564456324051,11030.147738079117,11050.704860248838,7227.861938238676,8358.9999943,18404.83426245842,20240.70165801695,22875.44168816,1004.7508836708348,1685.055641084925,0.4493984962406015,942.826496839315,2796.8342624584184,0.0,2796.8342624584184,2783.165318312376,0.0049112943654856245
X-n134-k13,133,cold_chain,ortools:nominal_seed103_or_tools,nominal_seed103_or_tools,ortools,True,True,True,13,12210.0,5.003038644790649,0.8587603569030762,5.861799001693726,8220.0,0.9833712166527095,pulp_cbc,mean_domain_loss,3398.9587597186837,,180,60,True,9183.395205809104,9198.564456324051,11030.147738079117,11050.704860248838,8146.56082611847,8358.9999909,16959.807652413565,18412.324460591084,20877.92189584178,993.1099813341538,1682.9397337862154,0.4563157894736842,931.185591102634,3398.9587597186837,1350.8488926948796,3398.9587597186837,3398.9587597186837,0.0
X-n134-k13,133,cold_chain,ortools:nominal_seed101_or_tools,nominal_seed101_or_tools,ortools,True,True,True,13,12635.0,4.999899625778198,0.978278875350952,5.97817850112915,8220.0,0.9833712166527095,pulp_cbc,mean_domain_loss,3404.449699957508,,180,60,True,9183.395205809104,9198.564456324051,11030.147738079117,11050.704860248838,8169.7058463848225,8359.0000104,17412.263716337882,18850.142197834917,21322.9890802484,994.1446893875192,1696.8769314985425,0.4570676691729323,932.2203186559996,3404.449699957508,1372.8140163803766,3404.449699957508,3398.9587597186837,0.0016154771584456678
X-n134-k13,133,cold_chain,ortools:robust_mean_1std_scaled_or_tools,robust_mean_1std_scaled_or_tools,ortools,True,True,True,13,14509.0,5.00058913230896,1.3410134315490725,6.341602563858032,8317.205000000002,0.9950000000000002,pulp_cbc,mean_domain_loss,3404.7707648884925,,180,60,True,9183.395205809104,9198.564456324051,11030.147738079117,11050.704860248838,8166.039622613884,8358.999996800001,19280.82630185469,20726.93355280761,23205.12967268489,995.1426663648292,1693.066180492223,0.4643609022556391,933.2182820333096,3404.7707648884925,1367.055536966193,3404.7707648884925,3398.9587597186837,0.0017099369485406267
X-n134-k13,133,cold_chain,ortools:nominal_or_tools,nominal_or_tools,ortools,True,True,True,13,13630.0,5.001455068588257,0.9232864379882812,5.924741506576538,8220.0,0.9833712166527095,pulp_cbc,mean_domain_loss,3405.8466080799653,,180,60,True,9183.395205809104,9198.564456324051,11030.147738079117,11050.704860248838,8207.46983594431,8358.9999907,18440.482539791603,19950.624671256595,22363.74275707056,993.6154517996432,1702.8481098937511,0.4557894736842105,931.6910613681234,3405.8466080799653,1404.635931711637,3405.8466080799653,3398.9587597186837,0.0020264583503954276
X-n134-k13,133,cold_chain,ortools:robust_mean_1std_scaled_seed113_or_tools,robust_mean_1std_scaled_seed113_or_tools,ortools,True,True,True,13,14602.0,5.0003721714019775,0.8784079551696777,5.878780126571655,8317.205000000002,0.9950000000000002,pulp_cbc,mean_domain_loss,3408.574686099102,,180,60,True,9183.395205809104,9198.564456324051,11030.147738079117,11050.704860248838,8232.734880084208,8358.9999974,19434.78147038529,20867.64783545665,23360.35068895995,995.6289868826576,1699.1204180346665,0.4621804511278195,933.7046031511378,3408.574686099102,1424.2067842861863,3408.574686099102,3398.9587597186837,0.002829080038974716
X-n134-k13,133,cold_chain,ortools:quantile_p75_scaled_or_tools,quantile_p75_scaled_or_tools,ortools,True,True,True,13,15401.0,5.0022873878479,0.8686513900756836,5.870938777923584,8317.205,0.995,pulp_cbc,mean_domain_loss,3410.7895716443168,,180,60,True,9183.395205809104,9198.564456324051,11030.147738079117,11050.704860248838,8231.594336954888,8359.0000089,20244.28025208748,21696.19469949051,24151.00895100466,995.469910673164,1691.6218950162083,0.4596992481203008,933.5455384416445,3410.7895716443168,1432.490680443159,3410.7895716443168,3398.9587597186837,0.0034807165258492942
X-n134-k13,133,cold_chain,ortools:quantile_p90_scaled_or_tools,quantile_p90_scaled_or_tools,ortools,True,True,True,13,15608.0,5.0015482902526855,0.8357503414154053,5.837298631668091,8317.205000000002,0.9950000000000002,pulp_cbc,mean_domain_loss,3416.526702058557,,180,60,True,9183.395205809104,9198.564456324051,11030.147738079117,11050.704860248838,8187.28749702328,8358.999999700001,20406.669077993047,21843.71525282017,24333.39780722901,998.0790174960264,1703.0293801534765,0.4633082706766917,936.1546360645068,3416.526702058557,1382.1423759344916,3416.526702058557,3398.9587597186837,0.005168624741221431
X-n134-k13,133,grocery,ortools:robust_mean_1std_scaled_or_tools,robust_mean_1std_scaled_or_tools,ortools,True,True,True,13,14509.0,5.00058913230896,0.957064151763916,5.957653284072876,8317.205000000002,0.9950000000000002,pulp_cbc,mean_domain_loss,2369.4823242808843,,180,60,True,9183.395205809104,9198.564456324051,11030.147738079117,11050.704860248838,3796.889004123346,8359.000001100001,16878.48232428088,18029.11126920094,19937.619314711927,994.7295539024976,1694.447638133087,0.462406015037594,932.805173870978,2369.4823242808843,0.0,2369.4823242808843,2369.4823242808843,0.0
X-n134-k13,133,grocery,ortools:quantile_p75_scaled_or_tools,quantile_p75_scaled_or_tools,ortools,True,True,True,13,15401.0,5.0022873878479,0.9673724174499512,5.969659805297852,8317.205,0.995,pulp_cbc,mean_domain_loss,2369.621622171581,,180,60,True,9183.395205809104,9198.564456324051,11030.147738079117,11050.704860248838,3793.982694050146,8358.9999995,17770.62162217158,18934.847584156767,20817.15268146412,994.5683550825396,1692.974832583723,0.4605263157894737,932.64397345102,2369.621622171581,0.0,2369.621622171581,2369.4823242808843,5.8788322355939515e-05
X-n134-k13,133,grocery,ortools:nominal_seed103_or_tools,nominal_seed103_or_tools,ortools,True,True,True,13,12210.0,5.003038644790649,0.8878412246704102,5.89087986946106,8220.0,0.9833712166527095,pulp_cbc,mean_domain_loss,2369.921520178373,,180,60,True,9183.395205809104,9198.564456324051,11030.147738079117,11050.704860248838,3795.945063216039,8358.9999959,14579.921520178374,15773.80557829312,17631.48094119633,994.6684730089936,1688.3983686740603,0.4583458646616541,932.7440877774742,2369.921520178373,0.0,2369.921520178373,2369.4823242808843,0.00018535521155328127
X-n134-k13,133,grocery,ortools:nominal_seed101_or_tools,nominal_seed101_or_tools,ortools,True,True,True,13,12635.0,4.999899625778198,0.971625804901123,5.971525430679321,8220.0,0.9833712166527095,pulp_cbc,mean_domain_loss,2369.94240898806,,180,60,True,9183.395205809104,9198.564456324051,11030.147738079117,11050.704860248838,3794.795150091535,8358.999996300001,15004.94240898806,16168.374680703324,18052.18669088456,994.6962707637229,1692.1166502778624,0.4594736842105263,932.7718859322028,2369.94240898806,0.0,2369.94240898806,2369.4823242808843,0.00019417098091889843
X-n134-k13,133,grocery,ortools:nominal_or_tools,nominal_or_tools,ortools,True,True,True,13,13630.0,5.001455068588257,0.9952967166900636,5.99675178527832,8220.0,0.9833712166527095,pulp_cbc,mean_domain_loss,2374.344565001815,,180,60,True,9183.395205809104,9198.564456324051,11030.147738079117,11050.704860248838,3798.139170609385,8358.9999981,16004.34456500181,17165.47766475667,19065.596642298467,996.5312135633544,1695.3388867223564,0.4610526315789474,934.6068305318346,2374.344565001815,0.0,2374.344565001815,2369.4823242808843,0.0020520265845015567
X-n134-k13,133,grocery,ortools:robust_mean_1std_scaled_seed113_or_tools,robust_mean_1std_scaled_seed113_or_tools,ortools,True,True,True,13,14602.0,5.0003721714019775,0.8794248104095459,5.879796981811523,8317.205000000002,0.9950000000000002,pulp_cbc,mean_domain_loss,2376.8512480497493,,180,60,True,9183.395205809104,9198.564456324051,11030.147738079117,11050.704860248838,3800.031262990687,8358.9999953,16978.85124804975,18131.60406376293,20033.75802800208,998.2960261359896,1694.7164120236234,0.4642105263157894,936.37164030447,2376.8512480497493,0.0,2376.8512480497493,2369.4823242808843,0.0031099298329230573
X-n134-k13,133,grocery,ortools:quantile_p90_scaled_or_tools,quantile_p90_scaled_or_tools,ortools,True,True,True,13,15608.0,5.0015482902526855,0.8600413799285889,5.861589670181274,8317.205000000002,0.9950000000000002,pulp_cbc,mean_domain_loss,2380.13929128706,,180,60,True,9183.395205809104,9198.564456324051,11030.147738079117,11050.704860248838,3800.626837590371,8359.000000200002,17988.13929128706,19157.582458442037,21043.629881726392,999.8928162372245,1694.9439994884306,0.4639097744360902,937.9684353057048,2380.13929128706,0.0,2380.13929128706,2369.4823242808843,0.004497592953942
X-n139-k10,138,atm,ortools:proxy_mean_scaled_seed109_or_tools,proxy_mean_scaled_seed109_or_tools,ortools,True,True,True,10,15996.0,5.014383316040039,1.0764892101287842,6.090872526168823,1054.7000000000005,0.9950000000000002,pulp_cbc,mean_domain_loss,427.4948558806679,,180,60,True,1146.307606641427,1148.216888591183,1334.618975008724,1335.9433230902955,888.6517368171814,1059.9999979999998,16423.49485588067,16714.841359212412,17075.98626602267,110.64455332501736,191.68507106394105,0.4182608695652174,129.25476519491315,427.4948558806679,0.0,427.4948558806679,427.4948558806679,0.0
X-n139-k10,138,atm,ortools:nominal_or_tools,nominal_or_tools,ortools,True,True,True,10,14877.0,5.000831127166748,1.178234338760376,6.179065465927124,1039.0,0.980188679245283,pulp_cbc,mean_domain_loss,427.74397507376096,,180,60,True,1146.307606641427,1148.216888591183,1334.618975008724,1335.9433230902955,890.7504342892075,1060.0000004,15304.74397507376,15596.873661058404,15958.702433200688,110.72537329907613,192.0648618164694,0.4218840579710144,129.33558756897193,427.74397507376096,0.0,427.74397507376096,427.4948558806679,0.0005827419667538765
X-n139-k10,138,atm,ortools:nominal_seed101_or_tools,nominal_seed101_or_tools,ortools,True,True,True,10,14943.0,5.000727653503418,1.1320898532867432,6.132817506790161,1039.0,0.980188679245283,pulp_cbc,mean_domain_loss,428.4912215730082,,180,60,True,1146.307606641427,1148.216888591183,1334.618975008724,1335.9433230902955,890.183508970681,1059.9999994,15371.491221573006,15660.11645961012,16023.172544769684,110.91348421936722,191.4225063897329,0.4183333333333333,129.52369748926304,428.4912215730082,0.0,428.4912215730082,427.4948558806679,0.0023307080275567884
X-n139-k10,138,atm,ortools:nominal_seed103_or_tools,nominal_seed103_or_tools,ortools,True,True,True,10,15332.0,5.008304595947266,1.1502814292907717,6.158586025238037,1039.0,0.980188679245283,pulp_cbc,mean_domain_loss,428.93291964434246,,180,60,True,1146.307606641427,1148.216888591183,1334.618975008724,1335.9433230902955,891.5687339461014,1059.9999991999998,15760.932919644343,16053.45936847864,16412.686090379786,110.9686238129497,192.32543802621188,0.4211594202898551,129.57883688284545,428.93291964434246,0.0,428.93291964434246,427.4948558806679,0.003363932323143529
X-n139-k10,138,cargo,ortools:proxy_mean_scaled_seed109_or_tools,proxy_mean_scaled_seed109_or_tools,ortools,True,True,True,10,15996.0,5.014383316040039,1.164900302886963,6.179283618927002,1054.7000000000005,0.9950000000000002,pulp_cbc,mean_domain_loss,320.9994606549765,,180,60,True,1146.307606641427,1148.216888591183,1334.618975008724,1335.9433230902955,791.7064094341592,1059.9999996,16316.99946065498,16536.839355242155,16815.481784866362,111.0908864189847,190.17301264182117,0.417391304347826,129.70109988888052,320.9994606549765,0.0,320.9994606549765,320.9994606549765,0.0
X-n139-k10,138,cargo,ortools:nominal_seed101_or_tools,nominal_seed101_or_tools,ortools,True,True,True,10,14943.0,5.000727653503418,1.2547850608825684,6.255512714385986,1039.0,0.980188679245283,pulp_cbc,mean_domain_loss,321.654226375162,,180,60,True,1146.307606641427,1148.216888591183,1334.618975008724,1335.9433230902955,791.7463166982448,1059.9999986,15264.654226375162,15485.924503730515,15761.355110094,111.91595993061752,192.1535637654662,0.4158695652173913,130.52617240051333,321.654226375162,0.0,321.654226375162,320.9994606549765,0.0020397720259390296
X-n139-k10,138,cargo,ortools:nominal_or_tools,nominal_or_tools,ortools,True,True,True,10,14877.0,5.000831127166748,1.2993805408477783,6.300211668014526,1039.0,0.980188679245283,pulp_cbc,mean_domain_loss,322.41803262558363,,180,60,True,1146.307606641427,1148.216888591183,1334.618975008724,1335.9433230902955,793.457235116695,1059.9999987,15199.418032625585,15422.57442752551,15699.885827971884,112.09699646581926,192.54160825351212,0.4234057971014492,130.70720903571507,322.41803262558363,0.0,322.41803262558363,320.9994606549765,0.004419234747973302
X-n139-k10,138,cargo,ortools:nominal_seed103_or_tools,nominal_seed103_or_tools,ortools,True,True,True,10,15332.0,5.008304595947266,1.120332956314087,6.1286375522613525,1039.0,0.980188679245283,pulp_cbc,mean_domain_loss,323.68197538230174,,180,60,True,1146.307606641427,1148.216888591183,1334.618975008724,1335.9433230902955,795.6585630730575,1059.9999983,15655.6819753823,15876.423541489554,16155.004470028503,111.74525003512404,191.0044360942684,0.4193478260869565,130.35546220501988,323.68197538230174,0.0,323.68197538230174,320.9994606549765,0.00835675773987841
X-n139-k10,138,cold_chain,ortools:proxy_mean_scaled_seed109_or_tools,proxy_mean_scaled_seed109_or_tools,ortools,True,True,True,10,15996.0,5.014383316040039,1.1199195384979248,6.134302854537964,1054.7000000000005,0.9950000000000002,pulp_cbc,mean_domain_loss,399.6249669131768,,180,60,True,1146.307606641427,1148.216888591183,1334.618975008724,1335.9433230902955,938.7640299072956,1059.9999997999998,16593.194023154,16755.168644750025,17002.77544858774,110.55896859393955,189.4562583350963,0.4138405797101449,129.16918226383532,399.6249669131768,197.56905624082336,399.6249669131768,399.6249669131768,0.0
X-n139-k10,138,cold_chain,ortools:nominal_or_tools,nominal_or_tools,ortools,True,True,True,10,14877.0,5.000831127166748,1.238091230392456,6.238922357559204,1039.0,0.980188679245283,pulp_cbc,mean_domain_loss,400.8823092159208,,180,60,True,1146.307606641427,1148.216888591183,1334.618975008724,1335.9433230902955,942.5437858634044,1059.9999984,15476.951879013788,15641.298725412673,15887.977653810463,110.94570533143248,190.7329063657628,0.4159420289855072,129.55591760132825,400.8823092159208,199.0695697978684,400.8823092159208,399.6249669131768,0.003146305678686936
X-n139-k10,138,cold_chain,ortools:nominal_seed101_or_tools,nominal_seed101_or_tools,ortools,True,True,True,10,14943.0,5.000727653503418,1.096508264541626,6.097235918045044,1039.0,0.980188679245283,pulp_cbc,mean_domain_loss,401.5473922014239,,180,60,True,1146.307606641427,1148.216888591183,1334.618975008724,1335.9433230902955,937.4241089271834,1059.9999997999998,15539.280649328726,15704.76532340062,15949.59335158772,111.17722170790512,191.01521902934687,0.4123188405797101,129.78743537780093,401.5473922014239,194.73325712730107,401.5473922014239,399.6249669131768,0.0048105735312197525
X-n139-k10,138,cold_chain,ortools:nominal_seed103_or_tools,nominal_seed103_or_tools,ortools,True,True,True,10,15332.0,5.008304595947266,1.065812587738037,6.074117183685303,1039.0,0.980188679245283,pulp_cbc,mean_domain_loss,402.33301012468974,,180,60,True,1146.307606641427,1148.216888591183,1334.618975008724,1335.9433230902955,938.5746434411196,1060.0000002,15929.036633955298,16092.489971572117,16338.705392326938,111.4390408277688,190.95733597609745,0.4165942028985507,130.04925489766455,402.33301012468974,194.70362383060657,402.33301012468974,399.6249669131768,0.0067764615219881134
X-n139-k10,138,grocery,ortools:proxy_mean_scaled_seed109_or_tools,proxy_mean_scaled_seed109_or_tools,ortools,True,True,True,10,15996.0,5.014383316040039,1.0321433544158936,6.046526670455933,1054.7000000000005,0.9950000000000002,pulp_cbc,mean_domain_loss,276.55208978727006,,180,60,True,1146.307606641427,1148.216888591183,1334.618975008724,1335.9433230902955,427.63902597398175,1060.0000016,16272.552089787268,16409.477644848226,16594.71247411775,110.58709945138504,191.87446250033625,0.4168115942028985,129.19731492128082,276.55208978727006,0.0,276.55208978727006,276.55208978727006,0.0
X-n139-k10,138,grocery,ortools:nominal_or_tools,nominal_or_tools,ortools,True,True,True,10,14877.0,5.000831127166748,1.153247594833374,6.154078722000122,1039.0,0.980188679245283,pulp_cbc,mean_domain_loss,276.8414516565013,,180,60,True,1146.307606641427,1148.216888591183,1334.618975008724,1335.9433230902955,428.7537476916864,1059.9999992,15153.841451656504,15291.569902067238,15476.458059959114,110.78874076637658,192.8052501854508,0.4176086956521739,129.3989538362723,276.8414516565013,0.0,276.8414516565013,276.55208978727006,0.0010463195901134808
X-n139-k10,138,grocery,ortools:nominal_seed101_or_tools,nominal_seed101_or_tools,ortools,True,True,True,10,14943.0,5.000727653503418,1.1872975826263428,6.188025236129761,1039.0,0.980188679245283,pulp_cbc,mean_domain_loss,277.2010438995653,,180,60,True,1146.307606641427,1148.216888591183,1334.618975008724,1335.9433230902955,428.4791573078649,1060.0000009,15220.201043899564,15355.875167784405,15542.139597482066,110.87472432996655,191.85179750192407,0.4181159420289855,129.48493909986237,277.2010438995653,0.0,277.2010438995653,276.55208978727006,0.0023465890740310335
X-n139-k10,138,grocery,ortools:nominal_seed103_or_tools,nominal_seed103_or_tools,ortools,True,True,True,10,15332.0,5.008304595947266,1.0439486503601074,6.052253246307373,1039.0,0.980188679245283,pulp_cbc,mean_domain_loss,277.4368837267399,,180,60,True,1146.307606641427,1148.216888591183,1334.618975008724,1335.9433230902955,429.0893803736086,1059.9999988,15609.43688372674,15745.862387649862,15931.007533365231,111.032564801003,192.2573059484031,0.418695652173913,129.6427774708988,277.4368837267399,0.0,277.4368837267399,276.55208978727006,0.0031993753514950223
X-n143-k7,142,atm,ortools:robust_mean_1std_scaled_or_tools,robust_mean_1std_scaled_or_tools,ortools,True,True,True,7,18403.0,4.999201059341431,1.1209378242492676,6.120138883590698,8288.350000000002,0.9950000000000002,pulp_cbc,mean_domain_loss,2511.6138550479022,,180,60,True,8295.848620495428,8316.617424477572,9916.867451961063,9925.630118934274,5514.868911251419,8330.000010799999,20914.613855047905,22847.5172796419,25755.725236701543,614.381937916932,1158.4488245233094,0.312112676056338,1397.7144430175604,2511.6138550479022,0.0,2511.6138550479022,2511.6138550479022,0.0
X-n143-k7,142,atm,ortools:quantile_p75_scaled_seed107_or_tools,quantile_p75_scaled_seed107_or_tools,ortools,True,True,True,7,18166.0,5.00028395652771,1.0527122020721436,6.0529961585998535,8288.35,0.995,pulp_cbc,mean_domain_loss,2511.640045909889,,180,60,True,8295.848620495428,8316.617424477572,9916.867451961063,9925.630118934274,5518.642096149771,8329.9999989,20677.64004590989,22607.248486255263,25529.248445160327,613.4630333067909,1154.12144488796,0.31,1396.79552650742,2511.640045909889,0.0,2511.640045909889,2511.6138550479022,1.0427901539957903e-05
X-n143-k7,142,atm,ortools:quantile_p75_scaled_or_tools,quantile_p75_scaled_or_tools,ortools,True,True,True,7,18056.0,5.002080678939819,1.060577154159546,6.062657833099365,8288.35,0.995,pulp_cbc,mean_domain_loss,2512.3756248842988,,180,60,True,8295.848620495428,8316.617424477572,9916.867451961063,9925.630118934274,5518.530809574647,8330.0000161,20568.3756248843,22518.773650642088,25416.36612581383,613.5351450961011,1156.729359483698,0.3104225352112676,1396.86765549673,2512.3756248842988,0.0,2512.3756248842988,2511.6138550479022,0.0003032989465580074
X-n143-k7,142,atm,ortools:robust_mean_1std_scaled_seed113_or_tools,robust_mean_1std_scaled_seed113_or_tools,ortools,True,True,True,7,18450.0,4.999038219451904,1.088912010192871,6.087950229644775,8288.350000000002,0.9950000000000002,pulp_cbc,mean_domain_loss,2513.004494284095,,180,60,True,8295.848620495428,8316.617424477572,9916.867451961063,9925.630118934274,5514.6514829833,8330.000001999999,20963.00449428409,22910.29749230988,25804.29501011407,615.0434841094517,1153.9868987119555,0.3122535211267606,1398.3759804100805,2513.004494284095,0.0,2513.004494284095,2511.6138550479022,0.0005536835343529589
X-n143-k7,142,atm,ortools:proxy_mean_scaled_seed109_or_tools,proxy_mean_scaled_seed109_or_tools,ortools,True,True,True,7,18802.0,4.997038125991821,1.0219125747680664,6.018950700759888,8288.349999999999,0.9949999999999998,pulp_cbc,mean_domain_loss,2514.393644559732,,180,60,True,8295.848620495428,8316.617424477572,9916.867451961063,9925.630118934274,5518.78542127153,8330.000027900001,21316.393644559736,23299.3428632959,26158.195453188768,613.7324434579182,1154.4013655368674,0.3104929577464789,1397.064965658547,2514.393644559732,0.0,2514.393644559732,2511.6138550479022,0.0011067742385011885
X-n143-k7,142,atm,ortools:quantile_p90_scaled_or_tools,quantile_p90_scaled_or_tools,ortools,True,True,True,7,18642.0,5.000194787979126,1.1049118041992188,6.105106592178345,8288.35,0.995,pulp_cbc,mean_domain_loss,2514.868737181395,,180,60,True,8295.848620495428,8316.617424477572,9916.867451961063,9925.630118934274,5518.345528518997,8329.9999978,21156.868737181398,23110.26444469317,26000.671046592885,615.605635267588,1151.0261555763702,0.3135211267605634,1398.9381273682168,2514.868737181395,0.0,2514.868737181395,2511.6138550479022,0.0012959325443084684
X-n143-k7,142,atm,ortools:proxy_mean_or_tools,proxy_mean_or_tools,ortools,True,True,True,7,20036.0,4.995463132858276,1.0452661514282229,6.040729284286499,8295.848620495428,0.9959001945372664,pulp_cbc,mean_domain_loss,2515.4523035684188,,180,60,True,8295.848620495428,8316.617424477572,9916.867451961063,9925.630118934274,5520.0846275537015,8330.0000282,22551.45230356841,24510.9864915492,27386.936001193662,613.850966879101,1162.345340934982,0.3099295774647887,1397.1834893797295,2515.4523035684188,0.0,2515.4523035684188,2511.6138550479022,0.0015282797205477727
X-n143-k7,142,atm,ortools:proxy_mean_scaled_or_tools,proxy_mean_scaled_or_tools,ortools,True,True,True,7,18747.0,5.000169515609741,1.0243570804595947,6.024526596069336,8288.349999999999,0.9949999999999998,pulp_cbc,mean_domain_loss,2515.782272933889,,180,60,True,8295.848620495428,8316.617424477572,9916.867451961063,9925.630118934274,5521.37774447548,8330.0000059,21262.78227293389,23220.693826328723,26102.64010530762,613.5987881579811,1153.1564891507194,0.310281690140845,1396.9312883586097,2515.782272933889,0.0,2515.782272933889,2511.6138550479022,0.0016596571473791915
X-n143-k7,142,atm,ortools:robust_mean_2std_scaled_or_tools,robust_mean_2std_scaled_or_tools,ortools,True,True,True,7,18906.0,5.005316257476807,0.9902098178863524,5.995526075363159,8288.35,0.995,pulp_cbc,mean_domain_loss,2521.468538785557,,180,60,True,8295.848620495428,8316.617424477572,9916.867451961063,9925.630118934274,5529.614849302723,8329.999990499999,21427.46853878556,23421.253504591423,26298.381322001253,618.575001615015,1179.8044872288644,0.3143661971830986,1401.907486415644,2521.468538785557,0.0,2521.468538785557,2511.6138550479022,0.003923646032549396
X-n143-k7,142,cargo,ortools:robust_mean_1std_scaled_seed113_or_tools,robust_mean_1std_scaled_seed113_or_tools,ortools,True,True,True,7,18450.0,4.999038219451904,1.2733588218688965,6.272397041320801,8288.350000000002,0.9950000000000002,pulp_cbc,mean_domain_loss,1859.032131740104,,180,60,True,8295.848620495428,8316.617424477572,9916.867451961063,9925.630118934274,4942.614716578441,8329.9999981,20309.032131740107,21851.210250489406,23974.71802967269,619.3765074324573,1171.2505576435335,0.3077464788732394,1402.7089998330862,1859.032131740104,0.0,1859.032131740104,1859.032131740104,0.0
X-n143-k7,142,cargo,ortools:robust_mean_2std_scaled_or_tools,robust_mean_2std_scaled_or_tools,ortools,True,True,True,7,18906.0,5.005316257476807,1.0916311740875244,6.096947431564331,8288.35,0.995,pulp_cbc,mean_domain_loss,1860.0157601428707,,180,60,True,8295.848620495428,8316.617424477572,9916.867451961063,9925.630118934274,4937.834029017057,8330.000003000001,20766.01576014287,22294.27212843259,24426.98439723713,623.6071647722321,1180.831455881006,0.3117605633802817,1406.9396620728603,1860.0157601428707,0.0,1860.0157601428707,1859.032131740104,0.0005291078007597553
X-n143-k7,142,cargo,ortools:quantile_p90_scaled_or_tools,quantile_p90_scaled_or_tools,ortools,True,True,True,7,18642.0,5.000194787979126,1.1193745136260986,6.119569301605225,8288.35,0.995,pulp_cbc,mean_domain_loss,1862.0793448893176,,180,60,True,8295.848620495428,8316.617424477572,9916.867451961063,9925.630118934274,4945.958444427395,8329.999997800001,20504.07934488932,22020.228703622062,24162.69484378704,620.3646252308928,1164.3169621239142,0.3076056338028169,1403.6971173315217,1862.0793448893176,0.0,1862.0793448893176,1859.032131740104,0.0016391395808534534
X-n143-k7,142,cargo,ortools:robust_mean_1std_scaled_or_tools,robust_mean_1std_scaled_or_tools,ortools,True,True,True,7,18403.0,4.999201059341431,1.1961681842803955,6.195369243621826,8288.350000000002,0.9950000000000002,pulp_cbc,mean_domain_loss,1862.206857782744,,180,60,True,8295.848620495428,8316.617424477572,9916.867451961063,9925.630118934274,4949.009650710529,8329.9999856,20265.206857782745,21794.614906726347,23929.53309185194,619.6987121371629,1166.148769622088,0.3106338028169014,1403.0311920377917,1862.206857782744,0.0,1862.206857782744,1859.032131740104,0.0017077305918690082
X-n143-k7,142,cargo,ortools:proxy_mean_or_tools,proxy_mean_or_tools,ortools,True,True,True,7,20036.0,4.995463132858276,1.1385231018066406,6.133986234664917,8295.848620495428,0.9959001945372664,pulp_cbc,mean_domain_loss,1862.3893025844127,,180,60,True,8295.848620495428,8316.617424477572,9916.867451961063,9925.630118934274,4964.753717103027,8330.000000200002,21898.38930258441,23431.64404425116,25570.052463330387,618.0904682469118,1162.9762686470456,0.3114084507042253,1401.4229627475406,1862.3893025844127,0.0,1862.3893025844127,1859.032131740104,0.0018058702628051457
X-n143-k7,142,cargo,ortools:quantile_p75_scaled_seed107_or_tools,quantile_p75_scaled_seed107_or_tools,ortools,True,True,True,7,18166.0,5.00028395652771,1.0489461421966553,6.049230098724365,8288.35,0.995,pulp_cbc,mean_domain_loss,1865.233676264841,,180,60,True,8295.848620495428,8316.617424477572,9916.867451961063,9925.630118934274,4961.473881175076,8330.000016299999,20031.23367626484,21550.00651721027,23710.30393942676,618.2327786530353,1166.844552473182,0.3069014084507042,1401.5652892536643,1865.233676264841,0.0,1865.233676264841,1859.032131740104,0.003335899589283732
X-n143-k7,142,cargo,ortools:quantile_p75_scaled_or_tools,quantile_p75_scaled_or_tools,ortools,True,True,True,7,18056.0,5.002080678939819,1.065819263458252,6.067899942398071,8288.35,0.995,pulp_cbc,mean_domain_loss,1865.532427497025,,180,60,True,8295.848620495428,8316.617424477572,9916.867451961063,9925.630118934274,4961.263847178324,8330.0000033,19921.532427497023,21446.37391714336,23600.402142918618,618.3609396555227,1163.8049931663932,0.3066197183098592,1401.6934372561511,1865.532427497025,0.0,1865.532427497025,1859.032131740104,0.0034966021543891518
X-n143-k7,142,cargo,ortools:proxy_mean_scaled_or_tools,proxy_mean_scaled_or_tools,ortools,True,True,True,7,18747.0,5.000169515609741,1.2783660888671875,6.278535604476929,8288.349999999999,0.9949999999999998,pulp_cbc,mean_domain_loss,1868.970876063136,,180,60,True,8295.848620495428,8316.617424477572,9916.867451961063,9925.630118934274,4971.040919249698,8330.0000204,20615.970876063137,22132.77108417988,24291.648583626025,618.046718826527,1153.0213907788257,0.3106338028169014,1401.379233527156,1868.970876063136,0.0,1868.970876063136,1859.032131740104,0.005346192867429981
X-n143-k7,142,cargo,ortools:proxy_mean_scaled_seed109_or_tools,proxy_mean_scaled_seed109_or_tools,ortools,True,True,True,7,18802.0,4.997038125991821,1.1825222969055176,6.179560422897339,8288.349999999999,0.9949999999999998,pulp_cbc,mean_domain_loss,1870.0707556803509,,180,60,True,8295.848620495428,8316.617424477572,9916.867451961063,9925.630118934274,4963.958141671654,8329.999997300001,20672.07075568035,22255.896654294076,24344.89555240001,620.0231894291122,1176.1863693914524,0.309225352112676,1403.3556810297416,1870.0707556803509,0.0,1870.0707556803509,1859.032131740104,0.00593783386084589
X-n143-k7,142,cold_chain,ortools:quantile_p75_scaled_seed107_or_tools,quantile_p75_scaled_seed107_or_tools,ortools,True,True,True,7,18166.0,5.00028395652771,1.1021599769592283,6.1024439334869385,8288.35,0.995,pulp_cbc,mean_domain_loss,2819.240662672717,,180,60,True,8295.848620495428,8316.617424477572,9916.867451961063,9925.630118934274,6541.495422091863,8330.0000341,22514.38479389213,23531.402396598656,25396.830466562657,613.1865903011477,1151.1217330169868,0.3021830985915493,1396.5191187017765,2819.240662672717,1529.1441312194188,2819.240662672717,2819.240662672717,0.0
X-n143-k7,142,cold_chain,ortools:proxy_mean_scaled_or_tools,proxy_mean_scaled_or_tools,ortools,True,True,True,7,18747.0,5.000169515609741,1.07780122756958,6.077970743179321,8288.349999999999,0.9949999999999998,pulp_cbc,mean_domain_loss,2822.197538994275,,180,60,True,8295.848620495428,8316.617424477572,9916.867451961063,9925.630118934274,6585.989357649318,8330.000004399999,23140.944686956576,24203.99215796669,26000.459874727345,613.0145611170051,1155.5148991836445,0.301338028169014,1396.347059817634,2822.197538994275,1571.7471479623005,2822.197538994275,2819.240662672717,0.0010488201169582866
X-n143-k7,142,cold_chain,ortools:proxy_mean_scaled_seed109_or_tools,proxy_mean_scaled_seed109_or_tools,ortools,True,True,True,7,18802.0,4.997038125991821,1.089003562927246,6.086041688919067,8288.349999999999,0.9949999999999998,pulp_cbc,mean_domain_loss,2823.460469229504,,180,60,True,8295.848620495428,8316.617424477572,9916.867451961063,9925.630118934274,6586.608308367197,8330.0000169,23199.19990217684,24298.49257411558,26059.975643155973,613.6175792284387,1165.580389437894,0.3016901408450704,1396.9500904290671,2823.460469229504,1573.7394329473395,2823.460469229504,2819.240662672717,0.001496788341860221
X-n143-k7,142,cold_chain,ortools:proxy_mean_or_tools,proxy_mean_or_tools,ortools,True,True,True,7,20036.0,4.995463132858276,1.130789041519165,6.126252174377441,8295.848620495428,0.9959001945372664,pulp_cbc,mean_domain_loss,2826.6840930681938,,180,60,True,8295.848620495428,8316.617424477572,9916.867451961063,9925.630118934274,6661.845125960301,8330.000009000001,24505.58925857541,25536.92316149179,27364.262907247143,612.4756221241555,1157.8653934766753,0.3024647887323943,1395.8081254247843,2826.6840930681938,1642.9051655072185,2826.6840930681938,2819.240662672717,0.002640225254278284
X-n143-k7,142,cold_chain,ortools:robust_mean_1std_scaled_or_tools,robust_mean_1std_scaled_or_tools,ortools,True,True,True,7,18403.0,4.999201059341431,1.0211732387542725,6.020374298095703,8288.350000000002,0.9950000000000002,pulp_cbc,mean_domain_loss,2830.5753538722965,,180,60,True,8295.848620495428,8316.617424477572,9916.867451961063,9925.630118934274,6612.121955437918,8330.0000052,22829.22480850411,23842.46379476077,25707.91025835692,615.1061734796939,1153.308717948231,0.303169014084507,1398.4386729803227,2830.5753538722965,1595.6494546318158,2830.5753538722965,2819.240662672717,0.0040204766303398665
X-n143-k7,142,cold_chain,ortools:robust_mean_1std_scaled_seed113_or_tools,robust_mean_1std_scaled_seed113_or_tools,ortools,True,True,True,7,18450.0,4.999038219451904,1.116788387298584,6.115826606750488,8288.350000000002,0.9950000000000002,pulp_cbc,mean_domain_loss,2833.60786660799,,180,60,True,8295.848620495428,8316.617424477572,9916.867451961063,9925.630118934274,6605.177508070723,8330.0000002,22872.590355373868,23893.346910536668,25740.49953527077,616.2394093804169,1168.4864918022065,0.3024647887323943,1399.571903881046,2833.60786660799,1588.9824887658765,2833.60786660799,2819.240662672717,0.005096125394861717
X-n143-k7,142,cold_chain,ortools:quantile_p75_scaled_or_tools,quantile_p75_scaled_or_tools,ortools,True,True,True,7,18056.0,5.002080678939819,1.1192491054534912,6.121329784393311,8288.35,0.995,pulp_cbc,mean_domain_loss,2838.690832172912,,180,60,True,8295.848620495428,8316.617424477572,9916.867451961063,9925.630118934274,6684.348249416999,8330.000041799998,22555.989700470403,23599.028623223265,25440.444221164176,615.3972006022552,1163.9930443375954,0.2988028169014085,1398.7297367028843,2838.690832172912,1661.2988682974983,2838.690832172912,2819.240662672717,0.006899080932578384
X-n143-k7,142,cold_chain,ortools:quantile_p90_scaled_or_tools,quantile_p90_scaled_or_tools,ortools,True,True,True,7,18642.0,5.000194787979126,1.1002116203308103,6.1004064083099365,8288.35,0.995,pulp_cbc,mean_domain_loss,2840.071147262709,,180,60,True,8295.848620495428,8316.617424477572,9916.867451961063,9925.630118934274,6647.39187545248,8329.999987300002,23107.534893521304,24170.085162431325,25971.334803265065,616.7039051693002,1155.8883567072216,0.3043661971830986,1400.036386769929,2840.071147262709,1625.4637462585918,2840.071147262709,2819.240662672717,0.007388686203980949
X-n143-k7,142,grocery,ortools:proxy_mean_or_tools,proxy_mean_or_tools,ortools,True,True,True,7,20036.0,4.995463132858276,1.0374231338500977,6.032886266708374,8295.848620495428,0.9959001945372664,pulp_cbc,mean_domain_loss,1846.713916087609,,180,60,True,8295.848620495428,8316.617424477572,9916.867451961063,9925.630118934274,2776.887498887992,8330.0000061,21882.71391608761,22769.15103084227,24188.093809402115,611.5580752882416,1158.0557936589523,0.3069014084507042,1394.8905756888705,1846.713916087609,0.0,1846.713916087609,1846.713916087609,0.0
X-n143-k7,142,grocery,ortools:proxy_mean_scaled_seed109_or_tools,proxy_mean_scaled_seed109_or_tools,ortools,True,True,True,7,18802.0,4.997038125991821,1.002889633178711,5.999927759170532,8288.349999999999,0.9949999999999998,pulp_cbc,mean_domain_loss,1846.905578733893,,180,60,True,8295.848620495428,8316.617424477572,9916.867451961063,9925.630118934274,2775.875887469189,8330.000002700002,20648.90557873389,21527.357613549837,22959.734641046223,611.74947871284,1150.5783528197298,0.3079577464788732,1395.0819757134686,1846.905578733893,0.0,1846.905578733893,1846.713916087609,0.00010378578111870242
X-n143-k7,142,grocery,ortools:proxy_mean_scaled_or_tools,proxy_mean_scaled_or_tools,ortools,True,True,True,7,18747.0,5.000169515609741,1.068744659423828,6.068914175033569,8288.349999999999,0.9949999999999998,pulp_cbc,mean_domain_loss,1847.791906050905,,180,60,True,8295.848620495428,8316.617424477572,9916.867451961063,9925.630118934274,2777.021940257116,8330.000019100002,20594.79190605091,21474.72251070397,22907.676261939163,612.2974354665491,1157.348522384513,0.3085211267605633,1395.629948867178,1847.791906050905,0.0,1847.791906050905,1846.713916087609,0.0005837341419832764
X-n143-k7,142,grocery,ortools:quantile_p75_scaled_seed107_or_tools,quantile_p75_scaled_seed107_or_tools,ortools,True,True,True,7,18166.0,5.00028395652771,1.0898947715759275,6.090178728103638,8288.35,0.995,pulp_cbc,mean_domain_loss,1848.9716918324891,,180,60,True,8295.848620495428,8316.617424477572,9916.867451961063,9925.630118934274,2777.667678116125,8330.0000218,20014.97169183249,20883.405301721978,22327.99190981828,612.4804807580639,1154.5791635115586,0.3085915492957746,1395.8129968586932,1848.9716918324891,0.0,1848.9716918324891,1846.713916087609,0.001222590962905244
X-n143-k7,142,grocery,ortools:quantile_p75_scaled_or_tools,quantile_p75_scaled_or_tools,ortools,True,True,True,7,18056.0,5.002080678939819,1.110008955001831,6.11208963394165,8288.35,0.995,pulp_cbc,mean_domain_loss,1849.7784017116253,,180,60,True,8295.848620495428,8316.617424477572,9916.867451961063,9925.630118934274,2777.4710927117644,8330.000022600001,19905.77840171163,20778.608931101626,22219.02682451986,612.9015874673879,1156.853457449025,0.3097887323943662,1396.2341043680167,1849.7784017116253,0.0,1849.7784017116253,1846.713916087609,0.0016594262908402005
X-n143-k7,142,grocery,ortools:robust_mean_1std_scaled_seed113_or_tools,robust_mean_1std_scaled_seed113_or_tools,ortools,True,True,True,7,18450.0,4.999038219451904,1.1670408248901367,6.166079044342041,8288.350000000002,0.9950000000000002,pulp_cbc,mean_domain_loss,1851.1452918802968,,180,60,True,8295.848620495428,8316.617424477572,9916.867451961063,9925.630118934274,2779.1487798024496,8330.0000078,20301.145291880297,21167.397603112488,22611.503710289213,613.2218719646702,1148.5678118285923,0.3095774647887324,1396.5543740652993,1851.1452918802968,0.0,1851.1452918802968,1846.713916087609,0.002399600584629755
X-n143-k7,142,grocery,ortools:robust_mean_1std_scaled_or_tools,robust_mean_1std_scaled_or_tools,ortools,True,True,True,7,18403.0,4.999201059341431,1.0663166046142578,6.0655176639556885,8288.350000000002,0.9950000000000002,pulp_cbc,mean_domain_loss,1851.459304459925,,180,60,True,8295.848620495428,8316.617424477572,9916.867451961063,9925.630118934274,2778.1862926920458,8330.0000123,20254.459304459928,21122.2877054674,22559.526218585357,613.3489331597535,1153.715614872658,0.3097887323943662,1396.681439760382,1851.459304459925,0.0,1851.459304459925,1846.713916087609,0.0025696391471232653
X-n143-k7,142,grocery,ortools:quantile_p90_scaled_or_tools,quantile_p90_scaled_or_tools,ortools,True,True,True,7,18642.0,5.000194787979126,1.0439441204071045,6.044138908386231,8288.35,0.995,pulp_cbc,mean_domain_loss,1852.938186419186,,180,60,True,8295.848620495428,8316.617424477572,9916.867451961063,9925.630118934274,2781.650194339146,8329.9999993,20494.938186419186,21365.48291257112,22800.82060367592,614.1205184226851,1149.6705486595597,0.3127464788732394,1397.4530120233142,1852.938186419186,0.0,1852.938186419186,1846.713916087609,0.0033704572632254075
X-n143-k7,142,grocery,ortools:robust_mean_2std_scaled_or_tools,robust_mean_2std_scaled_or_tools,ortools,True,True,True,7,18906.0,5.005316257476807,0.98108172416687,5.986397981643677,8288.35,0.995,pulp_cbc,mean_domain_loss,1862.3929892855904,,180,60,True,8295.848620495428,8316.617424477572,9916.867451961063,9925.630118934274,2791.9410671911287,8329.9999852,20768.39298928559,21635.440893671457,23095.59673059976,617.7790603234992,1186.114987228951,0.3126760563380282,1401.111539824128,1862.3929892855904,0.0,1862.3929892855904,1846.713916087609,0.008490255616418661
X-n162-k11,161,atm,ortools:nominal_or_tools,nominal_or_tools,ortools,True,True,True,11,14799.0,4.994436979293823,1.1331307888031006,6.127567768096924,12194.0,0.9442465541273036,pulp_cbc,mean_domain_loss,4815.576575626586,,180,60,True,14041.602423680102,14059.25864279868,17116.69937454782,17172.81426272881,12187.46619869358,12913.99999,19614.576575626583,22903.230517339038,26270.25607407974,1228.5435367861394,2130.114640664357,0.4003726708074534,1735.0246155523332,4815.576575626586,0.0,4815.576575626586,4815.576575626586,0.0
X-n162-k11,161,cargo,ortools:nominal_or_tools,nominal_or_tools,ortools,True,True,True,11,14799.0,4.994436979293823,1.1215856075286863,6.11602258682251,12194.0,0.9442465541273036,pulp_cbc,mean_domain_loss,3661.7074902174654,,180,60,True,14041.602423680102,14059.25864279868,17116.69937454782,17172.81426272881,11085.541692403229,12914.000009,18460.707490217468,21008.98892420846,23574.66504764434,1252.2360304643207,2152.1801099420727,0.4085093167701863,1758.7171282305142,3661.7074902174654,0.0,3661.7074902174654,3661.7074902174654,0.0
X-n162-k11,161,cold_chain,ortools:nominal_or_tools,nominal_or_tools,ortools,True,True,True,11,14799.0,4.994436979293823,1.2480242252349854,6.242461204528809,12194.0,0.9442465541273036,pulp_cbc,mean_domain_loss,4726.172248459723,,180,60,True,14041.602423680102,14059.25864279868,17116.69937454782,17172.81426272881,12575.042900702343,12913.999961,21918.516629208934,23770.23902811949,26018.48811481085,1237.1936827554364,2136.7131353555105,0.3942857142857143,1743.6747325216304,4726.172248459723,2393.3443807492167,4726.172248459723,4726.172248459723,0.0
X-n162-k11,161,cold_chain,ortools:nominal_seed103_or_tools,nominal_seed103_or_tools,ortools,True,True,True,11,14821.0,5.007380962371826,0.8208150863647461,5.828196048736572,12194.0,0.9442465541273036,pulp_cbc,mean_domain_loss,4761.688043773404,,180,60,True,14041.602423680102,14059.25864279868,17116.69937454782,17172.81426272881,12633.759467245469,12870.516057,21952.324720431432,23882.461522282847,26090.15755175573,1258.9721971696497,2171.4256343851384,0.398695652173913,1721.969342935843,4761.688043773404,2369.636676658025,4761.688043773404,4726.172248459723,0.007514706076414389
X-n162-k11,161,grocery,ortools:nominal_or_tools,nominal_or_tools,ortools,True,True,True,11,14799.0,4.994436979293823,1.3019070625305176,6.296344041824341,12194.0,0.9442465541273036,pulp_cbc,mean_domain_loss,3213.922116205976,,180,60,True,14041.602423680102,14059.25864279868,17116.69937454782,17172.81426272881,5721.170901380655,12913.999993,18012.922116205977,19548.813723352323,21259.90212961466,1229.6194824537952,2133.3422478339885,0.3975776397515528,1736.1005642199889,3213.922116205976,0.0,3213.922116205976,3213.922116205976,0.0
X-n167-k10,166,atm,ortools:robust_mean_1std_scaled_seed113_or_tools,robust_mean_1std_scaled_seed113_or_tools,ortools,True,True,True,10,22558.0,5.00585412979126,1.2068355083465576,6.212689638137817,1323.35,0.995,pulp_cbc,mean_domain_loss,443.57169432582623,,180,60,True,1338.4496844448638,1339.8281173836035,1575.9630876437734,1578.5498416441526,850.0595237147869,1330.0000002000002,23001.571694325827,23375.68463463941,23583.84269647236,112.61701322242384,217.17407086535545,0.3768072289156626,181.48962105948485,443.57169432582623,0.0,443.57169432582623,443.57169432582623,0.0
X-n167-k10,166,atm,ortools:proxy_mean_scaled_seed109_or_tools,proxy_mean_scaled_seed109_or_tools,ortools,True,True,True,10,22790.0,4.996606826782227,1.273087501525879,6.2696943283081055,1323.35,0.995,pulp_cbc,mean_domain_loss,444.2947175780545,,180,60,True,1338.4496844448638,1339.8281173836035,1575.9630876437734,1578.5498416441526,848.8208375494386,1329.9999991,23234.294717578054,23608.086053720748,23816.377014985705,112.5868945310257,216.85901907491265,0.3739759036144578,181.4595012680868,444.2947175780545,0.0,444.2947175780545,443.57169432582623,0.001630003134729213
X-n167-k10,166,cargo,ortools:robust_mean_1std_scaled_seed113_or_tools,robust_mean_1std_scaled_seed113_or_tools,ortools,True,True,True,10,22558.0,5.00585412979126,1.2353718280792236,6.241225957870483,1323.35,0.995,pulp_cbc,mean_domain_loss,333.1214998580355,,180,60,True,1338.4496844448638,1339.8281173836035,1575.9630876437734,1578.5498416441526,763.1216991309101,1330.0000020000002,22891.12149985804,23173.448875859896,23338.761176378342,113.39291239214442,217.5033952264013,0.3760843373493976,182.2655220292055,333.1214998580355,0.0,333.1214998580355,333.1214998580355,0.0
X-n167-k10,166,cargo,ortools:proxy_mean_scaled_seed109_or_tools,proxy_mean_scaled_seed109_or_tools,ortools,True,True,True,10,22790.0,4.996606826782227,1.128445386886597,6.125052213668823,1323.35,0.995,pulp_cbc,mean_domain_loss,335.5475426773219,,180,60,True,1338.4496844448638,1339.8281173836035,1575.9630876437734,1578.5498416441526,764.797356286899,1329.9999997999998,23125.547542677326,23413.97972710297,23574.14544792669,113.0713431390837,217.68977468956095,0.3731927710843373,181.9439505761448,335.5475426773219,0.0,335.5475426773219,333.1214998580355,0.007282756652813766
X-n167-k10,166,cold_chain,ortools:robust_mean_1std_scaled_seed113_or_tools,robust_mean_1std_scaled_seed113_or_tools,ortools,True,True,True,10,22558.0,5.00585412979126,1.221670150756836,6.227524280548096,1323.35,0.995,pulp_cbc,mean_domain_loss,448.8709779242532,,180,60,True,1338.4496844448638,1339.8281173836035,1575.9630876437734,1578.5498416441526,1003.0314305104326,1330.0,23249.55101040475,23468.00981151908,23595.232435913396,112.96182990595324,217.271773707719,0.3717469879518072,181.83443754301436,448.8709779242532,242.6800324804928,448.8709779242532,448.8709779242532,0.0
X-n167-k10,166,cold_chain,ortools:proxy_mean_scaled_seed109_or_tools,proxy_mean_scaled_seed109_or_tools,ortools,True,True,True,10,22790.0,4.996606826782227,1.262589693069458,6.259196519851685,1323.35,0.995,pulp_cbc,mean_domain_loss,451.7616897596644,,180,60,True,1338.4496844448638,1339.8281173836035,1575.9630876437734,1578.5498416441526,1006.6684064405316,1330.0,23489.514275086945,23700.19180635603,23835.397077965525,113.43630647106149,215.85134980415336,0.3672289156626506,182.30891410812248,451.7616897596644,247.7525853272788,451.7616897596644,448.8709779242532,0.006439961542577168
X-n167-k10,166,grocery,ortools:robust_mean_1std_scaled_seed113_or_tools,robust_mean_1std_scaled_seed113_or_tools,ortools,True,True,True,10,22558.0,5.00585412979126,1.2203426361083984,6.226196765899658,1323.35,0.995,pulp_cbc,mean_domain_loss,303.30028328423714,,180,60,True,1338.4496844448638,1339.8281173836035,1575.9630876437734,1578.5498416441526,424.4579198122792,1329.9999993,22861.300283284243,23038.06990294911,23139.65449216555,112.4312514062147,217.06014526593472,0.3751204819277108,181.3038583432757,303.30028328423714,0.0,303.30028328423714,303.30028328423714,0.0
X-n167-k10,166,grocery,ortools:proxy_mean_scaled_seed109_or_tools,proxy_mean_scaled_seed109_or_tools,ortools,True,True,True,10,22790.0,4.996606826782227,1.2864840030670166,6.283090829849243,1323.35,0.995,pulp_cbc,mean_domain_loss,303.4585092731841,,180,60,True,1338.4496844448638,1339.8281173836035,1575.9630876437734,1578.5498416441526,423.5993198167758,1329.999999,23093.458509273183,23269.203447915246,23371.239652260305,112.4035646350344,216.7203919120805,0.3713253012048192,181.27617127209544,303.4585092731841,0.0,303.4585092731841,303.30028328423714,0.0005216809797658511
X-n181-k23,180,atm,ortools:quantile_p75_scaled_seed107_or_tools,quantile_p75_scaled_seed107_or_tools,ortools,True,True,True,23,26255.0,5.000982999801636,1.5289130210876465,6.529896020889282,183.08000000000004,0.9950000000000002,pulp_cbc,mean_domain_loss,75.5893669804617,,180,60,True,197.95924832567653,198.6785845016122,228.80907667940576,229.20917736249467,158.06056568742906,184.00000022,26330.589366980465,26383.024181172324,26450.403053747454,19.80799910640391,34.71836346530957,0.4266111111111111,21.603346770508416,75.5893669804617,0.0,75.5893669804617,75.5893669804617,0.0
X-n181-k23,180,atm,ortools:robust_mean_1std_scaled_seed113_or_tools,robust_mean_1std_scaled_seed113_or_tools,ortools,True,True,True,23,26185.0,5.000020265579224,1.4213008880615234,6.421321153640747,183.08000000000004,0.9950000000000002,pulp_cbc,mean_domain_loss,75.87161793340744,,180,60,True,197.95924832567653,198.6785845016122,228.80907667940576,229.20917736249467,159.01143293397914,184.00000008,26260.871617933408,26314.311090097184,26380.51943984721,19.92368113552081,34.643166761475555,0.4358888888888889,21.719028659625323,75.87161793340744,0.0,75.87161793340744,75.5893669804617,0.0037340033951956063
X-n181-k23,180,cargo,ortools:quantile_p75_scaled_seed107_or_tools,quantile_p75_scaled_seed107_or_tools,ortools,True,True,True,23,26255.0,5.000982999801636,1.3528308868408203,6.353813886642456,183.08000000000004,0.9950000000000002,pulp_cbc,mean_domain_loss,57.482577926018486,,180,60,True,197.95924832567653,198.6785845016122,228.80907667940576,229.20917736249467,144.33978298318755,183.99999951,26312.482577926017,26354.776197299943,26404.542015584677,19.91603086795269,35.043674443156355,0.4287222222222222,21.711377822057205,57.482577926018486,0.0,57.482577926018486,57.482577926018486,0.0
X-n181-k23,180,cargo,ortools:robust_mean_1std_scaled_seed113_or_tools,robust_mean_1std_scaled_seed113_or_tools,ortools,True,True,True,23,26185.0,5.000020265579224,2.031599760055542,7.031620025634766,183.08000000000004,0.9950000000000002,pulp_cbc,mean_domain_loss,57.80733826695028,,180,60,True,197.95924832567653,198.6785845016122,228.80907667940576,229.20917736249467,145.28582001243112,184.00000022,26242.80733826695,26285.038908407547,26334.94795527992,20.026620701759512,34.77360442444844,0.4350555555555555,21.82196836586403,57.80733826695028,0.0,57.80733826695028,57.482577926018486,0.005649717751868588
X-n181-k23,180,cold_chain,ortools:quantile_p75_scaled_seed107_or_tools,quantile_p75_scaled_seed107_or_tools,ortools,True,True,True,23,26255.0,5.000982999801636,1.278658390045166,6.279641389846802,183.08000000000004,0.9950000000000002,pulp_cbc,mean_domain_loss,69.40891443041494,,180,60,True,197.95924832567653,198.6785845016122,228.80907667940576,229.20917736249467,164.8841809777404,184.00000006,26357.49487708177,26387.35793077293,26433.802984662896,19.821082064790083,34.795050584920475,0.4261111111111111,21.6164295688946,69.40891443041494,33.085962651351984,69.40891443041494,69.40891443041494,0.0
X-n181-k23,180,cold_chain,ortools:robust_mean_1std_scaled_seed113_or_tools,robust_mean_1std_scaled_seed113_or_tools,ortools,True,True,True,23,26185.0,5.000020265579224,1.3264975547790527,6.326517820358276,183.08000000000004,0.9950000000000002,pulp_cbc,mean_domain_loss,69.84595583784973,,180,60,True,197.95924832567653,198.6785845016122,228.80907667940576,229.20917736249467,165.89990780245452,184.00000025,26288.045880160476,26318.5225765694,26364.291787107883,19.9717468628604,34.70666830726595,0.4343333333333333,21.767094556964903,69.84595583784973,33.19992432261303,69.84595583784973,69.40891443041494,0.006296617819501285
X-n181-k23,180,grocery,ortools:quantile_p75_scaled_seed107_or_tools,quantile_p75_scaled_seed107_or_tools,ortools,True,True,True,23,26255.0,5.000982999801636,1.2802131175994873,6.281196117401123,183.08000000000004,0.9950000000000002,pulp_cbc,mean_domain_loss,48.367021214852095,,180,60,True,197.95924832567653,198.6785845016122,228.80907667940576,229.20917736249467,74.11616984425967,184.00000019,26303.367021214854,26327.92314247595,26363.030564953147,19.767014887174074,34.75272456671374,0.4263888888888889,21.562362521278587,48.367021214852095,0.0,48.367021214852095,48.367021214852095,0.0
X-n181-k23,180,grocery,ortools:robust_mean_1std_scaled_seed113_or_tools,robust_mean_1std_scaled_seed113_or_tools,ortools,True,True,True,23,26185.0,5.000020265579224,1.9860014915466309,6.986021757125855,183.08000000000004,0.9950000000000002,pulp_cbc,mean_domain_loss,48.449855058303626,,180,60,True,197.95924832567653,198.6785845016122,228.80907667940576,229.20917736249467,74.66392646636398,183.99999942,26233.44985505832,26258.310057950297,26293.116345976567,19.865587558150768,34.68152599798328,0.4345555555555555,21.66093442225528,48.449855058303626,0.0,48.449855058303626,48.367021214852095,0.0017126099844680081
X-n186-k15,185,atm,ortools:nominal_seed103_or_tools,nominal_seed103_or_tools,ortools,True,True,True,15,26466.0,5.000753879547119,1.855189323425293,6.855943202972412,13853.0,0.948186173853525,pulp_cbc,mean_domain_loss,5778.326281704928,,180,60,True,15309.918049106676,15348.692003297172,18004.971786960705,18023.35742731036,11566.681205932491,14610.000012,32244.326281704925,38184.90321673186,43498.02694713236,1473.9243333231466,3144.793098379691,0.3857297297297297,2098.398137600407,5778.326281704928,0.0,5778.326281704928,5778.326281704928,0.0
X-n186-k15,185,cargo,ortools:nominal_seed103_or_tools,nominal_seed103_or_tools,ortools,True,True,True,15,26466.0,5.000753879547119,1.6182034015655518,6.618957281112671,13853.0,0.948186173853525,pulp_cbc,mean_domain_loss,4391.589358851886,,180,60,True,15309.918049106676,15348.692003297172,18004.971786960705,18023.35742731036,10514.98606145589,14610.000032,30857.58935885188,35488.395017631294,39504.50846831729,1477.8506845502195,3144.026060069104,0.3843243243243243,2102.3245088274803,4391.589358851886,0.0,4391.589358851886,4391.589358851886,0.0
X-n186-k15,185,cold_chain,ortools:nominal_seed103_or_tools,nominal_seed103_or_tools,ortools,True,True,True,15,26466.0,5.000753879547119,1.582275629043579,6.583029508590698,13853.0,0.948186173853525,pulp_cbc,mean_domain_loss,5618.8257514309325,,180,60,True,15309.918049106676,15348.692003297172,18004.971786960705,18023.35742731036,12586.363553424228,14541.915536,34772.917499021045,38150.58029659102,41937.3365051566,1484.7589424199,3143.4693836956994,0.3831891891891892,2041.1482706971603,5618.8257514309325,2688.0917475901147,5618.8257514309325,5618.8257514309325,0.0
X-n186-k15,185,grocery,ortools:nominal_seed103_or_tools,nominal_seed103_or_tools,ortools,True,True,True,15,26466.0,5.000753879547119,1.646758794784546,6.647512674331665,13853.0,0.948186173853525,pulp_cbc,mean_domain_loss,3839.994739193153,,180,60,True,15309.918049106676,15348.692003297172,18004.971786960705,18023.35742731036,5581.42806347196,14581.667372,30305.99473919316,33068.18338640818,35902.367876051845,1475.0230286701565,3142.394194532448,0.3848108108108108,2071.164192947417,3839.994739193153,0.0,3839.994739193153,3839.994739193153,0.0
X-n190-k8,189,atm,ortools:robust_mean_1std_scaled_or_tools,robust_mean_1std_scaled_or_tools,ortools,True,True,True,8,18347.0,4.999847412109375,1.339967966079712,6.339815378189087,1098.4799999999996,0.9949999999999996,pulp_cbc,mean_domain_loss,486.7975107867703,,180,60,True,1163.1102271100574,1164.541932744727,1415.5336601339425,1417.944225661104,925.0354988030278,1104.00000142,18833.79751078677,19279.05887083007,19709.1121305144,123.8399555855021,246.1561657576136,0.4202645502645503,147.7317027086958,486.7975107867703,0.0,486.7975107867703,486.7975107867703,0.0
X-n190-k8,189,atm,ortools:robust_mean_1std_scaled_seed113_or_tools,robust_mean_1std_scaled_seed113_or_tools,ortools,True,True,True,8,18359.0,5.001445770263672,1.4308104515075684,6.43225622177124,1098.4799999999996,0.9949999999999996,pulp_cbc,mean_domain_loss,486.88940488429216,,180,60,True,1163.1102271100574,1164.541932744727,1415.5336601339425,1417.944225661104,925.0102076936604,1104.00000154,18845.88940488429,19288.17099703965,19720.377296953684,123.96068839551792,245.2043329817269,0.4218518518518518,147.85243563871157,486.88940488429216,0.0,486.88940488429216,486.7975107867703,0.00018877273503992238
X-n190-k8,189,atm,ortools:quantile_p90_scaled_or_tools,quantile_p90_scaled_or_tools,ortools,True,True,True,8,18321.0,4.999316692352295,1.5961897373199463,6.595506429672241,1098.48,0.995,pulp_cbc,mean_domain_loss,487.9903043286751,,180,60,True,1163.1102271100574,1164.541932744727,1415.5336601339425,1417.944225661104,925.1753404829692,1103.99999825,18808.99030432868,19249.274126694527,19682.29061739093,124.17577260868816,244.7784454303105,0.4212698412698413,148.06751656188186,487.9903043286751,0.0,487.9903043286751,486.7975107867703,0.002450286855364109
X-n190-k8,189,cargo,ortools:robust_mean_1std_scaled_or_tools,robust_mean_1std_scaled_or_tools,ortools,True,True,True,8,18347.0,4.999847412109375,1.5126402378082275,6.5124876499176025,1098.4799999999996,0.9949999999999996,pulp_cbc,mean_domain_loss,366.3573426887777,,180,60,True,1163.1102271100574,1164.541932744727,1415.5336601339425,1417.944225661104,834.5623696522338,1104.00000137,18713.35734268878,19058.23533156876,19381.32704611999,124.11629725612396,246.1460293015799,0.4159259259259259,148.00804432931764,366.3573426887777,0.0,366.3573426887777,366.3573426887777,0.0
X-n190-k8,189,cargo,ortools:robust_mean_1std_scaled_seed113_or_tools,robust_mean_1std_scaled_seed113_or_tools,ortools,True,True,True,8,18359.0,5.001445770263672,1.4726731777191162,6.474118947982788,1098.4799999999996,0.9949999999999996,pulp_cbc,mean_domain_loss,366.5603333768666,,180,60,True,1163.1102271100574,1164.541932744727,1415.5336601339425,1417.944225661104,834.1711441602698,1104.0000001300002,18725.56033337687,19071.755610158485,19392.54372227398,124.24934145392136,245.31200801696664,0.4164021164021164,148.14108728711506,366.5603333768666,0.0,366.5603333768666,366.3573426887777,0.0005540783940594977
X-n190-k8,189,cargo,ortools:quantile_p90_scaled_or_tools,quantile_p90_scaled_or_tools,ortools,True,True,True,8,18321.0,4.999316692352295,1.6344773769378662,6.633794069290161,1098.48,0.995,pulp_cbc,mean_domain_loss,366.8287025922032,,180,60,True,1163.1102271100574,1164.541932744727,1415.5336601339425,1417.944225661104,835.2963979786297,1104.0000006300002,18687.828702592204,19028.53223397603,19354.266505521045,124.14327614725649,243.87029687957835,0.4175132275132275,148.03502248045015,366.8287025922032,0.0,366.8287025922032,366.3573426887777,0.001286612409529082
X-n190-k8,189,cold_chain,ortools:robust_mean_1std_scaled_or_tools,robust_mean_1std_scaled_or_tools,ortools,True,True,True,8,18347.0,4.999847412109375,1.388413667678833,6.388261079788208,1098.4799999999996,0.9949999999999996,pulp_cbc,mean_domain_loss,461.1411929323377,,180,60,True,1163.1102271100574,1164.541932744727,1415.5336601339425,1417.944225661104,1009.9914191375104,1104.0000011000002,19023.38724823743,19280.95831342806,19585.69566816088,124.01084418604418,244.9125030394224,0.4113756613756614,147.90259098923786,461.1411929323377,215.2460553050928,461.1411929323377,461.1411929323377,0.0
X-n190-k8,189,cold_chain,ortools:quantile_p90_scaled_or_tools,quantile_p90_scaled_or_tools,ortools,True,True,True,8,18321.0,4.999316692352295,1.4418768882751465,6.441193580627441,1098.48,0.995,pulp_cbc,mean_domain_loss,461.8721033360076,,180,60,True,1163.1102271100574,1164.541932744727,1415.5336601339425,1417.944225661104,1003.979344822736,1104.0000045000002,18992.32252451869,19244.60745430735,19551.22468732017,124.41100860990072,245.5581642410478,0.4116931216931216,148.30275881309444,461.8721033360076,209.45042118268563,461.8721033360076,461.1411929323377,0.0015850034975669531
X-n190-k8,189,cold_chain,ortools:robust_mean_1std_scaled_seed113_or_tools,robust_mean_1std_scaled_seed113_or_tools,ortools,True,True,True,8,18359.0,5.001445770263672,1.5170037746429443,6.518449544906616,1098.4799999999996,0.9949999999999996,pulp_cbc,mean_domain_loss,462.0063978253231,,180,60,True,1163.1102271100574,1164.541932744727,1415.5336601339425,1417.944225661104,1012.1809119732452,1103.9999982,19038.039212247622,19294.8561914796,19599.312674467707,124.27177726335508,246.9751502652498,0.4104232804232804,148.1635211665488,462.0063978253231,217.0328144223004,462.0063978253231,461.1411929323377,0.0018762255600800245
X-n190-k8,189,cold_chain,ortools:quantile_p75_scaled_seed107_or_tools,quantile_p75_scaled_seed107_or_tools,ortools,True,True,True,8,18230.0,5.000637769699097,1.37491774559021,6.375555515289307,1098.48,0.995,pulp_cbc,mean_domain_loss,464.7130327619007,,180,60,True,1163.1102271100574,1164.541932744727,1415.5336601339425,1417.944225661104,1010.1238219189556,1103.99999968,18908.089436820253,19163.088915337008,19470.02443658077,124.94426435793432,246.43515075760112,0.4076719576719577,148.836009741128,464.7130327619007,213.3764040583549,464.7130327619007,461.1411929323377,0.007745653358031542
X-n190-k8,189,cold_chain,ortools:quantile_p75_scaled_or_tools,quantile_p75_scaled_or_tools,ortools,True,True,True,8,18293.0,4.999696493148804,1.5173931121826172,6.517089605331421,1098.48,0.995,pulp_cbc,mean_domain_loss,464.8470337764397,,180,60,True,1163.1102271100574,1164.541932744727,1415.5336601339425,1417.944225661104,1011.9473369668734,1104.0000013,18972.774729981284,19228.66849841284,19532.93554375333,124.90623983985728,246.27749136100417,0.4088359788359788,148.79798684305098,464.8470337764397,214.92769620484248,464.8470337764397,461.1411929323377,0.008036239010739927
X-n190-k8,189,grocery,ortools:robust_mean_1std_scaled_or_tools,robust_mean_1std_scaled_or_tools,ortools,True,True,True,8,18347.0,4.999847412109375,1.502608060836792,6.502455472946167,1098.4799999999996,0.9949999999999996,pulp_cbc,mean_domain_loss,316.5356045261514,,180,60,True,1163.1102271100574,1164.541932744727,1415.5336601339425,1417.944225661104,442.6805005854416,1103.9999991600002,18663.53560452615,18871.33342823172,19101.45789321341,123.91005098782853,246.0422715889854,0.4185185185185185,147.80179585102218,316.5356045261514,0.0,316.5356045261514,316.5356045261514,0.0
X-n190-k8,189,grocery,ortools:robust_mean_1std_scaled_seed113_or_tools,robust_mean_1std_scaled_seed113_or_tools,ortools,True,True,True,8,18359.0,5.001445770263672,1.417815923690796,6.419261693954468,1098.4799999999996,0.9949999999999996,pulp_cbc,mean_domain_loss,316.6509980488556,,180,60,True,1163.1102271100574,1164.541932744727,1415.5336601339425,1417.944225661104,442.77317853875024,1104.00000054,18675.65099804885,18883.21791872868,19112.742993804703,124.0025082866599,245.6697747675352,0.4209523809523809,147.89425452985358,316.6509980488556,0.0,316.6509980488556,316.5356045261514,0.00036455147874107864
X-n190-k8,189,grocery,ortools:quantile_p90_scaled_or_tools,quantile_p90_scaled_or_tools,ortools,True,True,True,8,18321.0,4.999316692352295,1.5149598121643066,6.514276504516602,1098.48,0.995,pulp_cbc,mean_domain_loss,317.0708756267097,,180,60,True,1163.1102271100574,1164.541932744727,1415.5336601339425,1417.944225661104,442.7954225751666,1103.99999952,18638.07087562671,18843.776126680357,19075.132854974137,124.16848550774904,245.3036899675364,0.4201058201058201,148.06023073094272,317.0708756267097,0.0,317.0708756267097,316.5356045261514,0.0016910296753491496
X-n190-k8,189,grocery,ortools:quantile_p75_scaled_or_tools,quantile_p75_scaled_or_tools,ortools,True,True,True,8,18293.0,4.999696493148804,1.397768497467041,6.397464990615845,1098.48,0.995,pulp_cbc,mean_domain_loss,318.32306412996803,,180,60,True,1163.1102271100574,1164.541932744727,1415.5336601339425,1417.944225661104,444.4221021680872,1104.00000125,18611.32306412997,18818.994861925905,19047.221427864028,124.57025842020845,245.67044593523104,0.4186243386243386,148.46200537340215,318.32306412996803,0.0,318.32306412996803,316.5356045261514,0.005646946435906988
X-n190-k8,189,grocery,ortools:quantile_p75_scaled_seed107_or_tools,quantile_p75_scaled_seed107_or_tools,ortools,True,True,True,8,18230.0,5.000637769699097,1.483748435974121,6.484386205673218,1098.48,0.995,pulp_cbc,mean_domain_loss,318.32569411737563,,180,60,True,1163.1102271100574,1164.541932744727,1415.5336601339425,1417.944225661104,444.2699450730773,1103.99999672,18548.32569411737,18755.40747926465,18986.134525579808,124.60176008625024,246.04759137421857,0.4171957671957672,148.49350250944394,318.32569411737563,0.0,318.32569411737563,316.5356045261514,0.005655255098092207
X-n204-k19,203,atm,ortools:nominal_seed101_or_tools,nominal_seed101_or_tools,ortools,True,True,True,19,21450.0,5.00185751914978,1.7686238288879397,6.77048134803772,15135.0,0.9528456308234702,pulp_cbc,mean_domain_loss,6612.442561468163,,180,60,True,16657.037292963792,16667.364983390977,19151.0805427942,19176.69172760544,11687.61690083825,15884.000009,28062.44256146816,34039.706435965774,40026.09865013864,1711.9969433315214,3396.6665551541746,0.4229556650246305,1994.97811241645,6612.442561468163,0.0,6612.442561468163,6612.442561468163,0.0
X-n204-k19,203,atm,ortools:nominal_or_tools,nominal_or_tools,ortools,True,True,True,19,21321.0,5.000798940658569,1.5856268405914309,6.58642578125,15135.0,0.9528456308234702,pulp_cbc,mean_domain_loss,6616.685628818983,,180,60,True,16657.037292963792,16667.364983390977,19151.0805427942,19176.69172760544,11679.56537066777,15883.999996,27937.685628818977,33777.1814713573,39908.82661752572,1711.3525875474172,3358.2503364632958,0.4197536945812808,1994.3337436323457,6616.685628818983,0.0,6616.685628818983,6612.442561468163,0.0006416792753021114
X-n204-k19,203,cargo,ortools:nominal_seed101_or_tools,nominal_seed101_or_tools,ortools,True,True,True,19,21450.0,5.00185751914978,1.8299427032470703,6.831800222396851,15135.0,0.9528456308234702,pulp_cbc,mean_domain_loss,5015.905329061885,,180,60,True,16657.037292963792,16667.364983390977,19151.0805427942,19176.69172760544,10474.373424669186,15884.000005999998,26465.90532906189,31026.50263204124,35608.90397645413,1720.4090171393825,3386.8647691657347,0.4217733990147783,2003.3901832243116,5015.905329061885,0.0,5015.905329061885,5015.905329061885,0.0
X-n204-k19,203,cargo,ortools:nominal_or_tools,nominal_or_tools,ortools,True,True,True,19,21321.0,5.000798940658569,1.7754056453704834,6.776204586029053,15135.0,0.9528456308234702,pulp_cbc,mean_domain_loss,5028.957495587457,,180,60,True,16657.037292963792,16667.364983390977,19151.0805427942,19176.69172760544,10468.75678969063,15883.999994000002,26349.95749558746,30933.10395261071,35498.212458922724,1720.4903052222528,3382.0949799241125,0.4193103448275862,2003.4714593071808,5028.957495587457,0.0,5028.957495587457,5015.905329061885,0.002602155676652901
X-n204-k19,203,cold_chain,ortools:nominal_or_tools,nominal_or_tools,ortools,True,True,True,19,21321.0,5.000798940658569,1.4354264736175537,6.436225414276123,15135.0,0.9528456308234702,pulp_cbc,mean_domain_loss,6186.367376960642,,180,60,True,16657.037292963792,16667.364983390977,19151.0805427942,19176.69172760544,12951.483167718245,15884.000012000002,30455.570946522534,33832.01540299277,38059.87623559375,1712.590640779937,3345.0853517041123,0.4156650246305419,1995.5718128648653,6186.367376960642,2948.2035695618933,6186.367376960642,6186.367376960642,0.0
X-n204-k19,203,cold_chain,ortools:nominal_seed101_or_tools,nominal_seed101_or_tools,ortools,True,True,True,19,21450.0,5.00185751914978,1.5108566284179688,6.512714147567749,15135.0,0.9528456308234702,pulp_cbc,mean_domain_loss,6188.924602666771,,180,60,True,16657.037292963792,16667.364983390977,19151.0805427942,19176.69172760544,12936.537423796157,15884.000008999998,30566.24581081176,34098.4155317464,38177.36209788644,1714.6983488505982,3392.8314785266634,0.4175369458128078,1997.679517935527,6188.924602666771,2927.3212081449897,6188.924602666771,6186.367376960642,0.0004133646694912068
X-n204-k19,203,grocery,ortools:nominal_or_tools,nominal_or_tools,ortools,True,True,True,19,21321.0,5.000798940658569,1.503725290298462,6.504524230957031,15135.0,0.9528456308234702,pulp_cbc,mean_domain_loss,4265.756337547114,,180,60,True,16657.037292963792,16667.364983390977,19151.0805427942,19176.69172760544,5740.573241539229,15884.000013,25586.75633754711,28370.659568766125,31557.281509044395,1710.3420510208691,3365.527033055913,0.4192118226600985,1993.3232241057976,4265.756337547114,0.0,4265.756337547114,4265.756337547114,0.0
X-n204-k19,203,grocery,ortools:nominal_seed101_or_tools,nominal_seed101_or_tools,ortools,True,True,True,19,21450.0,5.00185751914978,1.5331737995147705,6.535031318664551,15135.0,0.9528456308234702,pulp_cbc,mean_domain_loss,4266.583714303277,,180,60,True,16657.037292963792,16667.364983390977,19151.0805427942,19176.69172760544,5744.849347556064,15883.999989999998,25716.583714303262,28578.48865662188,31686.843884969014,1711.2855876879369,3401.6819911823623,0.4220197044334975,1994.2667377728656,4266.583714303277,0.0,4266.583714303277,4265.756337547114,0.00019395780975125555
X-n209-k16,208,atm,ortools:quantile_p75_scaled_or_tools,quantile_p75_scaled_or_tools,ortools,True,True,True,16,32977.0,5.000759363174439,1.1484146118164062,6.149173974990845,1607.92,0.995,pulp_cbc,mean_domain_loss,637.8894045413869,,180,60,True,1728.5373708196844,1732.707831817492,2088.5534407537966,2090.6974809885087,1372.5412483280318,1616.0000008000002,33614.88940454138,34108.88952843058,34635.957119566585,164.569628905614,305.57403876680326,0.4148076923076923,205.3184325106189,637.8894045413869,0.0,637.8894045413869,637.8894045413869,0.0
X-n209-k16,208,cargo,ortools:quantile_p75_scaled_or_tools,quantile_p75_scaled_or_tools,ortools,True,True,True,16,32977.0,5.000759363174439,1.2443995475769043,6.245158910751343,1607.92,0.995,pulp_cbc,mean_domain_loss,482.5122508752145,,180,60,True,1728.5373708196844,1732.707831817492,2088.5534407537966,2090.6974809885087,1243.9732027693776,1616.0000008,33459.51225087522,33835.39740980731,34238.84797934382,165.25658029646547,304.1715606080648,0.4133173076923077,206.00538390147037,482.5122508752145,0.0,482.5122508752145,482.5122508752145,0.0
X-n209-k16,208,cold_chain,ortools:quantile_p75_scaled_or_tools,quantile_p75_scaled_or_tools,ortools,True,True,True,16,32977.0,5.000759363174439,1.185831069946289,6.186590433120728,1607.92,0.995,pulp_cbc,mean_domain_loss,605.6372658704969,,180,60,True,1728.5373708196844,1732.707831817492,2088.5534407537966,2090.6974809885087,1454.1641727782514,1616.0000015,33880.4868771417,34160.00953843578,34516.28228905772,164.42007036760796,306.176395655044,0.4105288461538461,205.1688746726128,605.6372658704969,297.8496112712052,605.6372658704969,605.6372658704969,0.0
X-n209-k16,208,grocery,ortools:quantile_p75_scaled_or_tools,quantile_p75_scaled_or_tools,ortools,True,True,True,16,32977.0,5.000759363174439,1.2717556953430176,6.272515058517456,1607.92,0.995,pulp_cbc,mean_domain_loss,417.0369199489994,,180,60,True,1728.5373708196844,1732.707831817492,2088.5534407537966,2090.6974809885087,650.4840719819892,1615.9999982999998,33394.036919949,33621.02380156514,33895.30466079464,164.3370538234293,305.5669956304337,0.4125961538461538,205.0858549284342,417.0369199489994,0.0,417.0369199489994,417.0369199489994,0.0
X-n209-k16,208,grocery,ortools:proxy_mean_scaled_seed109_or_tools,proxy_mean_scaled_seed109_or_tools,ortools,True,True,True,16,33286.0,4.999741554260254,1.2962827682495115,6.296024322509766,1607.9200000000003,0.9950000000000002,pulp_cbc,mean_domain_loss,420.3748978626624,,180,60,True,1728.5373708196844,1732.707831817492,2088.5534407537966,2090.6974809885087,654.0233982520377,1615.9999984,33706.37489786266,33933.458832025026,34206.27536374388,165.74610121273088,306.7632869682,0.4116826923076923,206.4949024177357,420.3748978626624,0.0,420.3748978626624,417.0369199489994,0.008004034544642252
X-n223-k34,222,atm,ortools:robust_mean_1std_scaled_or_tools,robust_mean_1std_scaled_or_tools,ortools,True,True,True,34,47633.0,4.999718904495239,1.1795082092285156,6.179227113723755,1251.7100000000005,0.9950000000000002,pulp_cbc,mean_domain_loss,605.468509961756,,180,60,True,1378.2518636282953,1385.8779151195247,1599.402231662014,1602.47449459314,1259.9890101524925,1258.00000108,48238.46850996176,48702.41318129694,49221.71756516238,155.73458338918837,282.4448502762177,0.4545045045045045,151.99107179584848,605.468509961756,0.0,605.468509961756,605.468509961756,0.0
X-n223-k34,222,atm,ortools:quantile_p75_scaled_seed107_or_tools,quantile_p75_scaled_seed107_or_tools,ortools,True,True,True,34,44117.0,5.00199294090271,1.0614304542541504,6.06342339515686,1251.71,0.995,pulp_cbc,mean_domain_loss,605.7577612639852,,180,60,True,1378.2518636282953,1385.8779151195247,1599.402231662014,1602.47449459314,1261.119840042811,1258.0000003200005,44722.757761264,45183.60190208585,45703.26232691842,155.94624354897965,281.42692593604454,0.46,152.2027311956398,605.7577612639852,0.0,605.7577612639852,605.468509961756,0.0004777313724333709
X-n223-k34,222,atm,ortools:quantile_p75_scaled_or_tools,quantile_p75_scaled_or_tools,ortools,True,True,True,34,46188.0,5.004038333892822,1.1929852962493896,6.197023630142212,1251.71,0.995,pulp_cbc,mean_domain_loss,609.4457255119975,,180,60,True,1378.2518636282953,1385.8779151195247,1599.402231662014,1602.47449459314,1262.787094074401,1258.00000021,46797.445725512,47261.09013697496,47781.64294399975,156.6439783080025,285.45805381988987,0.4541441441441441,152.90046584466262,609.4457255119975,0.0,609.4457255119975,605.468509961756,0.006568823125900753
X-n223-k34,222,cargo,ortools:robust_mean_1std_scaled_or_tools,robust_mean_1std_scaled_or_tools,ortools,True,True,True,34,47633.0,4.999718904495239,1.2643468379974363,6.264065742492676,1251.7100000000005,0.9950000000000002,pulp_cbc,mean_domain_loss,453.2221092278894,,180,60,True,1378.2518636282953,1385.8779151195247,1599.402231662014,1602.47449459314,1133.9010321173682,1258.00000022,48086.2221092279,48435.60582672568,48830.767534054256,155.86393391692275,282.5239361824813,0.4399549549549549,152.1204214635829,453.2221092278894,0.0,453.2221092278894,453.2221092278894,0.0
X-n223-k34,222,cargo,ortools:quantile_p75_scaled_seed107_or_tools,quantile_p75_scaled_seed107_or_tools,ortools,True,True,True,34,44117.0,5.00199294090271,1.1802124977111816,6.182205438613892,1251.71,0.995,pulp_cbc,mean_domain_loss,453.7841506081573,,180,60,True,1378.2518636282953,1385.8779151195247,1599.402231662014,1602.47449459314,1134.8960102964345,1258.00000079,44570.78415060815,44918.36683642017,45313.60216376686,156.2862881623195,281.83031075133675,0.4515765765765765,152.5427762789796,453.7841506081573,0.0,453.7841506081573,453.2221092278894,0.001240101417879593
X-n223-k34,222,cargo,ortools:quantile_p75_scaled_or_tools,quantile_p75_scaled_or_tools,ortools,True,True,True,34,46188.0,5.004038333892822,1.3972225189208984,6.401260852813721,1251.71,0.995,pulp_cbc,mean_domain_loss,456.1308754746471,,180,60,True,1378.2518636282953,1385.8779151195247,1599.402231662014,1602.47449459314,1136.7012489344877,1257.9999996,46644.13087547466,46995.54936066893,47390.0643596066,156.76848976739606,285.5626723744382,0.4447297297297297,153.02497669405622,456.1308754746471,0.0,456.1308754746471,453.2221092278894,0.006417970764297171
X-n223-k34,222,cold_chain,ortools:robust_mean_1std_scaled_or_tools,robust_mean_1std_scaled_or_tools,ortools,True,True,True,34,47633.0,4.999718904495239,1.1084167957305908,6.10813570022583,1251.7100000000005,0.9950000000000002,pulp_cbc,mean_domain_loss,550.1291828704235,,180,60,True,1378.2518636282953,1385.8779151195247,1599.402231662014,1602.47449459314,1292.5685490313872,1257.99999961,48424.999761371975,48684.445882804896,49064.26089399091,155.79202578393782,282.36922328321214,0.4450900900900901,152.04851272059793,550.1291828704235,241.87057850154997,550.1291828704235,550.1291828704235,0.0
X-n223-k34,222,cold_chain,ortools:quantile_p75_scaled_seed107_or_tools,quantile_p75_scaled_seed107_or_tools,ortools,True,True,True,34,44117.0,5.00199294090271,1.1943049430847168,6.196297883987427,1251.71,0.995,pulp_cbc,mean_domain_loss,550.5376409523228,,180,60,True,1378.2518636282953,1385.8779151195247,1599.402231662014,1602.47449459314,1284.5349569722837,1257.99999823,44900.584650752295,45158.60540181384,45538.28475872554,156.1528862501361,282.55066068777245,0.4527027027027027,152.40937180679626,550.5376409523228,233.04700979995891,550.5376409523228,550.1291828704235,0.000742476666604177
X-n223-k34,222,cold_chain,ortools:quantile_p75_scaled_or_tools,quantile_p75_scaled_or_tools,ortools,True,True,True,34,46188.0,5.004038333892822,1.2101154327392578,6.21415376663208,1251.71,0.995,pulp_cbc,mean_domain_loss,553.2680964432004,,180,60,True,1378.2518636282953,1385.8779151195247,1599.402231662014,1602.47449459314,1289.4559238295103,1257.99999974,46977.95558297447,47233.94338149679,47618.92282447281,156.76444939514232,284.9792565693462,0.4483783783783784,153.02093646180242,553.2680964432004,236.68748653127085,553.2680964432004,550.1291828704235,0.0057057754260534275
X-n223-k34,222,cold_chain,ortools:proxy_mean_scaled_seed109_or_tools,proxy_mean_scaled_seed109_or_tools,ortools,True,True,True,34,44102.0,5.000697135925293,1.131627082824707,6.13232421875,1251.71,0.995,pulp_cbc,mean_domain_loss,555.1716762112185,,180,60,True,1378.2518636282953,1385.8779151195247,1599.402231662014,1602.47449459314,1288.164205390731,1258.0000004899998,44888.91944091769,45146.20013451111,45529.983338590464,157.38961205991345,285.3646747345062,0.4472522522522522,153.6460998765736,555.1716762112185,231.74776470647427,555.1716762112185,550.1291828704235,0.009166016815331676
X-n223-k34,222,grocery,ortools:robust_mean_1std_scaled_or_tools,robust_mean_1std_scaled_or_tools,ortools,True,True,True,34,47633.0,4.999718904495239,1.2717382907867432,6.271457195281982,1251.7100000000005,0.9950000000000002,pulp_cbc,mean_domain_loss,381.0501629082252,,180,60,True,1378.2518636282953,1385.8779151195247,1599.402231662014,1602.47449459314,586.3297335775185,1257.99999769,48014.05016290822,48227.333541403765,48510.784847867806,155.6225629808054,282.31757717402826,0.4525225225225225,151.87904799746556,381.0501629082252,0.0,381.0501629082252,381.0501629082252,0.0
X-n223-k34,222,grocery,ortools:quantile_p75_scaled_seed107_or_tools,quantile_p75_scaled_seed107_or_tools,ortools,True,True,True,34,44117.0,5.00199294090271,1.1516826152801514,6.153675556182861,1251.71,0.995,pulp_cbc,mean_domain_loss,381.3521717711161,,180,60,True,1378.2518636282953,1385.8779151195247,1599.402231662014,1602.47449459314,586.952041635479,1257.99999926,44498.35217177113,44709.63190793213,44992.95008777494,155.8155831075288,280.7274385369053,0.4559459459459459,152.0720696941889,381.3521717711161,0.0,381.3521717711161,381.0501629082252,0.0007925698301397249
X-n223-k34,222,grocery,ortools:quantile_p75_scaled_or_tools,quantile_p75_scaled_or_tools,ortools,True,True,True,34,46188.0,5.004038333892822,1.3277533054351809,6.331791639328003,1251.71,0.995,pulp_cbc,mean_domain_loss,383.314438448563,,180,60,True,1378.2518636282953,1385.8779151195247,1599.402231662014,1602.47449459314,587.7394053763987,1257.99999876,46571.31443844856,46785.53765428107,47068.41836813548,156.48456711500185,285.06231825851137,0.4519369369369369,152.741053201662,383.314438448563,0.0,383.314438448563,381.0501629082252,0.005942198064046323
X-n223-k34,222,grocery,ortools:proxy_mean_scaled_seed109_or_tools,proxy_mean_scaled_seed109_or_tools,ortools,True,True,True,34,44102.0,5.000697135925293,1.074587106704712,6.075284242630005,1251.71,0.995,pulp_cbc,mean_domain_loss,384.73845482122016,,180,60,True,1378.2518636282953,1385.8779151195247,1599.402231662014,1602.47449459314,590.148374351095,1257.99999819,44486.738454821214,44700.32044028762,44984.31880870184,157.1518338529279,284.12734307450205,0.4540540540540541,153.40831936958804,384.73845482122016,0.0,384.73845482122016,381.0501629082252,0.009679281816455372
X-n228-k23,227,atm,ortools:proxy_mean_scaled_or_tools,proxy_mean_scaled_or_tools,ortools,True,True,True,23,33383.0,5.0014495849609375,1.2113845348358154,6.212834119796753,3524.2900000000004,0.995,pulp_cbc,mean_domain_loss,1931.0868540360768,,180,60,True,3871.187173963408,3880.369089269405,4574.970830957401,4579.389746009339,3690.1591800177134,3542.00000391,35314.08685403608,36591.88263581611,37794.38698347174,480.3454253337775,811.3822012937558,0.4742290748898678,452.66236937074376,1931.0868540360768,0.0,1931.0868540360768,1931.0868540360768,0.0
X-n228-k23,227,atm,ortools:nominal_or_tools,nominal_or_tools,ortools,True,True,True,23,30349.0,5.002960205078125,1.290475845336914,6.293436050415039,3478.0,0.9819311123658948,pulp_cbc,mean_domain_loss,1932.4947434032856,,180,60,True,3871.187173963408,3880.369089269405,4574.970830957401,4579.389746009339,3701.579847603631,3541.9999967899994,32281.49474340328,33527.26912305699,34758.772869064625,480.279808805464,803.3319447531271,0.4643612334801762,452.5967457224303,1932.4947434032856,0.0,1932.4947434032856,1931.0868540360768,0.0007290657922849074
X-n228-k23,227,cargo,ortools:proxy_mean_scaled_or_tools,proxy_mean_scaled_or_tools,ortools,True,True,True,23,33383.0,5.0014495849609375,1.274533987045288,6.275983572006226,3524.2900000000004,0.995,pulp_cbc,mean_domain_loss,1452.3115572460183,,180,60,True,3871.187173963408,3880.369089269405,4574.970830957401,4579.389746009339,3282.699525840719,3541.99999474,34835.31155724602,35834.117259358805,36715.16126441839,484.42517647752817,812.5304730648375,0.4706167400881057,456.7421113444945,1452.3115572460183,0.0,1452.3115572460183,1452.3115572460183,0.0
X-n228-k23,227,cargo,ortools:nominal_or_tools,nominal_or_tools,ortools,True,True,True,23,30349.0,5.002960205078125,1.3541765213012695,6.3571367263793945,3478.0,0.9819311123658948,pulp_cbc,mean_domain_loss,1452.531931596886,,180,60,True,3871.187173963408,3880.369089269405,4574.970830957401,4579.389746009339,3296.5804808211305,3542.0000015999995,31801.53193159689,32795.49950702219,33678.71290420934,483.3169529166622,808.6677234927962,0.4522026431718061,455.6338946436286,1452.531931596886,0.0,1452.531931596886,1452.3115572460183,0.00015174040980950215
X-n228-k23,227,cold_chain,ortools:proxy_mean_scaled_or_tools,proxy_mean_scaled_or_tools,ortools,True,True,True,23,33383.0,5.0014495849609375,1.1958556175231934,6.197305202484131,3524.2900000000004,0.995,pulp_cbc,mean_domain_loss,1750.4527513020262,,180,60,True,3871.187173963408,3880.369089269405,4574.970830957401,4579.389746009339,3684.697210189243,3542.0000009200003,35703.7865983556,36474.46064509625,37329.80814094097,482.0631548481895,810.6504211584759,0.4716299559471366,454.3800958951558,1750.4527513020262,570.3338470535714,1750.4527513020262,1750.4527513020262,0.0
X-n228-k23,227,cold_chain,ortools:nominal_or_tools,nominal_or_tools,ortools,True,True,True,23,30349.0,5.002960205078125,1.161900758743286,6.164860963821411,3478.0,0.9819311123658948,pulp_cbc,mean_domain_loss,1753.5634629357414,,180,60,True,3871.187173963408,3880.369089269405,4574.970830957401,4579.389746009339,3767.1863865951536,3541.99999673,32740.61240900832,33492.58907880021,34360.44494836638,480.7003782413628,799.8416031363696,0.4531718061674009,453.0173150983292,1753.5634629357414,638.0489460725779,1753.5634629357414,1750.4527513020262,0.0017770897451538966
X-n228-k23,227,cold_chain,ortools:nominal_seed101_or_tools,nominal_seed101_or_tools,ortools,True,True,True,23,31166.0,5.001343727111816,1.2255685329437256,6.226912260055542,3478.0,0.9819311123658948,pulp_cbc,mean_domain_loss,1765.6414003613795,,180,60,True,3871.187173963408,3880.369089269405,4574.970830957401,4579.389746009339,3770.758881341872,3541.9999991400005,33556.350206834155,34342.4962167918,35175.33650387552,484.5393699142196,795.8975308764625,0.4654625550660793,456.856309181186,1765.6414003613795,624.7088064727726,1765.6414003613795,1750.4527513020262,0.008676983167957935
X-n228-k23,227,grocery,ortools:proxy_mean_scaled_or_tools,proxy_mean_scaled_or_tools,ortools,True,True,True,23,33383.0,5.0014495849609375,1.1480364799499512,6.149486064910889,3524.2900000000004,0.995,pulp_cbc,mean_domain_loss,1208.4218402323977,,180,60,True,3871.187173963408,3880.369089269405,4574.970830957401,4579.389746009339,1762.0176232923152,3541.99999892,34591.4218402324,35210.67442526068,35852.52326626371,479.2656645989917,810.1528224832597,0.4694273127753304,451.5826036459582,1208.4218402323977,0.0,1208.4218402323977,1208.4218402323977,0.0
X-n228-k23,227,grocery,ortools:nominal_or_tools,nominal_or_tools,ortools,True,True,True,23,30349.0,5.002960205078125,1.1529500484466553,6.15591025352478,3478.0,0.9819311123658948,pulp_cbc,mean_domain_loss,1209.510749296349,,180,60,True,3871.187173963408,3880.369089269405,4574.970830957401,4579.389746009339,1768.0600270341054,3541.99999582,31558.51074929635,32149.875605177687,32816.21911640059,479.5248825156369,800.260408742767,0.4573568281938326,451.8418184626033,1209.510749296349,0.0,1209.510749296349,1208.4218402323977,0.0009011001189303163
X-n228-k23,227,grocery,ortools:nominal_seed101_or_tools,nominal_seed101_or_tools,ortools,True,True,True,23,31166.0,5.001343727111816,1.2430572509765625,6.244400978088379,3478.0,0.9819311123658948,pulp_cbc,mean_domain_loss,1218.2062823796543,,180,60,True,3871.187173963408,3880.369089269405,4574.970830957401,4579.389746009339,1780.67928713714,3541.99999832,32384.20628237965,32965.21537570868,33637.70278708807,483.2899041517055,796.9975537216735,0.4643612334801762,455.6068425986718,1218.2062823796543,0.0,1218.2062823796543,1208.4218402323977,0.008096876290629558
X-n237-k14,236,atm,ortools:quantile_p75_scaled_seed107_or_tools,quantile_p75_scaled_seed107_or_tools,ortools,True,True,True,14,29173.0,5.0002381801605225,1.406763792037964,6.407001972198486,250.74,0.995,pulp_cbc,mean_domain_loss,106.82833897680854,,180,60,True,263.8174816145851,264.3221102784825,313.4568471108956,314.5631472546253,235.711182502093,237.72165758,29279.82833897681,29361.13547778648,29446.65408947453,28.234927406975093,51.08679683996025,0.4705084745762712,25.45946628993504,106.82833897680854,0.0,106.82833897680854,106.82833897680854,0.0
X-n237-k14,236,atm,ortools:nominal_seed103_or_tools,nominal_seed103_or_tools,ortools,True,True,True,14,28519.0,5.000946521759033,1.4138712882995603,6.414817810058594,236.0,0.9365079365079364,pulp_cbc,mean_domain_loss,106.83990369271878,,180,60,True,263.8174816145851,264.3221102784825,313.4568471108956,314.5631472546253,235.73741214793088,237.72165741000003,28625.839903692715,28707.319005176712,28792.406147800084,28.244146915161352,51.143165025208646,0.4703389830508475,25.468685628121296,106.83990369271878,0.0,106.83990369271878,106.82833897680854,0.0001082551317469238
X-n237-k14,236,atm,ortools:robust_mean_1std_scaled_seed113_or_tools,robust_mean_1std_scaled_seed113_or_tools,ortools,True,True,True,14,28893.0,5.000156879425049,1.4090330600738523,6.409189939498901,250.74,0.995,pulp_cbc,mean_domain_loss,106.8881130100702,,180,60,True,263.8174816145851,264.3221102784825,313.4568471108956,314.5631472546253,235.7506484736616,237.7216571,28999.888113010074,29080.850831404783,29166.490627117368,28.24468850048579,50.99985020289364,0.469364406779661,25.469226903445733,106.8881130100702,0.0,106.8881130100702,106.82833897680854,0.000559533489279819
X-n237-k14,236,atm,ortools:nominal_seed101_or_tools,nominal_seed101_or_tools,ortools,True,True,True,14,28862.0,5.000953912734985,1.3906574249267578,6.391611337661743,236.0,0.9365079365079364,pulp_cbc,mean_domain_loss,106.8909832491927,,180,60,True,263.8174816145851,264.3221102784825,313.4568471108956,314.5631472546253,235.74559094748696,237.7216575,28968.890983249195,29049.56468314182,29135.603048591263,28.251034547123908,50.934993470225336,0.4705508474576271,25.47557335008386,106.8909832491927,0.0,106.8909832491927,106.82833897680854,0.0005864012581695344
X-n237-k14,236,atm,ortools:proxy_mean_scaled_seed109_or_tools,proxy_mean_scaled_seed109_or_tools,ortools,True,True,True,14,28600.0,5.000337600708008,1.4005768299102783,6.400914430618286,250.74,0.995,pulp_cbc,mean_domain_loss,106.91121614275497,,180,60,True,263.8174816145851,264.3221102784825,313.4568471108956,314.5631472546253,235.7221453123012,237.72165745,28706.911216142755,28787.85312923502,28873.677225371404,28.258127091199118,51.018322701187465,0.4712711864406779,25.482665844159065,106.91121614275497,0.0,106.91121614275497,106.82833897680854,0.000775797571507874
X-n237-k14,236,atm,ortools:nominal_or_tools,nominal_or_tools,ortools,True,True,True,14,29009.0,4.99995756149292,1.321027755737305,6.320985317230225,236.0,0.9365079365079364,pulp_cbc,mean_domain_loss,106.92074236707346,,180,60,True,263.8174816145851,264.3221102784825,313.4568471108956,314.5631472546253,235.73985390516089,237.72165777,29115.920742367078,29196.709065762,29282.707953472316,28.248184831610534,50.96917353308239,0.4710169491525424,25.47272390457048,106.92074236707346,0.0,106.92074236707346,106.82833897680854,0.0008649707666519076
X-n237-k14,236,atm,ortools:proxy_mean_or_tools,proxy_mean_or_tools,ortools,True,True,True,14,29009.0,5.000902652740479,1.3819665908813477,6.382869243621826,263.81748161458506,1.0468947683118457,pulp_cbc,mean_domain_loss,106.92074236707346,,180,60,True,263.8174816145851,264.3221102784825,313.4568471108956,314.5631472546253,235.73985390516089,237.72165777,29115.920742367078,29196.709065762,29282.707953472316,28.248184831610534,50.96917353308239,0.4710169491525424,25.47272390457048,106.92074236707346,0.0,106.92074236707346,106.82833897680854,0.0008649707666519076
X-n237-k14,236,atm,ortools:proxy_mean_scaled_or_tools,proxy_mean_scaled_or_tools,ortools,True,True,True,14,29009.0,5.001090049743652,1.3568406105041504,6.357930660247803,250.74,0.995,pulp_cbc,mean_domain_loss,106.92074236707346,,180,60,True,263.8174816145851,264.3221102784825,313.4568471108956,314.5631472546253,235.73985390516089,237.72165777,29115.920742367078,29196.709065762,29282.707953472316,28.248184831610534,50.96917353308239,0.4710169491525424,25.47272390457048,106.92074236707346,0.0,106.92074236707346,106.82833897680854,0.0008649707666519076
X-n237-k14,236,atm,ortools:quantile_p75_or_tools,quantile_p75_or_tools,ortools,True,True,True,14,29009.0,5.000705718994141,1.444979190826416,6.445684909820557,304.6620761982683,1.208976492850271,pulp_cbc,mean_domain_loss,106.92074236707346,,180,60,True,263.8174816145851,264.3221102784825,313.4568471108956,314.5631472546253,235.73985390516089,237.72165777,29115.920742367078,29196.709065762,29282.707953472316,28.248184831610534,50.96917353308239,0.4710169491525424,25.47272390457048,106.92074236707346,0.0,106.92074236707346,106.82833897680854,0.0008649707666519076
X-n237-k14,236,atm,ortools:quantile_p75_scaled_or_tools,quantile_p75_scaled_or_tools,ortools,True,True,True,14,29009.0,5.000397205352783,1.550715446472168,6.551112651824951,250.74,0.995,pulp_cbc,mean_domain_loss,106.92074236707346,,180,60,True,263.8174816145851,264.3221102784825,313.4568471108956,314.5631472546253,235.73985390516089,237.72165777,29115.920742367078,29196.709065762,29282.707953472316,28.248184831610534,50.96917353308239,0.4710169491525424,25.47272390457048,106.92074236707346,0.0,106.92074236707346,106.82833897680854,0.0008649707666519076
X-n237-k14,236,atm,ortools:quantile_p90_scaled_or_tools,quantile_p90_scaled_or_tools,ortools,True,True,True,14,29009.0,4.9997851848602295,1.4315338134765625,6.431318998336792,250.74,0.995,pulp_cbc,mean_domain_loss,106.92074236707346,,180,60,True,263.8174816145851,264.3221102784825,313.4568471108956,314.5631472546253,235.73985390516089,237.72165777,29115.920742367078,29196.709065762,29282.707953472316,28.248184831610534,50.96917353308239,0.4710169491525424,25.47272390457048,106.92074236707346,0.0,106.92074236707346,106.82833897680854,0.0008649707666519076
X-n237-k14,236,atm,ortools:robust_mean_1std_scaled_or_tools,robust_mean_1std_scaled_or_tools,ortools,True,True,True,14,29009.0,5.001031160354614,1.4304566383361816,6.431487798690796,250.74,0.995,pulp_cbc,mean_domain_loss,106.92074236707346,,180,60,True,263.8174816145851,264.3221102784825,313.4568471108956,314.5631472546253,235.73985390516089,237.72165777,29115.920742367078,29196.709065762,29282.707953472316,28.248184831610534,50.96917353308239,0.4710169491525424,25.47272390457048,106.92074236707346,0.0,106.92074236707346,106.82833897680854,0.0008649707666519076
X-n237-k14,236,atm,ortools:robust_mean_2std_scaled_or_tools,robust_mean_2std_scaled_or_tools,ortools,True,True,True,14,29009.0,5.000209331512451,1.4415669441223145,6.441776275634766,250.74,0.995,pulp_cbc,mean_domain_loss,106.92074236707346,,180,60,True,263.8174816145851,264.3221102784825,313.4568471108956,314.5631472546253,235.73985390516089,237.72165777,29115.920742367078,29196.709065762,29282.707953472316,28.248184831610534,50.96917353308239,0.4710169491525424,25.47272390457048,106.92074236707346,0.0,106.92074236707346,106.82833897680854,0.0008649707666519076
X-n237-k14,236,cargo,ortools:nominal_seed103_or_tools,nominal_seed103_or_tools,ortools,True,True,True,14,28519.0,5.000946521759033,1.4574973583221436,6.458443880081177,236.0,0.9365079365079364,pulp_cbc,mean_domain_loss,81.05429190005287,,180,60,True,263.8174816145851,264.3221102784825,313.4568471108956,314.5631472546253,215.84810912176667,237.93170131,28600.054291900055,28661.055695346746,28727.37492892855,28.38435547908936,51.02773507780919,0.4724576271186441,25.818938092049315,81.05429190005287,0.0,81.05429190005287,81.05429190005287,0.0
X-n237-k14,236,cargo,ortools:robust_mean_1std_scaled_seed113_or_tools,robust_mean_1std_scaled_seed113_or_tools,ortools,True,True,True,14,28893.0,5.000156879425049,1.4074251651763916,6.40758204460144,250.74,0.995,pulp_cbc,mean_domain_loss,81.11355843149062,,180,60,True,263.8174816145851,264.3221102784825,313.4568471108956,314.5631472546253,215.8389465373725,237.93170108,28974.113558431487,29035.82469496886,29101.399054146583,28.432829044938075,51.354444748978,0.4732627118644067,25.867411427898038,81.11355843149062,0.0,81.11355843149062,81.05429190005287,0.0007311954746433862
X-n237-k14,236,cargo,ortools:nominal_or_tools,nominal_or_tools,ortools,True,True,True,14,29009.0,4.99995756149292,1.4430112838745115,6.442968845367432,236.0,0.9365079365079364,pulp_cbc,mean_domain_loss,81.194384082054,,180,60,True,263.8174816145851,264.3221102784825,313.4568471108956,314.5631472546253,215.80019971805055,237.93170183,29090.194384082053,29152.470973760304,29217.641214743104,28.415642244977384,51.46544790751911,0.4709322033898305,25.850225377937345,81.194384082054,0.0,81.194384082054,81.05429190005287,0.0017283746328186093
X-n237-k14,236,cargo,ortools:proxy_mean_or_tools,proxy_mean_or_tools,ortools,True,True,True,14,29009.0,5.000902652740479,1.5235512256622314,6.52445387840271,263.81748161458506,1.0468947683118457,pulp_cbc,mean_domain_loss,81.194384082054,,180,60,True,263.8174816145851,264.3221102784825,313.4568471108956,314.5631472546253,215.80019971805055,237.93170183,29090.194384082053,29152.470973760304,29217.641214743104,28.415642244977384,51.46544790751911,0.4709322033898305,25.850225377937345,81.194384082054,0.0,81.194384082054,81.05429190005287,0.0017283746328186093
X-n237-k14,236,cargo,ortools:proxy_mean_scaled_or_tools,proxy_mean_scaled_or_tools,ortools,True,True,True,14,29009.0,5.001090049743652,1.6018493175506592,6.602939367294312,250.74,0.995,pulp_cbc,mean_domain_loss,81.194384082054,,180,60,True,263.8174816145851,264.3221102784825,313.4568471108956,314.5631472546253,215.80019971805055,237.93170183,29090.194384082053,29152.470973760304,29217.641214743104,28.415642244977384,51.46544790751911,0.4709322033898305,25.850225377937345,81.194384082054,0.0,81.194384082054,81.05429190005287,0.0017283746328186093
X-n237-k14,236,cargo,ortools:quantile_p75_or_tools,quantile_p75_or_tools,ortools,True,True,True,14,29009.0,5.000705718994141,1.4330260753631592,6.4337317943573,304.6620761982683,1.208976492850271,pulp_cbc,mean_domain_loss,81.194384082054,,180,60,True,263.8174816145851,264.3221102784825,313.4568471108956,314.5631472546253,215.80019971805055,237.93170183,29090.194384082053,29152.470973760304,29217.641214743104,28.415642244977384,51.46544790751911,0.4709322033898305,25.850225377937345,81.194384082054,0.0,81.194384082054,81.05429190005287,0.0017283746328186093
X-n237-k14,236,cargo,ortools:quantile_p75_scaled_or_tools,quantile_p75_scaled_or_tools,ortools,True,True,True,14,29009.0,5.000397205352783,1.4753398895263672,6.47573709487915,250.74,0.995,pulp_cbc,mean_domain_loss,81.194384082054,,180,60,True,263.8174816145851,264.3221102784825,313.4568471108956,314.5631472546253,215.80019971805055,237.93170183,29090.194384082053,29152.470973760304,29217.641214743104,28.415642244977384,51.46544790751911,0.4709322033898305,25.850225377937345,81.194384082054,0.0,81.194384082054,81.05429190005287,0.0017283746328186093
X-n237-k14,236,cargo,ortools:quantile_p90_scaled_or_tools,quantile_p90_scaled_or_tools,ortools,True,True,True,14,29009.0,4.9997851848602295,1.4772536754608154,6.477038860321045,250.74,0.995,pulp_cbc,mean_domain_loss,81.194384082054,,180,60,True,263.8174816145851,264.3221102784825,313.4568471108956,314.5631472546253,215.80019971805055,237.93170183,29090.194384082053,29152.470973760304,29217.641214743104,28.415642244977384,51.46544790751911,0.4709322033898305,25.850225377937345,81.194384082054,0.0,81.194384082054,81.05429190005287,0.0017283746328186093
X-n237-k14,236,cargo,ortools:robust_mean_1std_scaled_or_tools,robust_mean_1std_scaled_or_tools,ortools,True,True,True,14,29009.0,5.001031160354614,1.503974199295044,6.505005359649658,250.74,0.995,pulp_cbc,mean_domain_loss,81.194384082054,,180,60,True,263.8174816145851,264.3221102784825,313.4568471108956,314.5631472546253,215.80019971805055,237.93170183,29090.194384082053,29152.470973760304,29217.641214743104,28.415642244977384,51.46544790751911,0.4709322033898305,25.850225377937345,81.194384082054,0.0,81.194384082054,81.05429190005287,0.0017283746328186093
X-n237-k14,236,cargo,ortools:robust_mean_2std_scaled_or_tools,robust_mean_2std_scaled_or_tools,ortools,True,True,True,14,29009.0,5.000209331512451,1.5145938396453855,6.514803171157837,250.74,0.995,pulp_cbc,mean_domain_loss,81.194384082054,,180,60,True,263.8174816145851,264.3221102784825,313.4568471108956,314.5631472546253,215.80019971805055,237.93170183,29090.194384082053,29152.470973760304,29217.641214743104,28.415642244977384,51.46544790751911,0.4709322033898305,25.850225377937345,81.194384082054,0.0,81.194384082054,81.05429190005287,0.0017283746328186093
X-n237-k14,236,cargo,ortools:nominal_seed101_or_tools,nominal_seed101_or_tools,ortools,True,True,True,14,28862.0,5.000953912734985,1.4371657371520996,6.438119649887085,236.0,0.9365079365079364,pulp_cbc,mean_domain_loss,81.20654659943496,,180,60,True,263.8174816145851,264.3221102784825,313.4568471108956,314.5631472546253,215.8397382733581,237.93170096,28943.20654659943,29004.33094177181,29070.787959168425,28.39927419601173,51.08629013172554,0.4719915254237288,25.83385645897168,81.20654659943496,0.0,81.20654659943496,81.05429190005287,0.0018784285916633194
X-n237-k14,236,cargo,ortools:quantile_p75_scaled_seed107_or_tools,quantile_p75_scaled_seed107_or_tools,ortools,True,True,True,14,29173.0,5.0002381801605225,1.5608172416687012,6.561055421829224,250.74,0.995,pulp_cbc,mean_domain_loss,81.20677140334483,,180,60,True,263.8174816145851,264.3221102784825,313.4568471108956,314.5631472546253,215.75642235092215,237.93170124,29254.20677140335,29315.70600648159,29381.346171246038,28.451815477295348,51.27518823242621,0.4740254237288135,25.8863980202553,81.20677140334483,0.0,81.20677140334483,81.05429190005287,0.0018812020895818543
X-n237-k14,236,cargo,ortools:proxy_mean_scaled_seed109_or_tools,proxy_mean_scaled_seed109_or_tools,ortools,True,True,True,14,28600.0,5.000337600708008,1.4521512985229492,6.452488899230957,250.74,0.995,pulp_cbc,mean_domain_loss,81.25274819746556,,180,60,True,263.8174816145851,264.3221102784825,313.4568471108956,314.5631472546253,215.7492354038726,237.9317015,28681.252748197465,28743.184109609145,28808.5127551266,28.47194211527029,51.43917107212484,0.4727542372881356,25.906524918230254,81.25274819746556,0.0,81.25274819746556,81.05429190005287,0.0024484366313063896
X-n237-k14,236,cold_chain,ortools:nominal_seed103_or_tools,nominal_seed103_or_tools,ortools,True,True,True,14,28519.0,5.000946521759033,1.4914872646331787,6.492433786392212,236.0,0.9365079365079364,pulp_cbc,mean_domain_loss,94.18301415629736,,180,60,True,263.8174816145851,264.3221102784825,313.4568471108956,314.5631472546253,236.0223314249505,236.90640743,28656.143926822104,28706.613844731542,28763.913542948263,28.29004901046499,51.15471208415687,0.4688983050847458,24.699337743424948,94.18301415629736,42.96091266580893,94.18301415629736,94.18301415629736,0.0
X-n237-k14,236,cold_chain,ortools:quantile_p75_scaled_seed107_or_tools,quantile_p75_scaled_seed107_or_tools,ortools,True,True,True,14,29173.0,5.0002381801605225,1.7410144805908203,6.741252660751343,250.74,0.995,pulp_cbc,mean_domain_loss,94.28024550570672,,180,60,True,263.8174816145851,264.3221102784825,313.4568471108956,314.5631472546253,235.7601830110648,236.90640733000004,29310.052614939526,29359.71088675418,29418.201358065824,28.331401913806147,50.98679653106916,0.4700423728813559,24.74069054676609,94.28024550570672,42.772369433820266,94.28024550570672,94.18301415629736,0.0010323660829966582
X-n237-k14,236,cold_chain,ortools:robust_mean_1std_scaled_seed113_or_tools,robust_mean_1std_scaled_seed113_or_tools,ortools,True,True,True,14,28893.0,5.000156879425049,1.449760675430298,6.449917554855347,250.74,0.995,pulp_cbc,mean_domain_loss,94.2829210921828,,180,60,True,263.8174816145851,264.3221102784825,313.4568471108956,314.5631472546253,235.6954430616884,236.90640796,29029.986834469288,29079.62901694194,29137.99316643386,28.331792900889823,50.97698064246668,0.4705084745762712,24.74108216384978,94.2829210921828,42.70391337710991,94.2829210921828,94.18301415629736,0.0010607744589660986
X-n237-k14,236,cold_chain,ortools:proxy_mean_scaled_seed109_or_tools,proxy_mean_scaled_seed109_or_tools,ortools,True,True,True,14,28600.0,5.000337600708008,1.3749544620513916,6.375292062759399,250.74,0.995,pulp_cbc,mean_domain_loss,94.34903606869004,,180,60,True,263.8174816145851,264.3221102784825,313.4568471108956,314.5631472546253,235.84203430298425,236.9064083,28737.16253186648,28786.88096856841,28845.165567528067,28.356412734231576,51.028521799678224,0.469322033898305,24.765702337191527,94.34903606869004,42.81349579778637,94.34903606869004,94.18301415629736,0.0017627585385743215
X-n237-k14,236,cold_chain,ortools:nominal_seed101_or_tools,nominal_seed101_or_tools,ortools,True,True,True,14,28862.0,5.000953912734985,1.3897852897644043,6.39073920249939,236.0,0.9365079365079364,pulp_cbc,mean_domain_loss,94.38312408636084,,180,60,True,263.8174816145851,264.3221102784825,313.4568471108956,314.5631472546253,235.8192920011244,236.90640785,28999.170811490934,29048.672878241683,29107.11161692363,28.36468116559175,50.97148063611336,0.4695338983050847,24.7739703185517,94.38312408636084,42.7876874045727,94.38312408636084,94.18301415629736,0.0021246923540946833
X-n237-k14,236,cold_chain,ortools:nominal_or_tools,nominal_or_tools,ortools,True,True,True,14,29009.0,4.99995756149292,1.3919222354888916,6.391879796981812,236.0,0.9365079365079364,pulp_cbc,mean_domain_loss,94.39519033063144,,180,60,True,263.8174816145851,264.3221102784825,313.4568471108956,314.5631472546253,236.24334280618572,236.90640724,29146.56188113991,29196.037207249312,29254.71078853808,28.346818469494888,50.94759867786966,0.4699576271186441,24.75610701245484,94.39519033063144,43.16669080928282,94.39519033063144,94.18301415629736,0.00225280722043964
X-n237-k14,236,cold_chain,ortools:proxy_mean_or_tools,proxy_mean_or_tools,ortools,True,True,True,14,29009.0,5.000902652740479,1.4727444648742676,6.473647117614746,263.81748161458506,1.0468947683118457,pulp_cbc,mean_domain_loss,94.39519033063144,,180,60,True,263.8174816145851,264.3221102784825,313.4568471108956,314.5631472546253,236.24334280618572,236.90640724,29146.56188113991,29196.037207249312,29254.71078853808,28.346818469494888,50.94759867786966,0.4699576271186441,24.75610701245484,94.39519033063144,43.16669080928282,94.39519033063144,94.18301415629736,0.00225280722043964
X-n237-k14,236,cold_chain,ortools:proxy_mean_scaled_or_tools,proxy_mean_scaled_or_tools,ortools,True,True,True,14,29009.0,5.001090049743652,1.3694701194763184,6.370560169219971,250.74,0.995,pulp_cbc,mean_domain_loss,94.39519033063144,,180,60,True,263.8174816145851,264.3221102784825,313.4568471108956,314.5631472546253,236.24334280618572,236.90640724,29146.56188113991,29196.037207249312,29254.71078853808,28.346818469494888,50.94759867786966,0.4699576271186441,24.75610701245484,94.39519033063144,43.16669080928282,94.39519033063144,94.18301415629736,0.00225280722043964
X-n237-k14,236,cold_chain,ortools:quantile_p75_or_tools,quantile_p75_or_tools,ortools,True,True,True,14,29009.0,5.000705718994141,1.4137835502624512,6.414489269256592,304.6620761982683,1.208976492850271,pulp_cbc,mean_domain_loss,94.39519033063144,,180,60,True,263.8174816145851,264.3221102784825,313.4568471108956,314.5631472546253,236.24334280618572,236.90640724,29146.56188113991,29196.037207249312,29254.71078853808,28.346818469494888,50.94759867786966,0.4699576271186441,24.75610701245484,94.39519033063144,43.16669080928282,94.39519033063144,94.18301415629736,0.00225280722043964
X-n237-k14,236,cold_chain,ortools:quantile_p75_scaled_or_tools,quantile_p75_scaled_or_tools,ortools,True,True,True,14,29009.0,5.000397205352783,1.4983899593353271,6.49878716468811,250.74,0.995,pulp_cbc,mean_domain_loss,94.39519033063144,,180,60,True,263.8174816145851,264.3221102784825,313.4568471108956,314.5631472546253,236.24334280618572,236.90640724,29146.56188113991,29196.037207249312,29254.71078853808,28.346818469494888,50.94759867786966,0.4699576271186441,24.75610701245484,94.39519033063144,43.16669080928282,94.39519033063144,94.18301415629736,0.00225280722043964
X-n237-k14,236,cold_chain,ortools:quantile_p90_scaled_or_tools,quantile_p90_scaled_or_tools,ortools,True,True,True,14,29009.0,4.9997851848602295,1.3908603191375732,6.390645503997803,250.74,0.995,pulp_cbc,mean_domain_loss,94.39519033063144,,180,60,True,263.8174816145851,264.3221102784825,313.4568471108956,314.5631472546253,236.24334280618572,236.90640724,29146.56188113991,29196.037207249312,29254.71078853808,28.346818469494888,50.94759867786966,0.4699576271186441,24.75610701245484,94.39519033063144,43.16669080928282,94.39519033063144,94.18301415629736,0.00225280722043964
X-n237-k14,236,cold_chain,ortools:robust_mean_1std_scaled_or_tools,robust_mean_1std_scaled_or_tools,ortools,True,True,True,14,29009.0,5.001031160354614,1.369844675064087,6.370875835418701,250.74,0.995,pulp_cbc,mean_domain_loss,94.39519033063144,,180,60,True,263.8174816145851,264.3221102784825,313.4568471108956,314.5631472546253,236.24334280618572,236.90640724,29146.56188113991,29196.037207249312,29254.71078853808,28.346818469494888,50.94759867786966,0.4699576271186441,24.75610701245484,94.39519033063144,43.16669080928282,94.39519033063144,94.18301415629736,0.00225280722043964
X-n237-k14,236,cold_chain,ortools:robust_mean_2std_scaled_or_tools,robust_mean_2std_scaled_or_tools,ortools,True,True,True,14,29009.0,5.000209331512451,1.4215819835662842,6.421791315078735,250.74,0.995,pulp_cbc,mean_domain_loss,94.39519033063144,,180,60,True,263.8174816145851,264.3221102784825,313.4568471108956,314.5631472546253,236.24334280618572,236.90640724,29146.56188113991,29196.037207249312,29254.71078853808,28.346818469494888,50.94759867786966,0.4699576271186441,24.75610701245484,94.39519033063144,43.16669080928282,94.39519033063144,94.18301415629736,0.00225280722043964
X-n237-k14,236,grocery,ortools:nominal_seed103_or_tools,nominal_seed103_or_tools,ortools,True,True,True,14,28519.0,5.000946521759033,1.3647034168243408,6.365649938583374,236.0,0.9365079365079364,pulp_cbc,mean_domain_loss,66.3803768494011,,180,60,True,263.8174816145851,264.3221102784825,313.4568471108956,314.5631472546253,108.07104352760548,236.85561277,28585.380376849404,28625.11478690261,28669.23725882365,28.230884293914347,51.11796167320863,0.4702966101694915,24.589378366874303,66.3803768494011,0.0,66.3803768494011,66.3803768494011,0.0
X-n237-k14,236,grocery,ortools:nominal_or_tools,nominal_or_tools,ortools,True,True,True,14,29009.0,4.99995756149292,1.46138596534729,6.46134352684021,236.0,0.9365079365079364,pulp_cbc,mean_domain_loss,66.39953275263633,,180,60,True,263.8174816145851,264.3221102784825,313.4568471108956,314.5631472546253,108.0657698167562,236.85561266,29075.39953275263,29114.37508360475,29159.42551734444,28.236058433231918,50.82442617402449,0.4696186440677966,24.594552396191865,66.39953275263633,0.0,66.39953275263633,66.3803768494011,0.0002885778018207052
X-n237-k14,236,grocery,ortools:proxy_mean_or_tools,proxy_mean_or_tools,ortools,True,True,True,14,29009.0,5.000902652740479,1.465687274932861,6.46658992767334,263.81748161458506,1.0468947683118457,pulp_cbc,mean_domain_loss,66.39953275263633,,180,60,True,263.8174816145851,264.3221102784825,313.4568471108956,314.5631472546253,108.0657698167562,236.85561266,29075.39953275263,29114.37508360475,29159.42551734444,28.236058433231918,50.82442617402449,0.4696186440677966,24.594552396191865,66.39953275263633,0.0,66.39953275263633,66.3803768494011,0.0002885778018207052
X-n237-k14,236,grocery,ortools:proxy_mean_scaled_or_tools,proxy_mean_scaled_or_tools,ortools,True,True,True,14,29009.0,5.001090049743652,1.3521196842193604,6.353209733963013,250.74,0.995,pulp_cbc,mean_domain_loss,66.39953275263633,,180,60,True,263.8174816145851,264.3221102784825,313.4568471108956,314.5631472546253,108.0657698167562,236.85561266,29075.39953275263,29114.37508360475,29159.42551734444,28.236058433231918,50.82442617402449,0.4696186440677966,24.594552396191865,66.39953275263633,0.0,66.39953275263633,66.3803768494011,0.0002885778018207052
X-n237-k14,236,grocery,ortools:quantile_p75_or_tools,quantile_p75_or_tools,ortools,True,True,True,14,29009.0,5.000705718994141,1.4772815704345703,6.477987289428711,304.6620761982683,1.208976492850271,pulp_cbc,mean_domain_loss,66.39953275263633,,180,60,True,263.8174816145851,264.3221102784825,313.4568471108956,314.5631472546253,108.0657698167562,236.85561266,29075.39953275263,29114.37508360475,29159.42551734444,28.236058433231918,50.82442617402449,0.4696186440677966,24.594552396191865,66.39953275263633,0.0,66.39953275263633,66.3803768494011,0.0002885778018207052
X-n237-k14,236,grocery,ortools:quantile_p75_scaled_or_tools,quantile_p75_scaled_or_tools,ortools,True,True,True,14,29009.0,5.000397205352783,1.3954205513000488,6.395817756652832,250.74,0.995,pulp_cbc,mean_domain_loss,66.39953275263633,,180,60,True,263.8174816145851,264.3221102784825,313.4568471108956,314.5631472546253,108.0657698167562,236.85561266,29075.39953275263,29114.37508360475,29159.42551734444,28.236058433231918,50.82442617402449,0.4696186440677966,24.594552396191865,66.39953275263633,0.0,66.39953275263633,66.3803768494011,0.0002885778018207052
X-n237-k14,236,grocery,ortools:quantile_p90_scaled_or_tools,quantile_p90_scaled_or_tools,ortools,True,True,True,14,29009.0,4.9997851848602295,1.3886613845825195,6.388446569442749,250.74,0.995,pulp_cbc,mean_domain_loss,66.39953275263633,,180,60,True,263.8174816145851,264.3221102784825,313.4568471108956,314.5631472546253,108.0657698167562,236.85561266,29075.39953275263,29114.37508360475,29159.42551734444,28.236058433231918,50.82442617402449,0.4696186440677966,24.594552396191865,66.39953275263633,0.0,66.39953275263633,66.3803768494011,0.0002885778018207052
X-n237-k14,236,grocery,ortools:robust_mean_1std_scaled_or_tools,robust_mean_1std_scaled_or_tools,ortools,True,True,True,14,29009.0,5.001031160354614,1.4862916469573977,6.487322807312012,250.74,0.995,pulp_cbc,mean_domain_loss,66.39953275263633,,180,60,True,263.8174816145851,264.3221102784825,313.4568471108956,314.5631472546253,108.0657698167562,236.85561266,29075.39953275263,29114.37508360475,29159.42551734444,28.236058433231918,50.82442617402449,0.4696186440677966,24.594552396191865,66.39953275263633,0.0,66.39953275263633,66.3803768494011,0.0002885778018207052
X-n237-k14,236,grocery,ortools:robust_mean_2std_scaled_or_tools,robust_mean_2std_scaled_or_tools,ortools,True,True,True,14,29009.0,5.000209331512451,1.3367292881011963,6.336938619613648,250.74,0.995,pulp_cbc,mean_domain_loss,66.39953275263633,,180,60,True,263.8174816145851,264.3221102784825,313.4568471108956,314.5631472546253,108.0657698167562,236.85561266,29075.39953275263,29114.37508360475,29159.42551734444,28.236058433231918,50.82442617402449,0.4696186440677966,24.594552396191865,66.39953275263633,0.0,66.39953275263633,66.3803768494011,0.0002885778018207052
X-n237-k14,236,grocery,ortools:quantile_p75_scaled_seed107_or_tools,quantile_p75_scaled_seed107_or_tools,ortools,True,True,True,14,29173.0,5.0002381801605225,1.2525851726531982,6.252823352813721,250.74,0.995,pulp_cbc,mean_domain_loss,66.41663037620471,,180,60,True,263.8174816145851,264.3221102784825,313.4568471108956,314.5631472546253,108.05465297372857,236.85561252,29239.4166303762,29278.645472395023,29323.51229158781,28.24200559982128,50.92689880895732,0.4701271186440678,24.60049942278124,66.41663037620471,0.0,66.41663037620471,66.3803768494011,0.0005461482523043643
X-n237-k14,236,grocery,ortools:proxy_mean_scaled_seed109_or_tools,proxy_mean_scaled_seed109_or_tools,ortools,True,True,True,14,28600.0,5.000337600708008,1.3326122760772705,6.332949876785278,250.74,0.995,pulp_cbc,mean_domain_loss,66.44415775439995,,180,60,True,263.8174816145851,264.3221102784825,313.4568471108956,314.5631472546253,108.064561593602,236.85561227,28666.4441577544,28705.60718310385,28750.45331284981,28.252949338827616,50.908408728519184,0.4699576271186441,24.611442911787577,66.44415775439995,0.0,66.44415775439995,66.3803768494011,0.0009608397545490271
X-n237-k14,236,grocery,ortools:nominal_seed101_or_tools,nominal_seed101_or_tools,ortools,True,True,True,14,28862.0,5.000953912734985,1.2722351551055908,6.273189067840576,236.0,0.9365079365079364,pulp_cbc,mean_domain_loss,66.47272313513554,,180,60,True,263.8174816145851,264.3221102784825,313.4568471108956,314.5631472546253,108.07549560651483,236.8556127,28928.47272313514,28967.457887637927,29012.492524046964,28.262887620457523,50.83941598080081,0.4701271186440678,24.62138162341747,66.47272313513554,0.0,66.47272313513554,66.3803768494011,0.0013911684464212155
X-n237-k14,236,grocery,ortools:robust_mean_1std_scaled_seed113_or_tools,robust_mean_1std_scaled_seed113_or_tools,ortools,True,True,True,14,28893.0,5.000156879425049,1.3068437576293943,6.307000637054443,250.74,0.995,pulp_cbc,mean_domain_loss,66.49904878408488,,180,60,True,263.8174816145851,264.3221102784825,313.4568471108956,314.5631472546253,108.06332140020076,236.85561273,28959.49904878408,28998.62829271453,29043.44536525113,28.270773654401523,50.899085682893634,0.4690254237288135,24.629267687361484,66.49904878408488,0.0,66.49904878408488,66.3803768494011,0.0017877562664793077
X-n242-k48,241,atm,ortools:quantile_p75_scaled_or_tools,quantile_p75_scaled_or_tools,ortools,True,True,True,48,91803.0,4.99976658821106,1.140094518661499,6.139861106872559,1337.2800000000002,0.995,pulp_cbc,mean_domain_loss,687.2225261076482,,180,60,True,1475.973949221342,1477.18790780453,1719.0860596616135,1721.464512942517,1251.846664187264,1343.9999992500002,92490.22252610764,93035.63293183608,93514.58289764108,177.09187066270144,331.7920779154112,0.4731120331950207,154.04033381085344,687.2225261076482,0.0,687.2225261076482,687.2225261076482,0.0
X-n242-k48,241,atm,ortools:quantile_p75_scaled_seed107_or_tools,quantile_p75_scaled_seed107_or_tools,ortools,True,True,True,48,89764.0,5.000499725341797,1.1594948768615725,6.159994602203369,1337.2800000000002,0.995,pulp_cbc,mean_domain_loss,687.4873230234774,,180,60,True,1475.973949221342,1477.18790780453,1719.0860596616135,1721.464512942517,1251.060031635148,1344.0000010899998,90451.48732302348,90995.11617214044,91473.7676402755,177.204273966246,331.42691550392385,0.4753941908713693,154.15273895439796,687.4873230234774,0.0,687.4873230234774,687.2225261076482,0.0003853146626741786
X-n242-k48,241,cargo,ortools:quantile_p75_scaled_or_tools,quantile_p75_scaled_or_tools,ortools,True,True,True,48,91803.0,4.99976658821106,1.0698192119598389,6.069585800170898,1337.2800000000002,0.995,pulp_cbc,mean_domain_loss,517.0942082228623,,180,60,True,1475.973949221342,1477.18790780453,1719.0860596616135,1721.464512942517,1111.3477968199345,1343.99999758,92320.09420822289,92732.1872875833,93097.40305936876,177.26120573382204,331.7517150673125,0.4636514522821576,154.20966721197388,517.0942082228623,0.0,517.0942082228623,517.0942082228623,0.0
X-n242-k48,241,cargo,ortools:quantile_p75_scaled_seed107_or_tools,quantile_p75_scaled_seed107_or_tools,ortools,True,True,True,48,89764.0,5.000499725341797,1.1802725791931152,6.180772304534912,1337.2800000000002,0.995,pulp_cbc,mean_domain_loss,517.2261794389892,,180,60,True,1475.973949221342,1477.18790780453,1719.0860596616135,1721.464512942517,1110.8375636513483,1343.99999755,90281.22617943898,90692.56454448002,91057.65020800575,177.27446521085167,331.2691142218628,0.4659336099585062,154.22292665900363,517.2261794389892,0.0,517.2261794389892,517.0942082228623,0.00025521696825891944
X-n242-k48,241,cold_chain,ortools:quantile_p75_scaled_or_tools,quantile_p75_scaled_or_tools,ortools,True,True,True,48,91803.0,4.99976658821106,1.0586750507354736,6.058441638946533,1337.2800000000002,0.995,pulp_cbc,mean_domain_loss,611.4763156729633,,180,60,True,1475.973949221342,1477.18790780453,1719.0860596616135,1721.464512942517,1302.741061832646,1343.9999976,92675.54641683109,93008.9550560095,93343.93442269792,177.05789377124148,331.259778375919,0.4672199170124481,154.00635526939334,611.4763156729633,261.0701011581293,611.4763156729633,611.4763156729633,0.0
X-n242-k48,241,cold_chain,ortools:quantile_p75_scaled_seed107_or_tools,quantile_p75_scaled_seed107_or_tools,ortools,True,True,True,48,89764.0,5.000499725341797,1.0241334438323977,6.024633169174194,1337.2800000000002,0.995,pulp_cbc,mean_domain_loss,612.1197397127369,,180,60,True,1475.973949221342,1477.18790780453,1719.0860596616135,1721.464512942517,1308.8505271954348,1344.00000014,90643.55106269669,90972.9180271028,91310.4717016133,177.13267798643196,329.56247859260816,0.4664730290456431,154.08114202458393,612.1197397127369,267.4313229839436,612.1197397127369,611.4763156729633,0.0010522468708627345
X-n242-k48,241,cold_chain,ortools:proxy_mean_scaled_or_tools,proxy_mean_scaled_or_tools,ortools,True,True,True,48,88091.0,5.000218868255615,1.1519699096679688,6.152188777923584,1337.2800000000002,0.995,pulp_cbc,mean_domain_loss,616.368889271537,,180,60,True,1475.973949221342,1477.18790780453,1719.0860596616135,1721.464512942517,1302.4992404881552,1343.46048837,88962.53784360459,89290.67900193331,89627.12871077113,178.60564846218347,330.9434451041263,0.4695020746887967,155.01460073033542,616.368889271537,255.16895433306476,616.368889271537,611.4763156729633,0.008001247919453969
X-n242-k48,241,cold_chain,ortools:nominal_seed103_or_tools,nominal_seed103_or_tools,ortools,True,True,True,48,86092.0,4.99969220161438,1.243217945098877,6.242910146713257,1324.0,0.9851190476190476,pulp_cbc,mean_domain_loss,616.9136934959055,,180,60,True,1475.973949221342,1477.18790780453,1719.0860596616135,1721.464512942517,1295.5389782305683,1343.46048661,86958.084609625,87290.5738557237,87623.13878993804,178.79283429304326,327.8946726382724,0.4658091286307054,155.20178480119523,616.9136934959055,249.17091612908985,616.9136934959055,611.4763156729633,0.008892213293589335
X-n242-k48,241,cold_chain,ortools:proxy_mean_scaled_seed109_or_tools,proxy_mean_scaled_seed109_or_tools,ortools,True,True,True,48,87732.0,4.999455690383911,1.1413631439208984,6.14081883430481,1337.2800000000002,0.995,pulp_cbc,mean_domain_loss,616.9210907125977,,180,60,True,1475.973949221342,1477.18790780453,1719.0860596616135,1721.464512942517,1304.0658187883469,1343.46048793,88605.57547409613,88938.36976065059,89271.77459008314,178.65546170762033,329.7919865854632,0.4683402489626556,155.0644135357723,616.9210907125977,256.65438338351345,616.9210907125977,611.4763156729633,0.008904310600553803
X-n242-k48,241,grocery,ortools:quantile_p75_scaled_or_tools,quantile_p75_scaled_or_tools,ortools,True,True,True,48,91803.0,4.99976658821106,1.1757700443267822,6.175536632537842,1337.2800000000002,0.995,pulp_cbc,mean_domain_loss,426.8113373796485,,180,60,True,1475.973949221342,1477.18790780453,1719.0860596616135,1721.464512942517,598.3423242967791,1344.00000069,92229.81133737964,92495.33403190116,92748.83724503509,177.01121540797655,331.52735415161965,0.4709128630705394,153.95967999612847,426.8113373796485,0.0,426.8113373796485,426.8113373796485,0.0
X-n242-k48,241,grocery,ortools:quantile_p75_scaled_seed107_or_tools,quantile_p75_scaled_seed107_or_tools,ortools,True,True,True,48,89764.0,5.000499725341797,1.1485328674316406,6.1490325927734375,1337.2800000000002,0.995,pulp_cbc,mean_domain_loss,427.0478571551005,,180,60,True,1475.973949221342,1477.18790780453,1719.0860596616135,1721.464512942517,597.9974225944504,1344.00000016,90191.04785715508,90456.07188572807,90708.8201980806,177.1390963910796,331.3931124967639,0.471701244813278,154.08756044923155,427.0478571551005,0.0,427.0478571551005,426.8113373796485,0.0005541553251703134
X-n242-k48,241,grocery,ortools:proxy_mean_scaled_or_tools,proxy_mean_scaled_or_tools,ortools,True,True,True,48,88091.0,5.000218868255615,1.098071575164795,6.09829044342041,1337.2800000000002,0.995,pulp_cbc,mean_domain_loss,430.6767241649512,,180,60,True,1475.973949221342,1477.18790780453,1719.0860596616135,1721.464512942517,601.9142084413155,1344.00000056,88521.67672416495,88783.92016710373,89037.1651294938,178.65044963350658,331.516444010658,0.4746473029045643,155.5989140916585,430.6767241649512,0.0,430.6767241649512,426.8113373796485,0.009056429496540029
X-n242-k48,241,grocery,ortools:nominal_seed103_or_tools,nominal_seed103_or_tools,ortools,True,True,True,48,86092.0,4.99969220161438,1.114642858505249,6.114335060119629,1324.0,0.9851190476190476,pulp_cbc,mean_domain_loss,430.99488783088265,,180,60,True,1475.973949221342,1477.18790780453,1719.0860596616135,1721.464512942517,601.6761561385345,1343.99999755,86522.9948878309,86787.49728172655,87039.26534702125,178.65910033797525,328.17218409207123,0.4713692946058091,155.60756178612718,430.99488783088265,0.0,430.99488783088265,426.8113373796485,0.009801872829617229
X-n242-k48,241,grocery,ortools:proxy_mean_scaled_seed109_or_tools,proxy_mean_scaled_seed109_or_tools,ortools,True,True,True,48,87732.0,4.999455690383911,1.077375411987305,6.076831102371216,1337.2800000000002,0.995,pulp_cbc,mean_domain_loss,431.07159161129033,,180,60,True,1475.973949221342,1477.18790780453,1719.0860596616135,1721.464512942517,601.9469066957233,1343.99999928,88163.07159161128,88427.4941837605,88679.68217275191,178.73715847799605,330.7721731053181,0.4750622406639004,155.685621656148,431.07159161129033,0.0,431.07159161129033,426.8113373796485,0.009981586379118036
X-n251-k28,250,atm,ortools:nominal_seed103_or_tools,nominal_seed103_or_tools,ortools,True,True,True,28,40522.0,4.993817329406738,1.2081098556518557,6.201927185058594,1867.0,0.9663561076604554,pulp_cbc,mean_domain_loss,822.1565327390407,,180,60,True,2083.418657642686,2086.52559340612,2424.7257298494437,2425.3478480666686,1673.349754488663,1931.9999975,41344.15653273905,41970.12848406352,42603.67775831801,212.9982914796032,391.9740201894813,0.42964,234.77511302718904,822.1565327390407,0.0,822.1565327390407,822.1565327390407,0.0
X-n251-k28,250,cargo,ortools:nominal_seed103_or_tools,nominal_seed103_or_tools,ortools,True,True,True,28,40522.0,4.993817329406738,1.1415870189666748,6.135404348373413,1867.0,0.9663561076604554,pulp_cbc,mean_domain_loss,622.3337922050911,,180,60,True,2083.418657642686,2086.52559340612,2424.7257298494437,2425.3478480666686,1506.1930464421173,1932.0000004,41144.33379220509,41625.12991527438,42104.04929328391,213.6790027597575,391.0783121008116,0.42608,235.4558272073432,622.3337922050911,0.0,622.3337922050911,622.3337922050911,0.0
X-n251-k28,250,cold_chain,ortools:nominal_seed103_or_tools,nominal_seed103_or_tools,ortools,True,True,True,28,40522.0,4.993817329406738,1.093397617340088,6.087214946746826,1867.0,0.9663561076604554,pulp_cbc,mean_domain_loss,760.0884446383731,,180,60,True,2083.418657642686,2086.52559340612,2424.7257298494437,2425.3478480666686,1757.7194522505072,1932.0000004,41638.02320830903,41988.061573802064,42430.48041385936,213.06174478272428,390.2650826150999,0.42488,234.83856923031007,760.0884446383731,355.9347636706605,760.0884446383731,760.0884446383731,0.0
X-n251-k28,250,grocery,ortools:nominal_seed103_or_tools,nominal_seed103_or_tools,ortools,True,True,True,28,40522.0,4.993817329406738,1.1944422721862793,6.188259601593018,1867.0,0.9663561076604554,pulp_cbc,mean_domain_loss,526.2231918762034,,180,60,True,2083.418657642686,2086.52559340612,2424.7257298494437,2425.3478480666686,793.3825333695573,1932.0000007,41048.223191876205,41337.56434582842,41672.49593465142,212.7290395416097,391.24648583665646,0.42864,234.50586428919544,526.2231918762034,0.0,526.2231918762034,526.2231918762034,0.0
X-n261-k13,260,atm,ortools:quantile_p75_scaled_or_tools,quantile_p75_scaled_or_tools,ortools,True,True,True,13,31282.0,5.002111196517944,1.5675268173217771,6.569638013839722,13982.735,0.995,pulp_cbc,mean_domain_loss,6467.14390662604,,180,60,True,14982.669280417082,15021.02935136878,17862.196299766994,17900.458727447764,12471.465910790594,14052.9999758,37749.14390662604,43540.55038462132,48478.60380649354,1648.0365962666838,3235.052842096612,0.4328846153846153,1831.999380036625,6467.14390662604,0.0,6467.14390662604,6467.14390662604,0.0
X-n261-k13,260,atm,ortools:robust_mean_1std_scaled_or_tools,robust_mean_1std_scaled_or_tools,ortools,True,True,True,13,31915.0,4.990690231323242,1.5970313549041748,6.587721586227417,13982.735,0.995,pulp_cbc,mean_domain_loss,6467.692533351082,,180,60,True,14982.669280417082,15021.02935136878,17862.196299766994,17900.458727447764,12475.524138975255,14053.000024099998,38382.69253335107,44153.799325264095,49127.92484842919,1649.119486550219,3231.850300087938,0.4348846153846153,1833.0823186201608,6467.692533351082,0.0,6467.692533351082,6467.14390662604,8.483292361556691e-05
X-n261-k13,260,atm,ortools:quantile_p75_scaled_seed107_or_tools,quantile_p75_scaled_seed107_or_tools,ortools,True,True,True,13,31470.0,5.001019477844238,1.6708035469055176,6.671823024749756,13982.735,0.995,pulp_cbc,mean_domain_loss,6472.716956622075,,180,60,True,14982.669280417082,15021.02935136878,17862.196299766994,17900.458727447764,12475.733311721153,14052.999972500002,37942.71695662207,43758.87662934613,48672.90028804216,1649.195085607458,3242.4648933897524,0.4312307692307692,1833.1578660774,6472.716956622075,0.0,6472.716956622075,6467.14390662604,0.0008617482580408627
X-n261-k13,260,atm,ortools:robust_mean_1std_scaled_seed113_or_tools,robust_mean_1std_scaled_seed113_or_tools,ortools,True,True,True,13,32161.0,5.009710311889648,1.5696547031402588,6.579365015029907,13982.735,0.995,pulp_cbc,mean_domain_loss,6473.391397860769,,180,60,True,14982.669280417082,15021.02935136878,17862.196299766994,17900.458727447764,12479.402517051829,14053.0000082,38634.39139786076,44421.68752474055,49378.20091304832,1650.761766862121,3238.0690399042724,0.4343846153846153,1834.7245830320628,6473.391397860769,0.0,6473.391397860769,6467.14390662604,0.0009660355985472738
X-n261-k13,260,atm,ortools:proxy_mean_scaled_or_tools,proxy_mean_scaled_or_tools,ortools,True,True,True,13,31364.0,4.997973680496216,1.6162781715393066,6.6142518520355225,13982.735000000002,0.9950000000000002,pulp_cbc,mean_domain_loss,6476.879934705127,,180,60,True,14982.669280417082,15021.02935136878,17862.196299766994,17900.458727447764,12475.283882630689,14052.9999778,37840.87993470512,43648.96249070718,48554.15070702577,1648.571938722387,3238.681096048927,0.4308846153846153,1832.5347244923285,6476.879934705127,0.0,6476.879934705127,6467.14390662604,0.00150546024947921
X-n261-k13,260,atm,ortools:quantile_p90_scaled_or_tools,quantile_p90_scaled_or_tools,ortools,True,True,True,13,31580.0,4.999620199203491,1.5725553035736084,6.5721755027771,13982.735,0.995,pulp_cbc,mean_domain_loss,6478.370061488432,,180,60,True,14982.669280417082,15021.02935136878,17862.196299766994,17900.458727447764,12496.648741950949,14052.9999699,38058.37006148843,43844.952094690925,48804.24840738537,1653.7518770831207,3241.6981843243084,0.4404615384615384,1837.7146549530623,6478.370061488432,0.0,6478.370061488432,6467.14390662604,0.0017358752216554117
X-n261-k13,260,atm,ortools:proxy_mean_scaled_seed109_or_tools,proxy_mean_scaled_seed109_or_tools,ortools,True,True,True,13,30438.0,5.0002217292785645,1.5845959186553955,6.58481764793396,13982.735000000002,0.9950000000000002,pulp_cbc,mean_domain_loss,6479.169896472878,,180,60,True,14982.669280417082,15021.02935136878,17862.196299766994,17900.458727447764,12475.605484769472,14052.9999748,36917.16989647288,42755.291700607006,47615.17012512561,1648.0941726961685,3244.7922027808954,0.43,1832.0569554661104,6479.169896472878,0.0,6479.169896472878,6467.14390662604,0.0018595519166530502
X-n261-k13,260,atm,ortools:robust_mean_2std_scaled_or_tools,robust_mean_2std_scaled_or_tools,ortools,True,True,True,13,31963.0,5.000209331512451,1.5409626960754397,6.541172027587891,13982.735000000002,0.9950000000000002,pulp_cbc,mean_domain_loss,6480.837623831815,,180,60,True,14982.669280417082,15021.02935136878,17862.196299766994,17900.458727447764,12502.796489562488,14052.9999849,38443.83762383181,44136.36440776961,49209.89310794989,1655.6792847517986,3222.081388324912,0.4378076923076923,1839.6420776217408,6480.837623831815,0.0,6480.837623831815,6467.14390662604,0.00211742886867647
X-n261-k13,260,cargo,ortools:robust_mean_2std_scaled_or_tools,robust_mean_2std_scaled_or_tools,ortools,True,True,True,13,31963.0,5.000209331512451,1.741358995437622,6.741568326950073,13982.735000000002,0.9950000000000002,pulp_cbc,mean_domain_loss,4841.914950434352,,180,60,True,14982.669280417082,15021.02935136878,17862.196299766994,17900.458727447764,11209.532760811588,14052.99997271,36804.91495043435,41108.272419719,44941.075538606776,1660.8733273769308,3232.158747275028,0.4326153846153846,1844.8361080568727,4841.914950434352,0.0,4841.914950434352,4841.914950434352,0.0
X-n261-k13,260,cargo,ortools:quantile_p75_scaled_or_tools,quantile_p75_scaled_or_tools,ortools,True,True,True,13,31282.0,5.002111196517944,1.6945548057556152,6.69666600227356,13982.735,0.995,pulp_cbc,mean_domain_loss,4847.0647147170375,,180,60,True,14982.669280417082,15021.02935136878,17862.196299766994,17900.458727447764,11230.265848673416,14052.99998221,36129.06471471703,40486.1956435281,44276.61293030521,1650.5300337339513,3229.302249885722,0.4260769230769231,1834.4928239138928,4847.0647147170375,0.0,4847.0647147170375,4841.914950434352,0.0010635800784198645
X-n261-k13,260,cargo,ortools:robust_mean_1std_scaled_seed113_or_tools,robust_mean_1std_scaled_seed113_or_tools,ortools,True,True,True,13,32161.0,5.009710311889648,1.7263484001159668,6.736058712005615,13982.735,0.995,pulp_cbc,mean_domain_loss,4849.921758011671,,180,60,True,14982.669280417082,15021.02935136878,17862.196299766994,17900.458727447764,11222.83521578727,14052.999987259998,37010.92175801168,41363.79015406674,45152.474262243246,1655.180484597033,3236.171072343496,0.4308461538461538,1839.1432798269757,4849.921758011671,0.0,4849.921758011671,4841.914950434352,0.001653644820134755
X-n261-k13,260,cargo,ortools:robust_mean_1std_scaled_or_tools,robust_mean_1std_scaled_or_tools,ortools,True,True,True,13,31915.0,4.990690231323242,1.8269617557525637,6.817651987075806,13982.735,0.995,pulp_cbc,mean_domain_loss,4850.104608774512,,180,60,True,14982.669280417082,15021.02935136878,17862.196299766994,17900.458727447764,11226.286454971632,14053.0000034,36765.10460877451,41130.02728721144,44915.69485679186,1653.6401763941687,3237.88224560914,0.4292307692307692,1837.6029877641108,4850.104608774512,0.0,4850.104608774512,4841.914950434352,0.0016914089619489852
X-n261-k13,260,cargo,ortools:quantile_p75_scaled_seed107_or_tools,quantile_p75_scaled_seed107_or_tools,ortools,True,True,True,13,31470.0,5.001019477844238,1.78674054145813,6.787760019302368,13982.735,0.995,pulp_cbc,mean_domain_loss,4853.467044855404,,180,60,True,14982.669280417082,15021.02935136878,17862.196299766994,17900.458727447764,11230.947244174517,14052.9999866,36323.4670448554,40704.83691640216,44469.45254778581,1652.662232533269,3240.432704399524,0.4269230769230769,1836.6250271032104,4853.467044855404,0.0,4853.467044855404,4841.914950434352,0.002385852403296708
X-n261-k13,260,cargo,ortools:quantile_p90_scaled_or_tools,quantile_p90_scaled_or_tools,ortools,True,True,True,13,31580.0,4.999620199203491,1.7166414260864258,6.716261625289917,13982.735,0.995,pulp_cbc,mean_domain_loss,4859.514733182818,,180,60,True,14982.669280417082,15021.02935136878,17862.196299766994,17900.458727447764,11232.411216645456,14052.99999428,36439.51473318282,40812.93805121919,44579.14989217111,1660.0778742253578,3248.7498157191394,0.4335,1844.0406764752995,4859.514733182818,0.0,4859.514733182818,4841.914950434352,0.003634880605841156
X-n261-k13,260,cargo,ortools:proxy_mean_scaled_or_tools,proxy_mean_scaled_or_tools,ortools,True,True,True,13,31364.0,4.997973680496216,1.863375663757324,6.86134934425354,13982.735000000002,0.9950000000000002,pulp_cbc,mean_domain_loss,4864.157803083785,,180,60,True,14982.669280417082,15021.02935136878,17862.196299766994,17900.458727447764,11250.394124171942,14052.99999629,36228.15780308379,40635.43952861511,44373.68264581958,1651.8382661331611,3246.573868592752,0.4275384615384615,1835.801070393103,4864.157803083785,0.0,4864.157803083785,4841.914950434352,0.00459381316630476
X-n261-k13,260,cargo,ortools:proxy_mean_scaled_seed109_or_tools,proxy_mean_scaled_seed109_or_tools,ortools,True,True,True,13,30438.0,5.0002217292785645,1.702967405319214,6.703189134597778,13982.735000000002,0.9950000000000002,pulp_cbc,mean_domain_loss,4867.448182120424,,180,60,True,14982.669280417082,15021.02935136878,17862.196299766994,17900.458727447764,11259.91754412044,14053.000022879998,35305.448182120424,39725.86961268319,43443.48511942726,1648.86677088946,3246.2992958929017,0.422,1832.8296017394011,4867.448182120424,0.0,4867.448182120424,4841.914950434352,0.005273374676641274
X-n261-k13,260,cold_chain,ortools:proxy_mean_scaled_or_tools,proxy_mean_scaled_or_tools,ortools,True,True,True,13,31364.0,4.997973680496216,1.5198144912719729,6.5177881717681885,13982.735000000002,0.9950000000000002,pulp_cbc,mean_domain_loss,6025.565164466592,,180,60,True,14982.669280417082,15021.02935136878,17862.196299766994,17900.458727447764,13319.109097908844,14052.9999888,40101.29195624335,43626.48649548242,47018.54182638342,1646.9191017350165,3233.256012489825,0.4230384615384615,1830.881898504959,6025.565164466592,2711.726791776756,6025.565164466592,6025.565164466592,0.0
X-n261-k13,260,cold_chain,ortools:quantile_p75_scaled_seed107_or_tools,quantile_p75_scaled_seed107_or_tools,ortools,True,True,True,13,31470.0,5.001019477844238,1.494706630706787,6.495726108551025,13982.735,0.995,pulp_cbc,mean_domain_loss,6025.822843601305,,180,60,True,14982.669280417082,15021.02935136878,17862.196299766994,17900.458727447764,13238.557414644272,14052.9999897,40126.88544294829,43737.49401404484,47048.69786556006,1650.2518182463075,3247.099239987476,0.4263076923076923,1834.2146159162492,6025.822843601305,2631.0625993469785,6025.822843601305,6025.565164466592,4.2764309683741886e-05
X-n261-k13,260,cold_chain,ortools:robust_mean_1std_scaled_seed113_or_tools,robust_mean_1std_scaled_seed113_or_tools,ortools,True,True,True,13,32161.0,5.009710311889648,1.4242253303527832,6.433935642242432,13982.735,0.995,pulp_cbc,mean_domain_loss,6030.384028166283,,180,60,True,14982.669280417082,15021.02935136878,17862.196299766994,17900.458727447764,13270.859932135858,14052.9999787,40847.718889608186,44426.11262265232,47782.44165008544,1650.9871274798795,3235.962598851195,0.4264230769230769,1834.9499141498216,6030.384028166283,2656.3348614418983,6030.384028166283,6025.565164466592,0.0007997363845815532
X-n261-k13,260,cold_chain,ortools:robust_mean_1std_scaled_or_tools,robust_mean_1std_scaled_or_tools,ortools,True,True,True,13,31915.0,4.990690231323242,1.528756856918335,6.519447088241577,13982.735,0.995,pulp_cbc,mean_domain_loss,6032.2671578607615,,180,60,True,14982.669280417082,15021.02935136878,17862.196299766994,17900.458727447764,13353.542150662935,14052.999994999998,40682.52457985511,44272.03021878218,47609.41513340923,1649.0541023539051,3236.207907440471,0.4250384615384615,1833.016905323847,6032.2671578607615,2735.257421994347,6032.2671578607615,6025.565164466592,0.0011122597152697974
X-n261-k13,260,cold_chain,ortools:quantile_p75_scaled_or_tools,quantile_p75_scaled_or_tools,ortools,True,True,True,13,31282.0,5.002111196517944,1.4422099590301514,6.444321155548096,13982.735,0.995,pulp_cbc,mean_domain_loss,6032.723920473414,,180,60,True,14982.669280417082,15021.02935136878,17862.196299766994,17900.458727447764,13365.286527146012,14052.9999709,40067.16164568751,43629.83605326624,46968.61322356368,1648.5654975502423,3226.370180483355,0.4219230769230769,1832.528276420184,6032.723920473414,2752.437725214092,6032.723920473414,6025.565164466592,0.0011880638266162796
X-n261-k13,260,cold_chain,ortools:proxy_mean_scaled_seed109_or_tools,proxy_mean_scaled_seed109_or_tools,ortools,True,True,True,13,30438.0,5.0002217292785645,1.3788652420043943,6.379086971282959,13982.735000000002,0.9950000000000002,pulp_cbc,mean_domain_loss,6034.878095436351,,180,60,True,14982.669280417082,15021.02935136878,17862.196299766994,17900.458727447764,13292.523878515263,14052.9999936,39158.927478137375,42675.16186748097,46029.50609670046,1648.9987897899214,3231.293897319718,0.4185,1832.9615913598627,6034.878095436351,2686.0493827010223,6034.878095436351,6025.565164466592,0.0015455697043454347
X-n261-k13,260,cold_chain,ortools:robust_mean_2std_scaled_or_tools,robust_mean_2std_scaled_or_tools,ortools,True,True,True,13,31963.0,5.000209331512451,1.436290979385376,6.436500310897827,13982.735000000002,0.9950000000000002,pulp_cbc,mean_domain_loss,6053.948625648601,,180,60,True,14982.669280417082,15021.02935136878,17862.196299766994,17900.458727447764,13366.341919126848,14053.0000062,40737.57363259046,44277.05400186637,47683.78462147901,1658.5528064910334,3236.8635000758877,0.4297307692307692,1842.515620660976,6053.948625648601,2720.625006941863,6053.948625648601,6025.565164466592,0.00471050605333899
X-n261-k13,260,cold_chain,ortools:quantile_p90_scaled_or_tools,quantile_p90_scaled_or_tools,ortools,True,True,True,13,31580.0,4.999620199203491,1.4812626838684082,6.480882883071899,13982.735,0.995,pulp_cbc,mean_domain_loss,6059.351352864667,,180,60,True,14982.669280417082,15021.02935136878,17862.196299766994,17900.458727447764,13305.677175210143,14052.9999737,40311.00209562378,43868.81882584417,47247.29878663737,1660.1610278711985,3240.530670708133,0.4315,1844.12380954114,6059.351352864667,2671.6507427591164,6059.351352864667,6025.565164466592,0.005607140156298658
X-n261-k13,260,grocery,ortools:quantile_p75_scaled_seed107_or_tools,quantile_p75_scaled_seed107_or_tools,ortools,True,True,True,13,31470.0,5.001019477844238,1.4297804832458496,6.430799961090088,13982.735,0.995,pulp_cbc,mean_domain_loss,4147.387421787927,,180,60,True,14982.669280417082,15021.02935136878,17862.196299766994,17900.458727447764,5930.255531943661,14052.999985,35617.38742178793,38463.58170927245,41005.080006082746,1644.9057112373016,3245.1163647757026,0.4300384615384615,1828.868504207244,4147.387421787927,0.0,4147.387421787927,4147.387421787927,0.0
X-n261-k13,260,grocery,ortools:proxy_mean_scaled_seed109_or_tools,proxy_mean_scaled_seed109_or_tools,ortools,True,True,True,13,30438.0,5.0002217292785645,1.377924919128418,6.378146648406982,13982.735000000002,0.9950000000000002,pulp_cbc,mean_domain_loss,4148.734708802466,,180,60,True,14982.669280417082,15021.02935136878,17862.196299766994,17900.458727447764,5925.51481203128,14052.9999609,34586.73470880247,37379.59633325926,39954.84388321875,1644.7603686171708,3233.786273115582,0.4267692307692308,1828.7231374871128,4148.734708802466,0.0,4148.734708802466,4147.387421787927,0.0003248519796971287
X-n261-k13,260,grocery,ortools:quantile_p75_scaled_or_tools,quantile_p75_scaled_or_tools,ortools,True,True,True,13,31282.0,5.002111196517944,1.4079608917236328,6.410072088241577,13982.735,0.995,pulp_cbc,mean_domain_loss,4149.221740114921,,180,60,True,14982.669280417082,15021.02935136878,17862.196299766994,17900.458727447764,5927.505497933556,14052.9999838,35431.221740114925,38254.05900245982,40816.82964170847,1645.9395046078953,3231.12639723885,0.4296923076923077,1829.9022963778368,4149.221740114921,0.0,4149.221740114921,4147.387421787927,0.00044228284952524535
X-n261-k13,260,grocery,ortools:proxy_mean_scaled_or_tools,proxy_mean_scaled_or_tools,ortools,True,True,True,13,31364.0,4.997973680496216,1.389495611190796,6.387469291687012,13982.735000000002,0.9950000000000002,pulp_cbc,mean_domain_loss,4151.117058341741,,180,60,True,14982.669280417082,15021.02935136878,17862.196299766994,17900.458727447764,5926.769334822436,14052.999982,35515.11705834175,38316.44616357457,40900.35223238522,1646.166977066324,3234.603305083908,0.4282692307692308,1830.129767036265,4151.117058341741,0.0,4151.117058341741,4147.387421787927,0.0008992737293409987
X-n261-k13,260,grocery,ortools:robust_mean_1std_scaled_or_tools,robust_mean_1std_scaled_or_tools,ortools,True,True,True,13,31915.0,4.990690231323242,1.2731130123138428,6.263803243637085,13982.735,0.995,pulp_cbc,mean_domain_loss,4153.876243969726,,180,60,True,14982.669280417082,15021.02935136878,17862.196299766994,17900.458727447764,5931.694411155062,14052.999993999998,36068.87624396973,38874.2534318515,41461.41793390428,1647.998409873283,3227.8417542737807,0.4331153846153846,1831.961211843224,4153.876243969726,0.0,4153.876243969726,4147.387421787927,0.0015645565561851773
X-n261-k13,260,grocery,ortools:robust_mean_1std_scaled_seed113_or_tools,robust_mean_1std_scaled_seed113_or_tools,ortools,True,True,True,13,32161.0,5.009710311889648,1.4034180641174316,6.41312837600708,13982.735,0.995,pulp_cbc,mean_domain_loss,4154.9292370552685,,180,60,True,14982.669280417082,15021.02935136878,17862.196299766994,17900.458727447764,5934.136066652899,14053.000002700002,36315.92923705527,39129.24462485276,41708.9711545837,1648.3478514510673,3231.571835201371,0.4324615384615384,1832.3106621210093,4154.9292370552685,0.0,4154.9292370552685,4147.387421787927,0.0018184496648952443
X-n261-k13,260,grocery,ortools:quantile_p90_scaled_or_tools,quantile_p90_scaled_or_tools,ortools,True,True,True,13,31580.0,4.999620199203491,1.3656814098358154,6.365301609039307,13982.735,0.995,pulp_cbc,mean_domain_loss,4161.736746947559,,180,60,True,14982.669280417082,15021.02935136878,17862.196299766994,17900.458727447764,5946.192076772937,14052.999964899998,35741.736746947565,38557.151100049145,41128.67521622557,1652.4419423601869,3237.48799026089,0.4372692307692307,1836.4047152301284,4161.736746947559,0.0,4161.736746947559,4147.387421787927,0.003459846814466627
X-n261-k13,260,grocery,ortools:robust_mean_2std_scaled_or_tools,robust_mean_2std_scaled_or_tools,ortools,True,True,True,13,31963.0,5.000209331512451,1.3265650272369385,6.32677435874939,13982.735000000002,0.9950000000000002,pulp_cbc,mean_domain_loss,4166.924429747479,,180,60,True,14982.669280417082,15021.02935136878,17862.196299766994,17900.458727447764,5954.084549793804,14053.0000156,36129.924429747465,38891.26239989949,41538.55107886734,1654.2596602553813,3220.088811276311,0.4359230769230769,1838.222483825323,4166.924429747479,0.0,4166.924429747479,4147.387421787927,0.004710678307243605
X-n275-k28,274,atm,ortools:quantile_p75_scaled_seed107_or_tools,quantile_p75_scaled_seed107_or_tools,ortools,True,True,True,28,22426.0,5.005742311477661,1.4898080825805664,6.495550394058228,278.6,0.995,pulp_cbc,mean_domain_loss,107.69324463157996,,180,60,True,306.89828660604496,307.5660280006758,368.0009655121191,368.3309895522635,251.338360616101,279.9999996,22533.69324463158,22609.317389464133,22709.450121502177,28.00898382796879,49.800963784449536,0.412992700729927,33.826692114309544,107.69324463157996,0.0,107.69324463157996,107.69324463157996,0.0
X-n275-k28,274,atm,ortools:nominal_seed103_or_tools,nominal_seed103_or_tools,ortools,True,True,True,28,22466.0,4.998498201370239,1.4423997402191162,6.440897941589356,274.0,0.9785714285714284,pulp_cbc,mean_domain_loss,107.8282177663608,,180,60,True,306.89828660604496,307.5660280006758,368.0009655121191,368.3309895522635,251.46253501054255,280.00000038,22573.828217766364,22648.42534980658,22750.79612675337,28.04962946327092,49.87379828678131,0.4148905109489051,33.867338529611665,107.8282177663608,0.0,107.8282177663608,107.69324463157996,0.0012533110618273295
X-n275-k28,274,atm,ortools:proxy_mean_scaled_seed109_or_tools,proxy_mean_scaled_seed109_or_tools,ortools,True,True,True,28,22488.0,5.008959531784058,1.3836603164672852,6.392619848251343,278.6,0.995,pulp_cbc,mean_domain_loss,108.29985356818322,,180,60,True,306.89828660604496,307.5660280006758,368.0009655121191,368.3309895522635,252.1602402328647,279.99999997,22596.299853568184,22672.465597800143,22773.291693506293,28.185398061430725,50.1714014140557,0.4154744525547445,34.00310671777147,108.29985356818322,0.0,108.29985356818322,107.69324463157996,0.005632748262701927
X-n275-k28,274,atm,ortools:nominal_or_tools,nominal_or_tools,ortools,True,True,True,28,22472.0,4.984764575958252,1.61543607711792,6.600200653076172,274.0,0.9785714285714284,pulp_cbc,mean_domain_loss,108.61394996633572,,180,60,True,306.89828660604496,307.5660280006758,368.0009655121191,368.3309895522635,252.89804395386147,280.00000034,22580.613949966333,22657.01285719522,22757.57048916802,28.27605619715132,50.495112194120736,0.4176642335766423,34.09376522349207,108.61394996633572,0.0,108.61394996633572,107.69324463157996,0.008549332299398272
X-n275-k28,274,atm,ortools:proxy_mean_or_tools,proxy_mean_or_tools,ortools,True,True,True,28,22472.0,5.0025129318237305,1.4931492805480957,6.495662212371826,306.89828660604496,1.0960653093073034,pulp_cbc,mean_domain_loss,108.61394996633572,,180,60,True,306.89828660604496,307.5660280006758,368.0009655121191,368.3309895522635,252.89804395386147,280.00000034,22580.613949966333,22657.01285719522,22757.57048916802,28.27605619715132,50.495112194120736,0.4176642335766423,34.09376522349207,108.61394996633572,0.0,108.61394996633572,107.69324463157996,0.008549332299398272
X-n275-k28,274,atm,ortools:proxy_mean_scaled_or_tools,proxy_mean_scaled_or_tools,ortools,True,True,True,28,22472.0,4.992675542831421,1.4391953945159912,6.431870937347412,278.6,0.995,pulp_cbc,mean_domain_loss,108.61394996633572,,180,60,True,306.89828660604496,307.5660280006758,368.0009655121191,368.3309895522635,252.89804395386147,280.00000034,22580.613949966333,22657.01285719522,22757.57048916802,28.27605619715132,50.495112194120736,0.4176642335766423,34.09376522349207,108.61394996633572,0.0,108.61394996633572,107.69324463157996,0.008549332299398272
X-n275-k28,274,atm,ortools:quantile_p75_or_tools,quantile_p75_or_tools,ortools,True,True,True,28,22472.0,4.99279522895813,1.437080144882202,6.429875373840332,354.23846786519573,1.2651373852328418,pulp_cbc,mean_domain_loss,108.61394996633572,,180,60,True,306.89828660604496,307.5660280006758,368.0009655121191,368.3309895522635,252.89804395386147,280.00000034,22580.613949966333,22657.01285719522,22757.57048916802,28.27605619715132,50.495112194120736,0.4176642335766423,34.09376522349207,108.61394996633572,0.0,108.61394996633572,107.69324463157996,0.008549332299398272
X-n275-k28,274,atm,ortools:quantile_p75_scaled_or_tools,quantile_p75_scaled_or_tools,ortools,True,True,True,28,22472.0,5.009199142456055,1.452796220779419,6.461995363235474,278.6,0.995,pulp_cbc,mean_domain_loss,108.61394996633572,,180,60,True,306.89828660604496,307.5660280006758,368.0009655121191,368.3309895522635,252.89804395386147,280.00000034,22580.613949966333,22657.01285719522,22757.57048916802,28.27605619715132,50.495112194120736,0.4176642335766423,34.09376522349207,108.61394996633572,0.0,108.61394996633572,107.69324463157996,0.008549332299398272
X-n275-k28,274,atm,ortools:quantile_p90_scaled_or_tools,quantile_p90_scaled_or_tools,ortools,True,True,True,28,22472.0,5.0008862018585205,1.4692485332489014,6.470134735107422,278.6000000000001,0.9950000000000004,pulp_cbc,mean_domain_loss,108.61394996633572,,180,60,True,306.89828660604496,307.5660280006758,368.0009655121191,368.3309895522635,252.89804395386147,280.00000034,22580.613949966333,22657.01285719522,22757.57048916802,28.27605619715132,50.495112194120736,0.4176642335766423,34.09376522349207,108.61394996633572,0.0,108.61394996633572,107.69324463157996,0.008549332299398272
X-n275-k28,274,atm,ortools:robust_mean_1std_scaled_or_tools,robust_mean_1std_scaled_or_tools,ortools,True,True,True,28,22472.0,5.007322788238525,1.441713571548462,6.449036359786987,278.6,0.995,pulp_cbc,mean_domain_loss,108.61394996633572,,180,60,True,306.89828660604496,307.5660280006758,368.0009655121191,368.3309895522635,252.89804395386147,280.00000034,22580.613949966333,22657.01285719522,22757.57048916802,28.27605619715132,50.495112194120736,0.4176642335766423,34.09376522349207,108.61394996633572,0.0,108.61394996633572,107.69324463157996,0.008549332299398272
X-n275-k28,274,atm,ortools:robust_mean_2std_scaled_or_tools,robust_mean_2std_scaled_or_tools,ortools,True,True,True,28,22472.0,4.9921746253967285,1.4578158855438232,6.449990510940552,278.6,0.995,pulp_cbc,mean_domain_loss,108.61394996633572,,180,60,True,306.89828660604496,307.5660280006758,368.0009655121191,368.3309895522635,252.89804395386147,280.00000034,22580.613949966333,22657.01285719522,22757.57048916802,28.27605619715132,50.495112194120736,0.4176642335766423,34.09376522349207,108.61394996633572,0.0,108.61394996633572,107.69324463157996,0.008549332299398272
X-n275-k28,274,atm,ortools:nominal_seed101_or_tools,nominal_seed101_or_tools,ortools,True,True,True,28,22674.0,4.996150970458984,1.4627549648284912,6.458905935287476,274.0,0.9785714285714284,pulp_cbc,mean_domain_loss,108.6779531217067,,180,60,True,306.89828660604496,307.5660280006758,368.0009655121191,368.3309895522635,252.8912014045101,280.00000006,22782.677953121707,22860.28842336174,22959.64205108452,28.304070250904125,50.7115731742446,0.4183941605839416,34.12177899724487,108.6779531217067,0.0,108.6779531217067,107.69324463157996,0.009143642142972256
X-n275-k28,274,cargo,ortools:quantile_p75_scaled_seed107_or_tools,quantile_p75_scaled_seed107_or_tools,ortools,True,True,True,28,22426.0,5.005742311477661,1.6291162967681885,6.63485860824585,278.6,0.995,pulp_cbc,mean_domain_loss,82.19201206690957,,180,60,True,306.89828660604496,307.5660280006758,368.0009655121191,368.3309895522635,228.3779019864615,280.00000012,22508.19201206692,22565.667652790144,22643.57356673279,28.142060679854104,49.84238170519888,0.4143065693430657,33.959769486194865,82.19201206690957,0.0,82.19201206690957,82.19201206690957,0.0
X-n275-k28,274,cargo,ortools:nominal_seed103_or_tools,nominal_seed103_or_tools,ortools,True,True,True,28,22466.0,4.998498201370239,1.5218956470489502,6.5203938484191895,274.0,0.9785714285714284,pulp_cbc,mean_domain_loss,82.3040723035368,,180,60,True,306.89828660604496,307.5660280006758,368.0009655121191,368.3309895522635,228.62568411724183,280.00000004000003,22548.304072303534,22606.52302030861,22684.656919125544,28.18488037020409,50.08316977918445,0.4152554744525547,34.00258909654485,82.3040723035368,0.0,82.3040723035368,82.19201206690957,0.0013633957097437303
X-n275-k28,274,cargo,ortools:proxy_mean_scaled_seed109_or_tools,proxy_mean_scaled_seed109_or_tools,ortools,True,True,True,28,22488.0,5.008959531784058,1.6008946895599363,6.609854221343994,278.6,0.995,pulp_cbc,mean_domain_loss,82.64152588563589,,180,60,True,306.89828660604496,307.5660280006758,368.0009655121191,368.3309895522635,229.13706300866252,280.00000041,22570.64152588563,22628.33593862108,22706.84139215857,28.337327398217862,50.18128339133989,0.4171167883211679,34.15503649455862,82.64152588563589,0.0,82.64152588563589,82.19201206690957,0.005469069407382112
X-n275-k28,274,cargo,ortools:nominal_or_tools,nominal_or_tools,ortools,True,True,True,28,22472.0,4.984764575958252,1.5930359363555908,6.577800512313843,274.0,0.9785714285714284,pulp_cbc,mean_domain_loss,82.79194994005351,,180,60,True,306.89828660604496,307.5660280006758,368.0009655121191,368.3309895522635,229.69661452388624,280.00000002,22554.79194994005,22614.005273408657,22691.238420203543,28.387489142974424,50.74635744755972,0.4197810218978102,34.20519784931517,82.79194994005351,0.0,82.79194994005351,82.19201206690957,0.007299223587026385
X-n275-k28,274,cargo,ortools:proxy_mean_or_tools,proxy_mean_or_tools,ortools,True,True,True,28,22472.0,5.0025129318237305,1.5982697010040283,6.600782632827759,306.89828660604496,1.0960653093073034,pulp_cbc,mean_domain_loss,82.79194994005351,,180,60,True,306.89828660604496,307.5660280006758,368.0009655121191,368.3309895522635,229.69661452388624,280.00000002,22554.79194994005,22614.005273408657,22691.238420203543,28.387489142974424,50.74635744755972,0.4197810218978102,34.20519784931517,82.79194994005351,0.0,82.79194994005351,82.19201206690957,0.007299223587026385
X-n275-k28,274,cargo,ortools:proxy_mean_scaled_or_tools,proxy_mean_scaled_or_tools,ortools,True,True,True,28,22472.0,4.992675542831421,2.0249481201171875,7.017623662948608,278.6,0.995,pulp_cbc,mean_domain_loss,82.79194994005351,,180,60,True,306.89828660604496,307.5660280006758,368.0009655121191,368.3309895522635,229.69661452388624,280.00000002,22554.79194994005,22614.005273408657,22691.238420203543,28.387489142974424,50.74635744755972,0.4197810218978102,34.20519784931517,82.79194994005351,0.0,82.79194994005351,82.19201206690957,0.007299223587026385
X-n275-k28,274,cargo,ortools:quantile_p75_or_tools,quantile_p75_or_tools,ortools,True,True,True,28,22472.0,4.99279522895813,1.6961405277252195,6.68893575668335,354.23846786519573,1.2651373852328418,pulp_cbc,mean_domain_loss,82.79194994005351,,180,60,True,306.89828660604496,307.5660280006758,368.0009655121191,368.3309895522635,229.69661452388624,280.00000002,22554.79194994005,22614.005273408657,22691.238420203543,28.387489142974424,50.74635744755972,0.4197810218978102,34.20519784931517,82.79194994005351,0.0,82.79194994005351,82.19201206690957,0.007299223587026385
X-n275-k28,274,cargo,ortools:quantile_p75_scaled_or_tools,quantile_p75_scaled_or_tools,ortools,True,True,True,28,22472.0,5.009199142456055,1.8360912799835205,6.845290422439575,278.6,0.995,pulp_cbc,mean_domain_loss,82.79194994005351,,180,60,True,306.89828660604496,307.5660280006758,368.0009655121191,368.3309895522635,229.69661452388624,280.00000002,22554.79194994005,22614.005273408657,22691.238420203543,28.387489142974424,50.74635744755972,0.4197810218978102,34.20519784931517,82.79194994005351,0.0,82.79194994005351,82.19201206690957,0.007299223587026385
X-n275-k28,274,cargo,ortools:quantile_p90_scaled_or_tools,quantile_p90_scaled_or_tools,ortools,True,True,True,28,22472.0,5.0008862018585205,1.5960962772369385,6.596982479095459,278.6000000000001,0.9950000000000004,pulp_cbc,mean_domain_loss,82.79194994005351,,180,60,True,306.89828660604496,307.5660280006758,368.0009655121191,368.3309895522635,229.69661452388624,280.00000002,22554.79194994005,22614.005273408657,22691.238420203543,28.387489142974424,50.74635744755972,0.4197810218978102,34.20519784931517,82.79194994005351,0.0,82.79194994005351,82.19201206690957,0.007299223587026385
X-n275-k28,274,cargo,ortools:robust_mean_1std_scaled_or_tools,robust_mean_1std_scaled_or_tools,ortools,True,True,True,28,22472.0,5.007322788238525,1.6104519367218018,6.617774724960327,278.6,0.995,pulp_cbc,mean_domain_loss,82.79194994005351,,180,60,True,306.89828660604496,307.5660280006758,368.0009655121191,368.3309895522635,229.69661452388624,280.00000002,22554.79194994005,22614.005273408657,22691.238420203543,28.387489142974424,50.74635744755972,0.4197810218978102,34.20519784931517,82.79194994005351,0.0,82.79194994005351,82.19201206690957,0.007299223587026385
X-n275-k28,274,cargo,ortools:robust_mean_2std_scaled_or_tools,robust_mean_2std_scaled_or_tools,ortools,True,True,True,28,22472.0,4.9921746253967285,1.659816026687622,6.651990652084351,278.6,0.995,pulp_cbc,mean_domain_loss,82.79194994005351,,180,60,True,306.89828660604496,307.5660280006758,368.0009655121191,368.3309895522635,229.69661452388624,280.00000002,22554.79194994005,22614.005273408657,22691.238420203543,28.387489142974424,50.74635744755972,0.4197810218978102,34.20519784931517,82.79194994005351,0.0,82.79194994005351,82.19201206690957,0.007299223587026385
X-n275-k28,274,cargo,ortools:nominal_seed101_or_tools,nominal_seed101_or_tools,ortools,True,True,True,28,22674.0,4.996150970458984,1.6128582954406738,6.609009265899658,274.0,0.9785714285714284,pulp_cbc,mean_domain_loss,82.8118287374546,,180,60,True,306.89828660604496,307.5660280006758,368.0009655121191,368.3309895522635,229.6104101906596,280.00000069000004,22756.811828737453,22815.700130512825,22892.973454019582,28.42459088728849,50.783582945575134,0.4197445255474452,34.24230026362924,82.8118287374546,0.0,82.8118287374546,82.19201206690957,0.007541081608276778
X-n275-k28,274,cold_chain,ortools:quantile_p75_scaled_seed107_or_tools,quantile_p75_scaled_seed107_or_tools,ortools,True,True,True,28,22426.0,5.005742311477661,1.4380042552947998,6.443746566772461,278.6,0.995,pulp_cbc,mean_domain_loss,100.90695576490477,,180,60,True,306.89828660604496,307.5660280006758,368.0009655121191,368.3309895522635,257.3999091938634,279.99999988,22577.589272891302,22619.91072222222,22688.20887165459,28.03417031762084,49.7342394013871,0.4101094890510949,33.8518788839616,100.90695576490477,50.68231712640012,100.90695576490477,100.90695576490477,0.0
X-n275-k28,274,cold_chain,ortools:nominal_seed103_or_tools,nominal_seed103_or_tools,ortools,True,True,True,28,22466.0,4.998498201370239,1.3699722290039062,6.3684704303741455,274.0,0.9785714285714284,pulp_cbc,mean_domain_loss,101.01475774960392,,180,60,True,306.89828660604496,307.5660280006758,368.0009655121191,368.3309895522635,257.4721095484881,279.99999986,22617.642823582184,22659.023082326705,22729.297819728377,28.08063043127782,49.923691804457846,0.412956204379562,33.89833897761858,101.01475774960392,50.62806583257807,101.01475774960392,100.90695576490477,0.0010683305613768622
X-n275-k28,274,cold_chain,ortools:proxy_mean_scaled_seed109_or_tools,proxy_mean_scaled_seed109_or_tools,ortools,True,True,True,28,22488.0,5.008959531784058,1.405601978302002,6.41456151008606,278.6,0.995,pulp_cbc,mean_domain_loss,101.52448474058188,,180,60,True,306.89828660604496,307.5660280006758,368.0009655121191,368.3309895522635,258.0796585120876,279.99999940000004,22640.10798395508,22683.810907228148,22751.835927634176,28.23662179604817,50.42982105156335,0.4133576642335766,34.05432988238892,101.52448474058188,50.58349921450389,101.52448474058188,100.90695576490477,0.0061197860048008024
X-n275-k28,274,cold_chain,ortools:nominal_seed101_or_tools,nominal_seed101_or_tools,ortools,True,True,True,28,22674.0,4.996150970458984,1.3909213542938232,6.387072324752808,274.0,0.9785714285714284,pulp_cbc,mean_domain_loss,101.64782052101248,,180,60,True,306.89828660604496,307.5660280006758,368.0009655121191,368.3309895522635,258.7704482005884,279.70825288,22826.181215512253,22870.035142450903,22938.224015044307,28.336355702546733,50.61908329744802,0.4168613138686131,33.862317268887494,101.64782052101248,50.53339499123812,101.64782052101248,100.90695576490477,0.007342058339702515
X-n275-k28,274,cold_chain,ortools:nominal_or_tools,nominal_or_tools,ortools,True,True,True,28,22472.0,4.984764575958252,1.3835039138793943,6.368268489837647,274.0,0.9785714285714284,pulp_cbc,mean_domain_loss,101.73705906280792,,180,60,True,306.89828660604496,307.5660280006758,368.0009655121191,368.3309895522635,258.902884590517,279.70825283,22624.421035275744,22667.645066062505,22736.297320707545,28.35438545058692,50.57371319138189,0.416934306569343,33.88034696692766,101.73705906280792,50.683976212935,101.73705906280792,100.90695576490477,0.008226422961734602
X-n275-k28,274,cold_chain,ortools:proxy_mean_or_tools,proxy_mean_or_tools,ortools,True,True,True,28,22472.0,5.0025129318237305,1.3745367527008057,6.377049684524536,306.89828660604496,1.0960653093073034,pulp_cbc,mean_domain_loss,101.73705906280792,,180,60,True,306.89828660604496,307.5660280006758,368.0009655121191,368.3309895522635,258.902884590517,279.70825283,22624.421035275744,22667.645066062505,22736.297320707545,28.35438545058692,50.57371319138189,0.416934306569343,33.88034696692766,101.73705906280792,50.683976212935,101.73705906280792,100.90695576490477,0.008226422961734602
X-n275-k28,274,cold_chain,ortools:proxy_mean_scaled_or_tools,proxy_mean_scaled_or_tools,ortools,True,True,True,28,22472.0,4.992675542831421,1.5918476581573486,6.5845232009887695,278.6,0.995,pulp_cbc,mean_domain_loss,101.73705906280792,,180,60,True,306.89828660604496,307.5660280006758,368.0009655121191,368.3309895522635,258.902884590517,279.70825283,22624.421035275744,22667.645066062505,22736.297320707545,28.35438545058692,50.57371319138189,0.416934306569343,33.88034696692766,101.73705906280792,50.683976212935,101.73705906280792,100.90695576490477,0.008226422961734602
X-n275-k28,274,cold_chain,ortools:quantile_p75_or_tools,quantile_p75_or_tools,ortools,True,True,True,28,22472.0,4.99279522895813,1.539350986480713,6.532146215438843,354.23846786519573,1.2651373852328418,pulp_cbc,mean_domain_loss,101.73705906280792,,180,60,True,306.89828660604496,307.5660280006758,368.0009655121191,368.3309895522635,258.902884590517,279.70825283,22624.421035275744,22667.645066062505,22736.297320707545,28.35438545058692,50.57371319138189,0.416934306569343,33.88034696692766,101.73705906280792,50.683976212935,101.73705906280792,100.90695576490477,0.008226422961734602
X-n275-k28,274,cold_chain,ortools:quantile_p75_scaled_or_tools,quantile_p75_scaled_or_tools,ortools,True,True,True,28,22472.0,5.009199142456055,1.401752471923828,6.410951614379883,278.6,0.995,pulp_cbc,mean_domain_loss,101.73705906280792,,180,60,True,306.89828660604496,307.5660280006758,368.0009655121191,368.3309895522635,258.902884590517,279.70825283,22624.421035275744,22667.645066062505,22736.297320707545,28.35438545058692,50.57371319138189,0.416934306569343,33.88034696692766,101.73705906280792,50.683976212935,101.73705906280792,100.90695576490477,0.008226422961734602
X-n275-k28,274,cold_chain,ortools:quantile_p90_scaled_or_tools,quantile_p90_scaled_or_tools,ortools,True,True,True,28,22472.0,5.0008862018585205,1.454158067703247,6.455044269561768,278.6000000000001,0.9950000000000004,pulp_cbc,mean_domain_loss,101.73705906280792,,180,60,True,306.89828660604496,307.5660280006758,368.0009655121191,368.3309895522635,258.902884590517,279.70825283,22624.421035275744,22667.645066062505,22736.297320707545,28.35438545058692,50.57371319138189,0.416934306569343,33.88034696692766,101.73705906280792,50.683976212935,101.73705906280792,100.90695576490477,0.008226422961734602
X-n275-k28,274,cold_chain,ortools:robust_mean_1std_scaled_or_tools,robust_mean_1std_scaled_or_tools,ortools,True,True,True,28,22472.0,5.007322788238525,1.452326774597168,6.459649562835693,278.6,0.995,pulp_cbc,mean_domain_loss,101.73705906280792,,180,60,True,306.89828660604496,307.5660280006758,368.0009655121191,368.3309895522635,258.902884590517,279.70825283,22624.421035275744,22667.645066062505,22736.297320707545,28.35438545058692,50.57371319138189,0.416934306569343,33.88034696692766,101.73705906280792,50.683976212935,101.73705906280792,100.90695576490477,0.008226422961734602
X-n275-k28,274,cold_chain,ortools:robust_mean_2std_scaled_or_tools,robust_mean_2std_scaled_or_tools,ortools,True,True,True,28,22472.0,4.9921746253967285,1.3917911052703855,6.383965730667114,278.6,0.995,pulp_cbc,mean_domain_loss,101.73705906280792,,180,60,True,306.89828660604496,307.5660280006758,368.0009655121191,368.3309895522635,258.902884590517,279.70825283,22624.421035275744,22667.645066062505,22736.297320707545,28.35438545058692,50.57371319138189,0.416934306569343,33.88034696692766,101.73705906280792,50.683976212935,101.73705906280792,100.90695576490477,0.008226422961734602
X-n275-k28,274,grocery,ortools:quantile_p75_scaled_seed107_or_tools,quantile_p75_scaled_seed107_or_tools,ortools,True,True,True,28,22426.0,5.005742311477661,1.3311545848846436,6.336896896362305,278.6,0.995,pulp_cbc,mean_domain_loss,69.93864422349382,,180,60,True,306.89828660604496,307.5660280006758,368.0009655121191,368.3309895522635,118.20398135653058,280.00000019000004,22495.938644223486,22530.95992253091,22582.93207013904,27.984053064833898,49.8872407381093,0.411970802919708,33.80176194117465,69.93864422349382,0.0,69.93864422349382,69.93864422349382,0.0
X-n275-k28,274,grocery,ortools:nominal_seed103_or_tools,nominal_seed103_or_tools,ortools,True,True,True,28,22466.0,4.998498201370239,1.3315882682800293,6.3300864696502686,274.0,0.9785714285714284,pulp_cbc,mean_domain_loss,70.03153149097535,,180,60,True,306.89828660604496,307.5660280006758,368.0009655121191,368.3309895522635,118.2376916980434,279.9999998,22536.03153149098,22569.86879032808,22623.776943616125,28.0467699822392,49.859856460482064,0.4141970802919708,33.864478468579954,70.03153149097535,0.0,70.03153149097535,69.93864422349382,0.0013281250803876292
X-n275-k28,274,grocery,ortools:proxy_mean_scaled_seed109_or_tools,proxy_mean_scaled_seed109_or_tools,ortools,True,True,True,28,22488.0,5.008959531784058,1.3424186706542969,6.3513782024383545,278.6,0.995,pulp_cbc,mean_domain_loss,70.28798983510434,,180,60,True,306.89828660604496,307.5660280006758,368.0009655121191,368.3309895522635,118.64433922518836,280.00000018000003,22558.287989835106,22593.50163705744,22646.07963163183,28.1690781868416,50.19809557505614,0.4154014598540146,33.986787053182354,70.28798983510434,0.0,70.28798983510434,69.93864422349382,0.00499502979345951
X-n275-k28,274,grocery,ortools:nominal_or_tools,nominal_or_tools,ortools,True,True,True,28,22472.0,4.984764575958252,1.3710689544677734,6.355833530426025,274.0,0.9785714285714284,pulp_cbc,mean_domain_loss,70.50975225290605,,180,60,True,306.89828660604496,307.5660280006758,368.0009655121191,368.3309895522635,119.05923885447174,279.97094958,22542.509752252903,22577.9808073307,22630.203535084627,28.2657210754061,50.48675858069855,0.4166423357664233,34.05437934174685,70.50975225290605,0.0,70.50975225290605,69.93864422349382,0.00816584358694764
X-n275-k28,274,grocery,ortools:proxy_mean_or_tools,proxy_mean_or_tools,ortools,True,True,True,28,22472.0,5.0025129318237305,1.339843988418579,6.34235692024231,306.89828660604496,1.0960653093073034,pulp_cbc,mean_domain_loss,70.50975225290605,,180,60,True,306.89828660604496,307.5660280006758,368.0009655121191,368.3309895522635,119.05923885447174,279.97094958,22542.509752252903,22577.9808073307,22630.203535084627,28.2657210754061,50.48675858069855,0.4166423357664233,34.05437934174685,70.50975225290605,0.0,70.50975225290605,69.93864422349382,0.00816584358694764
X-n275-k28,274,grocery,ortools:proxy_mean_scaled_or_tools,proxy_mean_scaled_or_tools,ortools,True,True,True,28,22472.0,4.992675542831421,1.3156280517578125,6.308303594589233,278.6,0.995,pulp_cbc,mean_domain_loss,70.50975225290605,,180,60,True,306.89828660604496,307.5660280006758,368.0009655121191,368.3309895522635,119.05923885447174,279.97094958,22542.509752252903,22577.9808073307,22630.203535084627,28.2657210754061,50.48675858069855,0.4166423357664233,34.05437934174685,70.50975225290605,0.0,70.50975225290605,69.93864422349382,0.00816584358694764
X-n275-k28,274,grocery,ortools:quantile_p75_or_tools,quantile_p75_or_tools,ortools,True,True,True,28,22472.0,4.99279522895813,1.4294424057006836,6.4222376346588135,354.23846786519573,1.2651373852328418,pulp_cbc,mean_domain_loss,70.50975225290605,,180,60,True,306.89828660604496,307.5660280006758,368.0009655121191,368.3309895522635,119.05923885447174,279.97094958,22542.509752252903,22577.9808073307,22630.203535084627,28.2657210754061,50.48675858069855,0.4166423357664233,34.05437934174685,70.50975225290605,0.0,70.50975225290605,69.93864422349382,0.00816584358694764
X-n275-k28,274,grocery,ortools:quantile_p75_scaled_or_tools,quantile_p75_scaled_or_tools,ortools,True,True,True,28,22472.0,5.009199142456055,1.3618416786193848,6.37104082107544,278.6,0.995,pulp_cbc,mean_domain_loss,70.50975225290605,,180,60,True,306.89828660604496,307.5660280006758,368.0009655121191,368.3309895522635,119.05923885447174,279.97094958,22542.509752252903,22577.9808073307,22630.203535084627,28.2657210754061,50.48675858069855,0.4166423357664233,34.05437934174685,70.50975225290605,0.0,70.50975225290605,69.93864422349382,0.00816584358694764
X-n275-k28,274,grocery,ortools:quantile_p90_scaled_or_tools,quantile_p90_scaled_or_tools,ortools,True,True,True,28,22472.0,5.0008862018585205,1.3636267185211182,6.364512920379639,278.6000000000001,0.9950000000000004,pulp_cbc,mean_domain_loss,70.50975225290605,,180,60,True,306.89828660604496,307.5660280006758,368.0009655121191,368.3309895522635,119.05923885447174,279.97094958,22542.509752252903,22577.9808073307,22630.203535084627,28.2657210754061,50.48675858069855,0.4166423357664233,34.05437934174685,70.50975225290605,0.0,70.50975225290605,69.93864422349382,0.00816584358694764
X-n275-k28,274,grocery,ortools:robust_mean_1std_scaled_or_tools,robust_mean_1std_scaled_or_tools,ortools,True,True,True,28,22472.0,5.007322788238525,1.335049390792847,6.342372179031372,278.6,0.995,pulp_cbc,mean_domain_loss,70.50975225290605,,180,60,True,306.89828660604496,307.5660280006758,368.0009655121191,368.3309895522635,119.05923885447174,279.97094958,22542.509752252903,22577.9808073307,22630.203535084627,28.2657210754061,50.48675858069855,0.4166423357664233,34.05437934174685,70.50975225290605,0.0,70.50975225290605,69.93864422349382,0.00816584358694764
X-n275-k28,274,grocery,ortools:robust_mean_2std_scaled_or_tools,robust_mean_2std_scaled_or_tools,ortools,True,True,True,28,22472.0,4.9921746253967285,1.318227767944336,6.3104023933410645,278.6,0.995,pulp_cbc,mean_domain_loss,70.50975225290605,,180,60,True,306.89828660604496,307.5660280006758,368.0009655121191,368.3309895522635,119.05923885447174,279.97094958,22542.509752252903,22577.9808073307,22630.203535084627,28.2657210754061,50.48675858069855,0.4166423357664233,34.05437934174685,70.50975225290605,0.0,70.50975225290605,69.93864422349382,0.00816584358694764
X-n275-k28,274,grocery,ortools:nominal_seed101_or_tools,nominal_seed101_or_tools,ortools,True,True,True,28,22674.0,4.996150970458984,1.3545963764190674,6.350747346878052,274.0,0.9785714285714284,pulp_cbc,mean_domain_loss,70.5213584544519,,180,60,True,306.89828660604496,307.5660280006758,368.0009655121191,368.3309895522635,119.06106844331316,279.97094907,22744.52135845445,22780.959494582552,22832.20985809854,28.281153752920627,50.86874140264719,0.417992700729927,34.06981150926137,70.5213584544519,0.0,70.5213584544519,69.93864422349382,0.008331791921730296
X-n280-k17,279,atm,ortools:proxy_mean_scaled_seed109_or_tools,proxy_mean_scaled_seed109_or_tools,ortools,True,True,True,17,38562.0,5.00033164024353,1.7086341381072998,6.70896577835083,3247.6800000000003,0.995,pulp_cbc,mean_domain_loss,1803.1873228108896,,180,60,True,3569.5494701131493,3575.424894705229,4199.901283616081,4206.345190262546,3276.038614855021,3264.0000025900003,40365.187322810896,41446.03735159037,42684.363367607104,448.9032654794672,734.1196348783433,0.4607168458781362,397.0376453810952,1803.1873228108896,0.0,1803.1873228108896,1803.1873228108896,0.0
X-n280-k17,279,atm,ortools:nominal_seed103_or_tools,nominal_seed103_or_tools,ortools,True,True,True,17,38196.0,4.995669364929199,1.5002140998840332,6.495883464813232,3233.0,0.990502450980392,pulp_cbc,mean_domain_loss,1805.1710303135824,,180,60,True,3569.5494701131493,3575.424894705229,4199.901283616081,4206.345190262546,3281.0397770446693,3264.00000052,40001.171030313584,41069.27029162898,42327.0527250597,449.3272935963178,731.3479663670204,0.462258064516129,397.46167142794593,1805.1710303135824,0.0,1805.1710303135824,1803.1873228108896,0.0011001117175117063
X-n280-k17,279,atm,ortools:proxy_mean_scaled_or_tools,proxy_mean_scaled_or_tools,ortools,True,True,True,17,39074.0,5.000588417053223,1.6192140579223633,6.619802474975586,3247.6800000000003,0.995,pulp_cbc,mean_domain_loss,1805.786214553996,,180,60,True,3569.5494701131493,3575.424894705229,4199.901283616081,4206.345190262546,3279.8954029221936,3264.00000171,40879.786214554,41977.35385406688,43199.06415135153,449.59265111939095,738.4170906287045,0.4613978494623656,397.72703014101927,1805.786214553996,0.0,1805.786214553996,1803.1873228108896,0.0014412766273528969
X-n280-k17,279,atm,ortools:nominal_or_tools,nominal_or_tools,ortools,True,True,True,17,38220.0,4.999574422836304,1.4732632637023926,6.472837686538696,3233.0,0.990502450980392,pulp_cbc,mean_domain_loss,1807.9298086326828,,180,60,True,3569.5494701131493,3575.424894705229,4199.901283616081,4206.345190262546,3283.6004573211867,3264.00000287,40027.92980863268,41088.36352211319,42339.20861903413,449.73230277401706,729.6396680996334,0.452831541218638,397.8666829556453,1807.9298086326828,0.0,1807.9298086326828,1803.1873228108896,0.002630057211360854
X-n280-k17,279,atm,ortools:nominal_seed101_or_tools,nominal_seed101_or_tools,ortools,True,True,True,17,39975.0,4.992580413818359,1.7623493671417236,6.754929780960083,3233.0,0.990502450980392,pulp_cbc,mean_domain_loss,1814.2302109930288,,180,60,True,3569.5494701131493,3575.424894705229,4199.901283616081,4206.345190262546,3283.9997249274147,3264.00000387,41789.230210993024,42856.16215990107,44097.22246608437,451.3483372300969,732.7781889055117,0.4586379928315412,399.48271841172505,1814.2302109930288,0.0,1814.2302109930288,1803.1873228108896,0.0061240937324942325
X-n280-k17,279,cargo,ortools:proxy_mean_scaled_seed109_or_tools,proxy_mean_scaled_seed109_or_tools,ortools,True,True,True,17,38562.0,5.00033164024353,1.6897363662719729,6.690068006515503,3247.6800000000003,0.995,pulp_cbc,mean_domain_loss,1354.9802332816455,,180,60,True,3569.5494701131493,3575.424894705229,4199.901283616081,4206.345190262546,2901.4776278177205,3263.99999609,39916.98023328164,40750.11904270105,41676.35402520956,452.3323085756306,742.7823284613233,0.46,400.4666819772587,1354.9802332816455,0.0,1354.9802332816455,1354.9802332816455,0.0
X-n280-k17,279,cargo,ortools:proxy_mean_scaled_or_tools,proxy_mean_scaled_or_tools,ortools,True,True,True,17,39074.0,5.000588417053223,1.7337267398834229,6.7343151569366455,3247.6800000000003,0.995,pulp_cbc,mean_domain_loss,1357.9912779127317,,180,60,True,3569.5494701131493,3575.424894705229,4199.901283616081,4206.345190262546,2908.2929208910546,3263.99999645,40431.99127791273,41270.55972742524,42190.64960066848,451.4956243486384,741.9972080727051,0.4465232974910394,399.62999811026646,1357.9912779127317,0.0,1357.9912779127317,1354.9802332816455,0.002222205576972653
X-n280-k17,279,cargo,ortools:nominal_seed103_or_tools,nominal_seed103_or_tools,ortools,True,True,True,17,38196.0,4.995669364929199,1.5542476177215576,6.549916982650757,3233.0,0.990502450980392,pulp_cbc,mean_domain_loss,1358.5335904312733,,180,60,True,3569.5494701131493,3575.424894705229,4199.901283616081,4206.345190262546,2910.620945484914,3264.00000484,39554.53359043127,40367.78032436998,41319.18963388453,451.65154788326487,734.9077261180671,0.4538709677419354,399.7859300348931,1358.5335904312733,0.0,1358.5335904312733,1354.9802332816455,0.0026224420566061503
X-n280-k17,279,cargo,ortools:nominal_or_tools,nominal_or_tools,ortools,True,True,True,17,38220.0,4.999574422836304,1.5119822025299072,6.511556625366211,3233.0,0.990502450980392,pulp_cbc,mean_domain_loss,1360.090824136541,,180,60,True,3569.5494701131493,3575.424894705229,4199.901283616081,4206.345190262546,2911.421639161693,3264.0000001300004,39580.09082413654,40387.984738004525,41333.0069019348,451.5701457112566,732.7247542733594,0.4383870967741936,399.7045231528848,1360.090824136541,0.0,1360.090824136541,1354.9802332816455,0.00377170878907809
X-n280-k17,279,cargo,ortools:nominal_seed101_or_tools,nominal_seed101_or_tools,ortools,True,True,True,17,39975.0,4.992580413818359,1.8902883529663088,6.882868766784668,3233.0,0.990502450980392,pulp_cbc,mean_domain_loss,1366.6697882866035,,180,60,True,3569.5494701131493,3575.424894705229,4199.901283616081,4206.345190262546,2912.2392034390577,3263.9999981700003,41341.66978828661,42164.44298937649,43090.8044929325,453.7031330556841,739.1507682483166,0.4424014336917563,401.8375085373123,1366.6697882866035,0.0,1366.6697882866035,1354.9802332816455,0.008627103715488854
X-n280-k17,279,cold_chain,ortools:proxy_mean_scaled_seed109_or_tools,proxy_mean_scaled_seed109_or_tools,ortools,True,True,True,17,38562.0,5.00033164024353,1.4405572414398191,6.44088888168335,3247.6800000000003,0.995,pulp_cbc,mean_domain_loss,1617.4847616107909,,180,60,True,3569.5494701131493,3575.424894705229,4199.901283616081,4206.345190262546,3369.0592200418823,3263.99999483,40786.01423765626,41427.25546446505,42316.257671549785,448.99851213783256,729.4950774946197,0.4483154121863799,397.1328842794608,1617.4847616107909,606.5294760454642,1617.4847616107909,1617.4847616107909,0.0
X-n280-k17,279,cold_chain,ortools:nominal_or_tools,nominal_or_tools,ortools,True,True,True,17,38220.0,4.999574422836304,1.8669066429138184,6.866481065750122,3233.0,0.990502450980392,pulp_cbc,mean_domain_loss,1619.5335791703124,,180,60,True,3569.5494701131493,3575.424894705229,4199.901283616081,4206.345190262546,3346.458363906182,3263.99999941,40419.20537340071,41053.64002720387,41942.628981321504,450.142568409568,728.6320262312765,0.4415770609318996,398.276945131196,1619.5335791703124,579.6717942303974,1619.5335791703124,1617.4847616107909,0.0012666688479223312
X-n280-k17,279,cold_chain,ortools:nominal_seed103_or_tools,nominal_seed103_or_tools,ortools,True,True,True,17,38196.0,4.995669364929199,1.5964746475219729,6.592144012451172,3233.0,0.990502450980392,pulp_cbc,mean_domain_loss,1620.6392921463505,,180,60,True,3569.5494701131493,3575.424894705229,4199.901283616081,4206.345190262546,3380.5718333698537,3264.00000046,40429.85620761103,41063.38378480575,41966.4141787088,449.90338638389903,728.0267879022032,0.4496415770609319,398.03776415552704,1620.6392921463505,613.2169154646823,1620.6392921463505,1617.4847616107909,0.0019502690908927884
X-n280-k17,279,cold_chain,ortools:proxy_mean_scaled_or_tools,proxy_mean_scaled_or_tools,ortools,True,True,True,17,39074.0,5.000588417053223,1.663236141204834,6.663824558258057,3247.6800000000003,0.995,pulp_cbc,mean_domain_loss,1624.0940179459865,,180,60,True,3569.5494701131493,3575.424894705229,4199.901283616081,4206.345190262546,3443.709034898083,3264.0000003200003,41371.92351451938,42039.46727402439,42901.40763119443,449.59067254794223,736.7501440568813,0.4452329749103942,397.7250501795703,1624.0940179459865,673.8294965733971,1624.0940179459865,1617.4847616107909,0.004086132056424254
X-n280-k17,279,cold_chain,ortools:nominal_seed101_or_tools,nominal_seed101_or_tools,ortools,True,True,True,17,39975.0,4.992580413818359,1.5564064979553225,6.548986911773682,3233.0,0.990502450980392,pulp_cbc,mean_domain_loss,1631.6085731534329,,180,60,True,3569.5494701131493,3575.424894705229,4199.901283616081,4206.345190262546,3428.5643986793416,3264.00000536,42263.61188010914,42906.50867388015,43784.386386214326,451.9230461325512,732.7289166574756,0.440752688172043,400.0574288041792,1631.6085731534329,657.0033069557037,1631.6085731534329,1617.4847616107909,0.00873195956948406
X-n280-k17,279,grocery,ortools:proxy_mean_scaled_seed109_or_tools,proxy_mean_scaled_seed109_or_tools,ortools,True,True,True,17,38562.0,5.00033164024353,1.4995527267456057,6.499884366989136,3247.6800000000003,0.995,pulp_cbc,mean_domain_loss,1121.2629984041755,,180,60,True,3569.5494701131493,3575.424894705229,4199.901283616081,4206.345190262546,1580.5598339363082,3263.99999887,39683.26299840418,40213.12591669041,40863.58393709236,448.5580622891433,734.7530691041985,0.452258064516129,396.6924384707716,1121.2629984041755,0.0,1121.2629984041755,1121.2629984041755,0.0
X-n280-k17,279,grocery,ortools:proxy_mean_scaled_or_tools,proxy_mean_scaled_or_tools,ortools,True,True,True,17,39074.0,5.000588417053223,1.6249191761016846,6.625507593154907,3247.6800000000003,0.995,pulp_cbc,mean_domain_loss,1122.0501178680888,,180,60,True,3569.5494701131493,3575.424894705229,4199.901283616081,4206.345190262546,1582.260559463142,3264.0000057300003,40196.050117868086,40740.50299530134,41378.08234898148,449.076083658079,740.2617946171356,0.4562724014336917,397.2104666997072,1122.0501178680888,0.0,1122.0501178680888,1121.2629984041755,0.0007019936134819148
X-n280-k17,279,grocery,ortools:nominal_seed103_or_tools,nominal_seed103_or_tools,ortools,True,True,True,17,38196.0,4.995669364929199,1.4925286769866943,6.4881980419158936,3233.0,0.990502450980392,pulp_cbc,mean_domain_loss,1122.1085913112836,,180,60,True,3569.5494701131493,3575.424894705229,4199.901283616081,4206.345190262546,1582.7599814559646,3263.99999891,39318.10859131128,39842.96303345069,40504.96516444499,449.1303169796831,733.1815433326442,0.4595698924731183,397.2646932013112,1122.1085913112836,0.0,1122.1085913112836,1121.2629984041755,0.00075414323696721
X-n280-k17,279,grocery,ortools:nominal_or_tools,nominal_or_tools,ortools,True,True,True,17,38220.0,4.999574422836304,1.488424301147461,6.487998723983765,3233.0,0.990502450980392,pulp_cbc,mean_domain_loss,1124.3018561253264,,180,60,True,3569.5494701131493,3575.424894705229,4199.901283616081,4206.345190262546,1584.479534406315,3264.00000342,39344.30185612533,39866.33051755854,40522.10614436767,449.6955761410903,732.4443001586795,0.4502150537634408,397.8299568727184,1124.3018561253264,0.0,1124.3018561253264,1121.2629984041755,0.002710209581049121
X-n280-k17,279,grocery,ortools:nominal_seed101_or_tools,nominal_seed101_or_tools,ortools,True,True,True,17,39975.0,4.992580413818359,1.5411930084228516,6.533773422241211,3233.0,0.990502450980392,pulp_cbc,mean_domain_loss,1128.2083514460378,,180,60,True,3569.5494701131493,3575.424894705229,4199.901283616081,4206.345190262546,1584.3822101944895,3264.00000044,41103.20835144603,41629.75759568921,42278.12048989546,451.3165994979712,735.724718101132,0.4541935483870968,399.4509772495993,1128.2083514460378,0.0,1128.2083514460378,1121.2629984041755,0.006194222989385348
X-n284-k15,283,atm,ortools:robust_mean_2std_scaled_or_tools,robust_mean_2std_scaled_or_tools,ortools,True,True,True,15,23628.0,5.000474452972412,1.7141034603118896,6.714577913284302,1626.8249999999998,0.995,pulp_cbc,mean_domain_loss,632.1886490081176,,180,60,True,1690.7465941899184,1691.7378069241554,2011.601490678983,2013.2207644463767,1190.7032246425324,1634.99999962,24260.18864900812,24785.9737763554,25249.83885870485,159.71400210059974,306.41068166670715,0.3952650176678445,233.08428922734572,632.1886490081176,0.0,632.1886490081176,632.1886490081176,0.0
X-n284-k15,283,atm,ortools:robust_mean_1std_scaled_or_tools,robust_mean_1std_scaled_or_tools,ortools,True,True,True,15,23151.0,5.000400066375732,1.7353591918945312,6.735759258270264,1626.8249999999998,0.995,pulp_cbc,mean_domain_loss,633.161219104918,,180,60,True,1690.7465941899184,1691.7378069241554,2011.601490678983,2013.2207644463767,1190.76016165266,1634.9999978300002,23784.161219104917,24314.482969107423,24769.35060181714,159.75244525178402,306.55434485975474,0.3927208480565371,233.12273058853,633.161219104918,0.0,633.161219104918,632.1886490081176,0.0015384175250952564
X-n284-k15,283,atm,ortools:robust_mean_1std_scaled_seed113_or_tools,robust_mean_1std_scaled_seed113_or_tools,ortools,True,True,True,15,23033.0,4.991445779800415,1.698875904083252,6.690321683883667,1626.8249999999998,0.995,pulp_cbc,mean_domain_loss,633.5185706748488,,180,60,True,1690.7465941899184,1691.7378069241554,2011.601490678983,2013.2207644463767,1191.55552561675,1634.99999796,23666.51857067485,24194.06053667911,24650.844641839667,159.90434377741556,307.6369864918093,0.3943109540636042,233.2746292441615,633.5185706748488,0.0,633.5185706748488,632.1886490081176,0.00210367849662872
X-n284-k15,283,atm,ortools:quantile_p75_scaled_seed107_or_tools,quantile_p75_scaled_seed107_or_tools,ortools,True,True,True,15,22386.0,4.9993736743927,1.5855915546417236,6.584965229034424,1626.8250000000005,0.9950000000000002,pulp_cbc,mean_domain_loss,635.7357642851738,,180,60,True,1690.7465941899184,1691.7378069241554,2011.601490678983,2013.2207644463767,1192.2616630779617,1634.99999654,23021.73576428518,23546.494185293977,24005.707397443555,160.15819829288378,306.38257270416216,0.393321554770318,233.52848233962976,635.7357642851738,0.0,635.7357642851738,632.1886490081176,0.005610849360584776
X-n284-k15,283,atm,ortools:quantile_p90_scaled_or_tools,quantile_p90_scaled_or_tools,ortools,True,True,True,15,22676.0,5.000643253326416,1.6891765594482422,6.689819812774658,1626.8250000000005,0.9950000000000002,pulp_cbc,mean_domain_loss,636.3877528613336,,180,60,True,1690.7465941899184,1691.7378069241554,2011.601490678983,2013.2207644463767,1194.2573419399046,1634.99999788,23312.38775286133,23844.9493232076,24298.17353969855,160.7195027698275,307.9879704212858,0.3967844522968198,234.08978815657352,636.3877528613336,0.0,636.3877528613336,632.1886490081176,0.006642169010475357
X-n284-k15,283,atm,ortools:proxy_mean_scaled_or_tools,proxy_mean_scaled_or_tools,ortools,True,True,True,15,22663.0,4.996649980545044,1.6910231113433838,6.687673091888428,1626.825,0.995,pulp_cbc,mean_domain_loss,637.021307403249,,180,60,True,1690.7465941899184,1691.7378069241554,2011.601490678983,2013.2207644463767,1195.987320916721,1634.99999791,23300.02130740325,23832.50802122848,24286.9684021312,160.46533455647784,308.4720634152274,0.3948763250883392,233.83561997322388,637.021307403249,0.0,637.021307403249,632.1886490081176,0.007644329588507561
X-n284-k15,283,atm,ortools:quantile_p75_scaled_or_tools,quantile_p75_scaled_or_tools,ortools,True,True,True,15,23026.0,5.00551176071167,1.747448205947876,6.752959966659546,1626.8250000000005,0.9950000000000002,pulp_cbc,mean_domain_loss,638.127789063186,,180,60,True,1690.7465941899184,1691.7378069241554,2011.601490678983,2013.2207644463767,1195.4950395791054,1634.99999668,23664.12778906319,24189.81692682456,24648.314889841786,160.8008506792055,305.8464132254693,0.3949116607773851,234.1711348659515,638.127789063186,0.0,638.127789063186,632.1886490081176,0.009394569270401621
X-n284-k15,283,cargo,ortools:robust_mean_2std_scaled_or_tools,robust_mean_2std_scaled_or_tools,ortools,True,True,True,15,23628.0,5.000474452972412,1.881986141204834,6.882460594177246,1626.8249999999998,0.995,pulp_cbc,mean_domain_loss,471.0380043573678,,180,60,True,1690.7465941899184,1691.7378069241554,2011.601490678983,2013.2207644463767,1049.4517162202703,1634.9999999499998,24099.038004357368,24500.24577317995,24850.007407483303,160.344667608306,307.47687164912526,0.3902826855123675,233.714955065052,471.0380043573678,0.0,471.0380043573678,471.0380043573678,0.0
X-n284-k15,283,cargo,ortools:robust_mean_1std_scaled_or_tools,robust_mean_1std_scaled_or_tools,ortools,True,True,True,15,23151.0,5.000400066375732,1.8334012031555176,6.83380126953125,1626.8249999999998,0.995,pulp_cbc,mean_domain_loss,472.7503851201091,,180,60,True,1690.7465941899184,1691.7378069241554,2011.601490678983,2013.2207644463767,1051.9142743034804,1635.00000055,23623.7503851201,24031.71708103608,24372.461290063045,160.27008775322238,307.16348845712434,0.3880918727915194,233.6403758099684,472.7503851201091,0.0,472.7503851201091,471.0380043573678,0.003635334616104888
X-n284-k15,283,cargo,ortools:robust_mean_1std_scaled_seed113_or_tools,robust_mean_1std_scaled_seed113_or_tools,ortools,True,True,True,15,23033.0,4.991445779800415,1.8919458389282229,6.883391618728638,1626.8249999999998,0.995,pulp_cbc,mean_domain_loss,472.86682933570825,,180,60,True,1690.7465941899184,1691.7378069241554,2011.601490678983,2013.2207644463767,1052.9138284499506,1635.0000001,23505.866829335708,23912.242390863157,24254.32991064152,160.23581324740127,307.01194331828407,0.390530035335689,233.6061008541473,472.86682933570825,0.0,472.86682933570825,471.0380043573678,0.0038825423032170874
X-n284-k15,283,cargo,ortools:quantile_p90_scaled_or_tools,quantile_p90_scaled_or_tools,ortools,True,True,True,15,22676.0,5.000643253326416,1.8806607723236084,6.881304025650024,1626.8250000000005,0.9950000000000002,pulp_cbc,mean_domain_loss,474.79803857065343,,180,60,True,1690.7465941899184,1691.7378069241554,2011.601490678983,2013.2207644463767,1054.5006291754994,1635.00000083,23150.798038570658,23557.857520054484,23901.460794912982,161.12043134187715,308.8903722058397,0.3902120141342756,234.49071967862312,474.79803857065343,0.0,474.79803857065343,471.0380043573678,0.007982443409031075
X-n284-k15,283,cold_chain,ortools:robust_mean_2std_scaled_or_tools,robust_mean_2std_scaled_or_tools,ortools,True,True,True,15,23628.0,5.000474452972412,1.614905595779419,6.615380048751831,1626.8249999999998,0.995,pulp_cbc,mean_domain_loss,627.7363060098996,,180,60,True,1690.7465941899184,1691.7378069241554,2011.601490678983,2013.2207644463767,1352.0506187215994,1634.9999999799998,24566.60920983193,24874.301748434136,25179.087510657504,159.77004157967792,305.3531379736467,0.3837809187279152,233.140329066424,627.7363060098996,310.87290382203844,627.7363060098996,627.7363060098996,0.0
X-n284-k15,283,cold_chain,ortools:robust_mean_1std_scaled_seed113_or_tools,robust_mean_1std_scaled_seed113_or_tools,ortools,True,True,True,15,23033.0,4.991445779800415,1.7804388999938965,6.771884679794312,1626.8249999999998,0.995,pulp_cbc,mean_domain_loss,627.9052422618407,,180,60,True,1690.7465941899184,1691.7378069241554,2011.601490678983,2013.2207644463767,1354.2797361945873,1634.99999592,23973.354628155925,24276.92685490372,24583.713371505622,159.87081697250338,306.4901456498915,0.3846996466431095,233.24110039924935,627.9052422618407,312.44938589408633,627.9052422618407,627.7363060098996,0.00026911977262380365
X-n284-k15,283,cold_chain,ortools:robust_mean_1std_scaled_or_tools,robust_mean_1std_scaled_or_tools,ortools,True,True,True,15,23151.0,5.000400066375732,1.7008895874023438,6.701289653778076,1626.8249999999998,0.995,pulp_cbc,mean_domain_loss,627.9291281277341,,180,60,True,1690.7465941899184,1691.7378069241554,2011.601490678983,2013.2207644463767,1349.7304890235685,1634.9999982,24088.154335397863,24396.4614542228,24697.035852923724,159.88688126531878,306.0612251003451,0.3807067137809187,233.2571669720648,627.9291281277341,309.22520727012835,627.9291281277341,627.7363060098996,0.00030717056825993434
X-n284-k15,283,cold_chain,ortools:quantile_p75_scaled_seed107_or_tools,quantile_p75_scaled_seed107_or_tools,ortools,True,True,True,15,22386.0,4.9993736743927,1.6049423217773438,6.604315996170044,1626.8250000000005,0.9950000000000002,pulp_cbc,mean_domain_loss,629.9884836974784,,180,60,True,1690.7465941899184,1691.7378069241554,2011.601490678983,2013.2207644463767,1348.059887029666,1634.99999846,23322.759339836517,23622.897233799897,23931.129498917464,160.34431362268035,306.0168473144813,0.3828621908127208,233.7145995894263,629.9884836974784,306.7708561390368,629.9884836974784,627.7363060098996,0.00358777669224573
X-n284-k15,283,cold_chain,ortools:quantile_p90_scaled_or_tools,quantile_p90_scaled_or_tools,ortools,True,True,True,15,22676.0,5.000643253326416,1.670640230178833,6.671283483505249,1626.8250000000005,0.9950000000000002,pulp_cbc,mean_domain_loss,630.1018662556423,,180,60,True,1690.7465941899184,1691.7378069241554,2011.601490678983,2013.2207644463767,1346.8453888067645,1634.99999968,23609.417689845926,23914.36046517012,24219.83559585453,160.70291499142243,306.4333445775052,0.3865724381625441,234.07320217816843,630.1018662556423,303.315823590282,630.1018662556423,627.7363060098996,0.0037683980089967804
X-n284-k15,283,cold_chain,ortools:quantile_p75_scaled_or_tools,quantile_p75_scaled_or_tools,ortools,True,True,True,15,23026.0,5.00551176071167,1.5164761543273926,6.521987915039063,1626.8250000000005,0.9950000000000002,pulp_cbc,mean_domain_loss,630.5409969823564,,180,60,True,1690.7465941899184,1691.7378069241554,2011.601490678983,2013.2207644463767,1347.8024814810938,1634.99999438,23960.26838406824,24265.67864377533,24569.661360991428,160.68625959916392,304.4717087564336,0.3842049469964664,234.05654148590995,630.5409969823564,303.72738708588395,630.5409969823564,627.7363060098996,0.004467944494535203
X-n284-k15,283,cold_chain,ortools:proxy_mean_scaled_or_tools,proxy_mean_scaled_or_tools,ortools,True,True,True,15,22663.0,4.996649980545044,1.6186683177947998,6.615318298339844,1626.825,0.995,pulp_cbc,mean_domain_loss,630.5438176877735,,180,60,True,1690.7465941899184,1691.7378069241554,2011.601490678983,2013.2207644463767,1345.0766192420772,1634.99999987,23594.67389815191,23894.765750641684,24204.547469902263,160.81173789087765,309.0011920809297,0.3866077738515901,234.1820252676236,630.5438176877735,301.13008046413614,630.5438176877735,627.7363060098996,0.004472437950449873
X-n284-k15,283,cold_chain,ortools:proxy_mean_scaled_seed109_or_tools,proxy_mean_scaled_seed109_or_tools,ortools,True,True,True,15,22726.0,4.996514081954956,1.5560755729675293,6.552589654922485,1626.825,0.995,pulp_cbc,mean_domain_loss,633.5875143566021,,180,60,True,1690.7465941899184,1691.7378069241554,2011.601490678983,2013.2207644463767,1355.9009575302985,1634.99999711,23668.22334125616,23982.98759252059,24276.81537300355,161.50736945596088,309.3748496793833,0.3845583038869258,234.8776540727069,633.5875143566021,308.63582689956144,633.5875143566021,627.7363060098996,0.009321124635748274
X-n284-k15,283,grocery,ortools:robust_mean_2std_scaled_or_tools,robust_mean_2std_scaled_or_tools,ortools,True,True,True,15,23628.0,5.000474452972412,1.4787893295288086,6.479263782501221,1626.8249999999998,0.995,pulp_cbc,mean_domain_loss,423.755407431865,,180,60,True,1690.7465941899184,1691.7378069241554,2011.601490678983,2013.2207644463767,591.0313266219346,1635.00000142,24051.755407431872,24297.30083614186,24537.176923600346,159.46755725611897,305.8250882063436,0.3946996466431095,232.83784618286492,423.755407431865,0.0,423.755407431865,423.755407431865,0.0
X-n284-k15,283,grocery,ortools:robust_mean_1std_scaled_seed113_or_tools,robust_mean_1std_scaled_seed113_or_tools,ortools,True,True,True,15,23033.0,4.991445779800415,1.481114387512207,6.472560167312622,1626.8249999999998,0.995,pulp_cbc,mean_domain_loss,423.7985468562469,,180,60,True,1690.7465941899184,1691.7378069241554,2011.601490678983,2013.2207644463767,591.0390049113267,1634.99999973,23456.798546856247,23706.91768681208,23938.35005011944,159.56186651832562,306.4173234706874,0.393321554770318,232.9321537550716,423.7985468562469,0.0,423.7985468562469,423.755407431865,0.00010180265225008027
X-n284-k15,283,grocery,ortools:robust_mean_1std_scaled_or_tools,robust_mean_1std_scaled_or_tools,ortools,True,True,True,15,23151.0,5.000400066375732,1.435157299041748,6.4355573654174805,1626.8249999999998,0.995,pulp_cbc,mean_domain_loss,424.2744675668801,,180,60,True,1690.7465941899184,1691.7378069241554,2011.601490678983,2013.2207644463767,590.7150329898989,1635.00000051,23575.274467566884,23826.289104853902,24057.59852689061,159.67063999778728,307.64886124447,0.3910600706713781,233.0409280145333,424.2744675668801,0.0,424.2744675668801,423.755407431865,0.001224905041709799
X-n284-k15,283,grocery,ortools:quantile_p75_scaled_seed107_or_tools,quantile_p75_scaled_seed107_or_tools,ortools,True,True,True,15,22386.0,4.9993736743927,1.537486553192139,6.536860227584839,1626.8250000000005,0.9950000000000002,pulp_cbc,mean_domain_loss,424.8059404215092,,180,60,True,1690.7465941899184,1691.7378069241554,2011.601490678983,2013.2207644463767,590.9130313557082,1634.99999761,22810.80594042151,23056.33658653703,23293.196887101723,159.9092551767356,306.7927494961888,0.3911660777385159,233.27954029348163,424.8059404215092,0.0,424.8059404215092,423.755407431865,0.0024791022632863883
X-n284-k15,283,grocery,ortools:proxy_mean_scaled_or_tools,proxy_mean_scaled_or_tools,ortools,True,True,True,15,22663.0,4.996649980545044,1.5619943141937256,6.5586442947387695,1626.825,0.995,pulp_cbc,mean_domain_loss,425.6482095502735,,180,60,True,1690.7465941899184,1691.7378069241554,2011.601490678983,2013.2207644463767,592.6883827424934,1634.999996,23088.64820955028,23335.766094548897,23572.965157191145,160.34298848318988,308.4423161927345,0.392791519434629,233.7132719899359,425.6482095502735,0.0,425.6482095502735,423.755407431865,0.004466732660427083
X-n284-k15,283,grocery,ortools:quantile_p90_scaled_or_tools,quantile_p90_scaled_or_tools,ortools,True,True,True,15,22676.0,5.000643253326416,1.5783324241638184,6.578975677490234,1626.8250000000005,0.9950000000000002,pulp_cbc,mean_domain_loss,426.343242410054,,180,60,True,1690.7465941899184,1691.7378069241554,2011.601490678983,2013.2207644463767,592.7245137496722,1634.99999608,23102.343242410057,23351.44103860454,23586.481355214844,160.62497998681332,307.37421935274085,0.3954416961130742,233.99526357355936,426.343242410054,0.0,426.343242410054,423.755407431865,0.006106907269626023
X-n284-k15,283,grocery,ortools:quantile_p75_scaled_or_tools,quantile_p75_scaled_or_tools,ortools,True,True,True,15,23026.0,5.00551176071167,1.5891659259796145,6.594677686691284,1626.8250000000005,0.9950000000000002,pulp_cbc,mean_domain_loss,426.42411813699647,,180,60,True,1690.7465941899184,1691.7378069241554,2011.601490678983,2013.2207644463767,592.6385985256807,1634.99999818,23452.424118137,23701.488861014128,23934.75076076796,160.65148863859517,305.502675519648,0.3939575971731449,234.0217743253412,426.42411813699647,0.0,426.42411813699647,423.755407431865,0.006297762006873136
X-n284-k15,283,grocery,ortools:proxy_mean_scaled_seed109_or_tools,proxy_mean_scaled_seed109_or_tools,ortools,True,True,True,15,22726.0,4.996514081954956,1.5605552196502686,6.557069301605225,1626.825,0.995,pulp_cbc,mean_domain_loss,427.0911750798079,,180,60,True,1690.7465941899184,1691.7378069241554,2011.601490678983,2013.2207644463767,594.5526562508545,1634.99999536,23153.091175079808,23406.791073942382,23635.269650589,160.99773712833456,307.9745581707615,0.3950176678445229,234.36801999508052,427.0911750798079,0.0,427.0911750798079,423.755407431865,0.007871917595480421
