Instance,Domain,Candidate,Routing Provider,Route Plan,Customers,Fast LP Scenario Limit,Full Planning Scenarios,Fast Score Metric,Fast Score Value,Fast Stockout,Fast Mean Total Cost,Fast Route Cost,Confirm Feasible,Confirm Runtime Sec,Full Objective Value Train,Full Stockout,Full Mean Total Cost,Stockout Relative Drift,Mean Total Cost Relative Drift,Stockout Drift Safe,Mean Total Cost Drift Safe,Metric Stability Safe,Reason
X-n106-k14,atm,ortools:nominal_seed101_or_tools,ortools,nominal_seed101_or_tools,105,60,180,mean_domain_loss,2748.2930429128896,0.3797142857142857,30173.293042912894,27425.0,True,3.718640089035034,6438.373768206271,0.4000952380952381,30115.92771354675,0.050940252320876,0.0019048169431068,False,True,False,
X-n106-k14,atm,ortools:nominal_seed103_or_tools,ortools,nominal_seed103_or_tools,105,60,180,mean_domain_loss,2759.4568837813003,0.381047619047619,29875.456883781306,27116.0,True,3.491644859313965,6167.272385088987,0.3829523809523809,29853.21010725416,0.004973887092763,0.0007452055054454,True,True,True,
X-n106-k14,cargo,ortools:nominal_seed101_or_tools,ortools,nominal_seed101_or_tools,105,60,180,mean_domain_loss,2059.8620187528672,0.3771428571428571,29484.862018752865,27425.0,True,3.903657913208008,5798.084749052122,0.3988571428571428,29405.81817936774,0.0544412607449857,0.0026880340109218,False,True,False,
X-n106-k14,cold_chain,ortools:nominal_seed101_or_tools,ortools,nominal_seed101_or_tools,105,60,180,mean_domain_loss,2788.622184976932,0.3755238095238095,31734.38763257724,27425.0,True,3.372844934463501,7016.426782857351,0.3977142857142857,31542.37910219984,0.0557950191570881,0.0060873192144218,False,True,False,
X-n106-k14,cold_chain,ortools:nominal_seed103_or_tools,ortools,nominal_seed103_or_tools,105,60,180,mean_domain_loss,2794.303286008658,0.3756190476190476,31428.285684172064,27116.0,True,3.0650131702423096,6881.010893272938,0.3782857142857143,31412.18012716962,0.0070493454179255,0.0005127169441039,True,True,True,
X-n106-k14,grocery,ortools:nominal_seed101_or_tools,ortools,nominal_seed101_or_tools,105,60,180,mean_domain_loss,1890.1919422785213,0.3783809523809524,29315.19194227852,27425.0,True,2.9907233715057373,3145.0143193673507,0.4004761904761905,29146.597435269417,0.0551724137931034,0.0057843632480096,False,True,False,
X-n106-k14,grocery,ortools:nominal_seed103_or_tools,ortools,nominal_seed103_or_tools,105,60,180,mean_domain_loss,1893.2774253889093,0.3791428571428571,29009.277425388907,27116.0,True,2.834915399551392,3031.488494004778,0.3825714285714285,28994.051076652544,0.0089619118745332,0.0005251542358157,True,True,True,
X-n110-k13,atm,ortools:proxy_mean_scaled_or_tools,ortools,proxy_mean_scaled_or_tools,109,60,180,mean_domain_loss,364.1820445717232,0.4193577981651376,16803.182044571724,16439.0,True,4.090824604034424,718.5532292001506,0.4156880733944954,16789.277800694457,0.008828073273008,0.0008281621188429,True,True,True,
X-n110-k13,cargo,ortools:proxy_mean_scaled_or_tools,ortools,proxy_mean_scaled_or_tools,109,60,180,mean_domain_loss,274.38095278114463,0.4241284403669725,16713.380952781143,16439.0,True,4.471123456954956,643.5175470953413,0.4166055045871559,16699.74882420295,0.0180576965426118,0.0008163074020871,True,True,True,
X-n110-k13,cold_chain,ortools:proxy_mean_scaled_or_tools,ortools,proxy_mean_scaled_or_tools,109,60,180,mean_domain_loss,340.68849751542524,0.4180733944954128,16941.109704982275,16439.0,True,4.16329288482666,766.2551920633643,0.411651376146789,16926.978442703945,0.0156006240249609,0.0008348366677586,True,True,True,
X-n110-k13,cold_chain,ortools:proxy_mean_scaled_seed109_or_tools,ortools,proxy_mean_scaled_seed109_or_tools,109,60,180,mean_domain_loss,341.97089077785085,0.4153211009174312,16662.78664090444,16162.0,True,3.70764684677124,764.820413227627,0.4199082568807339,16429.480072972678,0.010924186148132,0.014200483940789,True,True,True,
X-n110-k13,grocery,ortools:proxy_mean_scaled_or_tools,ortools,proxy_mean_scaled_or_tools,109,60,180,mean_domain_loss,234.9093451197681,0.4166055045871559,16673.90934511977,16439.0,True,2.9562156200408936,346.05446104839314,0.4144954128440367,16660.3969791652,0.0050907481186364,0.0008110470579702,True,True,True,
X-n115-k10,atm,ortools:nominal_seed101_or_tools,ortools,nominal_seed101_or_tools,114,60,180,mean_domain_loss,777.6402806709661,0.3783333333333333,14070.640280670968,13293.0,True,3.458765745162964,1338.158689330726,0.4001754385964912,14007.893873183955,0.0545813239807103,0.0044793605701947,False,True,False,
X-n115-k10,cargo,ortools:nominal_seed101_or_tools,ortools,nominal_seed101_or_tools,114,60,180,mean_domain_loss,582.5397757824704,0.3854385964912281,13875.539775782468,13293.0,True,3.753910541534424,1194.3085289969624,0.4041228070175439,13812.576456268092,0.0462339917516822,0.0045584051399623,True,True,True,
X-n115-k10,cold_chain,ortools:nominal_seed101_or_tools,ortools,nominal_seed101_or_tools,114,60,180,mean_domain_loss,776.700882791405,0.3597368421052631,14367.127331402244,13293.0,True,3.0641636848449707,1537.2206330099068,0.3766666666666666,14324.501173365365,0.044946436888682,0.0029757516524301,True,True,True,
X-n115-k10,grocery,ortools:nominal_seed101_or_tools,ortools,nominal_seed101_or_tools,114,60,180,mean_domain_loss,522.2532530989699,0.3707894736842105,13815.253253098974,13293.0,True,3.135089159011841,675.3621386794968,0.3935964912280701,13752.846215776392,0.0579451749498551,0.0045377543196107,False,True,False,
X-n120-k6,atm,ortools:nominal_seed101_or_tools,ortools,nominal_seed101_or_tools,119,60,180,mean_domain_loss,50.18015681760088,0.4307563025210084,14454.1801568176,14404.0,True,5.988962888717651,102.41719957800288,0.43,14370.732985902843,0.0017588430721125,0.0058067442347313,True,True,True,
X-n120-k6,atm,ortools:nominal_seed103_or_tools,ortools,nominal_seed103_or_tools,119,60,180,mean_domain_loss,50.41707045423357,0.43,14629.41707045423,14579.0,True,6.300816297531128,102.62664611193804,0.4289915966386554,14212.016406018627,0.0023506366307542,0.0293695597099676,True,True,True,
X-n120-k6,cargo,ortools:nominal_seed101_or_tools,ortools,nominal_seed101_or_tools,119,60,180,mean_domain_loss,38.39383626884781,0.4349579831932773,14442.393836268846,14404.0,True,6.433862447738648,92.58756920188316,0.4354621848739495,14359.002190418252,0.0011578541103821,0.0058076212221933,True,True,True,
X-n120-k6,cold_chain,ortools:nominal_or_tools,ortools,nominal_or_tools,119,60,180,mean_domain_loss,47.00494485641273,0.4308403361344537,14288.064427958892,14219.0,True,6.301335334777832,108.6554550531756,0.431344537815126,14102.59263713456,0.0011689070718879,0.013151609466188,True,True,True,
X-n120-k6,cold_chain,ortools:nominal_seed101_or_tools,ortools,nominal_seed101_or_tools,119,60,180,mean_domain_loss,46.84196804803088,0.4350420168067226,14473.023733007642,14404.0,True,6.640719890594482,108.73138326906064,0.4347058823529411,14389.599469756951,0.0007732456988206,0.0057975389395671,True,True,True,
X-n120-k6,cold_chain,ortools:nominal_seed103_or_tools,ortools,nominal_seed103_or_tools,119,60,180,mean_domain_loss,47.01814266108384,0.4346218487394958,14648.043571987204,14579.0,True,6.385140419006348,108.86633183496043,0.4346218487394958,14230.757257001427,0.0,0.029322846806376,True,True,True,
X-n120-k6,cold_chain,ortools:proxy_mean_or_tools,ortools,proxy_mean_or_tools,119,60,180,mean_domain_loss,47.00494485641273,0.4308403361344537,14288.064427958892,14219.0,True,6.227230072021484,108.6554550531756,0.431344537815126,14102.59263713456,0.0011689070718879,0.013151609466188,True,True,True,
X-n120-k6,cold_chain,ortools:proxy_mean_scaled_or_tools,ortools,proxy_mean_scaled_or_tools,119,60,180,mean_domain_loss,47.00494485641273,0.4308403361344537,14288.064427958892,14219.0,True,6.256407022476196,108.6554550531756,0.431344537815126,14102.59263713456,0.0011689070718879,0.013151609466188,True,True,True,
X-n120-k6,cold_chain,ortools:quantile_p75_or_tools,ortools,quantile_p75_or_tools,119,60,180,mean_domain_loss,47.00494485641273,0.4308403361344537,14288.064427958892,14219.0,True,6.226414442062378,108.6554550531756,0.431344537815126,14102.59263713456,0.0011689070718879,0.013151609466188,True,True,True,
X-n120-k6,cold_chain,ortools:quantile_p75_scaled_or_tools,ortools,quantile_p75_scaled_or_tools,119,60,180,mean_domain_loss,47.00494485641273,0.4308403361344537,14288.064427958892,14219.0,True,6.385962247848511,108.6554550531756,0.431344537815126,14102.59263713456,0.0011689070718879,0.013151609466188,True,True,True,
X-n120-k6,cold_chain,ortools:quantile_p75_scaled_seed107_or_tools,ortools,quantile_p75_scaled_seed107_or_tools,119,60,180,mean_domain_loss,46.917675743061565,0.4319327731092437,14179.893770180528,14111.0,True,6.4223105907440186,108.81719859385328,0.4325210084033613,13991.643214531186,0.0013600155430346,0.0134544994296189,True,True,True,
X-n120-k6,cold_chain,ortools:quantile_p90_scaled_or_tools,ortools,quantile_p90_scaled_or_tools,119,60,180,mean_domain_loss,47.00494485641273,0.4308403361344537,14288.064427958892,14219.0,True,6.288331747055054,108.6554550531756,0.431344537815126,14102.59263713456,0.0011689070718879,0.013151609466188,True,True,True,
X-n120-k6,cold_chain,ortools:robust_mean_1std_scaled_or_tools,ortools,robust_mean_1std_scaled_or_tools,119,60,180,mean_domain_loss,47.01053805268677,0.4319327731092437,14120.988893839678,14052.0,True,6.220439195632935,108.6554550531756,0.431344537815126,14102.59263713456,0.0013637249172024,0.001304459199699,True,True,True,
X-n120-k6,cold_chain,ortools:robust_mean_2std_scaled_or_tools,ortools,robust_mean_2std_scaled_or_tools,119,60,180,mean_domain_loss,47.01053805268677,0.4319327731092437,14120.988893839678,14052.0,True,6.323512554168701,108.6554550531756,0.431344537815126,14102.59263713456,0.0013637249172024,0.001304459199699,True,True,True,
X-n120-k6,grocery,ortools:nominal_or_tools,ortools,nominal_or_tools,119,60,180,mean_domain_loss,32.649270413492005,0.4312605042016806,14251.649270413487,14219.0,True,5.851584434509277,49.91634857921395,0.4319327731092437,14066.433062063044,0.0015564202334632,0.0131672476976391,True,True,True,
X-n120-k6,grocery,ortools:nominal_seed101_or_tools,ortools,nominal_seed101_or_tools,119,60,180,mean_domain_loss,32.559513820423966,0.4336974789915966,14436.55951382042,14404.0,True,6.09445858001709,49.79693456425317,0.4327731092436975,14353.305231991562,0.0021359223300969,0.0058003561189025,True,True,True,
X-n120-k6,grocery,ortools:nominal_seed103_or_tools,ortools,nominal_seed103_or_tools,119,60,180,mean_domain_loss,32.623431124141455,0.434453781512605,14611.623431124142,14579.0,True,6.2195799350738525,49.90464301297868,0.4319327731092437,14194.408863571562,0.0058365758754862,0.0293928807858506,True,True,True,
X-n120-k6,grocery,ortools:proxy_mean_or_tools,ortools,proxy_mean_or_tools,119,60,180,mean_domain_loss,32.649270413492005,0.4312605042016806,14251.649270413487,14219.0,True,5.918576717376709,49.91634857921395,0.4319327731092437,14066.433062063044,0.0015564202334632,0.0131672476976391,True,True,True,
X-n120-k6,grocery,ortools:proxy_mean_scaled_or_tools,ortools,proxy_mean_scaled_or_tools,119,60,180,mean_domain_loss,32.649270413492005,0.4312605042016806,14251.649270413487,14219.0,True,5.72155237197876,49.91634857921395,0.4319327731092437,14066.433062063044,0.0015564202334632,0.0131672476976391,True,True,True,
X-n120-k6,grocery,ortools:quantile_p75_or_tools,ortools,quantile_p75_or_tools,119,60,180,mean_domain_loss,32.649270413492005,0.4312605042016806,14251.649270413487,14219.0,True,5.751437425613403,49.91634857921395,0.4319327731092437,14066.433062063044,0.0015564202334632,0.0131672476976391,True,True,True,
X-n120-k6,grocery,ortools:quantile_p75_scaled_or_tools,ortools,quantile_p75_scaled_or_tools,119,60,180,mean_domain_loss,32.649270413492005,0.4312605042016806,14251.649270413487,14219.0,True,5.798741340637207,49.91634857921395,0.4319327731092437,14066.433062063044,0.0015564202334632,0.0131672476976391,True,True,True,
X-n120-k6,grocery,ortools:quantile_p75_scaled_seed107_or_tools,ortools,quantile_p75_scaled_seed107_or_tools,119,60,180,mean_domain_loss,32.58657903389567,0.4305042016806722,14143.586579033896,14111.0,True,6.387758493423462,49.93160294378735,0.4296638655462185,13955.391444761472,0.0019557989438684,0.0134854787138963,True,True,True,
X-n120-k6,grocery,ortools:quantile_p90_scaled_or_tools,ortools,quantile_p90_scaled_or_tools,119,60,180,mean_domain_loss,32.649270413492005,0.4312605042016806,14251.649270413487,14219.0,True,5.8482825756073,49.91634857921395,0.4319327731092437,14066.433062063044,0.0015564202334632,0.0131672476976391,True,True,True,
X-n120-k6,grocery,ortools:robust_mean_1std_scaled_or_tools,ortools,robust_mean_1std_scaled_or_tools,119,60,180,mean_domain_loss,32.62369873245793,0.4321008403361344,14084.623698732456,14052.0,True,5.810973405838013,49.91634857921395,0.4319327731092437,14066.433062063044,0.0003891050583655,0.0012931946989797,True,True,True,
X-n120-k6,grocery,ortools:robust_mean_2std_scaled_or_tools,ortools,robust_mean_2std_scaled_or_tools,119,60,180,mean_domain_loss,32.62369873245793,0.4321008403361344,14084.623698732456,14052.0,True,5.8270556926727295,49.91634857921395,0.4319327731092437,14066.433062063044,0.0003891050583655,0.0012931946989797,True,True,True,
X-n129-k18,atm,ortools:quantile_p90_scaled_or_tools,ortools,quantile_p90_scaled_or_tools,128,60,180,mean_domain_loss,301.14084575611514,0.42171875,33880.140845756105,33579.0,True,4.283766746520996,558.6557241821253,0.41953125,33337.66454061495,0.0052141527001861,0.016272174809374,True,True,True,
X-n129-k18,atm,ortools:robust_mean_1std_scaled_or_tools,ortools,robust_mean_1std_scaled_or_tools,128,60,180,mean_domain_loss,300.57723612463053,0.421015625,33308.577236124635,33008.0,True,3.881312608718872,558.2604565987726,0.42046875,33306.87809157048,0.0013006317354143,5.101482491050795e-05,True,True,True,
X-n129-k18,atm,ortools:robust_mean_1std_scaled_seed113_or_tools,ortools,robust_mean_1std_scaled_seed113_or_tools,128,60,180,mean_domain_loss,299.72499004697625,0.415078125,34098.724990046976,33799.0,True,4.114232063293457,557.7290762135823,0.41515625,33690.4074663468,0.0001881821603311,0.0121196968041435,True,True,True,
X-n129-k18,atm,ortools:robust_mean_2std_scaled_or_tools,ortools,robust_mean_2std_scaled_or_tools,128,60,180,mean_domain_loss,300.3414510310033,0.42203125,34057.34145103101,33757.0,True,4.036976099014282,558.3479112779335,0.41921875,34055.685550863294,0.0067089079388745,4.862331034983527e-05,True,True,True,
X-n129-k18,cargo,ortools:quantile_p90_scaled_or_tools,ortools,quantile_p90_scaled_or_tools,128,60,180,mean_domain_loss,223.58360477034017,0.408828125,33802.58360477034,33579.0,True,4.64873480796814,500.80522149669713,0.408984375,33260.08483250868,0.0003820439350525,0.0163108054291978,True,True,True,
X-n129-k18,cargo,ortools:robust_mean_1std_scaled_or_tools,ortools,robust_mean_1std_scaled_or_tools,128,60,180,mean_domain_loss,223.7400122719317,0.410390625,33231.740012271934,33008.0,True,4.411011457443237,501.2593924929539,0.4090625,33229.75814400905,0.0032467532467532,5.9641368868651695e-05,True,True,True,
X-n129-k18,cargo,ortools:robust_mean_1std_scaled_seed113_or_tools,ortools,robust_mean_1std_scaled_seed113_or_tools,128,60,180,mean_domain_loss,223.0036069511017,0.403828125,34022.0036069511,33799.0,True,4.524738550186157,500.73390038293405,0.40390625,33613.15901585695,0.000193423597679,0.0121632302069934,True,True,True,
X-n129-k18,cargo,ortools:robust_mean_2std_scaled_or_tools,ortools,robust_mean_2std_scaled_or_tools,128,60,180,mean_domain_loss,222.983502034254,0.40765625,33979.98350203426,33757.0,True,4.481912851333618,500.5890000942637,0.404609375,33978.31639426352,0.0075304112763081,4.906387212927042e-05,True,True,True,
X-n129-k18,cold_chain,ortools:robust_mean_1std_scaled_seed113_or_tools,ortools,robust_mean_1std_scaled_seed113_or_tools,128,60,180,mean_domain_loss,284.21520884216176,0.40828125,34212.64319152196,33799.0,True,4.597422361373901,623.1988149964726,0.404921875,33810.093498030605,0.0082963534632452,0.0119061987661998,True,True,True,
X-n129-k18,cold_chain,ortools:robust_mean_2std_scaled_or_tools,ortools,robust_mean_2std_scaled_or_tools,128,60,180,mean_domain_loss,285.4448212827025,0.414453125,34178.899058608404,33757.0,True,3.981269836425781,625.6002808023002,0.411328125,34177.2386445584,0.0075973409306742,4.858245182631658e-05,True,True,True,
X-n129-k18,grocery,ortools:quantile_p90_scaled_or_tools,ortools,quantile_p90_scaled_or_tools,128,60,180,mean_domain_loss,195.5371067847058,0.42078125,33774.5371067847,33579.0,True,2.9415760040283203,269.8075983653312,0.418828125,33233.0989127273,0.004663309084126,0.0162921368085251,True,True,True,
X-n129-k18,grocery,ortools:robust_mean_1std_scaled_or_tools,ortools,robust_mean_1std_scaled_or_tools,128,60,180,mean_domain_loss,194.9551503316339,0.421015625,33202.95515033163,33008.0,True,3.2032454013824463,269.47385539805856,0.419140625,33152.02107258196,0.0044734389561976,0.0015363792644244,True,True,True,
X-n129-k18,grocery,ortools:robust_mean_1std_scaled_seed113_or_tools,ortools,robust_mean_1std_scaled_seed113_or_tools,128,60,180,mean_domain_loss,194.5715418976228,0.415625,33993.57154189762,33799.0,True,3.148554801940918,269.1434255216639,0.414140625,33585.731530925965,0.003584229390681,0.0121432522795018,True,True,True,
X-n129-k18,grocery,ortools:robust_mean_2std_scaled_or_tools,ortools,robust_mean_2std_scaled_or_tools,128,60,180,mean_domain_loss,194.79288578024887,0.42,33951.79288578024,33757.0,True,3.2685320377349854,269.57457575098755,0.419765625,33951.06861063629,0.0005583472920156,2.1332911557344363e-05,True,True,True,
X-n134-k13,atm,ortools:nominal_or_tools,ortools,nominal_or_tools,133,60,180,mean_domain_loss,3805.903125198727,0.4624812030075187,17435.90312519873,13630.0,True,3.357222318649292,7968.207853488288,0.4579699248120301,17129.27359133401,0.0098505992447871,0.0179009070191888,True,True,True,
X-n134-k13,atm,ortools:nominal_seed101_or_tools,ortools,nominal_seed101_or_tools,133,60,180,mean_domain_loss,3793.488372404494,0.4612781954887218,16428.488372404492,12635.0,True,2.967571973800659,7969.112578667399,0.4574436090225564,16383.978200204094,0.0083826429980276,0.0027166889296669,True,True,True,
X-n134-k13,atm,ortools:nominal_seed103_or_tools,ortools,nominal_seed103_or_tools,133,60,180,mean_domain_loss,3794.452391810793,0.4613533834586466,16004.452391810795,12210.0,True,3.1775546073913574,7968.103324684642,0.4578947368421052,15896.559963663529,0.0075533661740558,0.0067871557364542,True,True,True,
X-n134-k13,atm,ortools:quantile_p75_scaled_or_tools,ortools,quantile_p75_scaled_or_tools,133,60,180,mean_domain_loss,3798.2267284495615,0.4603007518796992,19199.22672844956,15401.0,True,3.2886641025543213,7964.327359340954,0.4573684210526316,18469.551598199472,0.0064113102087784,0.0395069217772034,True,True,True,
X-n134-k13,atm,ortools:robust_mean_1std_scaled_or_tools,ortools,robust_mean_1std_scaled_or_tools,133,60,180,mean_domain_loss,3794.837714984225,0.4625563909774436,18303.837714984227,14509.0,True,3.1484241485595703,7963.819238294648,0.459172932330827,17400.01747421906,0.0073685934173898,0.0519436398327945,True,False,False,
X-n134-k13,atm,ortools:robust_mean_1std_scaled_seed113_or_tools,ortools,robust_mean_1std_scaled_seed113_or_tools,133,60,180,mean_domain_loss,3807.542401782629,0.465187969924812,18409.54240178263,14602.0,True,3.406457901000977,7966.032003778475,0.4588721804511278,17568.62515988837,0.0137637227592986,0.0478647153229834,True,True,True,
X-n134-k13,cargo,ortools:nominal_or_tools,ortools,nominal_or_tools,133,60,180,mean_domain_loss,2795.7093662631505,0.4532330827067669,16425.709366263152,13630.0,True,3.1799261569976807,7044.573501322292,0.4520300751879699,16113.671774744387,0.0026613439787091,0.019364772714797,True,True,True,
X-n134-k13,cargo,ortools:nominal_seed101_or_tools,ortools,nominal_seed101_or_tools,133,60,180,mean_domain_loss,2784.7382126081984,0.4550375939849624,15419.738212608198,12635.0,True,3.632565498352051,7036.0985021307615,0.448796992481203,15383.042538344338,0.0139051767465236,0.0023854627049486,True,True,True,
X-n134-k13,cargo,ortools:nominal_seed103_or_tools,ortools,nominal_seed103_or_tools,133,60,180,mean_domain_loss,2788.7216445455906,0.4585714285714286,14998.721644545589,12210.0,True,3.354445219039917,7035.944797770558,0.4546616541353383,14896.090938716712,0.0085993054407144,0.0068897743878648,True,True,True,
X-n134-k13,cargo,ortools:quantile_p75_scaled_or_tools,ortools,quantile_p75_scaled_or_tools,133,60,180,mean_domain_loss,2783.165318312376,0.4486466165413534,18184.16531831237,15401.0,True,4.696900606155396,7010.073798760979,0.4453383458646616,17466.769834853916,0.007428667904778,0.0410720179083675,True,True,True,
X-n134-k13,cargo,ortools:quantile_p90_scaled_or_tools,ortools,quantile_p90_scaled_or_tools,133,60,180,mean_domain_loss,2796.8342624584184,0.4493984962406015,18404.83426245842,15608.0,True,3.642208814620972,7016.701192161683,0.4455639097744361,17765.21048726323,0.0086061424232197,0.0360042891500647,True,True,True,
X-n134-k13,cargo,ortools:robust_mean_1std_scaled_or_tools,ortools,robust_mean_1std_scaled_or_tools,133,60,180,mean_domain_loss,2784.7555908310296,0.4478947368421053,17293.755590831028,14509.0,True,3.5854077339172363,7012.214860787507,0.4457894736842105,16400.7017840805,0.0047225501770957,0.0544521703100156,True,False,False,
X-n134-k13,cargo,ortools:robust_mean_1std_scaled_seed113_or_tools,ortools,robust_mean_1std_scaled_seed113_or_tools,133,60,180,mean_domain_loss,2791.8240187322667,0.4529323308270677,17393.824018732266,14602.0,True,3.457784414291382,7019.181677508672,0.45,16561.72134202103,0.006516290726817,0.0502425236801923,True,False,False,
X-n134-k13,cold_chain,ortools:nominal_or_tools,ortools,nominal_or_tools,133,60,180,mean_domain_loss,3405.8466080799653,0.4557894736842105,18440.482539791603,13630.0,True,2.8075380325317383,8067.334871576671,0.4547368421052631,18176.20192678908,0.0023148148148147,0.0145399250111219,True,True,True,
X-n134-k13,cold_chain,ortools:nominal_seed101_or_tools,ortools,nominal_seed101_or_tools,133,60,180,mean_domain_loss,3404.449699957508,0.4570676691729323,17412.263716337882,12635.0,True,3.0323803424835205,7988.478513765031,0.4547368421052631,17362.972506224818,0.0051256613756612,0.0028388693292806,True,True,True,
X-n134-k13,cold_chain,ortools:nominal_seed103_or_tools,ortools,nominal_seed103_or_tools,133,60,180,mean_domain_loss,3398.958759718684,0.4563157894736842,16959.807652413565,12210.0,True,3.2876665592193604,7996.099710827253,0.4517293233082707,16894.20322777397,0.0101531291611183,0.0038832505892755,True,True,True,
X-n134-k13,cold_chain,ortools:quantile_p75_scaled_or_tools,ortools,quantile_p75_scaled_or_tools,133,60,180,mean_domain_loss,3410.7895716443168,0.4596992481203008,20244.28025208748,15401.0,True,2.8399972915649414,8098.260206431102,0.4527067669172932,19570.477073620328,0.0154459392127554,0.0344295734811386,True,True,True,
X-n134-k13,cold_chain,ortools:robust_mean_1std_scaled_or_tools,ortools,robust_mean_1std_scaled_or_tools,133,60,180,mean_domain_loss,3404.7707648884925,0.4643609022556391,19280.82630185469,14509.0,True,2.894657850265503,8048.950204297051,0.4534586466165413,18455.138019412112,0.0240424473553307,0.0447402930053448,True,True,True,
X-n134-k13,cold_chain,ortools:robust_mean_1std_scaled_seed113_or_tools,ortools,robust_mean_1std_scaled_seed113_or_tools,133,60,180,mean_domain_loss,3408.574686099102,0.4621804511278195,19434.78147038529,14602.0,True,2.867893934249878,8063.76987143986,0.4548872180451128,18633.12811866566,0.0160330578512396,0.0430230150629714,True,True,True,
X-n134-k13,grocery,ortools:nominal_or_tools,ortools,nominal_or_tools,133,60,180,mean_domain_loss,2374.344565001815,0.4610526315789474,16004.34456500181,13630.0,True,2.867314338684082,3706.2919740387792,0.4565413533834586,15693.699949401553,0.0098814229249012,0.0197942242174766,True,True,True,
X-n134-k13,grocery,ortools:nominal_seed101_or_tools,ortools,nominal_seed101_or_tools,133,60,180,mean_domain_loss,2369.94240898806,0.4594736842105263,15004.94240898806,12635.0,True,3.008464097976685,3707.2243550196526,0.4573684210526316,14965.741977075248,0.004602991944764,0.0026193443648072,True,True,True,
X-n134-k13,grocery,ortools:nominal_seed103_or_tools,ortools,nominal_seed103_or_tools,133,60,180,mean_domain_loss,2369.921520178373,0.4583458646616541,14579.921520178374,12210.0,True,2.9461591243743896,3707.090401156531,0.4570676691729323,14480.941329075538,0.0027965125843065,0.0068352042076227,True,True,True,
X-n134-k13,grocery,ortools:quantile_p75_scaled_or_tools,ortools,quantile_p75_scaled_or_tools,133,60,180,mean_domain_loss,2369.621622171581,0.4605263157894737,17770.62162217158,15401.0,True,2.882359981536865,3706.279875351407,0.4568421052631579,17057.64839445459,0.0080645161290322,0.0417978616530034,True,True,True,
X-n134-k13,grocery,ortools:quantile_p90_scaled_or_tools,ortools,quantile_p90_scaled_or_tools,133,60,180,mean_domain_loss,2380.13929128706,0.4639097744360902,17988.13929128706,15608.0,True,2.9102232456207275,3710.833798749511,0.4581954887218045,17356.21875095342,0.012471283229406,0.0364088831444884,True,True,True,
X-n134-k13,grocery,ortools:robust_mean_1std_scaled_or_tools,ortools,robust_mean_1std_scaled_or_tools,133,60,180,mean_domain_loss,2369.4823242808843,0.462406015037594,16878.48232428088,14509.0,True,2.89908766746521,3706.044780292332,0.457593984962406,15986.08733378607,0.010515938218863,0.0558232275266483,True,False,False,
X-n134-k13,grocery,ortools:robust_mean_1std_scaled_seed113_or_tools,ortools,robust_mean_1std_scaled_seed113_or_tools,133,60,180,mean_domain_loss,2376.8512480497493,0.4642105263157894,16978.85124804975,14602.0,True,2.7882609367370605,3707.8053763234007,0.4581203007518797,16155.172468363797,0.0132939438700146,0.0509854525724773,True,False,False,
X-n139-k10,atm,ortools:nominal_or_tools,ortools,nominal_or_tools,138,60,180,mean_domain_loss,427.74397507376096,0.4218840579710144,15304.74397507376,14877.0,True,6.599198579788208,873.2509054565126,0.4157246376811594,15251.854176103305,0.0148161059787343,0.0034677619101108,True,True,True,
X-n139-k10,atm,ortools:nominal_seed101_or_tools,ortools,nominal_seed101_or_tools,138,60,180,mean_domain_loss,428.4912215730082,0.4183333333333333,15371.491221573006,14943.0,True,6.798313617706299,874.6380704079498,0.4118840579710145,15298.124345470693,0.0156579873328639,0.0047958085870857,True,True,True,
X-n139-k10,atm,ortools:nominal_seed103_or_tools,ortools,nominal_seed103_or_tools,138,60,180,mean_domain_loss,428.93291964434246,0.4211594202898551,15760.932919644343,15332.0,True,6.443163633346558,872.9351809621446,0.4165942028985507,15194.700428720946,0.0109584275526179,0.0372651302722038,True,True,True,
X-n139-k10,atm,ortools:proxy_mean_scaled_seed109_or_tools,ortools,proxy_mean_scaled_seed109_or_tools,138,60,180,mean_domain_loss,427.4948558806679,0.4182608695652174,16423.49485588067,15996.0,True,6.044466018676758,871.3107972797561,0.4152898550724637,15582.301378915989,0.0071540743325773,0.0539839049771479,True,False,False,
X-n139-k10,cargo,ortools:nominal_or_tools,ortools,nominal_or_tools,138,60,180,mean_domain_loss,322.41803262558363,0.4234057971014492,15199.418032625585,14877.0,True,6.740777254104614,774.6163577403895,0.4165217391304348,15145.880755619704,0.0165274878218509,0.0035347747595343,True,True,True,
X-n139-k10,cargo,ortools:nominal_seed101_or_tools,ortools,nominal_seed101_or_tools,138,60,180,mean_domain_loss,321.654226375162,0.4158695652173913,15264.654226375162,14943.0,True,6.7518157958984375,771.6994839678858,0.4144927536231884,15227.4180682037,0.0033216783216784,0.0024453363009198,True,True,True,
X-n139-k10,cargo,ortools:proxy_mean_scaled_seed109_or_tools,ortools,proxy_mean_scaled_seed109_or_tools,138,60,180,mean_domain_loss,320.9994606549765,0.417391304347826,16316.99946065498,15996.0,True,6.91595458984375,773.083465755823,0.4127536231884058,15477.545069353517,0.0112359550561795,0.0542369211357449,True,False,False,
X-n139-k10,cold_chain,ortools:nominal_or_tools,ortools,nominal_or_tools,138,60,180,mean_domain_loss,400.8823092159208,0.4159420289855072,15476.951879013788,14877.0,True,4.939747095108032,926.2498650750504,0.4128985507246376,15421.804735071846,0.0073710073710073,0.003575920256371,True,True,True,
X-n139-k10,cold_chain,ortools:nominal_seed101_or_tools,ortools,nominal_seed101_or_tools,138,60,180,mean_domain_loss,401.5473922014239,0.4123188405797101,15539.280649328726,14943.0,True,5.77345085144043,933.1595710003209,0.4067391304347826,15474.11781666038,0.013718154284696,0.0042110854680314,True,True,True,
X-n139-k10,cold_chain,ortools:proxy_mean_scaled_seed109_or_tools,ortools,proxy_mean_scaled_seed109_or_tools,138,60,180,mean_domain_loss,399.6249669131768,0.4138405797101449,16593.194023154,15996.0,True,5.312331676483154,919.8484326000118,0.4102173913043478,15748.020413565218,0.0088323617735381,0.0536685619775267,True,False,False,
X-n139-k10,grocery,ortools:nominal_or_tools,ortools,nominal_or_tools,138,60,180,mean_domain_loss,276.8414516565013,0.4176086956521739,15153.841451656504,14877.0,True,5.346140623092651,423.4622996391648,0.4155797101449275,15101.398151543215,0.0048823016564951,0.0034727446814537,True,True,True,
X-n139-k10,grocery,ortools:nominal_seed101_or_tools,ortools,nominal_seed101_or_tools,138,60,180,mean_domain_loss,277.2010438995653,0.4181159420289855,15220.201043899564,14943.0,True,4.859856843948364,424.284771567483,0.4113768115942029,15146.479605108025,0.0163818918442838,0.0048672325658219,True,True,True,
X-n139-k10,grocery,ortools:nominal_seed103_or_tools,ortools,nominal_seed103_or_tools,138,60,180,mean_domain_loss,277.4368837267399,0.418695652173913,15609.43688372674,15332.0,True,4.953097820281982,423.2326902461444,0.416231884057971,15044.200163633031,0.0059192200557102,0.0375717362136723,True,True,True,
X-n139-k10,grocery,ortools:proxy_mean_scaled_seed109_or_tools,ortools,proxy_mean_scaled_seed109_or_tools,138,60,180,mean_domain_loss,276.55208978727006,0.4168115942028985,16272.552089787268,15996.0,True,5.010882616043091,422.4224394851968,0.4141304347826087,15431.96989565032,0.006474190726159,0.0544701810475846,True,False,False,
X-n143-k7,atm,ortools:proxy_mean_or_tools,ortools,proxy_mean_or_tools,142,60,180,mean_domain_loss,2515.4523035684188,0.3099295774647887,22551.45230356841,20036.0,True,4.86233377456665,5325.581237389978,0.3093661971830986,21604.05718970956,0.001821078989301,0.0438526479327277,True,True,True,
X-n143-k7,atm,ortools:proxy_mean_scaled_or_tools,ortools,proxy_mean_scaled_or_tools,142,60,180,mean_domain_loss,2515.782272933889,0.310281690140845,21262.78227293389,18747.0,True,4.639270544052124,5327.541725188843,0.3092957746478873,21197.284023205437,0.0031876138433513,0.0030899359397531,True,True,True,
X-n143-k7,atm,ortools:proxy_mean_scaled_seed109_or_tools,ortools,proxy_mean_scaled_seed109_or_tools,142,60,180,mean_domain_loss,2514.393644559732,0.3104929577464789,21316.393644559736,18802.0,True,4.701951742172241,5326.0917160746285,0.3102112676056338,21290.74178460244,0.0009080590238366,0.0012048363658163,True,True,True,
X-n143-k7,atm,ortools:quantile_p75_scaled_or_tools,ortools,quantile_p75_scaled_or_tools,142,60,180,mean_domain_loss,2512.3756248842988,0.3104225352112676,20568.3756248843,18056.0,True,4.604940414428711,5325.141109832354,0.3093661971830986,20450.39606734498,0.0034145231049396,0.0057690597849939,True,True,True,
X-n143-k7,atm,ortools:quantile_p75_scaled_seed107_or_tools,ortools,quantile_p75_scaled_seed107_or_tools,142,60,180,mean_domain_loss,2511.640045909889,0.31,20677.64004590989,18166.0,True,4.845935344696045,5324.316050974241,0.3096478873239436,20653.59558951317,0.0011371389583807,0.0011641777477685,True,True,True,
X-n143-k7,atm,ortools:quantile_p90_scaled_or_tools,ortools,quantile_p90_scaled_or_tools,142,60,180,mean_domain_loss,2514.868737181395,0.3135211267605634,21156.8687371814,18642.0,True,4.9696595668792725,5331.858623788487,0.3120422535211267,21018.07086024751,0.004739336492891,0.0066037400795142,True,True,True,
X-n143-k7,atm,ortools:robust_mean_1std_scaled_or_tools,ortools,robust_mean_1std_scaled_or_tools,142,60,180,mean_domain_loss,2511.6138550479022,0.312112676056338,20914.613855047905,18403.0,True,4.572051763534546,5328.4060528265545,0.3111267605633803,20781.84059383997,0.0031688546853779,0.0063889076912316,True,True,True,
X-n143-k7,atm,ortools:robust_mean_1std_scaled_seed113_or_tools,ortools,robust_mean_1std_scaled_seed113_or_tools,142,60,180,mean_domain_loss,2513.004494284095,0.3122535211267606,20963.00449428409,18450.0,True,4.845263481140137,5328.545754407793,0.312112676056338,20884.45660999018,0.0004512635379062,0.0037610690936693,True,True,True,
X-n143-k7,atm,ortools:robust_mean_2std_scaled_or_tools,ortools,robust_mean_2std_scaled_or_tools,142,60,180,mean_domain_loss,2521.468538785557,0.3143661971830986,21427.46853878556,18906.0,True,4.821689128875732,5347.212756472658,0.3164084507042253,21180.18666910082,0.0064544847540618,0.0116751506277086,True,True,True,
X-n143-k7,cargo,ortools:proxy_mean_or_tools,ortools,proxy_mean_or_tools,142,60,180,mean_domain_loss,1862.3893025844127,0.3114084507042253,21898.38930258441,20036.0,True,5.423716306686401,4739.520987530756,0.3057746478873239,20956.49250590592,0.0184246890833715,0.0449453455254046,True,True,True,
X-n143-k7,cargo,ortools:quantile_p75_scaled_or_tools,ortools,quantile_p75_scaled_or_tools,142,60,180,mean_domain_loss,1865.532427497025,0.3066197183098592,19921.532427497023,18056.0,True,5.305233478546143,4737.945072579114,0.3083098591549296,19804.7496392956,0.0054819552306989,0.0058967061098165,True,True,True,
X-n143-k7,cargo,ortools:quantile_p75_scaled_seed107_or_tools,ortools,quantile_p75_scaled_seed107_or_tools,142,60,180,mean_domain_loss,1865.233676264841,0.3069014084507042,20031.23367626484,18166.0,True,5.516774654388428,4736.19744161816,0.305281690140845,20005.86130821572,0.0053056516724336,0.001268246723209,True,True,True,
X-n143-k7,cargo,ortools:quantile_p90_scaled_or_tools,ortools,quantile_p90_scaled_or_tools,142,60,180,mean_domain_loss,1862.0793448893176,0.3076056338028169,20504.07934488932,18642.0,True,5.145552158355713,4730.0089396385165,0.3069718309859155,20365.37715404718,0.0020646937370956,0.0068106860871259,True,True,True,
X-n143-k7,cargo,ortools:robust_mean_1std_scaled_or_tools,ortools,robust_mean_1std_scaled_or_tools,142,60,180,mean_domain_loss,1862.206857782744,0.3106338028169014,20265.206857782745,18403.0,True,5.155516147613525,4730.23208471712,0.3070422535211267,20130.039310370463,0.011697247706422,0.0067147185024446,True,True,True,
X-n143-k7,cargo,ortools:robust_mean_1std_scaled_seed113_or_tools,ortools,robust_mean_1std_scaled_seed113_or_tools,142,60,180,mean_domain_loss,1859.032131740104,0.3077464788732394,20309.032131740107,18450.0,True,5.052385091781616,4729.612053570232,0.3054225352112676,20176.332702700525,0.0076089462762277,0.0065769845786603,True,True,True,
X-n143-k7,cargo,ortools:robust_mean_2std_scaled_or_tools,ortools,robust_mean_2std_scaled_or_tools,142,60,180,mean_domain_loss,1860.0157601428707,0.3117605633802817,20766.01576014287,18906.0,True,5.059738397598267,4727.050748580354,0.311056338028169,20515.492198894368,0.0022639800769753,0.0122114331364666,True,True,True,
X-n143-k7,cold_chain,ortools:proxy_mean_or_tools,ortools,proxy_mean_or_tools,142,60,180,mean_domain_loss,2826.6840930681938,0.3024647887323943,24505.58925857541,20036.0,True,5.096735715866089,6413.30502455254,0.3006338028169014,23477.51271005792,0.006090419301944,0.0437898409944023,True,True,True,
X-n143-k7,cold_chain,ortools:proxy_mean_scaled_or_tools,ortools,proxy_mean_scaled_or_tools,142,60,180,mean_domain_loss,2822.197538994275,0.301338028169014,23140.944686956576,18747.0,True,5.3586745262146,6431.3240769495615,0.3003521126760563,23085.199833947165,0.0032825322391556,0.0024147442261876,True,True,True,
X-n143-k7,cold_chain,ortools:proxy_mean_scaled_seed109_or_tools,ortools,proxy_mean_scaled_seed109_or_tools,142,60,180,mean_domain_loss,2823.460469229504,0.3016901408450704,23199.19990217684,18802.0,True,5.347394227981567,6432.893599667022,0.3011971830985915,23179.425946517003,0.0016366612111291,0.0008530821990786,True,True,True,
X-n143-k7,cold_chain,ortools:quantile_p75_scaled_seed107_or_tools,ortools,quantile_p75_scaled_seed107_or_tools,142,60,180,mean_domain_loss,2819.240662672717,0.3021830985915493,22514.38479389213,18166.0,True,5.169783115386963,6384.973589959413,0.3033098591549296,22498.76437149912,0.0037148827490132,0.0006942791228481,True,True,True,
X-n143-k7,cold_chain,ortools:robust_mean_1std_scaled_or_tools,ortools,robust_mean_1std_scaled_or_tools,142,60,180,mean_domain_loss,2830.5753538722965,0.303169014084507,22829.22480850411,18403.0,True,4.647051334381104,6417.822381629629,0.3024647887323943,22651.507651700787,0.0023282887077997,0.0078457098545481,True,True,True,
X-n143-k7,grocery,ortools:proxy_mean_or_tools,ortools,proxy_mean_or_tools,142,60,180,mean_domain_loss,1846.713916087609,0.3069014084507042,21882.71391608761,20036.0,True,4.041700839996338,2718.9923959365483,0.309225352112676,20948.85514555165,0.0075153723525393,0.0445780336943262,True,True,True,
X-n143-k7,grocery,ortools:proxy_mean_scaled_or_tools,ortools,proxy_mean_scaled_or_tools,142,60,180,mean_domain_loss,1847.791906050905,0.3085211267605633,20594.79190605091,18747.0,True,4.472562313079834,2719.6511309226826,0.3092957746478873,20541.41779494112,0.0025045537340621,0.0025983654897926,True,True,True,
X-n143-k7,grocery,ortools:proxy_mean_scaled_seed109_or_tools,ortools,proxy_mean_scaled_seed109_or_tools,142,60,180,mean_domain_loss,1846.905578733893,0.3079577464788732,20648.90557873389,18802.0,True,4.057592868804932,2718.9843152192425,0.3097183098591549,20634.946781696053,0.0056844020009096,0.0006764639223697,True,True,True,
X-n143-k7,grocery,ortools:quantile_p75_scaled_or_tools,ortools,quantile_p75_scaled_or_tools,142,60,180,mean_domain_loss,1849.7784017116253,0.3097887323943662,19905.77840171163,18056.0,True,4.299039363861084,2720.663174974982,0.3093661971830986,19796.67915752392,0.0013658092419759,0.0055109871367613,True,True,True,
X-n143-k7,grocery,ortools:quantile_p75_scaled_seed107_or_tools,ortools,quantile_p75_scaled_seed107_or_tools,142,60,180,mean_domain_loss,1848.971691832489,0.3085915492957746,20014.97169183249,18166.0,True,3.9942922592163086,2720.512824916266,0.308943661971831,20000.104360134927,0.0011397310234786,0.0007433627060064,True,True,True,
X-n143-k7,grocery,ortools:quantile_p90_scaled_or_tools,ortools,quantile_p90_scaled_or_tools,142,60,180,mean_domain_loss,1852.938186419186,0.3127464788732394,20494.938186419186,18642.0,True,3.865479230880737,2727.286683874157,0.3114084507042253,20367.88311917741,0.004296698326549,0.0062380104254499,True,True,True,
X-n143-k7,grocery,ortools:robust_mean_1std_scaled_or_tools,ortools,robust_mean_1std_scaled_or_tools,142,60,180,mean_domain_loss,1851.459304459925,0.3097887323943662,20254.459304459928,18403.0,True,3.756465196609497,2724.69943696454,0.3101408450704225,20129.661702752677,0.0011353315168029,0.0061996869868006,True,True,True,
X-n143-k7,grocery,ortools:robust_mean_1std_scaled_seed113_or_tools,ortools,robust_mean_1std_scaled_seed113_or_tools,142,60,180,mean_domain_loss,1851.1452918802968,0.3095774647887324,20301.145291880297,18450.0,True,4.626321792602539,2724.5750729442057,0.3112676056338028,20178.581611532663,0.0054298642533936,0.0060739492352418,True,True,True,
X-n162-k11,atm,ortools:nominal_or_tools,ortools,nominal_or_tools,161,60,180,mean_domain_loss,4815.576575626586,0.4003726708074534,19614.576575626583,14799.0,True,6.11689567565918,11871.012430732248,0.3952173913043478,19418.35075350585,0.0130441615590129,0.0101051744616006,True,True,True,
X-n162-k11,cargo,ortools:nominal_or_tools,ortools,nominal_or_tools,161,60,180,mean_domain_loss,3661.7074902174654,0.4085093167701863,18460.707490217468,14799.0,True,7.290406227111816,10767.284266089311,0.4028571428571428,18268.261638694494,0.0140302189330865,0.010534437010435,True,True,True,
X-n162-k11,cold_chain,ortools:nominal_or_tools,ortools,nominal_or_tools,161,60,180,mean_domain_loss,4726.172248459723,0.3942857142857143,21918.51662920893,14799.0,True,6.010054588317871,12302.646101905724,0.3896894409937888,21711.56956811115,0.011794708320051,0.0095316490338744,True,True,True,
X-n162-k11,grocery,ortools:nominal_or_tools,ortools,nominal_or_tools,161,60,180,mean_domain_loss,3213.922116205976,0.3975776397515528,18012.922116205977,14799.0,True,5.457880973815918,5596.760676503945,0.3926708074534161,17840.806735765636,0.012496045555204,0.0096472868626113,True,True,True,
X-n167-k10,atm,ortools:proxy_mean_scaled_seed109_or_tools,ortools,proxy_mean_scaled_seed109_or_tools,166,60,180,mean_domain_loss,444.2947175780545,0.3739759036144578,23234.294717578054,22790.0,True,7.60108208656311,829.1458316216488,0.3737349397590361,23230.779289719743,0.0006447453255963,0.0001513262992372,True,True,True,
X-n167-k10,atm,ortools:robust_mean_1std_scaled_seed113_or_tools,ortools,robust_mean_1std_scaled_seed113_or_tools,166,60,180,mean_domain_loss,443.57169432582623,0.3768072289156626,23001.571694325827,22558.0,True,7.487889766693115,829.6900981170401,0.3770481927710843,22998.035946183325,0.0006390797251957,0.0001537413086393,True,True,True,
X-n167-k10,cargo,ortools:robust_mean_1std_scaled_seed113_or_tools,ortools,robust_mean_1std_scaled_seed113_or_tools,166,60,180,mean_domain_loss,333.1214998580355,0.3760843373493976,22891.12149985804,22558.0,True,8.338058948516846,743.1368373989146,0.3753012048192771,22887.81569459823,0.0020866773675763,0.0001444351572872,True,True,True,
X-n167-k10,cold_chain,ortools:robust_mean_1std_scaled_seed113_or_tools,ortools,robust_mean_1std_scaled_seed113_or_tools,166,60,180,mean_domain_loss,448.8709779242532,0.3717469879518072,23249.55101040475,22558.0,True,7.87442946434021,986.8034417443452,0.370722891566265,23247.09557417613,0.0027624309392265,0.0001056233550027,True,True,True,
X-n167-k10,grocery,ortools:proxy_mean_scaled_seed109_or_tools,ortools,proxy_mean_scaled_seed109_or_tools,166,60,180,mean_domain_loss,303.4585092731841,0.3713253012048192,23093.458509273183,22790.0,True,6.8592610359191895,416.467203371265,0.3736144578313253,23091.471512800763,0.0061270557884554,8.604893245191391e-05,True,True,True,
X-n167-k10,grocery,ortools:robust_mean_1std_scaled_seed113_or_tools,ortools,robust_mean_1std_scaled_seed113_or_tools,166,60,180,mean_domain_loss,303.30028328423714,0.3751204819277108,22861.300283284243,22558.0,True,7.763702154159546,417.19822018507045,0.3748192771084337,22859.49486180876,0.0008036001285759,7.897906259079556e-05,True,True,True,
X-n181-k23,atm,ortools:quantile_p75_scaled_seed107_or_tools,ortools,quantile_p75_scaled_seed107_or_tools,180,60,180,mean_domain_loss,75.5893669804617,0.4266111111111111,26330.589366980465,26255.0,True,9.479619979858398,150.3459973345204,0.4283333333333333,26329.88725901536,0.0040207522697795,2.666581737306089e-05,True,True,True,
X-n181-k23,atm,ortools:robust_mean_1std_scaled_seed113_or_tools,ortools,robust_mean_1std_scaled_seed113_or_tools,180,60,180,mean_domain_loss,75.87161793340744,0.4358888888888889,26260.871617933408,26185.0,True,8.762486219406128,151.199791688421,0.4340555555555555,26260.176897148773,0.0042237296813004,2.6455297211290592e-05,True,True,True,
X-n181-k23,cargo,ortools:quantile_p75_scaled_seed107_or_tools,ortools,quantile_p75_scaled_seed107_or_tools,180,60,180,mean_domain_loss,57.482577926018486,0.4287222222222222,26312.482577926017,26255.0,True,9.21590256690979,136.20160621288034,0.4275555555555556,26311.85973155118,0.0027286902286901,2.367169714312007e-05,True,True,True,
X-n181-k23,cold_chain,ortools:quantile_p75_scaled_seed107_or_tools,ortools,quantile_p75_scaled_seed107_or_tools,180,60,180,mean_domain_loss,69.40891443041494,0.4261111111111111,26357.49487708177,26255.0,True,5.637242078781128,158.67841478965804,0.425,26356.81729659445,0.0026143790849673,2.5707978307582103e-05,True,True,True,
X-n181-k23,grocery,ortools:quantile_p75_scaled_seed107_or_tools,ortools,quantile_p75_scaled_seed107_or_tools,180,60,180,mean_domain_loss,48.367021214852095,0.4263888888888889,26303.367021214854,26255.0,True,5.975986003875732,71.59665764905188,0.428,26302.950463067114,0.0037642782969885,1.5836936176571827e-05,True,True,True,
X-n181-k23,grocery,ortools:robust_mean_1std_scaled_seed113_or_tools,ortools,robust_mean_1std_scaled_seed113_or_tools,180,60,180,mean_domain_loss,48.449855058303626,0.4345555555555555,26233.44985505832,26185.0,True,6.010260105133057,72.05742387928242,0.4334444444444444,26233.101156696488,0.0025634452704432,1.329230424372938e-05,True,True,True,
X-n186-k15,atm,ortools:nominal_seed103_or_tools,ortools,nominal_seed103_or_tools,185,60,180,mean_domain_loss,5778.326281704928,0.3857297297297297,32244.326281704925,26466.0,True,9.796679735183716,11220.318263983769,0.3845945945945946,32188.506404115848,0.0029515108924805,0.0017341555674649,True,True,True,
X-n186-k15,cargo,ortools:nominal_seed103_or_tools,ortools,nominal_seed103_or_tools,185,60,180,mean_domain_loss,4391.589358851886,0.3843243243243243,30857.58935885188,26466.0,True,10.944101572036743,10125.168559864334,0.3835135135135135,30811.396091026323,0.0021141649048624,0.0014992267045962,True,True,True,
X-n186-k15,cold_chain,ortools:nominal_seed103_or_tools,ortools,nominal_seed103_or_tools,185,60,180,mean_domain_loss,5618.8257514309325,0.3831891891891892,34772.917499021045,26466.0,True,7.459343433380127,12308.188782879652,0.3812432432432432,34709.047906911255,0.0051042109740535,0.0018401424401235,True,True,True,
X-n186-k15,grocery,ortools:nominal_seed103_or_tools,ortools,nominal_seed103_or_tools,185,60,180,mean_domain_loss,3839.994739193153,0.3848108108108108,30305.99473919316,26466.0,True,6.96979546546936,5483.6250989991,0.3839459459459459,30264.0358854716,0.0022525693368999,0.0013864262479844,True,True,True,
X-n190-k8,atm,ortools:quantile_p90_scaled_or_tools,ortools,quantile_p90_scaled_or_tools,189,60,180,mean_domain_loss,487.9903043286751,0.4212698412698413,18808.99030432868,18321.0,True,8.297378063201904,911.79440190012,0.4175661375661376,18794.53653959033,0.0088697415103902,0.0007690407639422,True,True,True,
X-n190-k8,atm,ortools:robust_mean_1std_scaled_or_tools,ortools,robust_mean_1std_scaled_or_tools,189,60,180,mean_domain_loss,486.7975107867703,0.4202645502645503,18833.79751078677,18347.0,True,8.21511197090149,911.7629599174396,0.4182539682539682,18818.397864042498,0.0048070841239721,0.0008183293208875,True,True,True,
X-n190-k8,atm,ortools:robust_mean_1std_scaled_seed113_or_tools,ortools,robust_mean_1std_scaled_seed113_or_tools,189,60,180,mean_domain_loss,486.88940488429216,0.4218518518518518,18845.88940488429,18359.0,True,8.321242332458496,911.2209430529105,0.4183597883597884,18820.594097617493,0.0083470342734284,0.0013440227835314,True,True,True,
X-n190-k8,cargo,ortools:quantile_p90_scaled_or_tools,ortools,quantile_p90_scaled_or_tools,189,60,180,mean_domain_loss,366.8287025922032,0.4175132275132275,18687.828702592204,18321.0,True,8.916057109832764,819.1975094862925,0.4119047619047619,18674.69579827851,0.0136159280667951,0.0007032459567509,True,True,True,
X-n190-k8,cargo,ortools:robust_mean_1std_scaled_or_tools,ortools,robust_mean_1std_scaled_or_tools,189,60,180,mean_domain_loss,366.3573426887777,0.4159259259259259,18713.35734268878,18347.0,True,9.213689088821411,818.8852632247747,0.4125396825396825,18698.49526303561,0.008208285237912,0.0007948275753799,True,True,True,
X-n190-k8,cargo,ortools:robust_mean_1std_scaled_seed113_or_tools,ortools,robust_mean_1std_scaled_seed113_or_tools,189,60,180,mean_domain_loss,366.5603333768666,0.4164021164021164,18725.56033337687,18359.0,True,9.29086422920227,817.919587171285,0.4123809523809524,18700.74807860369,0.0097510905824992,0.0013268054662243,True,True,True,
X-n190-k8,cold_chain,ortools:quantile_p90_scaled_or_tools,ortools,quantile_p90_scaled_or_tools,189,60,180,mean_domain_loss,461.8721033360076,0.4116931216931216,18992.32252451869,18321.0,True,7.558423042297363,991.6480645892328,0.4113227513227513,18976.22563289,0.0009004373552866,0.0008482662432507,True,True,True,
X-n190-k8,cold_chain,ortools:robust_mean_1std_scaled_or_tools,ortools,robust_mean_1std_scaled_or_tools,189,60,180,mean_domain_loss,461.1411929323377,0.4113756613756614,19023.38724823743,18347.0,True,7.52975583076477,998.4736127506254,0.4098941798941798,19006.8604838346,0.0036143023105719,0.000869515742323,True,True,True,
X-n190-k8,cold_chain,ortools:robust_mean_1std_scaled_seed113_or_tools,ortools,robust_mean_1std_scaled_seed113_or_tools,189,60,180,mean_domain_loss,462.0063978253231,0.4104232804232804,19038.039212247622,18359.0,True,7.602030992507935,1000.6549861461864,0.4089417989417989,19012.237195389727,0.0036227196273773,0.0013571268122066,True,True,True,
X-n190-k8,grocery,ortools:quantile_p90_scaled_or_tools,ortools,quantile_p90_scaled_or_tools,189,60,180,mean_domain_loss,317.0708756267097,0.4201058201058201,18638.07087562671,18321.0,True,6.899207592010498,440.7550972930771,0.416084656084656,18624.87795150001,0.0096642929806714,0.0007083495613261,True,True,True,
X-n190-k8,grocery,ortools:robust_mean_1std_scaled_or_tools,ortools,robust_mean_1std_scaled_or_tools,189,60,180,mean_domain_loss,316.5356045261514,0.4185185185185185,18663.53560452615,18347.0,True,6.353872060775757,440.7604343157368,0.4169841269841269,18648.78815426421,0.0036797360741023,0.0007907993881397,True,True,True,
X-n190-k8,grocery,ortools:robust_mean_1std_scaled_seed113_or_tools,ortools,robust_mean_1std_scaled_seed113_or_tools,189,60,180,mean_domain_loss,316.6509980488556,0.4209523809523809,18675.65099804885,18359.0,True,7.102912187576294,440.4688902719131,0.4161904761904761,18651.441354071576,0.0114416475972539,0.0012980039192515,True,True,True,
X-n204-k19,atm,ortools:nominal_or_tools,ortools,nominal_or_tools,203,60,180,mean_domain_loss,6616.685628818983,0.4197536945812808,27937.685628818977,21321.0,True,9.452009439468384,11535.237783213106,0.4198029556650246,27795.07556567061,0.0001173433466321,0.0051307672400972,True,True,True,
X-n204-k19,atm,ortools:nominal_seed101_or_tools,ortools,nominal_seed101_or_tools,203,60,180,mean_domain_loss,6612.442561468163,0.4229556650246305,28062.44256146816,21450.0,True,8.632173538208008,11576.599042783391,0.4206896551724138,27919.29277297605,0.0053864168618265,0.0051272712978844,True,True,True,
X-n204-k19,cargo,ortools:nominal_or_tools,ortools,nominal_or_tools,203,60,180,mean_domain_loss,5028.957495587457,0.4193103448275862,26349.95749558746,21321.0,True,10.468332052230837,10312.103640171254,0.4167980295566502,26212.31382007112,0.0060276563054013,0.0052511074169631,True,True,True,
X-n204-k19,cargo,ortools:nominal_seed101_or_tools,ortools,nominal_seed101_or_tools,203,60,180,mean_domain_loss,5015.905329061885,0.4217733990147783,26465.90532906189,21450.0,True,9.811187505722046,10321.55672000867,0.4199507389162561,26314.47680678751,0.004340175953079,0.0057545708921456,True,True,True,
X-n204-k19,cold_chain,ortools:nominal_or_tools,ortools,nominal_or_tools,203,60,180,mean_domain_loss,6186.367376960642,0.4156650246305419,30455.570946522534,21321.0,True,6.964471340179443,12841.05242379826,0.4147783251231527,30319.12676390811,0.0021377672209026,0.0045002675597124,True,True,True,
X-n204-k19,cold_chain,ortools:nominal_seed101_or_tools,ortools,nominal_seed101_or_tools,203,60,180,mean_domain_loss,6188.924602666771,0.4175369458128078,30566.24581081176,21450.0,True,6.365842580795288,12884.452194897483,0.4166995073891625,30447.74624876483,0.0020096938172359,0.0038918992912895,True,True,True,
X-n204-k19,grocery,ortools:nominal_or_tools,ortools,nominal_or_tools,203,60,180,mean_domain_loss,4265.756337547114,0.4192118226600985,25586.75633754711,21321.0,True,6.432154417037964,5690.18532004839,0.42,25455.28743519696,0.0018766127140511,0.005164699188129,True,True,True,
X-n204-k19,grocery,ortools:nominal_seed101_or_tools,ortools,nominal_seed101_or_tools,203,60,180,mean_domain_loss,4266.583714303277,0.4220197044334975,25716.583714303262,21450.0,True,6.708641529083252,5713.933911303793,0.4205911330049261,25578.34721223968,0.0033965799953149,0.0054044344975282,True,True,True,
X-n209-k16,atm,ortools:quantile_p75_scaled_or_tools,ortools,quantile_p75_scaled_or_tools,208,60,180,mean_domain_loss,637.8894045413869,0.4148076923076923,33614.88940454138,32977.0,True,8.050026178359985,1335.2544397340046,0.4117307692307692,33549.292222653006,0.0074731433909388,0.0019552478619529,True,True,True,
X-n209-k16,cargo,ortools:quantile_p75_scaled_or_tools,ortools,quantile_p75_scaled_or_tools,208,60,180,mean_domain_loss,482.5122508752145,0.4133173076923077,33459.51225087522,32977.0,True,9.668493509292604,1203.169745276262,0.4092307692307692,33393.92132736571,0.009985902255639,0.0019641575742636,True,True,True,
X-n209-k16,cold_chain,ortools:quantile_p75_scaled_or_tools,ortools,quantile_p75_scaled_or_tools,208,60,180,mean_domain_loss,605.6372658704969,0.4105288461538461,33880.4868771417,32977.0,True,7.005406856536865,1424.287522378669,0.4063461538461538,33815.43724540563,0.0102934216753429,0.0019236667343377,True,True,True,
X-n209-k16,grocery,ortools:quantile_p75_scaled_or_tools,ortools,quantile_p75_scaled_or_tools,208,60,180,mean_domain_loss,417.0369199489994,0.4125961538461538,33394.036919949,32977.0,True,6.270878553390503,639.1696452085224,0.4099038461538462,33330.50432409414,0.0065681444991787,0.0019061396502463,True,True,True,
X-n223-k34,atm,ortools:quantile_p75_scaled_seed107_or_tools,ortools,quantile_p75_scaled_seed107_or_tools,222,60,180,mean_domain_loss,605.7577612639852,0.46,44722.757761264,44117.0,True,9.994663715362549,1183.300615540943,0.4549099099099099,44719.45678414928,0.0111892266561045,7.381523283387222e-05,True,True,True,
X-n223-k34,atm,ortools:robust_mean_1std_scaled_or_tools,ortools,robust_mean_1std_scaled_or_tools,222,60,180,mean_domain_loss,605.468509961756,0.4545045045045045,48238.46850996176,47633.0,True,10.197958946228027,1182.9023962945057,0.4499549549549549,48235.403730295,0.0101111222344579,6.353797065544503e-05,True,True,True,
X-n223-k34,cargo,ortools:quantile_p75_scaled_seed107_or_tools,ortools,quantile_p75_scaled_seed107_or_tools,222,60,180,mean_domain_loss,453.7841506081573,0.4515765765765765,44570.78415060815,44117.0,True,10.866638898849487,1051.5679333003493,0.4476126126126126,44567.969790098185,0.008855791486364,6.314760405787686e-05,True,True,True,
X-n223-k34,cargo,ortools:robust_mean_1std_scaled_or_tools,ortools,robust_mean_1std_scaled_or_tools,222,60,180,mean_domain_loss,453.2221092278894,0.4399549549549549,48086.2221092279,47633.0,True,10.682899951934814,1051.5999086390163,0.4402702702702702,48083.921808148014,0.0007161857990588,4.783929832229054e-05,True,True,True,
X-n223-k34,cold_chain,ortools:quantile_p75_scaled_seed107_or_tools,ortools,quantile_p75_scaled_seed107_or_tools,222,60,180,mean_domain_loss,550.5376409523228,0.4527027027027027,44900.584650752295,44117.0,True,7.98730993270874,1221.4862574078309,0.4483783783783784,44897.32841483591,0.0096443640747437,7.252627341874941e-05,True,True,True,
X-n223-k34,cold_chain,ortools:robust_mean_1std_scaled_or_tools,ortools,robust_mean_1std_scaled_or_tools,222,60,180,mean_domain_loss,550.1291828704235,0.4450900900900901,48424.999761371975,47633.0,True,7.161093711853027,1229.7384265111532,0.4422522522522522,48422.39870864621,0.0064167854960277,5.371589997880918e-05,True,True,True,
X-n223-k34,grocery,ortools:quantile_p75_scaled_seed107_or_tools,ortools,quantile_p75_scaled_seed107_or_tools,222,60,180,mean_domain_loss,381.3521717711161,0.4559459459459459,44498.35217177113,44117.0,True,5.601850271224976,561.9608370569093,0.4523873873873874,44496.46339621328,0.0078661754455839,4.244776806257033e-05,True,True,True,
X-n223-k34,grocery,ortools:robust_mean_1std_scaled_or_tools,ortools,robust_mean_1std_scaled_or_tools,222,60,180,mean_domain_loss,381.0501629082252,0.4525225225225225,48014.05016290822,47633.0,True,6.179704666137695,561.6542018545969,0.4484234234234234,48012.30614997362,0.0091411351079858,3.6324290050803023e-05,True,True,True,
X-n228-k23,atm,ortools:nominal_or_tools,ortools,nominal_or_tools,227,60,180,mean_domain_loss,1932.4947434032856,0.4643612334801762,32281.49474340328,30349.0,True,10.09265947341919,3620.825939580155,0.457885462555066,32270.92415974157,0.0141427746776987,0.0003275575130535,True,True,True,
X-n228-k23,atm,ortools:proxy_mean_scaled_or_tools,ortools,proxy_mean_scaled_or_tools,227,60,180,mean_domain_loss,1931.0868540360768,0.4742290748898678,35314.08685403608,33383.0,True,9.268886089324951,3612.5145796358406,0.4612775330396476,35300.32582454483,0.0280775475121764,0.0003898272656079,True,True,True,
X-n228-k23,cargo,ortools:nominal_or_tools,ortools,nominal_or_tools,227,60,180,mean_domain_loss,1452.531931596886,0.4522026431718061,31801.53193159689,30349.0,True,10.610132932662964,3213.484901359966,0.446431718061674,31791.089593210785,0.0129267811328199,0.0003284674580117,True,True,True,
X-n228-k23,cargo,ortools:proxy_mean_scaled_or_tools,ortools,proxy_mean_scaled_or_tools,227,60,180,mean_domain_loss,1452.3115572460183,0.4706167400881057,34835.31155724602,33383.0,True,10.542460680007936,3203.3009974914057,0.4526431718061674,34822.208506842144,0.0397080291970802,0.0003762843014768,True,True,True,
X-n228-k23,cold_chain,ortools:nominal_or_tools,ortools,nominal_or_tools,227,60,180,mean_domain_loss,1753.5634629357414,0.4531718061674009,32740.61240900832,30349.0,True,8.518687009811401,3700.938134616883,0.448942731277533,32729.782867585916,0.0094200765381218,0.000330877276706,True,True,True,
X-n228-k23,cold_chain,ortools:proxy_mean_scaled_or_tools,ortools,proxy_mean_scaled_or_tools,227,60,180,mean_domain_loss,1750.4527513020262,0.4716299559471366,35703.7865983556,33383.0,True,10.130215644836426,3623.699876836112,0.4592070484581498,35690.357848629246,0.0270529547198771,0.000376257077144,True,True,True,
X-n228-k23,grocery,ortools:nominal_or_tools,ortools,nominal_or_tools,227,60,180,mean_domain_loss,1209.510749296349,0.4573568281938326,31558.51074929635,30349.0,True,8.336216449737549,1743.8090692472567,0.4543171806167401,31552.749964325645,0.0066905846989237,0.0001825763198839,True,True,True,
X-n228-k23,grocery,ortools:proxy_mean_scaled_or_tools,ortools,proxy_mean_scaled_or_tools,227,60,180,mean_domain_loss,1208.4218402323977,0.4694273127753304,34591.4218402324,33383.0,True,7.5878987312316895,1739.5962608320808,0.456079295154185,34583.88758529925,0.0292668791654592,0.0002178544825119,True,True,True,
X-n237-k14,atm,ortools:nominal_or_tools,ortools,nominal_or_tools,236,60,180,mean_domain_loss,106.92074236707346,0.4710169491525424,29115.92074236708,29009.0,True,11.482840061187744,230.4215781722622,0.4722033898305084,29115.077012326357,0.0025125628140703,2.897914507891677e-05,True,True,True,
X-n237-k14,atm,ortools:nominal_seed101_or_tools,ortools,nominal_seed101_or_tools,236,60,180,mean_domain_loss,106.8909832491927,0.4705508474576271,28968.890983249195,28862.0,True,11.206423044204712,230.42529899831607,0.4724152542372881,28968.07027743903,0.0039465422907884,2.8331393921134617e-05,True,True,True,
X-n237-k14,atm,ortools:nominal_seed103_or_tools,ortools,nominal_seed103_or_tools,236,60,180,mean_domain_loss,106.83990369271878,0.4703389830508475,28625.839903692715,28519.0,True,11.69117784500122,230.4294520747561,0.4719067796610169,28625.074249979607,0.0033222591362126,2.6747658588464285e-05,True,True,True,
X-n237-k14,atm,ortools:proxy_mean_or_tools,ortools,proxy_mean_or_tools,236,60,180,mean_domain_loss,106.92074236707346,0.4710169491525424,29115.92074236708,29009.0,True,11.22578239440918,230.4215781722622,0.4722033898305084,29115.077012326357,0.0025125628140703,2.897914507891677e-05,True,True,True,
X-n237-k14,atm,ortools:proxy_mean_scaled_or_tools,ortools,proxy_mean_scaled_or_tools,236,60,180,mean_domain_loss,106.92074236707346,0.4710169491525424,29115.92074236708,29009.0,True,11.397181034088137,230.4215781722622,0.4722033898305084,29115.077012326357,0.0025125628140703,2.897914507891677e-05,True,True,True,
X-n237-k14,atm,ortools:proxy_mean_scaled_seed109_or_tools,ortools,proxy_mean_scaled_seed109_or_tools,236,60,180,mean_domain_loss,106.91121614275497,0.4712711864406779,28706.911216142755,28600.0,True,11.833277940750122,230.42859073393197,0.4728813559322034,28706.078334294773,0.003405017921147,2.901412858569311e-05,True,True,True,
X-n237-k14,atm,ortools:quantile_p75_or_tools,ortools,quantile_p75_or_tools,236,60,180,mean_domain_loss,106.92074236707346,0.4710169491525424,29115.92074236708,29009.0,True,11.259817600250244,230.4215781722622,0.4722033898305084,29115.077012326357,0.0025125628140703,2.897914507891677e-05,True,True,True,
X-n237-k14,atm,ortools:quantile_p75_scaled_or_tools,ortools,quantile_p75_scaled_or_tools,236,60,180,mean_domain_loss,106.92074236707346,0.4710169491525424,29115.92074236708,29009.0,True,11.31528663635254,230.4215781722622,0.4722033898305084,29115.077012326357,0.0025125628140703,2.897914507891677e-05,True,True,True,
X-n237-k14,atm,ortools:quantile_p75_scaled_seed107_or_tools,ortools,quantile_p75_scaled_seed107_or_tools,236,60,180,mean_domain_loss,106.82833897680854,0.4705084745762712,29279.82833897681,29173.0,True,12.17559266090393,230.42329583490456,0.4727966101694915,29286.074310650703,0.0048395769851227,0.0002132744596506,True,True,True,
X-n237-k14,atm,ortools:quantile_p90_scaled_or_tools,ortools,quantile_p90_scaled_or_tools,236,60,180,mean_domain_loss,106.92074236707346,0.4710169491525424,29115.92074236708,29009.0,True,11.32112979888916,230.4215781722622,0.4722033898305084,29115.077012326357,0.0025125628140703,2.897914507891677e-05,True,True,True,
X-n237-k14,atm,ortools:robust_mean_1std_scaled_or_tools,ortools,robust_mean_1std_scaled_or_tools,236,60,180,mean_domain_loss,106.92074236707346,0.4710169491525424,29115.92074236708,29009.0,True,11.313160419464111,230.4215781722622,0.4722033898305084,29115.077012326357,0.0025125628140703,2.897914507891677e-05,True,True,True,
X-n237-k14,atm,ortools:robust_mean_1std_scaled_seed113_or_tools,ortools,robust_mean_1std_scaled_seed113_or_tools,236,60,180,mean_domain_loss,106.8881130100702,0.469364406779661,28999.888113010074,28893.0,True,11.702152967453005,230.4313998065064,0.4722881355932203,28999.056991463945,0.0061905616364615,2.8660295621807405e-05,True,True,True,
X-n237-k14,atm,ortools:robust_mean_2std_scaled_or_tools,ortools,robust_mean_2std_scaled_or_tools,236,60,180,mean_domain_loss,106.92074236707346,0.4710169491525424,29115.92074236708,29009.0,True,11.611264944076538,230.4215781722622,0.4722033898305084,29115.077012326357,0.0025125628140703,2.897914507891677e-05,True,True,True,
X-n237-k14,cargo,ortools:nominal_or_tools,ortools,nominal_or_tools,236,60,180,mean_domain_loss,81.194384082054,0.4709322033898305,29090.194384082053,29009.0,True,13.36940860748291,210.2541246934067,0.4716101694915254,29089.532293587006,0.0014375561545372,2.276043795976847e-05,True,True,True,
X-n237-k14,cargo,ortools:nominal_seed101_or_tools,ortools,nominal_seed101_or_tools,236,60,180,mean_domain_loss,81.20654659943496,0.4719915254237288,28943.20654659943,28862.0,True,11.811753273010254,210.30897773556583,0.4714406779661017,28942.48670725423,0.0011684342980406,2.4871371713244667e-05,True,True,True,
X-n237-k14,cargo,ortools:nominal_seed103_or_tools,ortools,nominal_seed103_or_tools,236,60,180,mean_domain_loss,81.05429190005287,0.4724576271186441,28600.05429190005,28519.0,True,13.710752725601196,210.3274632801107,0.4725847457627118,28599.507522372623,0.0002689859230699,1.91181448492881e-05,True,True,True,
X-n237-k14,cargo,ortools:proxy_mean_or_tools,ortools,proxy_mean_or_tools,236,60,180,mean_domain_loss,81.194384082054,0.4709322033898305,29090.194384082053,29009.0,True,13.054222106933594,210.2541246934067,0.4716101694915254,29089.532293587006,0.0014375561545372,2.276043795976847e-05,True,True,True,
X-n237-k14,cargo,ortools:proxy_mean_scaled_or_tools,ortools,proxy_mean_scaled_or_tools,236,60,180,mean_domain_loss,81.194384082054,0.4709322033898305,29090.194384082053,29009.0,True,13.180664539337158,210.2541246934067,0.4716101694915254,29089.532293587006,0.0014375561545372,2.276043795976847e-05,True,True,True,
X-n237-k14,cargo,ortools:proxy_mean_scaled_seed109_or_tools,ortools,proxy_mean_scaled_seed109_or_tools,236,60,180,mean_domain_loss,81.25274819746556,0.4727542372881356,28681.252748197465,28600.0,True,11.495033979415894,210.23296208650515,0.473135593220339,28680.494170698654,0.0008060182697474,2.6449247851038176e-05,True,True,True,
X-n237-k14,cargo,ortools:quantile_p75_or_tools,ortools,quantile_p75_or_tools,236,60,180,mean_domain_loss,81.194384082054,0.4709322033898305,29090.194384082053,29009.0,True,13.259075164794922,210.2541246934067,0.4716101694915254,29089.532293587006,0.0014375561545372,2.276043795976847e-05,True,True,True,
X-n237-k14,cargo,ortools:quantile_p75_scaled_or_tools,ortools,quantile_p75_scaled_or_tools,236,60,180,mean_domain_loss,81.194384082054,0.4709322033898305,29090.194384082053,29009.0,True,13.410429239273071,210.2541246934067,0.4716101694915254,29089.532293587006,0.0014375561545372,2.276043795976847e-05,True,True,True,
X-n237-k14,cargo,ortools:quantile_p75_scaled_seed107_or_tools,ortools,quantile_p75_scaled_seed107_or_tools,236,60,180,mean_domain_loss,81.20677140334483,0.4740254237288135,29254.20677140335,29173.0,True,11.351400136947632,210.2363820617317,0.4743220338983051,29260.506290334943,0.0006253350008934,0.0002152908384115,True,True,True,
X-n237-k14,cargo,ortools:quantile_p90_scaled_or_tools,ortools,quantile_p90_scaled_or_tools,236,60,180,mean_domain_loss,81.194384082054,0.4709322033898305,29090.194384082053,29009.0,True,13.628296613693236,210.2541246934067,0.4716101694915254,29089.532293587006,0.0014375561545372,2.276043795976847e-05,True,True,True,
X-n237-k14,cargo,ortools:robust_mean_1std_scaled_or_tools,ortools,robust_mean_1std_scaled_or_tools,236,60,180,mean_domain_loss,81.194384082054,0.4709322033898305,29090.194384082053,29009.0,True,13.257117986679075,210.2541246934067,0.4716101694915254,29089.532293587006,0.0014375561545372,2.276043795976847e-05,True,True,True,
X-n237-k14,cargo,ortools:robust_mean_1std_scaled_seed113_or_tools,ortools,robust_mean_1std_scaled_seed113_or_tools,236,60,180,mean_domain_loss,81.11355843149062,0.4732627118644067,28974.113558431487,28893.0,True,12.368421792984009,210.18926035369287,0.473135593220339,28973.42643290662,0.0002686727565823,2.3715715034854445e-05,True,True,True,
X-n237-k14,cargo,ortools:robust_mean_2std_scaled_or_tools,ortools,robust_mean_2std_scaled_or_tools,236,60,180,mean_domain_loss,81.194384082054,0.4709322033898305,29090.194384082053,29009.0,True,13.10028076171875,210.2541246934067,0.4716101694915254,29089.532293587006,0.0014375561545372,2.276043795976847e-05,True,True,True,
X-n237-k14,cold_chain,ortools:nominal_or_tools,ortools,nominal_or_tools,236,60,180,mean_domain_loss,94.39519033063144,0.4699576271186441,29146.56188113991,29009.0,True,11.139750957489014,232.01481189115125,0.4698305084745762,29145.8245433032,0.0002705627705628,2.5298232191594515e-05,True,True,True,
X-n237-k14,cold_chain,ortools:nominal_seed101_or_tools,ortools,nominal_seed101_or_tools,236,60,180,mean_domain_loss,94.38312408636084,0.4695338983050847,28999.17081149093,28862.0,True,10.72403860092163,231.6127074033152,0.4702966101694915,28998.385208128147,0.0016217677268223,2.7091279640170637e-05,True,True,True,
X-n237-k14,cold_chain,ortools:nominal_seed103_or_tools,ortools,nominal_seed103_or_tools,236,60,180,mean_domain_loss,94.18301415629736,0.4688983050847458,28656.143926822104,28519.0,True,10.902711153030396,231.70410223806485,0.4692796610169492,28655.462422727927,0.0008126410835214,2.3782693998194135e-05,True,True,True,
X-n237-k14,cold_chain,ortools:proxy_mean_or_tools,ortools,proxy_mean_or_tools,236,60,180,mean_domain_loss,94.39519033063144,0.4699576271186441,29146.56188113991,29009.0,True,10.913167953491213,232.01481189115125,0.4698305084745762,29145.8245433032,0.0002705627705628,2.5298232191594515e-05,True,True,True,
X-n237-k14,cold_chain,ortools:proxy_mean_scaled_or_tools,ortools,proxy_mean_scaled_or_tools,236,60,180,mean_domain_loss,94.39519033063144,0.4699576271186441,29146.56188113991,29009.0,True,11.057716846466064,232.01481189115125,0.4698305084745762,29145.8245433032,0.0002705627705628,2.5298232191594515e-05,True,True,True,
X-n237-k14,cold_chain,ortools:proxy_mean_scaled_seed109_or_tools,ortools,proxy_mean_scaled_seed109_or_tools,236,60,180,mean_domain_loss,94.34903606869004,0.469322033898305,28737.16253186648,28600.0,True,10.990643501281738,231.58755996216615,0.471864406779661,28736.310714412088,0.0053879310344829,2.9642547467518224e-05,True,True,True,
X-n237-k14,cold_chain,ortools:quantile_p75_or_tools,ortools,quantile_p75_or_tools,236,60,180,mean_domain_loss,94.39519033063144,0.4699576271186441,29146.56188113991,29009.0,True,10.925792455673218,232.01481189115125,0.4698305084745762,29145.8245433032,0.0002705627705628,2.5298232191594515e-05,True,True,True,
X-n237-k14,cold_chain,ortools:quantile_p75_scaled_or_tools,ortools,quantile_p75_scaled_or_tools,236,60,180,mean_domain_loss,94.39519033063144,0.4699576271186441,29146.56188113991,29009.0,True,11.266191005706789,232.01481189115125,0.4698305084745762,29145.8245433032,0.0002705627705628,2.5298232191594515e-05,True,True,True,
X-n237-k14,cold_chain,ortools:quantile_p75_scaled_seed107_or_tools,ortools,quantile_p75_scaled_seed107_or_tools,236,60,180,mean_domain_loss,94.28024550570672,0.4700423728813559,29310.052614939526,29173.0,True,11.351571559906006,231.55724469923527,0.4704661016949152,29316.351917793403,0.0009006574799604,0.0002148733536676,True,True,True,
X-n237-k14,cold_chain,ortools:quantile_p90_scaled_or_tools,ortools,quantile_p90_scaled_or_tools,236,60,180,mean_domain_loss,94.39519033063144,0.4699576271186441,29146.56188113991,29009.0,True,10.9818913936615,232.01481189115125,0.4698305084745762,29145.8245433032,0.0002705627705628,2.5298232191594515e-05,True,True,True,
X-n237-k14,cold_chain,ortools:robust_mean_1std_scaled_or_tools,ortools,robust_mean_1std_scaled_or_tools,236,60,180,mean_domain_loss,94.39519033063144,0.4699576271186441,29146.56188113991,29009.0,True,11.01686978340149,232.01481189115125,0.4698305084745762,29145.8245433032,0.0002705627705628,2.5298232191594515e-05,True,True,True,
X-n237-k14,cold_chain,ortools:robust_mean_1std_scaled_seed113_or_tools,ortools,robust_mean_1std_scaled_seed113_or_tools,236,60,180,mean_domain_loss,94.2829210921828,0.4705084745762712,29029.986834469288,28893.0,True,11.030096769332886,231.52553892278124,0.4712711864406779,29029.25959628201,0.0016184139543246,2.505190271433943e-05,True,True,True,
X-n237-k14,cold_chain,ortools:robust_mean_2std_scaled_or_tools,ortools,robust_mean_2std_scaled_or_tools,236,60,180,mean_domain_loss,94.39519033063144,0.4699576271186441,29146.56188113991,29009.0,True,11.071528911590576,232.01481189115125,0.4698305084745762,29145.8245433032,0.0002705627705628,2.5298232191594515e-05,True,True,True,
X-n237-k14,grocery,ortools:nominal_or_tools,ortools,nominal_or_tools,236,60,180,mean_domain_loss,66.39953275263633,0.4696186440677966,29075.39953275263,29009.0,True,9.91420030593872,106.34596814091957,0.4708050847457627,29074.906705643447,0.002520025200252,1.6950255908790756e-05,True,True,True,
X-n237-k14,grocery,ortools:nominal_seed101_or_tools,ortools,nominal_seed101_or_tools,236,60,180,mean_domain_loss,66.47272313513554,0.4701271186440678,28928.47272313514,28862.0,True,10.66213870048523,106.34869411396924,0.4711864406779661,28927.89521519144,0.0022482014388489,1.996370421702339e-05,True,True,True,
X-n237-k14,grocery,ortools:nominal_seed103_or_tools,ortools,nominal_seed103_or_tools,236,60,180,mean_domain_loss,66.3803768494011,0.4702966101694915,28585.380376849404,28519.0,True,11.007099151611328,106.34890864798476,0.4703389830508475,28584.893735341,9.00900900902362e-05,1.7024429508561948e-05,True,True,True,
X-n237-k14,grocery,ortools:proxy_mean_or_tools,ortools,proxy_mean_or_tools,236,60,180,mean_domain_loss,66.39953275263633,0.4696186440677966,29075.39953275263,29009.0,True,10.052740097045898,106.34596814091957,0.4708050847457627,29074.906705643447,0.002520025200252,1.6950255908790756e-05,True,True,True,
X-n237-k14,grocery,ortools:proxy_mean_scaled_or_tools,ortools,proxy_mean_scaled_or_tools,236,60,180,mean_domain_loss,66.39953275263633,0.4696186440677966,29075.39953275263,29009.0,True,10.04973316192627,106.34596814091957,0.4708050847457627,29074.906705643447,0.002520025200252,1.6950255908790756e-05,True,True,True,
X-n237-k14,grocery,ortools:proxy_mean_scaled_seed109_or_tools,ortools,proxy_mean_scaled_seed109_or_tools,236,60,180,mean_domain_loss,66.44415775439995,0.4699576271186441,28666.4441577544,28600.0,True,10.24287486076355,106.34854389993758,0.4703813559322033,28665.904175358097,0.0009008197459687,1.883709625897029e-05,True,True,True,
X-n237-k14,grocery,ortools:quantile_p75_or_tools,ortools,quantile_p75_or_tools,236,60,180,mean_domain_loss,66.39953275263633,0.4696186440677966,29075.39953275263,29009.0,True,10.138823986053469,106.34596814091957,0.4708050847457627,29074.906705643447,0.002520025200252,1.6950255908790756e-05,True,True,True,
X-n237-k14,grocery,ortools:quantile_p75_scaled_or_tools,ortools,quantile_p75_scaled_or_tools,236,60,180,mean_domain_loss,66.39953275263633,0.4696186440677966,29075.39953275263,29009.0,True,10.427592277526855,106.34596814091957,0.4708050847457627,29074.906705643447,0.002520025200252,1.6950255908790756e-05,True,True,True,
X-n237-k14,grocery,ortools:quantile_p75_scaled_seed107_or_tools,ortools,quantile_p75_scaled_seed107_or_tools,236,60,180,mean_domain_loss,66.41663037620471,0.4701271186440678,29239.4166303762,29173.0,True,10.832232236862184,106.34578498262812,0.4706779661016949,29245.89498774321,0.0011703276917537,0.0002215133908442,True,True,True,
X-n237-k14,grocery,ortools:quantile_p90_scaled_or_tools,ortools,quantile_p90_scaled_or_tools,236,60,180,mean_domain_loss,66.39953275263633,0.4696186440677966,29075.39953275263,29009.0,True,10.482306957244871,106.34596814091957,0.4708050847457627,29074.906705643447,0.002520025200252,1.6950255908790756e-05,True,True,True,
X-n237-k14,grocery,ortools:robust_mean_1std_scaled_or_tools,ortools,robust_mean_1std_scaled_or_tools,236,60,180,mean_domain_loss,66.39953275263633,0.4696186440677966,29075.39953275263,29009.0,True,10.08447265625,106.34596814091957,0.4708050847457627,29074.906705643447,0.002520025200252,1.6950255908790756e-05,True,True,True,
X-n237-k14,grocery,ortools:robust_mean_1std_scaled_seed113_or_tools,ortools,robust_mean_1std_scaled_seed113_or_tools,236,60,180,mean_domain_loss,66.49904878408488,0.4690254237288135,28959.49904878408,28893.0,True,10.604230880737305,106.35140223829184,0.4711440677966101,28958.8975103654,0.0044968072668406,2.077214501912924e-05,True,True,True,
X-n237-k14,grocery,ortools:robust_mean_2std_scaled_or_tools,ortools,robust_mean_2std_scaled_or_tools,236,60,180,mean_domain_loss,66.39953275263633,0.4696186440677966,29075.39953275263,29009.0,True,10.332550048828123,106.34596814091957,0.4708050847457627,29074.906705643447,0.002520025200252,1.6950255908790756e-05,True,True,True,
X-n242-k48,atm,ortools:quantile_p75_scaled_or_tools,ortools,quantile_p75_scaled_or_tools,241,60,180,mean_domain_loss,687.2225261076482,0.4731120331950207,92490.22252610764,91803.0,True,5.795928716659546,1240.4668895537911,0.4678008298755187,92152.92446045676,0.0113535568564838,0.0036601992571121,True,True,True,
X-n242-k48,atm,ortools:quantile_p75_scaled_seed107_or_tools,ortools,quantile_p75_scaled_seed107_or_tools,241,60,180,mean_domain_loss,687.4873230234774,0.4753941908713693,90451.48732302348,89764.0,True,5.91473913192749,1240.384455910574,0.4686721991701245,90448.22404193688,0.0143426294820717,3.607899570357772e-05,True,True,True,
X-n242-k48,cargo,ortools:quantile_p75_scaled_or_tools,ortools,quantile_p75_scaled_or_tools,241,60,180,mean_domain_loss,517.0942082228623,0.4636514522821576,92320.09420822289,91803.0,True,6.406408786773682,1096.281471524571,0.4583817427385892,91983.61050984725,0.0114963338462929,0.0036580831792815,True,True,True,
X-n242-k48,cargo,ortools:quantile_p75_scaled_seed107_or_tools,ortools,quantile_p75_scaled_seed107_or_tools,241,60,180,mean_domain_loss,517.2261794389892,0.4659336099585062,90281.22617943898,89764.0,True,7.851677894592285,1096.5465040811855,0.459460580912863,90278.6882323968,0.0140883229477105,2.811236064548403e-05,True,True,True,
X-n242-k48,cold_chain,ortools:quantile_p75_scaled_or_tools,ortools,quantile_p75_scaled_or_tools,241,60,180,mean_domain_loss,611.4763156729633,0.4672199170124481,92675.54641683109,91803.0,True,6.417816400527954,1296.6265704190423,0.4612863070539419,92341.00861564033,0.0128631825132678,0.0036228519290192,True,True,True,
X-n242-k48,cold_chain,ortools:quantile_p75_scaled_seed107_or_tools,ortools,quantile_p75_scaled_seed107_or_tools,241,60,180,mean_domain_loss,612.1197397127369,0.4664730290456431,90643.55106269669,89764.0,True,5.839308977127075,1301.2589550955918,0.4619917012448132,90640.42548265508,0.0097000179629961,3.4483289602327154e-05,True,True,True,
X-n242-k48,grocery,ortools:quantile_p75_scaled_or_tools,ortools,quantile_p75_scaled_or_tools,241,60,180,mean_domain_loss,426.8113373796485,0.4709128630705394,92229.81133737964,91803.0,True,5.41321325302124,596.9018688604949,0.4665560165975104,91893.66800127964,0.0093383137673425,0.0036579597203076,True,True,True,
X-n242-k48,grocery,ortools:quantile_p75_scaled_seed107_or_tools,ortools,quantile_p75_scaled_seed107_or_tools,241,60,180,mean_domain_loss,427.0478571551005,0.471701244813278,90191.04785715508,89764.0,True,5.55776834487915,596.8713196228742,0.4677178423236514,90188.86768441656,0.0085166784953868,2.417341291123164e-05,True,True,True,
X-n251-k28,atm,ortools:nominal_seed103_or_tools,ortools,nominal_seed103_or_tools,250,60,180,mean_domain_loss,822.1565327390407,0.42964,41344.15653273905,40522.0,True,9.124170303344728,1624.6382867928282,0.42964,41338.98707027971,0.0,0.000125050535238,True,True,True,
X-n251-k28,cargo,ortools:nominal_seed103_or_tools,ortools,nominal_seed103_or_tools,250,60,180,mean_domain_loss,622.3337922050911,0.42608,41144.33379220509,40522.0,True,9.74935007095337,1457.5003252459194,0.4256,41139.05818487121,0.0011278195488722,0.0001282384081369,True,True,True,
X-n251-k28,cold_chain,ortools:nominal_seed103_or_tools,ortools,nominal_seed103_or_tools,250,60,180,mean_domain_loss,760.0884446383731,0.42488,41638.02320830903,40522.0,True,6.855988502502441,1716.592415859548,0.42432,41632.81113553463,0.0013197586726998,0.0001251914687537,True,True,True,
X-n251-k28,grocery,ortools:nominal_seed103_or_tools,ortools,nominal_seed103_or_tools,250,60,180,mean_domain_loss,526.2231918762034,0.42864,41048.223191876205,40522.0,True,6.830459117889404,776.4194813183484,0.4284,41045.32808456882,0.0005602240896358,7.053439313285578e-05,True,True,True,
X-n261-k13,atm,ortools:proxy_mean_scaled_or_tools,ortools,proxy_mean_scaled_or_tools,260,60,180,mean_domain_loss,6476.879934705127,0.4308846153846153,37840.87993470512,31364.0,True,11.709601879119871,12224.38825921948,0.4282307692307692,37764.41280193139,0.0061972336985807,0.0020248463328369,True,True,True,
X-n261-k13,atm,ortools:proxy_mean_scaled_seed109_or_tools,ortools,proxy_mean_scaled_seed109_or_tools,260,60,180,mean_domain_loss,6479.169896472878,0.43,36917.16989647288,30438.0,True,11.857833862304688,12224.3787943956,0.4269615384615384,36846.09197440592,0.0071164759931537,0.0019290491408515,True,True,True,
X-n261-k13,atm,ortools:quantile_p75_scaled_or_tools,ortools,quantile_p75_scaled_or_tools,260,60,180,mean_domain_loss,6467.14390662604,0.4328846153846153,37749.14390662604,31282.0,True,11.706050634384155,12220.928687778738,0.4287307692307692,37675.59137794239,0.0096887054812952,0.0019522594335894,True,True,True,
X-n261-k13,atm,ortools:quantile_p75_scaled_seed107_or_tools,ortools,quantile_p75_scaled_seed107_or_tools,260,60,180,mean_domain_loss,6472.716956622075,0.4312307692307692,37942.71695662207,31470.0,True,11.854532480239868,12221.39676441344,0.4305384615384615,37863.03581314995,0.0016080042880113,0.0021044573357861,True,True,True,
X-n261-k13,atm,ortools:quantile_p90_scaled_or_tools,ortools,quantile_p90_scaled_or_tools,260,60,180,mean_domain_loss,6478.370061488432,0.4404615384615384,38058.37006148843,31580.0,True,12.439668893814089,12241.213599431489,0.4364230769230769,37986.31603563237,0.0092535471930905,0.0018968416360372,True,True,True,
X-n261-k13,atm,ortools:robust_mean_1std_scaled_or_tools,ortools,robust_mean_1std_scaled_or_tools,260,60,180,mean_domain_loss,6467.692533351082,0.4348846153846153,38382.69253335107,31915.0,True,12.375532627105711,12225.11822365166,0.4320384615384615,38309.734168333205,0.0065877325736667,0.001904434123643,True,True,True,
X-n261-k13,atm,ortools:robust_mean_1std_scaled_seed113_or_tools,ortools,robust_mean_1std_scaled_seed113_or_tools,260,60,180,mean_domain_loss,6473.391397860769,0.4343846153846153,38634.39139786076,32161.0,True,11.127866744995115,12227.306300647702,0.4326923076923077,38555.95777035412,0.0039111111111109,0.0020342803561981,True,True,True,
X-n261-k13,atm,ortools:robust_mean_2std_scaled_or_tools,ortools,robust_mean_2std_scaled_or_tools,260,60,180,mean_domain_loss,6480.837623831815,0.4378076923076923,38443.83762383181,31963.0,True,13.071795463562012,12245.790236350718,0.4363076923076923,38372.745603188,0.0034379407616361,0.0018526696363864,True,True,True,
X-n261-k13,cargo,ortools:proxy_mean_scaled_or_tools,ortools,proxy_mean_scaled_or_tools,260,60,180,mean_domain_loss,4864.157803083785,0.4275384615384615,36228.15780308379,31364.0,True,13.504889249801636,10971.956424044023,0.4222307692307692,36171.22686880988,0.0125705957369282,0.0015739287605697,True,True,True,
X-n261-k13,cargo,ortools:quantile_p75_scaled_or_tools,ortools,quantile_p75_scaled_or_tools,260,60,180,mean_domain_loss,4847.0647147170375,0.4260769230769231,36129.06471471703,31282.0,True,13.788851261138916,10954.99620408409,0.4211153846153846,36075.06376141771,0.0117818978902182,0.0014969052766325,True,True,True,
X-n261-k13,cargo,ortools:quantile_p75_scaled_seed107_or_tools,ortools,quantile_p75_scaled_seed107_or_tools,260,60,180,mean_domain_loss,4853.467044855404,0.4269230769230769,36323.4670448554,31470.0,True,13.802785158157349,10954.23390825998,0.4241538461538461,36265.64345634999,0.0065288356909683,0.0015944454032645,True,True,True,
X-n261-k13,cargo,ortools:quantile_p90_scaled_or_tools,ortools,quantile_p90_scaled_or_tools,260,60,180,mean_domain_loss,4859.514733182818,0.4335,36439.51473318282,31580.0,True,13.395568609237673,10949.133276771983,0.4295769230769231,36374.69741612539,0.0091324200913241,0.0017819341922194,True,True,True,
X-n261-k13,cargo,ortools:robust_mean_1std_scaled_or_tools,ortools,robust_mean_1std_scaled_or_tools,260,60,180,mean_domain_loss,4850.104608774512,0.4292307692307692,36765.10460877451,31915.0,True,12.941829681396484,10946.534320260613,0.4257307692307692,36703.57622733145,0.0082211581895382,0.0016763593024825,True,True,True,
X-n261-k13,cargo,ortools:robust_mean_1std_scaled_seed113_or_tools,ortools,robust_mean_1std_scaled_seed113_or_tools,260,60,180,mean_domain_loss,4849.921758011671,0.4308461538461538,37010.92175801168,32161.0,True,13.463859796524048,10943.419597113938,0.4266923076923077,36949.563626149546,0.0097349918875066,0.0016605915155845,True,True,True,
X-n261-k13,cargo,ortools:robust_mean_2std_scaled_or_tools,ortools,robust_mean_2std_scaled_or_tools,260,60,180,mean_domain_loss,4841.914950434352,0.4326153846153846,36804.91495043435,31963.0,True,13.649869680404665,10930.025485608676,0.429,36751.3699802241,0.0084274699659315,0.0014569516793268,True,True,True,
X-n261-k13,cold_chain,ortools:proxy_mean_scaled_or_tools,ortools,proxy_mean_scaled_or_tools,260,60,180,mean_domain_loss,6025.565164466592,0.4230384615384615,40101.29195624335,31364.0,True,8.99289059638977,13130.753259859095,0.4179615384615384,40034.66576976255,0.0121468666605317,0.0016642123819383,True,True,True,
X-n261-k13,cold_chain,ortools:proxy_mean_scaled_seed109_or_tools,ortools,proxy_mean_scaled_seed109_or_tools,260,60,180,mean_domain_loss,6034.878095436351,0.4185,39158.927478137375,30438.0,True,8.0665864944458,13065.852180282249,0.416,39059.5229585093,0.0060096153846153,0.0025449496588492,True,True,True,
X-n261-k13,cold_chain,ortools:quantile_p75_scaled_or_tools,ortools,quantile_p75_scaled_or_tools,260,60,180,mean_domain_loss,6032.723920473414,0.4219230769230769,40067.16164568751,31282.0,True,8.964443683624268,13173.977064259718,0.4184230769230769,40001.0630362444,0.0083647394061954,0.0016524213214839,True,True,True,
X-n261-k13,cold_chain,ortools:quantile_p75_scaled_seed107_or_tools,ortools,quantile_p75_scaled_seed107_or_tools,260,60,180,mean_domain_loss,6025.822843601305,0.4263076923076923,40126.88544294829,31470.0,True,8.393766641616821,13048.614342865734,0.4218076923076923,40056.982541473866,0.0106683687425912,0.0017450865501925,True,True,True,
X-n261-k13,cold_chain,ortools:robust_mean_1std_scaled_or_tools,ortools,robust_mean_1std_scaled_or_tools,260,60,180,mean_domain_loss,6032.2671578607615,0.4250384615384615,40682.52457985511,31915.0,True,8.817221879959106,13162.695316488998,0.4213461538461538,40611.07006886758,0.0087631218621631,0.001759483580865,True,True,True,
X-n261-k13,cold_chain,ortools:robust_mean_1std_scaled_seed113_or_tools,ortools,robust_mean_1std_scaled_seed113_or_tools,260,60,180,mean_domain_loss,6030.384028166283,0.4264230769230769,40847.718889608186,32161.0,True,8.079095602035522,13087.33870963984,0.4232307692307692,40780.362116884695,0.0075427117411849,0.0016516962877973,True,True,True,
X-n261-k13,cold_chain,ortools:robust_mean_2std_scaled_or_tools,ortools,robust_mean_2std_scaled_or_tools,260,60,180,mean_domain_loss,6053.948625648601,0.4297307692307692,40737.57363259046,31963.0,True,8.832469701766968,13177.789150868335,0.4254230769230769,40677.65819984714,0.0101256667570743,0.0014729322039375,True,True,True,
X-n261-k13,grocery,ortools:proxy_mean_scaled_or_tools,ortools,proxy_mean_scaled_or_tools,260,60,180,mean_domain_loss,4151.117058341741,0.4282692307692308,35515.11705834175,31364.0,True,8.01190972328186,5872.165953838664,0.4261923076923077,35472.95087573012,0.004873206389315,0.0011886855074264,True,True,True,
X-n261-k13,grocery,ortools:proxy_mean_scaled_seed109_or_tools,ortools,proxy_mean_scaled_seed109_or_tools,260,60,180,mean_domain_loss,4148.734708802466,0.4267692307692308,34586.73470880247,30438.0,True,8.224360466003418,5871.77299932746,0.4258846153846153,34553.7850921592,0.0020771245371625,0.0009535747402313,True,True,True,
X-n261-k13,grocery,ortools:quantile_p75_scaled_or_tools,ortools,quantile_p75_scaled_or_tools,260,60,180,mean_domain_loss,4149.221740114921,0.4296923076923077,35431.221740114925,31282.0,True,7.733403921127319,5873.161668068772,0.4269615384615384,35389.01897024028,0.0063958201963787,0.0011925385642968,True,True,True,
X-n261-k13,grocery,ortools:quantile_p75_scaled_seed107_or_tools,ortools,quantile_p75_scaled_seed107_or_tools,260,60,180,mean_domain_loss,4147.387421787927,0.4300384615384615,35617.38742178793,31470.0,True,7.724863529205322,5873.435757905586,0.4283846153846153,35575.92714407499,0.0038606572095527,0.0011654025921808,True,True,True,
X-n261-k13,grocery,ortools:quantile_p90_scaled_or_tools,ortools,quantile_p90_scaled_or_tools,260,60,180,mean_domain_loss,4161.736746947559,0.4372692307692307,35741.736746947565,31580.0,True,8.733632564544678,5888.921293453671,0.4338461538461538,35698.020988458426,0.0078900709219856,0.0012245989351418,True,True,True,
X-n261-k13,grocery,ortools:robust_mean_1std_scaled_or_tools,ortools,robust_mean_1std_scaled_or_tools,260,60,180,mean_domain_loss,4153.876243969726,0.4331153846153846,36068.87624396973,31915.0,True,8.242913961410522,5877.508337921061,0.4302307692307692,36023.93489350948,0.0067048095834078,0.0012475414080416,True,True,True,
X-n261-k13,grocery,ortools:robust_mean_1std_scaled_seed113_or_tools,ortools,robust_mean_1std_scaled_seed113_or_tools,260,60,180,mean_domain_loss,4154.9292370552685,0.4324615384615384,36315.92923705527,32161.0,True,8.145432949066162,5879.123113365032,0.4308076923076923,36271.09002717124,0.0038389429515221,0.0012362244931278,True,True,True,
X-n261-k13,grocery,ortools:robust_mean_2std_scaled_or_tools,ortools,robust_mean_2std_scaled_or_tools,260,60,180,mean_domain_loss,4166.924429747479,0.4359230769230769,36129.924429747465,31963.0,True,7.886445999145508,5895.237326307818,0.4354230769230769,36086.57415522303,0.0011483084533168,0.0012012853960025,True,True,True,
X-n275-k28,atm,ortools:nominal_seed103_or_tools,ortools,nominal_seed103_or_tools,274,60,180,mean_domain_loss,107.8282177663608,0.4148905109489051,22573.828217766364,22466.0,True,16.12354803085327,243.7990007585441,0.4157664233576642,22573.18913528139,0.0021067415730336,2.8311572686657527e-05,True,True,True,
X-n275-k28,atm,ortools:quantile_p75_scaled_seed107_or_tools,ortools,quantile_p75_scaled_seed107_or_tools,274,60,180,mean_domain_loss,107.69324463157996,0.412992700729927,22533.69324463158,22426.0,True,16.62863779067993,243.6075763716132,0.4136496350364964,22532.995241576325,0.0015881418740074,3.097693172930028e-05,True,True,True,
X-n275-k28,cargo,ortools:nominal_seed103_or_tools,ortools,nominal_seed103_or_tools,274,60,180,mean_domain_loss,82.3040723035368,0.4152554744525547,22548.304072303534,22466.0,True,17.178523302078247,219.9336433387535,0.4148905109489051,22547.75583025416,0.0008796622097112,2.431470579595972e-05,True,True,True,
X-n275-k28,cargo,ortools:quantile_p75_scaled_seed107_or_tools,ortools,quantile_p75_scaled_seed107_or_tools,274,60,180,mean_domain_loss,82.19201206690957,0.4143065693430657,22508.19201206692,22426.0,True,17.659826040267944,219.68745278301515,0.4138321167883211,22507.57468575037,0.001146485580739,2.7427491640930776e-05,True,True,True,
X-n275-k28,cold_chain,ortools:nominal_seed103_or_tools,ortools,nominal_seed103_or_tools,274,60,180,mean_domain_loss,101.01475774960392,0.412956204379562,22617.642823582184,22466.0,True,12.213400840759276,251.29816078021204,0.4126277372262774,22617.041275068063,0.000796037502211,2.659713562007831e-05,True,True,True,
X-n275-k28,cold_chain,ortools:quantile_p75_scaled_seed107_or_tools,ortools,quantile_p75_scaled_seed107_or_tools,274,60,180,mean_domain_loss,100.90695576490477,0.4101094890510949,22577.589272891302,22426.0,True,11.380348205566406,251.21900127064532,0.4111313868613138,22576.9671322803,0.0024855747891699,2.7556429849788764e-05,True,True,True,
X-n275-k28,grocery,ortools:nominal_seed103_or_tools,ortools,nominal_seed103_or_tools,274,60,180,mean_domain_loss,70.03153149097535,0.4141970802919708,22536.03153149098,22466.0,True,10.024714946746826,115.9759424616962,0.4146350364963503,22535.596150379497,0.0010562450488513,1.9319706857376186e-05,True,True,True,
X-n275-k28,grocery,ortools:proxy_mean_scaled_seed109_or_tools,ortools,proxy_mean_scaled_seed109_or_tools,274,60,180,mean_domain_loss,70.28798983510434,0.4154014598540146,22558.287989835106,22488.0,True,10.168358325958252,116.3529191360229,0.4154379562043795,22557.892144164583,8.785030308352816e-05,1.7547990210807383e-05,True,True,True,
X-n275-k28,grocery,ortools:quantile_p75_scaled_seed107_or_tools,ortools,quantile_p75_scaled_seed107_or_tools,274,60,180,mean_domain_loss,69.93864422349382,0.411970802919708,22495.938644223486,22426.0,True,9.929574012756348,115.89209071858104,0.4125547445255474,22495.504633909863,0.0014154281670206,1.9293201939088776e-05,True,True,True,
X-n280-k17,atm,ortools:nominal_or_tools,ortools,nominal_or_tools,279,60,180,mean_domain_loss,1807.9298086326828,0.452831541218638,40027.92980863268,38220.0,True,11.803247928619385,3211.643291624599,0.4581720430107527,40017.404080104265,0.0116561057654697,0.0002630287688663,True,True,True,
X-n280-k17,atm,ortools:nominal_seed103_or_tools,ortools,nominal_seed103_or_tools,279,60,180,mean_domain_loss,1805.1710303135824,0.462258064516129,40001.171030313584,38196.0,True,13.057809591293337,3209.1491833892705,0.4718637992831541,39990.23019459118,0.0203570072161034,0.0002735877155286,True,True,True,
X-n280-k17,atm,ortools:proxy_mean_scaled_or_tools,ortools,proxy_mean_scaled_or_tools,279,60,180,mean_domain_loss,1805.786214553996,0.4613978494623656,40879.786214554,39074.0,True,14.175448656082152,3208.121887223661,0.4593189964157706,40871.34457325186,0.0045259461568474,0.0002065418055187,True,True,True,
X-n280-k17,atm,ortools:proxy_mean_scaled_seed109_or_tools,ortools,proxy_mean_scaled_seed109_or_tools,279,60,180,mean_domain_loss,1803.1873228108896,0.4607168458781362,40365.187322810896,38562.0,True,13.677244663238524,3205.3296569693207,0.4638351254480287,40355.24441549917,0.006722818947531,0.0002463845147202,True,True,True,
X-n280-k17,cargo,ortools:nominal_or_tools,ortools,nominal_or_tools,279,60,180,mean_domain_loss,1360.090824136541,0.4383870967741936,39580.09082413654,38220.0,True,13.987512826919556,2824.1719436534613,0.4417921146953405,39572.40574522941,0.0077072854129482,0.000194202974583,True,True,True,
X-n280-k17,cargo,ortools:nominal_seed103_or_tools,ortools,nominal_seed103_or_tools,279,60,180,mean_domain_loss,1358.5335904312733,0.4538709677419354,39554.53359043127,38196.0,True,13.517308712005615,2823.7882675412425,0.4604659498207885,39546.66635673413,0.0143224099011443,0.0001989354456876,True,True,True,
X-n280-k17,cargo,ortools:proxy_mean_scaled_or_tools,ortools,proxy_mean_scaled_or_tools,279,60,180,mean_domain_loss,1357.9912779127317,0.4465232974910394,40431.99127791273,39074.0,True,14.251295566558838,2820.7240852915543,0.4440860215053763,40426.01747525392,0.0054882970137207,0.0001477712382248,True,True,True,
X-n280-k17,cargo,ortools:proxy_mean_scaled_seed109_or_tools,ortools,proxy_mean_scaled_seed109_or_tools,279,60,180,mean_domain_loss,1354.9802332816455,0.46,39916.98023328164,38562.0,True,14.48451328277588,2816.2658382301083,0.4599283154121864,39909.99848773403,0.0001558603491272,0.0001749372541257,True,True,True,
X-n280-k17,cold_chain,ortools:nominal_or_tools,ortools,nominal_or_tools,279,60,180,mean_domain_loss,1619.5335791703124,0.4415770609318996,40419.20537340071,38220.0,True,11.31023383140564,3290.6389380125333,0.4450179211469534,40410.27357350316,0.0077319587628868,0.000221027949274,True,True,True,
X-n280-k17,cold_chain,ortools:nominal_seed103_or_tools,ortools,nominal_seed103_or_tools,279,60,180,mean_domain_loss,1620.6392921463505,0.4496415770609319,40429.85620761103,38196.0,True,11.791908502578735,3324.8020869375337,0.4554838709677419,40421.29629668962,0.0128265659427133,0.0002117673529958,True,True,True,
X-n280-k17,cold_chain,ortools:proxy_mean_scaled_or_tools,ortools,proxy_mean_scaled_or_tools,279,60,180,mean_domain_loss,1624.0940179459865,0.4452329749103942,41371.92351451938,39074.0,True,12.43798804283142,3385.018687724385,0.4425806451612903,41362.98137659804,0.005992873339812,0.000216186977431,True,True,True,
X-n280-k17,cold_chain,ortools:proxy_mean_scaled_seed109_or_tools,ortools,proxy_mean_scaled_seed109_or_tools,279,60,180,mean_domain_loss,1617.4847616107909,0.4483154121863799,40786.01423765626,38562.0,True,11.268141269683838,3311.735273621276,0.4506093189964157,40776.52584062634,0.0050906776964684,0.0002326926297498,True,True,True,
X-n280-k17,grocery,ortools:nominal_or_tools,ortools,nominal_or_tools,279,60,180,mean_domain_loss,1124.3018561253264,0.4502150537634408,39344.30185612533,38220.0,True,10.289397478103638,1562.4589901055197,0.4541935483870968,39336.9240738578,0.0087594696969699,0.0001875536138431,True,True,True,
X-n280-k17,grocery,ortools:nominal_seed103_or_tools,ortools,nominal_seed103_or_tools,279,60,180,mean_domain_loss,1122.1085913112836,0.4595698924731183,39318.10859131128,38196.0,True,10.544246435165403,1560.640231436389,0.4651254480286738,39311.19556561201,0.0119442089851274,0.0001758538655413,True,True,True,
X-n280-k17,grocery,ortools:proxy_mean_scaled_or_tools,ortools,proxy_mean_scaled_or_tools,279,60,180,mean_domain_loss,1122.0501178680888,0.4562724014336917,40196.050117868086,39074.0,True,10.929672718048096,1560.1622415299205,0.4554480286738351,40191.32840527796,0.0018100259699377,0.0001174808790222,True,True,True,
X-n280-k17,grocery,ortools:proxy_mean_scaled_seed109_or_tools,ortools,proxy_mean_scaled_seed109_or_tools,279,60,180,mean_domain_loss,1121.2629984041755,0.452258064516129,39683.26299840418,38562.0,True,10.1734619140625,1558.584738414011,0.4574551971326165,39677.15869573,0.0113609652902923,0.0001538492894863,True,True,True,
X-n284-k15,atm,ortools:robust_mean_1std_scaled_or_tools,ortools,robust_mean_1std_scaled_or_tools,283,60,180,mean_domain_loss,633.161219104918,0.3927208480565371,23784.16121910492,23151.0,True,13.685373067855837,1182.832527801423,0.3886925795053003,23778.385064198068,0.0103636363636364,0.0002429161985245,True,True,True,
X-n284-k15,atm,ortools:robust_mean_1std_scaled_seed113_or_tools,ortools,robust_mean_1std_scaled_seed113_or_tools,283,60,180,mean_domain_loss,633.5185706748488,0.3943109540636042,23666.51857067485,23033.0,True,14.372139930725098,1183.1227355503247,0.3904240282685512,23660.332808551808,0.0099556520952122,0.0002614401992183,True,True,True,
X-n284-k15,atm,ortools:robust_mean_2std_scaled_or_tools,ortools,robust_mean_2std_scaled_or_tools,283,60,180,mean_domain_loss,632.1886490081176,0.3952650176678445,24260.18864900812,23628.0,True,14.32917022705078,1182.6174452715454,0.3891166077738516,24254.454423729527,0.0158009444242643,0.0002364194707666,True,True,True,
X-n284-k15,cargo,ortools:robust_mean_1std_scaled_or_tools,ortools,robust_mean_1std_scaled_or_tools,283,60,180,mean_domain_loss,472.7503851201091,0.3880918727915194,23623.7503851201,23151.0,True,17.364914178848267,1040.312467881393,0.3831095406360424,23619.48192468968,0.0130049806308798,0.0001807177839053,True,True,True,
X-n284-k15,cargo,ortools:robust_mean_1std_scaled_seed113_or_tools,ortools,robust_mean_1std_scaled_seed113_or_tools,283,60,180,mean_domain_loss,472.86682933570825,0.390530035335689,23505.866829335708,23033.0,True,17.70442295074463,1041.0089767848344,0.3853710247349823,23501.225089270705,0.0133871263524662,0.0001975105573165,True,True,True,
X-n284-k15,cargo,ortools:robust_mean_2std_scaled_or_tools,ortools,robust_mean_2std_scaled_or_tools,283,60,180,mean_domain_loss,471.0380043573678,0.3902826855123675,24099.038004357368,23628.0,True,17.69706678390503,1037.8115772010533,0.3847349823321555,24094.534568509836,0.0144195444526084,0.0001869069450057,True,True,True,
X-n284-k15,cold_chain,ortools:proxy_mean_scaled_or_tools,ortools,proxy_mean_scaled_or_tools,283,60,180,mean_domain_loss,630.5438176877735,0.3866077738515901,23594.67389815191,22663.0,True,12.005931854248049,1338.78929423184,0.3812720848056537,23589.72160252694,0.0139944392956441,0.0002099344667313,True,True,True,
X-n284-k15,cold_chain,ortools:quantile_p75_scaled_or_tools,ortools,quantile_p75_scaled_or_tools,283,60,180,mean_domain_loss,630.5409969823564,0.3842049469964664,23960.26838406824,23026.0,True,11.642992734909058,1341.8150847979998,0.3810600706713781,23954.931572366007,0.0082529673590503,0.0002227855122904,True,True,True,
X-n284-k15,cold_chain,ortools:quantile_p75_scaled_seed107_or_tools,ortools,quantile_p75_scaled_seed107_or_tools,283,60,180,mean_domain_loss,629.9884836974784,0.3828621908127208,23322.75933983652,22386.0,True,13.243067264556885,1342.2224422200472,0.3784805653710247,23316.74848701568,0.0115768835776303,0.0002577912106478,True,True,True,
X-n284-k15,cold_chain,ortools:quantile_p90_scaled_or_tools,ortools,quantile_p90_scaled_or_tools,283,60,180,mean_domain_loss,630.1018662556423,0.3865724381625441,23609.417689845926,22676.0,True,11.593720436096191,1341.3380217316237,0.3825441696113074,23601.880945535355,0.0105302050618878,0.000319328121685,True,True,True,
X-n284-k15,cold_chain,ortools:robust_mean_1std_scaled_or_tools,ortools,robust_mean_1std_scaled_or_tools,283,60,180,mean_domain_loss,627.9291281277341,0.3807067137809187,24088.154335397863,23151.0,True,11.537366390228271,1344.3659703320914,0.3795406360424028,24082.491408001613,0.0030723396331811,0.0002351470742918,True,True,True,
X-n284-k15,cold_chain,ortools:robust_mean_1std_scaled_seed113_or_tools,ortools,robust_mean_1std_scaled_seed113_or_tools,283,60,180,mean_domain_loss,627.9052422618407,0.3846996466431095,23973.354628155925,23033.0,True,11.927901029586792,1347.8913640776184,0.3791166077738516,23967.794675131103,0.0147264423525025,0.0002319759952961,True,True,True,
X-n284-k15,cold_chain,ortools:robust_mean_2std_scaled_or_tools,ortools,robust_mean_2std_scaled_or_tools,283,60,180,mean_domain_loss,627.7363060098996,0.3837809187279152,24566.60920983193,23628.0,True,12.017961502075195,1346.1654490347617,0.3787632508833922,24560.65801681817,0.0132475044313834,0.0002423059272141,True,True,True,
X-n284-k15,grocery,ortools:proxy_mean_scaled_or_tools,ortools,proxy_mean_scaled_or_tools,283,60,180,mean_domain_loss,425.6482095502735,0.392791519434629,23088.64820955028,22663.0,True,11.463310480117798,592.8152777692899,0.3900706713780918,23085.89216560706,0.0069752694990488,0.0001193821717371,True,True,True,
X-n284-k15,grocery,ortools:quantile_p75_scaled_seed107_or_tools,ortools,quantile_p75_scaled_seed107_or_tools,283,60,180,mean_domain_loss,424.8059404215092,0.3911660777385159,22810.80594042151,22386.0,True,10.671107292175291,591.4304613284684,0.387208480565371,22807.51299891993,0.0102208432195655,0.0001443796832092,True,True,True,
X-n284-k15,grocery,ortools:robust_mean_1std_scaled_or_tools,ortools,robust_mean_1std_scaled_or_tools,283,60,180,mean_domain_loss,424.2744675668801,0.3910600706713781,23575.274467566884,23151.0,True,10.539619207382202,591.2221711113708,0.386678445229682,23571.511182312704,0.0113314447592068,0.0001596539663949,True,True,True,
X-n284-k15,grocery,ortools:robust_mean_1std_scaled_seed113_or_tools,ortools,robust_mean_1std_scaled_seed113_or_tools,283,60,180,mean_domain_loss,423.7985468562469,0.393321554770318,23456.798546856247,23033.0,True,10.89299988746643,591.3254424412746,0.3892226148409894,23453.564299216378,0.0105310939627779,0.0001379000478821,True,True,True,
X-n284-k15,grocery,ortools:robust_mean_2std_scaled_or_tools,ortools,robust_mean_2std_scaled_or_tools,283,60,180,mean_domain_loss,423.755407431865,0.3946996466431095,24051.755407431872,23628.0,True,10.592760801315308,591.5726587314118,0.3885159010600706,24048.58525888332,0.0159163256025465,0.0001318226629311,True,True,True,
