Instance,Customers,Domain,Candidate,Route Plan,Routing Provider,Route Feasible,LP Feasible,Candidate Feasible,Route Count,Route Cost,Route Runtime Sec,LP Runtime Sec,Total Runtime Sec,Planned Route Load Total,Planned Route Load Ratio,LP Backend,Score Metric,Score Value,Reason,lp_planning_scenarios_original,lp_planning_scenarios_used,lp_scenario_reduced,lp_original_total_demand_mean,lp_reduced_total_demand_mean,lp_original_total_demand_p90,lp_reduced_total_demand_p90,Objective Value Train,Optimized Load Total,mean_total_cost,p90_total_cost,cvar90_total_cost,mean_shortfall,p90_shortfall,stockout_rate,mean_surplus,mean_domain_loss,mean_load_penalty_loss,Source Chunk
X-n101-k25,100,atm,ortools:nominal_or_tools,nominal_or_tools,ortools,False,False,False,0,,5.002944469451904,,5.002944469451904,5147.0,0.9994174757281552,pulp_cbc,mean_domain_loss,,ortools_no_solution,180,60,True,5769.50626812439,5776.840928742447,6914.366579624066,6922.268107077579,,,,,,,,,,,,0
X-n101-k25,100,grocery,ortools:nominal_or_tools,nominal_or_tools,ortools,False,False,False,0,,5.002944469451904,,5.002944469451904,5147.0,0.9994174757281552,pulp_cbc,mean_domain_loss,,ortools_no_solution,180,60,True,5769.50626812439,5776.840928742447,6914.366579624066,6922.268107077579,,,,,,,,,,,,0
X-n101-k25,100,cargo,ortools:nominal_or_tools,nominal_or_tools,ortools,False,False,False,0,,5.002944469451904,,5.002944469451904,5147.0,0.9994174757281552,pulp_cbc,mean_domain_loss,,ortools_no_solution,180,60,True,5769.50626812439,5776.840928742447,6914.366579624066,6922.268107077579,,,,,,,,,,,,0
X-n101-k25,100,cold_chain,ortools:nominal_or_tools,nominal_or_tools,ortools,False,False,False,0,,5.002944469451904,,5.002944469451904,5147.0,0.9994174757281552,pulp_cbc,mean_domain_loss,,ortools_no_solution,180,60,True,5769.50626812439,5776.840928742447,6914.366579624066,6922.268107077579,,,,,,,,,,,,0
X-n101-k25,100,atm,ortools:proxy_mean_or_tools,proxy_mean_or_tools,ortools,False,False,False,0,,0.0,,0.0,5769.506268124389,1.1202924792474542,pulp_cbc,mean_domain_loss,,total_load_exceeds_fleet_capacity,180,60,True,5769.50626812439,5776.840928742447,6914.366579624066,6922.268107077579,,,,,,,,,,,,0
X-n101-k25,100,grocery,ortools:proxy_mean_or_tools,proxy_mean_or_tools,ortools,False,False,False,0,,0.0,,0.0,5769.506268124389,1.1202924792474542,pulp_cbc,mean_domain_loss,,total_load_exceeds_fleet_capacity,180,60,True,5769.50626812439,5776.840928742447,6914.366579624066,6922.268107077579,,,,,,,,,,,,0
X-n101-k25,100,cargo,ortools:proxy_mean_or_tools,proxy_mean_or_tools,ortools,False,False,False,0,,0.0,,0.0,5769.506268124389,1.1202924792474542,pulp_cbc,mean_domain_loss,,total_load_exceeds_fleet_capacity,180,60,True,5769.50626812439,5776.840928742447,6914.366579624066,6922.268107077579,,,,,,,,,,,,0
X-n101-k25,100,cold_chain,ortools:proxy_mean_or_tools,proxy_mean_or_tools,ortools,False,False,False,0,,0.0,,0.0,5769.506268124389,1.1202924792474542,pulp_cbc,mean_domain_loss,,total_load_exceeds_fleet_capacity,180,60,True,5769.50626812439,5776.840928742447,6914.366579624066,6922.268107077579,,,,,,,,,,,,0
X-n101-k25,100,atm,ortools:quantile_p75_or_tools,quantile_p75_or_tools,ortools,False,False,False,0,,0.0,,0.0,6750.385968524617,1.3107545569950714,pulp_cbc,mean_domain_loss,,total_load_exceeds_fleet_capacity,180,60,True,5769.50626812439,5776.840928742447,6914.366579624066,6922.268107077579,,,,,,,,,,,,0
X-n101-k25,100,grocery,ortools:quantile_p75_or_tools,quantile_p75_or_tools,ortools,False,False,False,0,,0.0,,0.0,6750.385968524617,1.3107545569950714,pulp_cbc,mean_domain_loss,,total_load_exceeds_fleet_capacity,180,60,True,5769.50626812439,5776.840928742447,6914.366579624066,6922.268107077579,,,,,,,,,,,,0
X-n101-k25,100,cargo,ortools:quantile_p75_or_tools,quantile_p75_or_tools,ortools,False,False,False,0,,0.0,,0.0,6750.385968524617,1.3107545569950714,pulp_cbc,mean_domain_loss,,total_load_exceeds_fleet_capacity,180,60,True,5769.50626812439,5776.840928742447,6914.366579624066,6922.268107077579,,,,,,,,,,,,0
X-n101-k25,100,cold_chain,ortools:quantile_p75_or_tools,quantile_p75_or_tools,ortools,False,False,False,0,,0.0,,0.0,6750.385968524617,1.3107545569950714,pulp_cbc,mean_domain_loss,,total_load_exceeds_fleet_capacity,180,60,True,5769.50626812439,5776.840928742447,6914.366579624066,6922.268107077579,,,,,,,,,,,,0
X-n101-k25,100,atm,ortools:quantile_p90_or_tools,quantile_p90_or_tools,ortools,False,False,False,0,,0.0,,0.0,8112.254144135277,1.575194979443743,pulp_cbc,mean_domain_loss,,total_load_exceeds_fleet_capacity,180,60,True,5769.50626812439,5776.840928742447,6914.366579624066,6922.268107077579,,,,,,,,,,,,0
X-n101-k25,100,grocery,ortools:quantile_p90_or_tools,quantile_p90_or_tools,ortools,False,False,False,0,,0.0,,0.0,8112.254144135277,1.575194979443743,pulp_cbc,mean_domain_loss,,total_load_exceeds_fleet_capacity,180,60,True,5769.50626812439,5776.840928742447,6914.366579624066,6922.268107077579,,,,,,,,,,,,0
X-n101-k25,100,cargo,ortools:quantile_p90_or_tools,quantile_p90_or_tools,ortools,False,False,False,0,,0.0,,0.0,8112.254144135277,1.575194979443743,pulp_cbc,mean_domain_loss,,total_load_exceeds_fleet_capacity,180,60,True,5769.50626812439,5776.840928742447,6914.366579624066,6922.268107077579,,,,,,,,,,,,0
X-n101-k25,100,cold_chain,ortools:quantile_p90_or_tools,quantile_p90_or_tools,ortools,False,False,False,0,,0.0,,0.0,8112.254144135277,1.575194979443743,pulp_cbc,mean_domain_loss,,total_load_exceeds_fleet_capacity,180,60,True,5769.50626812439,5776.840928742447,6914.366579624066,6922.268107077579,,,,,,,,,,,,0
X-n101-k25,100,atm,ortools:robust_mean_1std_or_tools,robust_mean_1std_or_tools,ortools,False,False,False,0,,0.0,,0.0,7577.994553022216,1.4714552530140226,pulp_cbc,mean_domain_loss,,total_load_exceeds_fleet_capacity,180,60,True,5769.50626812439,5776.840928742447,6914.366579624066,6922.268107077579,,,,,,,,,,,,0
X-n101-k25,100,grocery,ortools:robust_mean_1std_or_tools,robust_mean_1std_or_tools,ortools,False,False,False,0,,0.0,,0.0,7577.994553022216,1.4714552530140226,pulp_cbc,mean_domain_loss,,total_load_exceeds_fleet_capacity,180,60,True,5769.50626812439,5776.840928742447,6914.366579624066,6922.268107077579,,,,,,,,,,,,0
X-n101-k25,100,cargo,ortools:robust_mean_1std_or_tools,robust_mean_1std_or_tools,ortools,False,False,False,0,,0.0,,0.0,7577.994553022216,1.4714552530140226,pulp_cbc,mean_domain_loss,,total_load_exceeds_fleet_capacity,180,60,True,5769.50626812439,5776.840928742447,6914.366579624066,6922.268107077579,,,,,,,,,,,,0
X-n101-k25,100,cold_chain,ortools:robust_mean_1std_or_tools,robust_mean_1std_or_tools,ortools,False,False,False,0,,0.0,,0.0,7577.994553022216,1.4714552530140226,pulp_cbc,mean_domain_loss,,total_load_exceeds_fleet_capacity,180,60,True,5769.50626812439,5776.840928742447,6914.366579624066,6922.268107077579,,,,,,,,,,,,0
X-n101-k25,100,atm,ortools:robust_mean_2std_or_tools,robust_mean_2std_or_tools,ortools,False,False,False,0,,0.0,,0.0,9386.482837920044,1.8226180267805907,pulp_cbc,mean_domain_loss,,single_node_exceeds_capacity,180,60,True,5769.50626812439,5776.840928742447,6914.366579624066,6922.268107077579,,,,,,,,,,,,0
X-n101-k25,100,grocery,ortools:robust_mean_2std_or_tools,robust_mean_2std_or_tools,ortools,False,False,False,0,,0.0,,0.0,9386.482837920044,1.8226180267805907,pulp_cbc,mean_domain_loss,,single_node_exceeds_capacity,180,60,True,5769.50626812439,5776.840928742447,6914.366579624066,6922.268107077579,,,,,,,,,,,,0
X-n101-k25,100,cargo,ortools:robust_mean_2std_or_tools,robust_mean_2std_or_tools,ortools,False,False,False,0,,0.0,,0.0,9386.482837920044,1.8226180267805907,pulp_cbc,mean_domain_loss,,single_node_exceeds_capacity,180,60,True,5769.50626812439,5776.840928742447,6914.366579624066,6922.268107077579,,,,,,,,,,,,0
X-n101-k25,100,cold_chain,ortools:robust_mean_2std_or_tools,robust_mean_2std_or_tools,ortools,False,False,False,0,,0.0,,0.0,9386.482837920044,1.8226180267805907,pulp_cbc,mean_domain_loss,,single_node_exceeds_capacity,180,60,True,5769.50626812439,5776.840928742447,6914.366579624066,6922.268107077579,,,,,,,,,,,,0
X-n101-k25,100,atm,ortools:proxy_mean_scaled_or_tools,proxy_mean_scaled_or_tools,ortools,False,False,False,0,,4.999034881591797,,4.999034881591797,5124.250000000001,0.9950000000000002,pulp_cbc,mean_domain_loss,,ortools_no_solution,180,60,True,5769.50626812439,5776.840928742447,6914.366579624066,6922.268107077579,,,,,,,,,,,,0
X-n101-k25,100,grocery,ortools:proxy_mean_scaled_or_tools,proxy_mean_scaled_or_tools,ortools,False,False,False,0,,4.999034881591797,,4.999034881591797,5124.250000000001,0.9950000000000002,pulp_cbc,mean_domain_loss,,ortools_no_solution,180,60,True,5769.50626812439,5776.840928742447,6914.366579624066,6922.268107077579,,,,,,,,,,,,0
X-n101-k25,100,cargo,ortools:proxy_mean_scaled_or_tools,proxy_mean_scaled_or_tools,ortools,False,False,False,0,,4.999034881591797,,4.999034881591797,5124.250000000001,0.9950000000000002,pulp_cbc,mean_domain_loss,,ortools_no_solution,180,60,True,5769.50626812439,5776.840928742447,6914.366579624066,6922.268107077579,,,,,,,,,,,,0
X-n101-k25,100,cold_chain,ortools:proxy_mean_scaled_or_tools,proxy_mean_scaled_or_tools,ortools,False,False,False,0,,4.999034881591797,,4.999034881591797,5124.250000000001,0.9950000000000002,pulp_cbc,mean_domain_loss,,ortools_no_solution,180,60,True,5769.50626812439,5776.840928742447,6914.366579624066,6922.268107077579,,,,,,,,,,,,0
X-n101-k25,100,atm,ortools:quantile_p75_scaled_or_tools,quantile_p75_scaled_or_tools,ortools,False,False,False,0,,4.998510360717773,,4.998510360717773,5124.25,0.995,pulp_cbc,mean_domain_loss,,ortools_no_solution,180,60,True,5769.50626812439,5776.840928742447,6914.366579624066,6922.268107077579,,,,,,,,,,,,0
X-n101-k25,100,grocery,ortools:quantile_p75_scaled_or_tools,quantile_p75_scaled_or_tools,ortools,False,False,False,0,,4.998510360717773,,4.998510360717773,5124.25,0.995,pulp_cbc,mean_domain_loss,,ortools_no_solution,180,60,True,5769.50626812439,5776.840928742447,6914.366579624066,6922.268107077579,,,,,,,,,,,,0
X-n101-k25,100,cargo,ortools:quantile_p75_scaled_or_tools,quantile_p75_scaled_or_tools,ortools,False,False,False,0,,4.998510360717773,,4.998510360717773,5124.25,0.995,pulp_cbc,mean_domain_loss,,ortools_no_solution,180,60,True,5769.50626812439,5776.840928742447,6914.366579624066,6922.268107077579,,,,,,,,,,,,0
X-n101-k25,100,cold_chain,ortools:quantile_p75_scaled_or_tools,quantile_p75_scaled_or_tools,ortools,False,False,False,0,,4.998510360717773,,4.998510360717773,5124.25,0.995,pulp_cbc,mean_domain_loss,,ortools_no_solution,180,60,True,5769.50626812439,5776.840928742447,6914.366579624066,6922.268107077579,,,,,,,,,,,,0
X-n101-k25,100,atm,ortools:quantile_p90_scaled_or_tools,quantile_p90_scaled_or_tools,ortools,False,False,False,0,,5.002722978591919,,5.002722978591919,5124.25,0.995,pulp_cbc,mean_domain_loss,,ortools_no_solution,180,60,True,5769.50626812439,5776.840928742447,6914.366579624066,6922.268107077579,,,,,,,,,,,,0
X-n101-k25,100,grocery,ortools:quantile_p90_scaled_or_tools,quantile_p90_scaled_or_tools,ortools,False,False,False,0,,5.002722978591919,,5.002722978591919,5124.25,0.995,pulp_cbc,mean_domain_loss,,ortools_no_solution,180,60,True,5769.50626812439,5776.840928742447,6914.366579624066,6922.268107077579,,,,,,,,,,,,0
X-n101-k25,100,cargo,ortools:quantile_p90_scaled_or_tools,quantile_p90_scaled_or_tools,ortools,False,False,False,0,,5.002722978591919,,5.002722978591919,5124.25,0.995,pulp_cbc,mean_domain_loss,,ortools_no_solution,180,60,True,5769.50626812439,5776.840928742447,6914.366579624066,6922.268107077579,,,,,,,,,,,,0
X-n101-k25,100,cold_chain,ortools:quantile_p90_scaled_or_tools,quantile_p90_scaled_or_tools,ortools,False,False,False,0,,5.002722978591919,,5.002722978591919,5124.25,0.995,pulp_cbc,mean_domain_loss,,ortools_no_solution,180,60,True,5769.50626812439,5776.840928742447,6914.366579624066,6922.268107077579,,,,,,,,,,,,0
X-n101-k25,100,atm,ortools:robust_mean_1std_scaled_or_tools,robust_mean_1std_scaled_or_tools,ortools,False,False,False,0,,4.998675346374512,,4.998675346374512,5124.250000000001,0.9950000000000002,pulp_cbc,mean_domain_loss,,ortools_no_solution,180,60,True,5769.50626812439,5776.840928742447,6914.366579624066,6922.268107077579,,,,,,,,,,,,0
X-n101-k25,100,grocery,ortools:robust_mean_1std_scaled_or_tools,robust_mean_1std_scaled_or_tools,ortools,False,False,False,0,,4.998675346374512,,4.998675346374512,5124.250000000001,0.9950000000000002,pulp_cbc,mean_domain_loss,,ortools_no_solution,180,60,True,5769.50626812439,5776.840928742447,6914.366579624066,6922.268107077579,,,,,,,,,,,,0
X-n101-k25,100,cargo,ortools:robust_mean_1std_scaled_or_tools,robust_mean_1std_scaled_or_tools,ortools,False,False,False,0,,4.998675346374512,,4.998675346374512,5124.250000000001,0.9950000000000002,pulp_cbc,mean_domain_loss,,ortools_no_solution,180,60,True,5769.50626812439,5776.840928742447,6914.366579624066,6922.268107077579,,,,,,,,,,,,0
X-n101-k25,100,cold_chain,ortools:robust_mean_1std_scaled_or_tools,robust_mean_1std_scaled_or_tools,ortools,False,False,False,0,,4.998675346374512,,4.998675346374512,5124.250000000001,0.9950000000000002,pulp_cbc,mean_domain_loss,,ortools_no_solution,180,60,True,5769.50626812439,5776.840928742447,6914.366579624066,6922.268107077579,,,,,,,,,,,,0
X-n101-k25,100,atm,ortools:robust_mean_2std_scaled_or_tools,robust_mean_2std_scaled_or_tools,ortools,False,False,False,0,,5.000527620315552,,5.000527620315552,5124.25,0.995,pulp_cbc,mean_domain_loss,,ortools_no_solution,180,60,True,5769.50626812439,5776.840928742447,6914.366579624066,6922.268107077579,,,,,,,,,,,,0
X-n101-k25,100,grocery,ortools:robust_mean_2std_scaled_or_tools,robust_mean_2std_scaled_or_tools,ortools,False,False,False,0,,5.000527620315552,,5.000527620315552,5124.25,0.995,pulp_cbc,mean_domain_loss,,ortools_no_solution,180,60,True,5769.50626812439,5776.840928742447,6914.366579624066,6922.268107077579,,,,,,,,,,,,0
X-n101-k25,100,cargo,ortools:robust_mean_2std_scaled_or_tools,robust_mean_2std_scaled_or_tools,ortools,False,False,False,0,,5.000527620315552,,5.000527620315552,5124.25,0.995,pulp_cbc,mean_domain_loss,,ortools_no_solution,180,60,True,5769.50626812439,5776.840928742447,6914.366579624066,6922.268107077579,,,,,,,,,,,,0
X-n101-k25,100,cold_chain,ortools:robust_mean_2std_scaled_or_tools,robust_mean_2std_scaled_or_tools,ortools,False,False,False,0,,5.000527620315552,,5.000527620315552,5124.25,0.995,pulp_cbc,mean_domain_loss,,ortools_no_solution,180,60,True,5769.50626812439,5776.840928742447,6914.366579624066,6922.268107077579,,,,,,,,,,,,0
X-n101-k25,100,atm,ortools:nominal_seed101_or_tools,nominal_seed101_or_tools,ortools,False,False,False,0,,4.998028516769409,,4.998028516769409,5147.0,0.9994174757281552,pulp_cbc,mean_domain_loss,,ortools_no_solution,180,60,True,5769.50626812439,5776.840928742447,6914.366579624066,6922.268107077579,,,,,,,,,,,,0
X-n101-k25,100,grocery,ortools:nominal_seed101_or_tools,nominal_seed101_or_tools,ortools,False,False,False,0,,4.998028516769409,,4.998028516769409,5147.0,0.9994174757281552,pulp_cbc,mean_domain_loss,,ortools_no_solution,180,60,True,5769.50626812439,5776.840928742447,6914.366579624066,6922.268107077579,,,,,,,,,,,,0
X-n101-k25,100,cargo,ortools:nominal_seed101_or_tools,nominal_seed101_or_tools,ortools,False,False,False,0,,4.998028516769409,,4.998028516769409,5147.0,0.9994174757281552,pulp_cbc,mean_domain_loss,,ortools_no_solution,180,60,True,5769.50626812439,5776.840928742447,6914.366579624066,6922.268107077579,,,,,,,,,,,,0
X-n101-k25,100,cold_chain,ortools:nominal_seed101_or_tools,nominal_seed101_or_tools,ortools,False,False,False,0,,4.998028516769409,,4.998028516769409,5147.0,0.9994174757281552,pulp_cbc,mean_domain_loss,,ortools_no_solution,180,60,True,5769.50626812439,5776.840928742447,6914.366579624066,6922.268107077579,,,,,,,,,,,,0
X-n101-k25,100,atm,ortools:nominal_seed103_or_tools,nominal_seed103_or_tools,ortools,False,False,False,0,,4.997815132141113,,4.997815132141113,5147.0,0.9994174757281552,pulp_cbc,mean_domain_loss,,ortools_no_solution,180,60,True,5769.50626812439,5776.840928742447,6914.366579624066,6922.268107077579,,,,,,,,,,,,0
X-n101-k25,100,grocery,ortools:nominal_seed103_or_tools,nominal_seed103_or_tools,ortools,False,False,False,0,,4.997815132141113,,4.997815132141113,5147.0,0.9994174757281552,pulp_cbc,mean_domain_loss,,ortools_no_solution,180,60,True,5769.50626812439,5776.840928742447,6914.366579624066,6922.268107077579,,,,,,,,,,,,0
X-n101-k25,100,cargo,ortools:nominal_seed103_or_tools,nominal_seed103_or_tools,ortools,False,False,False,0,,4.997815132141113,,4.997815132141113,5147.0,0.9994174757281552,pulp_cbc,mean_domain_loss,,ortools_no_solution,180,60,True,5769.50626812439,5776.840928742447,6914.366579624066,6922.268107077579,,,,,,,,,,,,0
X-n101-k25,100,cold_chain,ortools:nominal_seed103_or_tools,nominal_seed103_or_tools,ortools,False,False,False,0,,4.997815132141113,,4.997815132141113,5147.0,0.9994174757281552,pulp_cbc,mean_domain_loss,,ortools_no_solution,180,60,True,5769.50626812439,5776.840928742447,6914.366579624066,6922.268107077579,,,,,,,,,,,,0
X-n101-k25,100,atm,ortools:proxy_mean_scaled_seed109_or_tools,proxy_mean_scaled_seed109_or_tools,ortools,False,False,False,0,,5.00147557258606,,5.00147557258606,5124.250000000001,0.9950000000000002,pulp_cbc,mean_domain_loss,,ortools_no_solution,180,60,True,5769.50626812439,5776.840928742447,6914.366579624066,6922.268107077579,,,,,,,,,,,,0
X-n101-k25,100,grocery,ortools:proxy_mean_scaled_seed109_or_tools,proxy_mean_scaled_seed109_or_tools,ortools,False,False,False,0,,5.00147557258606,,5.00147557258606,5124.250000000001,0.9950000000000002,pulp_cbc,mean_domain_loss,,ortools_no_solution,180,60,True,5769.50626812439,5776.840928742447,6914.366579624066,6922.268107077579,,,,,,,,,,,,0
X-n101-k25,100,cargo,ortools:proxy_mean_scaled_seed109_or_tools,proxy_mean_scaled_seed109_or_tools,ortools,False,False,False,0,,5.00147557258606,,5.00147557258606,5124.250000000001,0.9950000000000002,pulp_cbc,mean_domain_loss,,ortools_no_solution,180,60,True,5769.50626812439,5776.840928742447,6914.366579624066,6922.268107077579,,,,,,,,,,,,0
X-n101-k25,100,cold_chain,ortools:proxy_mean_scaled_seed109_or_tools,proxy_mean_scaled_seed109_or_tools,ortools,False,False,False,0,,5.00147557258606,,5.00147557258606,5124.250000000001,0.9950000000000002,pulp_cbc,mean_domain_loss,,ortools_no_solution,180,60,True,5769.50626812439,5776.840928742447,6914.366579624066,6922.268107077579,,,,,,,,,,,,0
X-n101-k25,100,atm,ortools:quantile_p75_scaled_seed107_or_tools,quantile_p75_scaled_seed107_or_tools,ortools,False,False,False,0,,5.000464677810669,,5.000464677810669,5124.25,0.995,pulp_cbc,mean_domain_loss,,ortools_no_solution,180,60,True,5769.50626812439,5776.840928742447,6914.366579624066,6922.268107077579,,,,,,,,,,,,0
X-n101-k25,100,grocery,ortools:quantile_p75_scaled_seed107_or_tools,quantile_p75_scaled_seed107_or_tools,ortools,False,False,False,0,,5.000464677810669,,5.000464677810669,5124.25,0.995,pulp_cbc,mean_domain_loss,,ortools_no_solution,180,60,True,5769.50626812439,5776.840928742447,6914.366579624066,6922.268107077579,,,,,,,,,,,,0
X-n101-k25,100,cargo,ortools:quantile_p75_scaled_seed107_or_tools,quantile_p75_scaled_seed107_or_tools,ortools,False,False,False,0,,5.000464677810669,,5.000464677810669,5124.25,0.995,pulp_cbc,mean_domain_loss,,ortools_no_solution,180,60,True,5769.50626812439,5776.840928742447,6914.366579624066,6922.268107077579,,,,,,,,,,,,0
X-n101-k25,100,cold_chain,ortools:quantile_p75_scaled_seed107_or_tools,quantile_p75_scaled_seed107_or_tools,ortools,False,False,False,0,,5.000464677810669,,5.000464677810669,5124.25,0.995,pulp_cbc,mean_domain_loss,,ortools_no_solution,180,60,True,5769.50626812439,5776.840928742447,6914.366579624066,6922.268107077579,,,,,,,,,,,,0
X-n101-k25,100,atm,ortools:robust_mean_1std_scaled_seed113_or_tools,robust_mean_1std_scaled_seed113_or_tools,ortools,False,False,False,0,,4.995498895645142,,4.995498895645142,5124.250000000001,0.9950000000000002,pulp_cbc,mean_domain_loss,,ortools_no_solution,180,60,True,5769.50626812439,5776.840928742447,6914.366579624066,6922.268107077579,,,,,,,,,,,,0
X-n101-k25,100,grocery,ortools:robust_mean_1std_scaled_seed113_or_tools,robust_mean_1std_scaled_seed113_or_tools,ortools,False,False,False,0,,4.995498895645142,,4.995498895645142,5124.250000000001,0.9950000000000002,pulp_cbc,mean_domain_loss,,ortools_no_solution,180,60,True,5769.50626812439,5776.840928742447,6914.366579624066,6922.268107077579,,,,,,,,,,,,0
X-n101-k25,100,cargo,ortools:robust_mean_1std_scaled_seed113_or_tools,robust_mean_1std_scaled_seed113_or_tools,ortools,False,False,False,0,,4.995498895645142,,4.995498895645142,5124.250000000001,0.9950000000000002,pulp_cbc,mean_domain_loss,,ortools_no_solution,180,60,True,5769.50626812439,5776.840928742447,6914.366579624066,6922.268107077579,,,,,,,,,,,,0
X-n101-k25,100,cold_chain,ortools:robust_mean_1std_scaled_seed113_or_tools,robust_mean_1std_scaled_seed113_or_tools,ortools,False,False,False,0,,4.995498895645142,,4.995498895645142,5124.250000000001,0.9950000000000002,pulp_cbc,mean_domain_loss,,ortools_no_solution,180,60,True,5769.50626812439,5776.840928742447,6914.366579624066,6922.268107077579,,,,,,,,,,,,0
X-n157-k13,156,atm,ortools:nominal_or_tools,nominal_or_tools,ortools,True,True,True,13,17404.0,4.998836994171143,1.626000165939331,6.624837160110474,156.0,1.0,pulp_cbc,mean_domain_loss,75.25300431865746,,180,60,True,171.99406906934314,172.27034686930705,198.0995518853173,198.5245135344457,139.72863067738018,155.99999984,17479.25300431866,17541.77704308251,17598.73491550069,20.05007451055448,38.08508683920552,0.4858333333333333,15.13073078610472,75.25300431865746,0.0,0
X-n157-k13,156,grocery,ortools:nominal_or_tools,nominal_or_tools,ortools,True,True,True,13,17404.0,4.998836994171143,0.8488326072692871,5.84766960144043,156.0,1.0,pulp_cbc,mean_domain_loss,46.07574570220766,,180,60,True,171.99406906934314,172.27034686930705,198.0995518853173,198.5245135344457,65.9157640201691,155.99999963,17450.07574570221,17480.704969352133,17510.81615112449,20.03704729800856,38.110260588633054,0.4849358974358974,15.117703363558787,46.07574570220766,0.0,0
X-n157-k13,156,cargo,ortools:nominal_or_tools,nominal_or_tools,ortools,True,True,True,13,17404.0,4.998836994171143,0.97892165184021,5.9777586460113525,156.0,1.0,pulp_cbc,mean_domain_loss,57.15671569678628,,180,60,True,171.99406906934314,172.27034686930705,198.0995518853173,198.5245135344457,125.73913654964396,156.00000009,17461.156715696787,17508.679122258494,17552.556374565043,20.09683141085263,37.89464751415766,0.4880128205128205,15.177487936402862,57.15671569678628,0.0,0
X-n157-k13,156,cold_chain,ortools:nominal_or_tools,nominal_or_tools,ortools,True,True,True,13,17404.0,4.998836994171143,0.8591868877410889,5.858023881912232,156.0,1.0,pulp_cbc,mean_domain_loss,64.90946400086516,,180,60,True,171.99406906934314,172.27034686930705,198.0995518853173,198.5245135344457,143.382706703696,156.00000021,17497.676471241637,17535.647462839293,17576.108420739114,20.0378359153176,37.87202241648558,0.4846794871794871,15.118492560867836,64.90946400086516,28.76700724077333,0
X-n157-k13,156,atm,ortools:proxy_mean_or_tools,proxy_mean_or_tools,ortools,True,True,True,13,17404.0,4.997658491134644,0.8541626930236816,5.851821184158325,171.99406906934314,1.1025260837778406,pulp_cbc,mean_domain_loss,75.25300431865746,,180,60,True,171.99406906934314,172.27034686930705,198.0995518853173,198.5245135344457,139.72863067738018,155.99999984,17479.25300431866,17541.77704308251,17598.73491550069,20.05007451055448,38.08508683920552,0.4858333333333333,15.13073078610472,75.25300431865746,0.0,0
X-n157-k13,156,grocery,ortools:proxy_mean_or_tools,proxy_mean_or_tools,ortools,True,True,True,13,17404.0,4.997658491134644,0.8226242065429688,5.820282697677612,171.99406906934314,1.1025260837778406,pulp_cbc,mean_domain_loss,46.07574570220766,,180,60,True,171.99406906934314,172.27034686930705,198.0995518853173,198.5245135344457,65.9157640201691,155.99999963,17450.07574570221,17480.704969352133,17510.81615112449,20.03704729800856,38.110260588633054,0.4849358974358974,15.117703363558787,46.07574570220766,0.0,0
X-n157-k13,156,cargo,ortools:proxy_mean_or_tools,proxy_mean_or_tools,ortools,True,True,True,13,17404.0,4.997658491134644,1.0065984725952148,6.004256963729858,171.99406906934314,1.1025260837778406,pulp_cbc,mean_domain_loss,57.15671569678628,,180,60,True,171.99406906934314,172.27034686930705,198.0995518853173,198.5245135344457,125.73913654964396,156.00000009,17461.156715696787,17508.679122258494,17552.556374565043,20.09683141085263,37.89464751415766,0.4880128205128205,15.177487936402862,57.15671569678628,0.0,0
X-n157-k13,156,cold_chain,ortools:proxy_mean_or_tools,proxy_mean_or_tools,ortools,True,True,True,13,17404.0,4.997658491134644,0.8971946239471436,5.894853115081787,171.99406906934314,1.1025260837778406,pulp_cbc,mean_domain_loss,64.90946400086516,,180,60,True,171.99406906934314,172.27034686930705,198.0995518853173,198.5245135344457,143.382706703696,156.00000021,17497.676471241637,17535.647462839293,17576.108420739114,20.0378359153176,37.87202241648558,0.4846794871794871,15.118492560867836,64.90946400086516,28.76700724077333,0
X-n157-k13,156,atm,ortools:quantile_p75_or_tools,quantile_p75_or_tools,ortools,True,True,True,13,17404.0,4.996690034866333,0.9027047157287598,5.899394750595093,198.7324189305988,1.2739257623756333,pulp_cbc,mean_domain_loss,75.25300431865746,,180,60,True,171.99406906934314,172.27034686930705,198.0995518853173,198.5245135344457,139.72863067738018,155.99999984,17479.25300431866,17541.77704308251,17598.73491550069,20.05007451055448,38.08508683920552,0.4858333333333333,15.13073078610472,75.25300431865746,0.0,0
X-n157-k13,156,grocery,ortools:quantile_p75_or_tools,quantile_p75_or_tools,ortools,True,True,True,13,17404.0,4.996690034866333,0.831151008605957,5.82784104347229,198.7324189305988,1.2739257623756333,pulp_cbc,mean_domain_loss,46.07574570220766,,180,60,True,171.99406906934314,172.27034686930705,198.0995518853173,198.5245135344457,65.9157640201691,155.99999963,17450.07574570221,17480.704969352133,17510.81615112449,20.03704729800856,38.110260588633054,0.4849358974358974,15.117703363558787,46.07574570220766,0.0,0
X-n157-k13,156,cargo,ortools:quantile_p75_or_tools,quantile_p75_or_tools,ortools,True,True,True,13,17404.0,4.996690034866333,1.0123562812805176,6.009046316146851,198.7324189305988,1.2739257623756333,pulp_cbc,mean_domain_loss,57.15671569678628,,180,60,True,171.99406906934314,172.27034686930705,198.0995518853173,198.5245135344457,125.73913654964396,156.00000009,17461.156715696787,17508.679122258494,17552.556374565043,20.09683141085263,37.89464751415766,0.4880128205128205,15.177487936402862,57.15671569678628,0.0,0
X-n157-k13,156,cold_chain,ortools:quantile_p75_or_tools,quantile_p75_or_tools,ortools,True,True,True,13,17404.0,4.996690034866333,0.839310884475708,5.836000919342041,198.7324189305988,1.2739257623756333,pulp_cbc,mean_domain_loss,64.90946400086516,,180,60,True,171.99406906934314,172.27034686930705,198.0995518853173,198.5245135344457,143.382706703696,156.00000021,17497.676471241637,17535.647462839293,17576.108420739114,20.0378359153176,37.87202241648558,0.4846794871794871,15.118492560867836,64.90946400086516,28.76700724077333,0
X-n157-k13,156,atm,ortools:quantile_p90_or_tools,quantile_p90_or_tools,ortools,False,False,False,0,,0.0,,0.0,235.21910337265388,1.5078147652093197,pulp_cbc,mean_domain_loss,,total_load_exceeds_fleet_capacity,180,60,True,171.99406906934314,172.27034686930705,198.0995518853173,198.5245135344457,,,,,,,,,,,,0
X-n157-k13,156,grocery,ortools:quantile_p90_or_tools,quantile_p90_or_tools,ortools,False,False,False,0,,0.0,,0.0,235.21910337265388,1.5078147652093197,pulp_cbc,mean_domain_loss,,total_load_exceeds_fleet_capacity,180,60,True,171.99406906934314,172.27034686930705,198.0995518853173,198.5245135344457,,,,,,,,,,,,0
X-n157-k13,156,cargo,ortools:quantile_p90_or_tools,quantile_p90_or_tools,ortools,False,False,False,0,,0.0,,0.0,235.21910337265388,1.5078147652093197,pulp_cbc,mean_domain_loss,,total_load_exceeds_fleet_capacity,180,60,True,171.99406906934314,172.27034686930705,198.0995518853173,198.5245135344457,,,,,,,,,,,,0
X-n157-k13,156,cold_chain,ortools:quantile_p90_or_tools,quantile_p90_or_tools,ortools,False,False,False,0,,0.0,,0.0,235.21910337265388,1.5078147652093197,pulp_cbc,mean_domain_loss,,total_load_exceeds_fleet_capacity,180,60,True,171.99406906934314,172.27034686930705,198.0995518853173,198.5245135344457,,,,,,,,,,,,0
X-n157-k13,156,atm,ortools:robust_mean_1std_or_tools,robust_mean_1std_or_tools,ortools,False,False,False,0,,0.0,,0.0,220.81396957678305,1.4154741639537376,pulp_cbc,mean_domain_loss,,total_load_exceeds_fleet_capacity,180,60,True,171.99406906934314,172.27034686930705,198.0995518853173,198.5245135344457,,,,,,,,,,,,0
X-n157-k13,156,grocery,ortools:robust_mean_1std_or_tools,robust_mean_1std_or_tools,ortools,False,False,False,0,,0.0,,0.0,220.81396957678305,1.4154741639537376,pulp_cbc,mean_domain_loss,,total_load_exceeds_fleet_capacity,180,60,True,171.99406906934314,172.27034686930705,198.0995518853173,198.5245135344457,,,,,,,,,,,,0
X-n157-k13,156,cargo,ortools:robust_mean_1std_or_tools,robust_mean_1std_or_tools,ortools,False,False,False,0,,0.0,,0.0,220.81396957678305,1.4154741639537376,pulp_cbc,mean_domain_loss,,total_load_exceeds_fleet_capacity,180,60,True,171.99406906934314,172.27034686930705,198.0995518853173,198.5245135344457,,,,,,,,,,,,0
X-n157-k13,156,cold_chain,ortools:robust_mean_1std_or_tools,robust_mean_1std_or_tools,ortools,False,False,False,0,,0.0,,0.0,220.81396957678305,1.4154741639537376,pulp_cbc,mean_domain_loss,,total_load_exceeds_fleet_capacity,180,60,True,171.99406906934314,172.27034686930705,198.0995518853173,198.5245135344457,,,,,,,,,,,,0
X-n157-k13,156,atm,ortools:robust_mean_2std_or_tools,robust_mean_2std_or_tools,ortools,False,False,False,0,,0.0,,0.0,269.63387008422296,1.7284222441296344,pulp_cbc,mean_domain_loss,,total_load_exceeds_fleet_capacity,180,60,True,171.99406906934314,172.27034686930705,198.0995518853173,198.5245135344457,,,,,,,,,,,,0
X-n157-k13,156,grocery,ortools:robust_mean_2std_or_tools,robust_mean_2std_or_tools,ortools,False,False,False,0,,0.0,,0.0,269.63387008422296,1.7284222441296344,pulp_cbc,mean_domain_loss,,total_load_exceeds_fleet_capacity,180,60,True,171.99406906934314,172.27034686930705,198.0995518853173,198.5245135344457,,,,,,,,,,,,0
X-n157-k13,156,cargo,ortools:robust_mean_2std_or_tools,robust_mean_2std_or_tools,ortools,False,False,False,0,,0.0,,0.0,269.63387008422296,1.7284222441296344,pulp_cbc,mean_domain_loss,,total_load_exceeds_fleet_capacity,180,60,True,171.99406906934314,172.27034686930705,198.0995518853173,198.5245135344457,,,,,,,,,,,,0
X-n157-k13,156,cold_chain,ortools:robust_mean_2std_or_tools,robust_mean_2std_or_tools,ortools,False,False,False,0,,0.0,,0.0,269.63387008422296,1.7284222441296344,pulp_cbc,mean_domain_loss,,total_load_exceeds_fleet_capacity,180,60,True,171.99406906934314,172.27034686930705,198.0995518853173,198.5245135344457,,,,,,,,,,,,0
X-n157-k13,156,atm,ortools:proxy_mean_scaled_or_tools,proxy_mean_scaled_or_tools,ortools,True,True,True,13,17404.0,5.000091552734375,0.9242537021636964,5.924345254898071,155.22,0.995,pulp_cbc,mean_domain_loss,75.25300431865746,,180,60,True,171.99406906934314,172.27034686930705,198.0995518853173,198.5245135344457,139.72863067738018,155.99999984,17479.25300431866,17541.77704308251,17598.73491550069,20.05007451055448,38.08508683920552,0.4858333333333333,15.13073078610472,75.25300431865746,0.0,0
X-n157-k13,156,grocery,ortools:proxy_mean_scaled_or_tools,proxy_mean_scaled_or_tools,ortools,True,True,True,13,17404.0,5.000091552734375,0.8329732418060303,5.833064794540405,155.22,0.995,pulp_cbc,mean_domain_loss,46.07574570220766,,180,60,True,171.99406906934314,172.27034686930705,198.0995518853173,198.5245135344457,65.9157640201691,155.99999963,17450.07574570221,17480.704969352133,17510.81615112449,20.03704729800856,38.110260588633054,0.4849358974358974,15.117703363558787,46.07574570220766,0.0,0
X-n157-k13,156,cargo,ortools:proxy_mean_scaled_or_tools,proxy_mean_scaled_or_tools,ortools,True,True,True,13,17404.0,5.000091552734375,1.1277329921722412,6.127824544906616,155.22,0.995,pulp_cbc,mean_domain_loss,57.15671569678628,,180,60,True,171.99406906934314,172.27034686930705,198.0995518853173,198.5245135344457,125.73913654964396,156.00000009,17461.156715696787,17508.679122258494,17552.556374565043,20.09683141085263,37.89464751415766,0.4880128205128205,15.177487936402862,57.15671569678628,0.0,0
X-n157-k13,156,cold_chain,ortools:proxy_mean_scaled_or_tools,proxy_mean_scaled_or_tools,ortools,True,True,True,13,17404.0,5.000091552734375,0.8852241039276123,5.885315656661987,155.22,0.995,pulp_cbc,mean_domain_loss,64.90946400086516,,180,60,True,171.99406906934314,172.27034686930705,198.0995518853173,198.5245135344457,143.382706703696,156.00000021,17497.676471241637,17535.647462839293,17576.108420739114,20.0378359153176,37.87202241648558,0.4846794871794871,15.118492560867836,64.90946400086516,28.76700724077333,0
X-n157-k13,156,atm,ortools:quantile_p75_scaled_or_tools,quantile_p75_scaled_or_tools,ortools,True,True,True,13,17404.0,4.999451160430908,0.9043452739715576,5.903796434402466,155.22000000000003,0.9950000000000002,pulp_cbc,mean_domain_loss,75.25300431865746,,180,60,True,171.99406906934314,172.27034686930705,198.0995518853173,198.5245135344457,139.72863067738018,155.99999984,17479.25300431866,17541.77704308251,17598.73491550069,20.05007451055448,38.08508683920552,0.4858333333333333,15.13073078610472,75.25300431865746,0.0,0
X-n157-k13,156,grocery,ortools:quantile_p75_scaled_or_tools,quantile_p75_scaled_or_tools,ortools,True,True,True,13,17404.0,4.999451160430908,0.8306601047515869,5.830111265182495,155.22000000000003,0.9950000000000002,pulp_cbc,mean_domain_loss,46.07574570220766,,180,60,True,171.99406906934314,172.27034686930705,198.0995518853173,198.5245135344457,65.9157640201691,155.99999963,17450.07574570221,17480.704969352133,17510.81615112449,20.03704729800856,38.110260588633054,0.4849358974358974,15.117703363558787,46.07574570220766,0.0,0
X-n157-k13,156,cargo,ortools:quantile_p75_scaled_or_tools,quantile_p75_scaled_or_tools,ortools,True,True,True,13,17404.0,4.999451160430908,1.111299991607666,6.110751152038574,155.22000000000003,0.9950000000000002,pulp_cbc,mean_domain_loss,57.15671569678628,,180,60,True,171.99406906934314,172.27034686930705,198.0995518853173,198.5245135344457,125.73913654964396,156.00000009,17461.156715696787,17508.679122258494,17552.556374565043,20.09683141085263,37.89464751415766,0.4880128205128205,15.177487936402862,57.15671569678628,0.0,0
X-n157-k13,156,cold_chain,ortools:quantile_p75_scaled_or_tools,quantile_p75_scaled_or_tools,ortools,True,True,True,13,17404.0,4.999451160430908,0.8628363609313965,5.862287521362305,155.22000000000003,0.9950000000000002,pulp_cbc,mean_domain_loss,64.90946400086516,,180,60,True,171.99406906934314,172.27034686930705,198.0995518853173,198.5245135344457,143.382706703696,156.00000021,17497.676471241637,17535.647462839293,17576.108420739114,20.0378359153176,37.87202241648558,0.4846794871794871,15.118492560867836,64.90946400086516,28.76700724077333,0
X-n157-k13,156,atm,ortools:quantile_p90_scaled_or_tools,quantile_p90_scaled_or_tools,ortools,True,True,True,13,17404.0,5.00397801399231,0.910851001739502,5.914829015731812,155.22000000000003,0.9950000000000002,pulp_cbc,mean_domain_loss,75.25300431865746,,180,60,True,171.99406906934314,172.27034686930705,198.0995518853173,198.5245135344457,139.72863067738018,155.99999984,17479.25300431866,17541.77704308251,17598.73491550069,20.05007451055448,38.08508683920552,0.4858333333333333,15.13073078610472,75.25300431865746,0.0,0
X-n157-k13,156,grocery,ortools:quantile_p90_scaled_or_tools,quantile_p90_scaled_or_tools,ortools,True,True,True,13,17404.0,5.00397801399231,0.8322470188140869,5.8362250328063965,155.22000000000003,0.9950000000000002,pulp_cbc,mean_domain_loss,46.07574570220766,,180,60,True,171.99406906934314,172.27034686930705,198.0995518853173,198.5245135344457,65.9157640201691,155.99999963,17450.07574570221,17480.704969352133,17510.81615112449,20.03704729800856,38.110260588633054,0.4849358974358974,15.117703363558787,46.07574570220766,0.0,0
X-n157-k13,156,cargo,ortools:quantile_p90_scaled_or_tools,quantile_p90_scaled_or_tools,ortools,True,True,True,13,17404.0,5.00397801399231,1.0185518264770508,6.02252984046936,155.22000000000003,0.9950000000000002,pulp_cbc,mean_domain_loss,57.15671569678628,,180,60,True,171.99406906934314,172.27034686930705,198.0995518853173,198.5245135344457,125.73913654964396,156.00000009,17461.156715696787,17508.679122258494,17552.556374565043,20.09683141085263,37.89464751415766,0.4880128205128205,15.177487936402862,57.15671569678628,0.0,0
X-n157-k13,156,cold_chain,ortools:quantile_p90_scaled_or_tools,quantile_p90_scaled_or_tools,ortools,True,True,True,13,17404.0,5.00397801399231,0.8271660804748535,5.831144094467163,155.22000000000003,0.9950000000000002,pulp_cbc,mean_domain_loss,64.90946400086516,,180,60,True,171.99406906934314,172.27034686930705,198.0995518853173,198.5245135344457,143.382706703696,156.00000021,17497.676471241637,17535.647462839293,17576.108420739114,20.0378359153176,37.87202241648558,0.4846794871794871,15.118492560867836,64.90946400086516,28.76700724077333,0
X-n157-k13,156,atm,ortools:robust_mean_1std_scaled_or_tools,robust_mean_1std_scaled_or_tools,ortools,True,True,True,13,17404.0,5.0026679039001465,0.8581218719482422,5.860789775848389,155.22,0.995,pulp_cbc,mean_domain_loss,75.25300431865746,,180,60,True,171.99406906934314,172.27034686930705,198.0995518853173,198.5245135344457,139.72863067738018,155.99999984,17479.25300431866,17541.77704308251,17598.73491550069,20.05007451055448,38.08508683920552,0.4858333333333333,15.13073078610472,75.25300431865746,0.0,0
X-n157-k13,156,grocery,ortools:robust_mean_1std_scaled_or_tools,robust_mean_1std_scaled_or_tools,ortools,True,True,True,13,17404.0,5.0026679039001465,0.9350881576538086,5.937756061553955,155.22,0.995,pulp_cbc,mean_domain_loss,46.07574570220766,,180,60,True,171.99406906934314,172.27034686930705,198.0995518853173,198.5245135344457,65.9157640201691,155.99999963,17450.07574570221,17480.704969352133,17510.81615112449,20.03704729800856,38.110260588633054,0.4849358974358974,15.117703363558787,46.07574570220766,0.0,0
X-n157-k13,156,cargo,ortools:robust_mean_1std_scaled_or_tools,robust_mean_1std_scaled_or_tools,ortools,True,True,True,13,17404.0,5.0026679039001465,1.0122110843658447,6.014878988265991,155.22,0.995,pulp_cbc,mean_domain_loss,57.15671569678628,,180,60,True,171.99406906934314,172.27034686930705,198.0995518853173,198.5245135344457,125.73913654964396,156.00000009,17461.156715696787,17508.679122258494,17552.556374565043,20.09683141085263,37.89464751415766,0.4880128205128205,15.177487936402862,57.15671569678628,0.0,0
X-n157-k13,156,cold_chain,ortools:robust_mean_1std_scaled_or_tools,robust_mean_1std_scaled_or_tools,ortools,True,True,True,13,17404.0,5.0026679039001465,0.8449673652648926,5.847635269165039,155.22,0.995,pulp_cbc,mean_domain_loss,64.90946400086516,,180,60,True,171.99406906934314,172.27034686930705,198.0995518853173,198.5245135344457,143.382706703696,156.00000021,17497.676471241637,17535.647462839293,17576.108420739114,20.0378359153176,37.87202241648558,0.4846794871794871,15.118492560867836,64.90946400086516,28.76700724077333,0
X-n157-k13,156,atm,ortools:robust_mean_2std_scaled_or_tools,robust_mean_2std_scaled_or_tools,ortools,True,True,True,13,17404.0,5.000333309173584,0.9164459705352784,5.916779279708862,155.21999999999997,0.9949999999999998,pulp_cbc,mean_domain_loss,75.25300431865746,,180,60,True,171.99406906934314,172.27034686930705,198.0995518853173,198.5245135344457,139.72863067738018,155.99999984,17479.25300431866,17541.77704308251,17598.73491550069,20.05007451055448,38.08508683920552,0.4858333333333333,15.13073078610472,75.25300431865746,0.0,0
X-n157-k13,156,grocery,ortools:robust_mean_2std_scaled_or_tools,robust_mean_2std_scaled_or_tools,ortools,True,True,True,13,17404.0,5.000333309173584,0.8387176990509033,5.839051008224487,155.21999999999997,0.9949999999999998,pulp_cbc,mean_domain_loss,46.07574570220766,,180,60,True,171.99406906934314,172.27034686930705,198.0995518853173,198.5245135344457,65.9157640201691,155.99999963,17450.07574570221,17480.704969352133,17510.81615112449,20.03704729800856,38.110260588633054,0.4849358974358974,15.117703363558787,46.07574570220766,0.0,0
X-n157-k13,156,cargo,ortools:robust_mean_2std_scaled_or_tools,robust_mean_2std_scaled_or_tools,ortools,True,True,True,13,17404.0,5.000333309173584,1.1131093502044678,6.113442659378052,155.21999999999997,0.9949999999999998,pulp_cbc,mean_domain_loss,57.15671569678628,,180,60,True,171.99406906934314,172.27034686930705,198.0995518853173,198.5245135344457,125.73913654964396,156.00000009,17461.156715696787,17508.679122258494,17552.556374565043,20.09683141085263,37.89464751415766,0.4880128205128205,15.177487936402862,57.15671569678628,0.0,0
X-n157-k13,156,cold_chain,ortools:robust_mean_2std_scaled_or_tools,robust_mean_2std_scaled_or_tools,ortools,True,True,True,13,17404.0,5.000333309173584,0.8760409355163574,5.876374244689941,155.21999999999997,0.9949999999999998,pulp_cbc,mean_domain_loss,64.90946400086516,,180,60,True,171.99406906934314,172.27034686930705,198.0995518853173,198.5245135344457,143.382706703696,156.00000021,17497.676471241637,17535.647462839293,17576.108420739114,20.0378359153176,37.87202241648558,0.4846794871794871,15.118492560867836,64.90946400086516,28.76700724077333,0
X-n157-k13,156,atm,ortools:nominal_seed101_or_tools,nominal_seed101_or_tools,ortools,True,True,True,13,17558.0,5.003969430923462,0.9060089588165284,5.90997838973999,156.0,1.0,pulp_cbc,mean_domain_loss,75.23775642375612,,180,60,True,171.99406906934314,172.27034686930705,198.0995518853173,198.5245135344457,139.75502008847445,156.00000016,17633.237756423758,17695.6754147092,17752.647638701223,20.039974034483336,38.04511955091692,0.4857692307692308,15.12063063003357,75.23775642375612,0.0,0
X-n157-k13,156,grocery,ortools:nominal_seed101_or_tools,nominal_seed101_or_tools,ortools,True,True,True,13,17558.0,5.003969430923462,0.9564263820648192,5.960395812988281,156.0,1.0,pulp_cbc,mean_domain_loss,46.05835524615623,,180,60,True,171.99406906934314,172.27034686930705,198.0995518853173,198.5245135344457,65.93083711823503,155.99999997999998,17604.058355246158,17634.58001564424,17664.75317814083,20.028346277280157,38.05241079256384,0.4855128205128205,15.109002692830389,46.05835524615623,0.0,0
X-n157-k13,156,cargo,ortools:nominal_seed101_or_tools,nominal_seed101_or_tools,ortools,True,True,True,13,17558.0,5.003969430923462,0.8878567218780518,5.891826152801514,156.0,1.0,pulp_cbc,mean_domain_loss,57.104792836136056,,180,60,True,171.99406906934314,172.27034686930705,198.0995518853173,198.5245135344457,125.77127071077796,156.00000024999997,17615.104792836133,17662.642014762892,17706.354461692383,20.08213257989053,37.88336534897026,0.4860897435897436,15.162789265440765,57.104792836136056,0.0,0
X-n157-k13,156,cold_chain,ortools:nominal_seed101_or_tools,nominal_seed101_or_tools,ortools,True,True,True,13,17558.0,5.003969430923462,0.918254852294922,5.922224283218384,156.0,1.0,pulp_cbc,mean_domain_loss,64.9114607509605,,180,60,True,171.99406906934314,172.27034686930705,198.0995518853173,198.5245135344457,143.3941270034427,156.00000011999998,17651.661586428294,17689.192063695817,17729.958618585188,20.03169515641184,37.69068911172525,0.4842307692307692,15.11235171196208,64.9114607509605,28.75012567733043,0
X-n157-k13,156,atm,ortools:nominal_seed103_or_tools,nominal_seed103_or_tools,ortools,True,True,True,13,17558.0,4.991444826126099,0.9260778427124025,5.917522668838501,156.0,1.0,pulp_cbc,mean_domain_loss,75.29680932075594,,180,60,True,171.99406906934314,172.27034686930705,198.0995518853173,198.5245135344457,139.7326735682594,155.99999989999998,17633.296809320756,17695.438893284587,17752.585968855336,20.056554404748518,37.99030756980297,0.4867307692307692,15.137210740298755,75.29680932075594,0.0,0
X-n157-k13,156,grocery,ortools:nominal_seed103_or_tools,nominal_seed103_or_tools,ortools,True,True,True,13,17558.0,4.991444826126099,0.8960549831390381,5.887499809265137,156.0,1.0,pulp_cbc,mean_domain_loss,46.07815379517778,,180,60,True,171.99406906934314,172.27034686930705,198.0995518853173,198.5245135344457,65.91961430462001,155.99999991,17604.078153795177,17634.43133391858,17664.718922899414,20.02622845133257,37.9820868998448,0.4846794871794871,15.10688479688281,46.07815379517778,0.0,0
X-n157-k13,156,cargo,ortools:nominal_seed103_or_tools,nominal_seed103_or_tools,ortools,True,True,True,13,17558.0,4.991444826126099,1.0491697788238523,6.040614604949951,156.0,1.0,pulp_cbc,mean_domain_loss,57.133299557266,,180,60,True,171.99406906934314,172.27034686930705,198.0995518853173,198.5245135344457,125.755095496293,156.00000047,17615.133299557263,17662.887480815287,17706.429602568038,20.084788138368147,37.95682357288352,0.487051282051282,15.16544504391838,57.133299557266,0.0,0
X-n157-k13,156,cold_chain,ortools:nominal_seed103_or_tools,nominal_seed103_or_tools,ortools,True,True,True,13,17558.0,4.991444826126099,0.9550888538360596,5.946533679962158,156.0,1.0,pulp_cbc,mean_domain_loss,64.97780499329066,,180,60,True,171.99406906934314,172.27034686930705,198.0995518853173,198.5245135344457,143.31979545161036,155.99999972,17651.689623468228,17689.542619668522,17729.974510962253,20.050867774807188,37.83603666218501,0.4831410256410256,15.13152393035742,64.97780499329066,28.711818474940163,0
X-n157-k13,156,atm,ortools:proxy_mean_scaled_seed109_or_tools,proxy_mean_scaled_seed109_or_tools,ortools,True,True,True,13,17425.0,4.990844964981079,0.9543766975402832,5.945221662521362,155.22,0.995,pulp_cbc,mean_domain_loss,75.31531455294902,,180,60,True,171.99406906934314,172.27034686930705,198.0995518853173,198.5245135344457,139.7204357993819,155.99999995000002,17500.315314552943,17562.51420636424,17619.702377581234,20.05431275499343,38.00094566812046,0.4872435897435897,15.134969140543667,75.31531455294902,0.0,0
X-n157-k13,156,grocery,ortools:proxy_mean_scaled_seed109_or_tools,proxy_mean_scaled_seed109_or_tools,ortools,True,True,True,13,17425.0,4.990844964981079,0.8572220802307129,5.848067045211792,155.22,0.995,pulp_cbc,mean_domain_loss,46.081478433050606,,180,60,True,171.99406906934314,172.27034686930705,198.0995518853173,198.5245135344457,65.9101222999294,155.99999979,17471.081478433047,17501.43322838089,17531.767288989424,20.029162053994643,37.985697637884726,0.4853205128205128,15.109818279544882,46.081478433050606,0.0,0
X-n157-k13,156,cargo,ortools:proxy_mean_scaled_seed109_or_tools,proxy_mean_scaled_seed109_or_tools,ortools,True,True,True,13,17425.0,4.990844964981079,0.8964881896972656,5.887333154678345,155.22,0.995,pulp_cbc,mean_domain_loss,57.15732702358787,,180,60,True,171.99406906934314,172.27034686930705,198.0995518853173,198.5245135344457,125.7532292369227,156.00000008,17482.15732702359,17529.6653343702,17573.582768106724,20.094306679649986,37.888690414831,0.4872435897435897,15.17496319520022,57.15732702358787,0.0,0
X-n157-k13,156,cold_chain,ortools:proxy_mean_scaled_seed109_or_tools,proxy_mean_scaled_seed109_or_tools,ortools,True,True,True,13,17425.0,4.990844964981079,0.8622193336486816,5.853064298629761,155.22,0.995,pulp_cbc,mean_domain_loss,64.92387156496095,,180,60,True,171.99406906934314,172.27034686930705,198.0995518853173,198.5245135344457,143.38437454349264,155.99999979,17518.672774860977,17556.180960238293,17596.968458145107,20.03047975087515,37.70665608949668,0.4841025641025641,15.111135976425382,64.92387156496095,28.74890329601605,0
X-n157-k13,156,atm,ortools:quantile_p75_scaled_seed107_or_tools,quantile_p75_scaled_seed107_or_tools,ortools,True,True,True,13,17279.0,4.993048667907715,0.8221192359924316,5.8151679039001465,155.22000000000003,0.9950000000000002,pulp_cbc,mean_domain_loss,75.16200102606943,,180,60,True,171.99406906934314,172.27034686930705,198.0995518853173,198.5245135344457,139.76708866467305,155.99999961999998,17354.162001026067,17416.745399644067,17473.469383914482,20.027441323485565,38.0799660427551,0.4858974358974359,15.108097379035804,75.16200102606943,0.0,0
X-n157-k13,156,grocery,ortools:quantile_p75_scaled_seed107_or_tools,quantile_p75_scaled_seed107_or_tools,ortools,True,True,True,13,17279.0,4.993048667907715,0.7953529357910156,5.7884016036987305,155.22000000000003,0.9950000000000002,pulp_cbc,mean_domain_loss,45.99636891808418,,180,60,True,171.99406906934314,172.27034686930705,198.0995518853173,198.5245135344457,65.95903295899764,156.0,17324.996368918088,17355.724722881743,17385.60398975417,20.00567280350213,38.11988534409646,0.4848717948717949,15.086329239052368,45.99636891808418,0.0,0
X-n157-k13,156,cargo,ortools:quantile_p75_scaled_seed107_or_tools,quantile_p75_scaled_seed107_or_tools,ortools,True,True,True,13,17279.0,4.993048667907715,0.9300026893615724,5.923051357269287,155.22000000000003,0.9950000000000002,pulp_cbc,mean_domain_loss,57.13175890647736,,180,60,True,171.99406906934314,172.27034686930705,198.0995518853173,198.5245135344457,125.72776591554543,156.00000014,17336.13175890648,17384.030705320936,17427.41529688351,20.096524823334438,38.01659495559943,0.4867948717948718,15.177181398884668,57.13175890647736,0.0,0
X-n157-k13,156,cold_chain,ortools:quantile_p75_scaled_seed107_or_tools,quantile_p75_scaled_seed107_or_tools,ortools,True,True,True,13,17279.0,4.993048667907715,0.8586814403533936,5.851730108261108,155.22000000000003,0.9950000000000002,pulp_cbc,mean_domain_loss,64.92359404585358,,180,60,True,171.99406906934314,172.27034686930705,198.0995518853173,198.5245135344457,143.2316629139285,156.00000004999998,17372.510998722344,17410.83370716759,17450.928662059454,20.059582454997784,37.99437347242439,0.483974358974359,15.14023894054802,64.92359404585358,28.587404676492607,0
X-n157-k13,156,atm,ortools:robust_mean_1std_scaled_seed113_or_tools,robust_mean_1std_scaled_seed113_or_tools,ortools,True,True,True,13,17372.0,5.004371881484985,0.9037785530090332,5.9081504344940186,155.22,0.995,pulp_cbc,mean_domain_loss,75.28653293679913,,180,60,True,171.99406906934314,172.27034686930705,198.0995518853173,198.5245135344457,139.7240422564467,155.99999993,17447.2865329368,17509.73375397852,17566.627879942916,20.04676961955842,38.05189306147964,0.4867307692307692,15.127425985108664,75.28653293679913,0.0,0
X-n157-k13,156,grocery,ortools:robust_mean_1std_scaled_seed113_or_tools,robust_mean_1std_scaled_seed113_or_tools,ortools,True,True,True,13,17372.0,5.004371881484985,0.8845374584197998,5.888909339904785,155.22,0.995,pulp_cbc,mean_domain_loss,46.07009948735872,,180,60,True,171.99406906934314,172.27034686930705,198.0995518853173,198.5245135344457,65.91208886154759,155.9999998,17418.070099487355,17448.47947197016,17478.739526053007,20.02345096726823,38.00240090888472,0.4844230769230769,15.104107202818463,46.07009948735872,0.0,0
X-n157-k13,156,cargo,ortools:robust_mean_1std_scaled_seed113_or_tools,robust_mean_1std_scaled_seed113_or_tools,ortools,True,True,True,13,17372.0,5.004371881484985,0.951042413711548,5.955414295196533,155.22,0.995,pulp_cbc,mean_domain_loss,57.14619277196103,,180,60,True,171.99406906934314,172.27034686930705,198.0995518853173,198.5245135344457,125.750529375191,156.00000006,17429.14619277196,17476.920146515942,17520.454386095218,20.094364408337697,37.97591662364331,0.4869230769230769,15.17502090388793,57.14619277196103,0.0,0
X-n157-k13,156,cold_chain,ortools:robust_mean_1std_scaled_seed113_or_tools,robust_mean_1std_scaled_seed113_or_tools,ortools,True,True,True,13,17372.0,5.004371881484985,0.8154094219207764,5.819781303405762,155.22,0.995,pulp_cbc,mean_domain_loss,64.90000640358906,,180,60,True,171.99406906934314,172.27034686930705,198.0995518853173,198.5245135344457,143.22846726804377,155.99999993999995,17465.519054065415,17503.277845970235,17543.733360229096,20.024486287441714,37.76492553558726,0.4828846153846154,15.105142662991948,64.90000640358906,28.61904766182907,0
X-n200-k36,199,atm,ortools:nominal_or_tools,nominal_or_tools,ortools,False,False,False,0,,4.998634099960327,,4.998634099960327,14263.0,0.9855583195135434,pulp_cbc,mean_domain_loss,,ortools_no_solution,180,60,True,15848.29357856642,15876.639846372414,18695.25287890013,18726.536824392137,,,,,,,,,,,,0
X-n200-k36,199,grocery,ortools:nominal_or_tools,nominal_or_tools,ortools,False,False,False,0,,4.998634099960327,,4.998634099960327,14263.0,0.9855583195135434,pulp_cbc,mean_domain_loss,,ortools_no_solution,180,60,True,15848.29357856642,15876.639846372414,18695.25287890013,18726.536824392137,,,,,,,,,,,,0
X-n200-k36,199,cargo,ortools:nominal_or_tools,nominal_or_tools,ortools,False,False,False,0,,4.998634099960327,,4.998634099960327,14263.0,0.9855583195135434,pulp_cbc,mean_domain_loss,,ortools_no_solution,180,60,True,15848.29357856642,15876.639846372414,18695.25287890013,18726.536824392137,,,,,,,,,,,,0
X-n200-k36,199,cold_chain,ortools:nominal_or_tools,nominal_or_tools,ortools,False,False,False,0,,4.998634099960327,,4.998634099960327,14263.0,0.9855583195135434,pulp_cbc,mean_domain_loss,,ortools_no_solution,180,60,True,15848.29357856642,15876.639846372414,18695.25287890013,18726.536824392137,,,,,,,,,,,,0
X-n200-k36,199,atm,ortools:proxy_mean_or_tools,proxy_mean_or_tools,ortools,False,False,False,0,,0.0,,0.0,15848.293578566423,1.0951004407522404,pulp_cbc,mean_domain_loss,,total_load_exceeds_fleet_capacity,180,60,True,15848.29357856642,15876.639846372414,18695.25287890013,18726.536824392137,,,,,,,,,,,,0
X-n200-k36,199,grocery,ortools:proxy_mean_or_tools,proxy_mean_or_tools,ortools,False,False,False,0,,0.0,,0.0,15848.293578566423,1.0951004407522404,pulp_cbc,mean_domain_loss,,total_load_exceeds_fleet_capacity,180,60,True,15848.29357856642,15876.639846372414,18695.25287890013,18726.536824392137,,,,,,,,,,,,0
X-n200-k36,199,cargo,ortools:proxy_mean_or_tools,proxy_mean_or_tools,ortools,False,False,False,0,,0.0,,0.0,15848.293578566423,1.0951004407522404,pulp_cbc,mean_domain_loss,,total_load_exceeds_fleet_capacity,180,60,True,15848.29357856642,15876.639846372414,18695.25287890013,18726.536824392137,,,,,,,,,,,,0
X-n200-k36,199,cold_chain,ortools:proxy_mean_or_tools,proxy_mean_or_tools,ortools,False,False,False,0,,0.0,,0.0,15848.293578566423,1.0951004407522404,pulp_cbc,mean_domain_loss,,total_load_exceeds_fleet_capacity,180,60,True,15848.29357856642,15876.639846372414,18695.25287890013,18726.536824392137,,,,,,,,,,,,0
X-n200-k36,199,atm,ortools:quantile_p75_or_tools,quantile_p75_or_tools,ortools,False,False,False,0,,0.0,,0.0,18340.142077375946,1.2672845548214446,pulp_cbc,mean_domain_loss,,total_load_exceeds_fleet_capacity,180,60,True,15848.29357856642,15876.639846372414,18695.25287890013,18726.536824392137,,,,,,,,,,,,0
X-n200-k36,199,grocery,ortools:quantile_p75_or_tools,quantile_p75_or_tools,ortools,False,False,False,0,,0.0,,0.0,18340.142077375946,1.2672845548214446,pulp_cbc,mean_domain_loss,,total_load_exceeds_fleet_capacity,180,60,True,15848.29357856642,15876.639846372414,18695.25287890013,18726.536824392137,,,,,,,,,,,,0
X-n200-k36,199,cargo,ortools:quantile_p75_or_tools,quantile_p75_or_tools,ortools,False,False,False,0,,0.0,,0.0,18340.142077375946,1.2672845548214446,pulp_cbc,mean_domain_loss,,total_load_exceeds_fleet_capacity,180,60,True,15848.29357856642,15876.639846372414,18695.25287890013,18726.536824392137,,,,,,,,,,,,0
X-n200-k36,199,cold_chain,ortools:quantile_p75_or_tools,quantile_p75_or_tools,ortools,False,False,False,0,,0.0,,0.0,18340.142077375946,1.2672845548214446,pulp_cbc,mean_domain_loss,,total_load_exceeds_fleet_capacity,180,60,True,15848.29357856642,15876.639846372414,18695.25287890013,18726.536824392137,,,,,,,,,,,,0
X-n200-k36,199,atm,ortools:quantile_p90_or_tools,quantile_p90_or_tools,ortools,False,False,False,0,,0.0,,0.0,21946.55868756233,1.516484154751405,pulp_cbc,mean_domain_loss,,total_load_exceeds_fleet_capacity,180,60,True,15848.29357856642,15876.639846372414,18695.25287890013,18726.536824392137,,,,,,,,,,,,0
X-n200-k36,199,grocery,ortools:quantile_p90_or_tools,quantile_p90_or_tools,ortools,False,False,False,0,,0.0,,0.0,21946.55868756233,1.516484154751405,pulp_cbc,mean_domain_loss,,total_load_exceeds_fleet_capacity,180,60,True,15848.29357856642,15876.639846372414,18695.25287890013,18726.536824392137,,,,,,,,,,,,0
X-n200-k36,199,cargo,ortools:quantile_p90_or_tools,quantile_p90_or_tools,ortools,False,False,False,0,,0.0,,0.0,21946.55868756233,1.516484154751405,pulp_cbc,mean_domain_loss,,total_load_exceeds_fleet_capacity,180,60,True,15848.29357856642,15876.639846372414,18695.25287890013,18726.536824392137,,,,,,,,,,,,0
X-n200-k36,199,cold_chain,ortools:quantile_p90_or_tools,quantile_p90_or_tools,ortools,False,False,False,0,,0.0,,0.0,21946.55868756233,1.516484154751405,pulp_cbc,mean_domain_loss,,total_load_exceeds_fleet_capacity,180,60,True,15848.29357856642,15876.639846372414,18695.25287890013,18726.536824392137,,,,,,,,,,,,0
X-n200-k36,199,atm,ortools:robust_mean_1std_or_tools,robust_mean_1std_or_tools,ortools,False,False,False,0,,0.0,,0.0,20568.37526650941,1.4212531278682567,pulp_cbc,mean_domain_loss,,total_load_exceeds_fleet_capacity,180,60,True,15848.29357856642,15876.639846372414,18695.25287890013,18726.536824392137,,,,,,,,,,,,0
X-n200-k36,199,grocery,ortools:robust_mean_1std_or_tools,robust_mean_1std_or_tools,ortools,False,False,False,0,,0.0,,0.0,20568.37526650941,1.4212531278682567,pulp_cbc,mean_domain_loss,,total_load_exceeds_fleet_capacity,180,60,True,15848.29357856642,15876.639846372414,18695.25287890013,18726.536824392137,,,,,,,,,,,,0
X-n200-k36,199,cargo,ortools:robust_mean_1std_or_tools,robust_mean_1std_or_tools,ortools,False,False,False,0,,0.0,,0.0,20568.37526650941,1.4212531278682567,pulp_cbc,mean_domain_loss,,total_load_exceeds_fleet_capacity,180,60,True,15848.29357856642,15876.639846372414,18695.25287890013,18726.536824392137,,,,,,,,,,,,0
X-n200-k36,199,cold_chain,ortools:robust_mean_1std_or_tools,robust_mean_1std_or_tools,ortools,False,False,False,0,,0.0,,0.0,20568.37526650941,1.4212531278682567,pulp_cbc,mean_domain_loss,,total_load_exceeds_fleet_capacity,180,60,True,15848.29357856642,15876.639846372414,18695.25287890013,18726.536824392137,,,,,,,,,,,,0
X-n200-k36,199,atm,ortools:robust_mean_2std_or_tools,robust_mean_2std_or_tools,ortools,False,False,False,0,,0.0,,0.0,25288.4569544524,1.7474058149842733,pulp_cbc,mean_domain_loss,,total_load_exceeds_fleet_capacity,180,60,True,15848.29357856642,15876.639846372414,18695.25287890013,18726.536824392137,,,,,,,,,,,,0
X-n200-k36,199,grocery,ortools:robust_mean_2std_or_tools,robust_mean_2std_or_tools,ortools,False,False,False,0,,0.0,,0.0,25288.4569544524,1.7474058149842733,pulp_cbc,mean_domain_loss,,total_load_exceeds_fleet_capacity,180,60,True,15848.29357856642,15876.639846372414,18695.25287890013,18726.536824392137,,,,,,,,,,,,0
X-n200-k36,199,cargo,ortools:robust_mean_2std_or_tools,robust_mean_2std_or_tools,ortools,False,False,False,0,,0.0,,0.0,25288.4569544524,1.7474058149842733,pulp_cbc,mean_domain_loss,,total_load_exceeds_fleet_capacity,180,60,True,15848.29357856642,15876.639846372414,18695.25287890013,18726.536824392137,,,,,,,,,,,,0
X-n200-k36,199,cold_chain,ortools:robust_mean_2std_or_tools,robust_mean_2std_or_tools,ortools,False,False,False,0,,0.0,,0.0,25288.4569544524,1.7474058149842733,pulp_cbc,mean_domain_loss,,total_load_exceeds_fleet_capacity,180,60,True,15848.29357856642,15876.639846372414,18695.25287890013,18726.536824392137,,,,,,,,,,,,0
X-n200-k36,199,atm,ortools:proxy_mean_scaled_or_tools,proxy_mean_scaled_or_tools,ortools,False,False,False,0,,5.005483150482178,,5.005483150482178,14399.64,0.995,pulp_cbc,mean_domain_loss,,ortools_no_solution,180,60,True,15848.29357856642,15876.639846372414,18695.25287890013,18726.536824392137,,,,,,,,,,,,0
X-n200-k36,199,grocery,ortools:proxy_mean_scaled_or_tools,proxy_mean_scaled_or_tools,ortools,False,False,False,0,,5.005483150482178,,5.005483150482178,14399.64,0.995,pulp_cbc,mean_domain_loss,,ortools_no_solution,180,60,True,15848.29357856642,15876.639846372414,18695.25287890013,18726.536824392137,,,,,,,,,,,,0
X-n200-k36,199,cargo,ortools:proxy_mean_scaled_or_tools,proxy_mean_scaled_or_tools,ortools,False,False,False,0,,5.005483150482178,,5.005483150482178,14399.64,0.995,pulp_cbc,mean_domain_loss,,ortools_no_solution,180,60,True,15848.29357856642,15876.639846372414,18695.25287890013,18726.536824392137,,,,,,,,,,,,0
X-n200-k36,199,cold_chain,ortools:proxy_mean_scaled_or_tools,proxy_mean_scaled_or_tools,ortools,False,False,False,0,,5.005483150482178,,5.005483150482178,14399.64,0.995,pulp_cbc,mean_domain_loss,,ortools_no_solution,180,60,True,15848.29357856642,15876.639846372414,18695.25287890013,18726.536824392137,,,,,,,,,,,,0
X-n200-k36,199,atm,ortools:quantile_p75_scaled_or_tools,quantile_p75_scaled_or_tools,ortools,False,False,False,0,,5.002514600753784,,5.002514600753784,14399.64,0.995,pulp_cbc,mean_domain_loss,,ortools_no_solution,180,60,True,15848.29357856642,15876.639846372414,18695.25287890013,18726.536824392137,,,,,,,,,,,,0
X-n200-k36,199,grocery,ortools:quantile_p75_scaled_or_tools,quantile_p75_scaled_or_tools,ortools,False,False,False,0,,5.002514600753784,,5.002514600753784,14399.64,0.995,pulp_cbc,mean_domain_loss,,ortools_no_solution,180,60,True,15848.29357856642,15876.639846372414,18695.25287890013,18726.536824392137,,,,,,,,,,,,0
X-n200-k36,199,cargo,ortools:quantile_p75_scaled_or_tools,quantile_p75_scaled_or_tools,ortools,False,False,False,0,,5.002514600753784,,5.002514600753784,14399.64,0.995,pulp_cbc,mean_domain_loss,,ortools_no_solution,180,60,True,15848.29357856642,15876.639846372414,18695.25287890013,18726.536824392137,,,,,,,,,,,,0
X-n200-k36,199,cold_chain,ortools:quantile_p75_scaled_or_tools,quantile_p75_scaled_or_tools,ortools,False,False,False,0,,5.002514600753784,,5.002514600753784,14399.64,0.995,pulp_cbc,mean_domain_loss,,ortools_no_solution,180,60,True,15848.29357856642,15876.639846372414,18695.25287890013,18726.536824392137,,,,,,,,,,,,0
X-n200-k36,199,atm,ortools:quantile_p90_scaled_or_tools,quantile_p90_scaled_or_tools,ortools,False,False,False,0,,5.0033814907073975,,5.0033814907073975,14399.639999999998,0.995,pulp_cbc,mean_domain_loss,,ortools_no_solution,180,60,True,15848.29357856642,15876.639846372414,18695.25287890013,18726.536824392137,,,,,,,,,,,,0
X-n200-k36,199,grocery,ortools:quantile_p90_scaled_or_tools,quantile_p90_scaled_or_tools,ortools,False,False,False,0,,5.0033814907073975,,5.0033814907073975,14399.639999999998,0.995,pulp_cbc,mean_domain_loss,,ortools_no_solution,180,60,True,15848.29357856642,15876.639846372414,18695.25287890013,18726.536824392137,,,,,,,,,,,,0
X-n200-k36,199,cargo,ortools:quantile_p90_scaled_or_tools,quantile_p90_scaled_or_tools,ortools,False,False,False,0,,5.0033814907073975,,5.0033814907073975,14399.639999999998,0.995,pulp_cbc,mean_domain_loss,,ortools_no_solution,180,60,True,15848.29357856642,15876.639846372414,18695.25287890013,18726.536824392137,,,,,,,,,,,,0
X-n200-k36,199,cold_chain,ortools:quantile_p90_scaled_or_tools,quantile_p90_scaled_or_tools,ortools,False,False,False,0,,5.0033814907073975,,5.0033814907073975,14399.639999999998,0.995,pulp_cbc,mean_domain_loss,,ortools_no_solution,180,60,True,15848.29357856642,15876.639846372414,18695.25287890013,18726.536824392137,,,,,,,,,,,,0
X-n200-k36,199,atm,ortools:robust_mean_1std_scaled_or_tools,robust_mean_1std_scaled_or_tools,ortools,False,False,False,0,,5.003699064254761,,5.003699064254761,14399.64,0.995,pulp_cbc,mean_domain_loss,,ortools_no_solution,180,60,True,15848.29357856642,15876.639846372414,18695.25287890013,18726.536824392137,,,,,,,,,,,,0
X-n200-k36,199,grocery,ortools:robust_mean_1std_scaled_or_tools,robust_mean_1std_scaled_or_tools,ortools,False,False,False,0,,5.003699064254761,,5.003699064254761,14399.64,0.995,pulp_cbc,mean_domain_loss,,ortools_no_solution,180,60,True,15848.29357856642,15876.639846372414,18695.25287890013,18726.536824392137,,,,,,,,,,,,0
X-n200-k36,199,cargo,ortools:robust_mean_1std_scaled_or_tools,robust_mean_1std_scaled_or_tools,ortools,False,False,False,0,,5.003699064254761,,5.003699064254761,14399.64,0.995,pulp_cbc,mean_domain_loss,,ortools_no_solution,180,60,True,15848.29357856642,15876.639846372414,18695.25287890013,18726.536824392137,,,,,,,,,,,,0
X-n200-k36,199,cold_chain,ortools:robust_mean_1std_scaled_or_tools,robust_mean_1std_scaled_or_tools,ortools,False,False,False,0,,5.003699064254761,,5.003699064254761,14399.64,0.995,pulp_cbc,mean_domain_loss,,ortools_no_solution,180,60,True,15848.29357856642,15876.639846372414,18695.25287890013,18726.536824392137,,,,,,,,,,,,0
X-n200-k36,199,atm,ortools:robust_mean_2std_scaled_or_tools,robust_mean_2std_scaled_or_tools,ortools,False,False,False,0,,5.005975008010864,,5.005975008010864,14399.639999999996,0.9949999999999996,pulp_cbc,mean_domain_loss,,ortools_no_solution,180,60,True,15848.29357856642,15876.639846372414,18695.25287890013,18726.536824392137,,,,,,,,,,,,0
X-n200-k36,199,grocery,ortools:robust_mean_2std_scaled_or_tools,robust_mean_2std_scaled_or_tools,ortools,False,False,False,0,,5.005975008010864,,5.005975008010864,14399.639999999996,0.9949999999999996,pulp_cbc,mean_domain_loss,,ortools_no_solution,180,60,True,15848.29357856642,15876.639846372414,18695.25287890013,18726.536824392137,,,,,,,,,,,,0
X-n200-k36,199,cargo,ortools:robust_mean_2std_scaled_or_tools,robust_mean_2std_scaled_or_tools,ortools,False,False,False,0,,5.005975008010864,,5.005975008010864,14399.639999999996,0.9949999999999996,pulp_cbc,mean_domain_loss,,ortools_no_solution,180,60,True,15848.29357856642,15876.639846372414,18695.25287890013,18726.536824392137,,,,,,,,,,,,0
X-n200-k36,199,cold_chain,ortools:robust_mean_2std_scaled_or_tools,robust_mean_2std_scaled_or_tools,ortools,False,False,False,0,,5.005975008010864,,5.005975008010864,14399.639999999996,0.9949999999999996,pulp_cbc,mean_domain_loss,,ortools_no_solution,180,60,True,15848.29357856642,15876.639846372414,18695.25287890013,18726.536824392137,,,,,,,,,,,,0
X-n200-k36,199,atm,ortools:nominal_seed101_or_tools,nominal_seed101_or_tools,ortools,False,False,False,0,,4.999227046966553,,4.999227046966553,14263.0,0.9855583195135434,pulp_cbc,mean_domain_loss,,ortools_no_solution,180,60,True,15848.29357856642,15876.639846372414,18695.25287890013,18726.536824392137,,,,,,,,,,,,0
X-n200-k36,199,grocery,ortools:nominal_seed101_or_tools,nominal_seed101_or_tools,ortools,False,False,False,0,,4.999227046966553,,4.999227046966553,14263.0,0.9855583195135434,pulp_cbc,mean_domain_loss,,ortools_no_solution,180,60,True,15848.29357856642,15876.639846372414,18695.25287890013,18726.536824392137,,,,,,,,,,,,0
X-n200-k36,199,cargo,ortools:nominal_seed101_or_tools,nominal_seed101_or_tools,ortools,False,False,False,0,,4.999227046966553,,4.999227046966553,14263.0,0.9855583195135434,pulp_cbc,mean_domain_loss,,ortools_no_solution,180,60,True,15848.29357856642,15876.639846372414,18695.25287890013,18726.536824392137,,,,,,,,,,,,0
X-n200-k36,199,cold_chain,ortools:nominal_seed101_or_tools,nominal_seed101_or_tools,ortools,False,False,False,0,,4.999227046966553,,4.999227046966553,14263.0,0.9855583195135434,pulp_cbc,mean_domain_loss,,ortools_no_solution,180,60,True,15848.29357856642,15876.639846372414,18695.25287890013,18726.536824392137,,,,,,,,,,,,0
X-n200-k36,199,atm,ortools:nominal_seed103_or_tools,nominal_seed103_or_tools,ortools,False,False,False,0,,5.003038644790649,,5.003038644790649,14263.0,0.9855583195135434,pulp_cbc,mean_domain_loss,,ortools_no_solution,180,60,True,15848.29357856642,15876.639846372414,18695.25287890013,18726.536824392137,,,,,,,,,,,,0
X-n200-k36,199,grocery,ortools:nominal_seed103_or_tools,nominal_seed103_or_tools,ortools,False,False,False,0,,5.003038644790649,,5.003038644790649,14263.0,0.9855583195135434,pulp_cbc,mean_domain_loss,,ortools_no_solution,180,60,True,15848.29357856642,15876.639846372414,18695.25287890013,18726.536824392137,,,,,,,,,,,,0
X-n200-k36,199,cargo,ortools:nominal_seed103_or_tools,nominal_seed103_or_tools,ortools,False,False,False,0,,5.003038644790649,,5.003038644790649,14263.0,0.9855583195135434,pulp_cbc,mean_domain_loss,,ortools_no_solution,180,60,True,15848.29357856642,15876.639846372414,18695.25287890013,18726.536824392137,,,,,,,,,,,,0
X-n200-k36,199,cold_chain,ortools:nominal_seed103_or_tools,nominal_seed103_or_tools,ortools,False,False,False,0,,5.003038644790649,,5.003038644790649,14263.0,0.9855583195135434,pulp_cbc,mean_domain_loss,,ortools_no_solution,180,60,True,15848.29357856642,15876.639846372414,18695.25287890013,18726.536824392137,,,,,,,,,,,,0
X-n200-k36,199,atm,ortools:proxy_mean_scaled_seed109_or_tools,proxy_mean_scaled_seed109_or_tools,ortools,False,False,False,0,,5.007976531982422,,5.007976531982422,14399.64,0.995,pulp_cbc,mean_domain_loss,,ortools_no_solution,180,60,True,15848.29357856642,15876.639846372414,18695.25287890013,18726.536824392137,,,,,,,,,,,,0
X-n200-k36,199,grocery,ortools:proxy_mean_scaled_seed109_or_tools,proxy_mean_scaled_seed109_or_tools,ortools,False,False,False,0,,5.007976531982422,,5.007976531982422,14399.64,0.995,pulp_cbc,mean_domain_loss,,ortools_no_solution,180,60,True,15848.29357856642,15876.639846372414,18695.25287890013,18726.536824392137,,,,,,,,,,,,0
X-n200-k36,199,cargo,ortools:proxy_mean_scaled_seed109_or_tools,proxy_mean_scaled_seed109_or_tools,ortools,False,False,False,0,,5.007976531982422,,5.007976531982422,14399.64,0.995,pulp_cbc,mean_domain_loss,,ortools_no_solution,180,60,True,15848.29357856642,15876.639846372414,18695.25287890013,18726.536824392137,,,,,,,,,,,,0
X-n200-k36,199,cold_chain,ortools:proxy_mean_scaled_seed109_or_tools,proxy_mean_scaled_seed109_or_tools,ortools,False,False,False,0,,5.007976531982422,,5.007976531982422,14399.64,0.995,pulp_cbc,mean_domain_loss,,ortools_no_solution,180,60,True,15848.29357856642,15876.639846372414,18695.25287890013,18726.536824392137,,,,,,,,,,,,0
X-n200-k36,199,atm,ortools:quantile_p75_scaled_seed107_or_tools,quantile_p75_scaled_seed107_or_tools,ortools,False,False,False,0,,4.998948335647583,,4.998948335647583,14399.64,0.995,pulp_cbc,mean_domain_loss,,ortools_no_solution,180,60,True,15848.29357856642,15876.639846372414,18695.25287890013,18726.536824392137,,,,,,,,,,,,0
X-n200-k36,199,grocery,ortools:quantile_p75_scaled_seed107_or_tools,quantile_p75_scaled_seed107_or_tools,ortools,False,False,False,0,,4.998948335647583,,4.998948335647583,14399.64,0.995,pulp_cbc,mean_domain_loss,,ortools_no_solution,180,60,True,15848.29357856642,15876.639846372414,18695.25287890013,18726.536824392137,,,,,,,,,,,,0
X-n200-k36,199,cargo,ortools:quantile_p75_scaled_seed107_or_tools,quantile_p75_scaled_seed107_or_tools,ortools,False,False,False,0,,4.998948335647583,,4.998948335647583,14399.64,0.995,pulp_cbc,mean_domain_loss,,ortools_no_solution,180,60,True,15848.29357856642,15876.639846372414,18695.25287890013,18726.536824392137,,,,,,,,,,,,0
X-n200-k36,199,cold_chain,ortools:quantile_p75_scaled_seed107_or_tools,quantile_p75_scaled_seed107_or_tools,ortools,False,False,False,0,,4.998948335647583,,4.998948335647583,14399.64,0.995,pulp_cbc,mean_domain_loss,,ortools_no_solution,180,60,True,15848.29357856642,15876.639846372414,18695.25287890013,18726.536824392137,,,,,,,,,,,,0
X-n200-k36,199,atm,ortools:robust_mean_1std_scaled_seed113_or_tools,robust_mean_1std_scaled_seed113_or_tools,ortools,False,False,False,0,,4.998136043548584,,4.998136043548584,14399.64,0.995,pulp_cbc,mean_domain_loss,,ortools_no_solution,180,60,True,15848.29357856642,15876.639846372414,18695.25287890013,18726.536824392137,,,,,,,,,,,,0
X-n200-k36,199,grocery,ortools:robust_mean_1std_scaled_seed113_or_tools,robust_mean_1std_scaled_seed113_or_tools,ortools,False,False,False,0,,4.998136043548584,,4.998136043548584,14399.64,0.995,pulp_cbc,mean_domain_loss,,ortools_no_solution,180,60,True,15848.29357856642,15876.639846372414,18695.25287890013,18726.536824392137,,,,,,,,,,,,0
X-n200-k36,199,cargo,ortools:robust_mean_1std_scaled_seed113_or_tools,robust_mean_1std_scaled_seed113_or_tools,ortools,False,False,False,0,,4.998136043548584,,4.998136043548584,14399.64,0.995,pulp_cbc,mean_domain_loss,,ortools_no_solution,180,60,True,15848.29357856642,15876.639846372414,18695.25287890013,18726.536824392137,,,,,,,,,,,,0
X-n200-k36,199,cold_chain,ortools:robust_mean_1std_scaled_seed113_or_tools,robust_mean_1std_scaled_seed113_or_tools,ortools,False,False,False,0,,4.998136043548584,,4.998136043548584,14399.64,0.995,pulp_cbc,mean_domain_loss,,ortools_no_solution,180,60,True,15848.29357856642,15876.639846372414,18695.25287890013,18726.536824392137,,,,,,,,,,,,0
X-n247-k50,246,atm,ortools:nominal_or_tools,nominal_or_tools,ortools,False,False,False,0,,5.011200189590454,,5.011200189590454,6200.0,0.9253731343283582,pulp_cbc,mean_domain_loss,,ortools_no_solution,180,60,True,6790.297053471086,6805.254491454063,7900.713418923839,7905.601073607675,,,,,,,,,,,,0
X-n247-k50,246,grocery,ortools:nominal_or_tools,nominal_or_tools,ortools,False,False,False,0,,5.011200189590454,,5.011200189590454,6200.0,0.9253731343283582,pulp_cbc,mean_domain_loss,,ortools_no_solution,180,60,True,6790.297053471086,6805.254491454063,7900.713418923839,7905.601073607675,,,,,,,,,,,,0
X-n247-k50,246,cargo,ortools:nominal_or_tools,nominal_or_tools,ortools,False,False,False,0,,5.011200189590454,,5.011200189590454,6200.0,0.9253731343283582,pulp_cbc,mean_domain_loss,,ortools_no_solution,180,60,True,6790.297053471086,6805.254491454063,7900.713418923839,7905.601073607675,,,,,,,,,,,,0
X-n247-k50,246,cold_chain,ortools:nominal_or_tools,nominal_or_tools,ortools,False,False,False,0,,5.011200189590454,,5.011200189590454,6200.0,0.9253731343283582,pulp_cbc,mean_domain_loss,,ortools_no_solution,180,60,True,6790.297053471086,6805.254491454063,7900.713418923839,7905.601073607675,,,,,,,,,,,,0
X-n247-k50,246,atm,ortools:proxy_mean_or_tools,proxy_mean_or_tools,ortools,False,False,False,0,,0.0,,0.0,6790.297053471086,1.0134771721598634,pulp_cbc,mean_domain_loss,,total_load_exceeds_fleet_capacity,180,60,True,6790.297053471086,6805.254491454063,7900.713418923839,7905.601073607675,,,,,,,,,,,,0
X-n247-k50,246,grocery,ortools:proxy_mean_or_tools,proxy_mean_or_tools,ortools,False,False,False,0,,0.0,,0.0,6790.297053471086,1.0134771721598634,pulp_cbc,mean_domain_loss,,total_load_exceeds_fleet_capacity,180,60,True,6790.297053471086,6805.254491454063,7900.713418923839,7905.601073607675,,,,,,,,,,,,0
X-n247-k50,246,cargo,ortools:proxy_mean_or_tools,proxy_mean_or_tools,ortools,False,False,False,0,,0.0,,0.0,6790.297053471086,1.0134771721598634,pulp_cbc,mean_domain_loss,,total_load_exceeds_fleet_capacity,180,60,True,6790.297053471086,6805.254491454063,7900.713418923839,7905.601073607675,,,,,,,,,,,,0
X-n247-k50,246,cold_chain,ortools:proxy_mean_or_tools,proxy_mean_or_tools,ortools,False,False,False,0,,0.0,,0.0,6790.297053471086,1.0134771721598634,pulp_cbc,mean_domain_loss,,total_load_exceeds_fleet_capacity,180,60,True,6790.297053471086,6805.254491454063,7900.713418923839,7905.601073607675,,,,,,,,,,,,0
X-n247-k50,246,atm,ortools:quantile_p75_or_tools,quantile_p75_or_tools,ortools,False,False,False,0,,0.0,,0.0,7970.457574219065,1.189620533465532,pulp_cbc,mean_domain_loss,,total_load_exceeds_fleet_capacity,180,60,True,6790.297053471086,6805.254491454063,7900.713418923839,7905.601073607675,,,,,,,,,,,,0
X-n247-k50,246,grocery,ortools:quantile_p75_or_tools,quantile_p75_or_tools,ortools,False,False,False,0,,0.0,,0.0,7970.457574219065,1.189620533465532,pulp_cbc,mean_domain_loss,,total_load_exceeds_fleet_capacity,180,60,True,6790.297053471086,6805.254491454063,7900.713418923839,7905.601073607675,,,,,,,,,,,,0
X-n247-k50,246,cargo,ortools:quantile_p75_or_tools,quantile_p75_or_tools,ortools,False,False,False,0,,0.0,,0.0,7970.457574219065,1.189620533465532,pulp_cbc,mean_domain_loss,,total_load_exceeds_fleet_capacity,180,60,True,6790.297053471086,6805.254491454063,7900.713418923839,7905.601073607675,,,,,,,,,,,,0
X-n247-k50,246,cold_chain,ortools:quantile_p75_or_tools,quantile_p75_or_tools,ortools,False,False,False,0,,0.0,,0.0,7970.457574219065,1.189620533465532,pulp_cbc,mean_domain_loss,,total_load_exceeds_fleet_capacity,180,60,True,6790.297053471086,6805.254491454063,7900.713418923839,7905.601073607675,,,,,,,,,,,,0
X-n247-k50,246,atm,ortools:quantile_p90_or_tools,quantile_p90_or_tools,ortools,False,False,False,0,,0.0,,0.0,9754.4345019994,1.4558857465670747,pulp_cbc,mean_domain_loss,,single_node_exceeds_capacity,180,60,True,6790.297053471086,6805.254491454063,7900.713418923839,7905.601073607675,,,,,,,,,,,,0
X-n247-k50,246,grocery,ortools:quantile_p90_or_tools,quantile_p90_or_tools,ortools,False,False,False,0,,0.0,,0.0,9754.4345019994,1.4558857465670747,pulp_cbc,mean_domain_loss,,single_node_exceeds_capacity,180,60,True,6790.297053471086,6805.254491454063,7900.713418923839,7905.601073607675,,,,,,,,,,,,0
X-n247-k50,246,cargo,ortools:quantile_p90_or_tools,quantile_p90_or_tools,ortools,False,False,False,0,,0.0,,0.0,9754.4345019994,1.4558857465670747,pulp_cbc,mean_domain_loss,,single_node_exceeds_capacity,180,60,True,6790.297053471086,6805.254491454063,7900.713418923839,7905.601073607675,,,,,,,,,,,,0
X-n247-k50,246,cold_chain,ortools:quantile_p90_or_tools,quantile_p90_or_tools,ortools,False,False,False,0,,0.0,,0.0,9754.4345019994,1.4558857465670747,pulp_cbc,mean_domain_loss,,single_node_exceeds_capacity,180,60,True,6790.297053471086,6805.254491454063,7900.713418923839,7905.601073607675,,,,,,,,,,,,0
X-n247-k50,246,atm,ortools:robust_mean_1std_or_tools,robust_mean_1std_or_tools,ortools,False,False,False,0,,0.0,,0.0,9051.049511699106,1.3509029121938965,pulp_cbc,mean_domain_loss,,single_node_exceeds_capacity,180,60,True,6790.297053471086,6805.254491454063,7900.713418923839,7905.601073607675,,,,,,,,,,,,0
X-n247-k50,246,grocery,ortools:robust_mean_1std_or_tools,robust_mean_1std_or_tools,ortools,False,False,False,0,,0.0,,0.0,9051.049511699106,1.3509029121938965,pulp_cbc,mean_domain_loss,,single_node_exceeds_capacity,180,60,True,6790.297053471086,6805.254491454063,7900.713418923839,7905.601073607675,,,,,,,,,,,,0
X-n247-k50,246,cargo,ortools:robust_mean_1std_or_tools,robust_mean_1std_or_tools,ortools,False,False,False,0,,0.0,,0.0,9051.049511699106,1.3509029121938965,pulp_cbc,mean_domain_loss,,single_node_exceeds_capacity,180,60,True,6790.297053471086,6805.254491454063,7900.713418923839,7905.601073607675,,,,,,,,,,,,0
X-n247-k50,246,cold_chain,ortools:robust_mean_1std_or_tools,robust_mean_1std_or_tools,ortools,False,False,False,0,,0.0,,0.0,9051.049511699106,1.3509029121938965,pulp_cbc,mean_domain_loss,,single_node_exceeds_capacity,180,60,True,6790.297053471086,6805.254491454063,7900.713418923839,7905.601073607675,,,,,,,,,,,,0
X-n247-k50,246,atm,ortools:robust_mean_2std_or_tools,robust_mean_2std_or_tools,ortools,False,False,False,0,,0.0,,0.0,11311.801969927124,1.688328652227929,pulp_cbc,mean_domain_loss,,single_node_exceeds_capacity,180,60,True,6790.297053471086,6805.254491454063,7900.713418923839,7905.601073607675,,,,,,,,,,,,0
X-n247-k50,246,grocery,ortools:robust_mean_2std_or_tools,robust_mean_2std_or_tools,ortools,False,False,False,0,,0.0,,0.0,11311.801969927124,1.688328652227929,pulp_cbc,mean_domain_loss,,single_node_exceeds_capacity,180,60,True,6790.297053471086,6805.254491454063,7900.713418923839,7905.601073607675,,,,,,,,,,,,0
X-n247-k50,246,cargo,ortools:robust_mean_2std_or_tools,robust_mean_2std_or_tools,ortools,False,False,False,0,,0.0,,0.0,11311.801969927124,1.688328652227929,pulp_cbc,mean_domain_loss,,single_node_exceeds_capacity,180,60,True,6790.297053471086,6805.254491454063,7900.713418923839,7905.601073607675,,,,,,,,,,,,0
X-n247-k50,246,cold_chain,ortools:robust_mean_2std_or_tools,robust_mean_2std_or_tools,ortools,False,False,False,0,,0.0,,0.0,11311.801969927124,1.688328652227929,pulp_cbc,mean_domain_loss,,single_node_exceeds_capacity,180,60,True,6790.297053471086,6805.254491454063,7900.713418923839,7905.601073607675,,,,,,,,,,,,0
X-n247-k50,246,atm,ortools:proxy_mean_scaled_or_tools,proxy_mean_scaled_or_tools,ortools,False,False,False,0,,5.005462646484375,,5.005462646484375,6666.500000000001,0.995,pulp_cbc,mean_domain_loss,,ortools_no_solution,180,60,True,6790.297053471086,6805.254491454063,7900.713418923839,7905.601073607675,,,,,,,,,,,,0
X-n247-k50,246,grocery,ortools:proxy_mean_scaled_or_tools,proxy_mean_scaled_or_tools,ortools,False,False,False,0,,5.005462646484375,,5.005462646484375,6666.500000000001,0.995,pulp_cbc,mean_domain_loss,,ortools_no_solution,180,60,True,6790.297053471086,6805.254491454063,7900.713418923839,7905.601073607675,,,,,,,,,,,,0
X-n247-k50,246,cargo,ortools:proxy_mean_scaled_or_tools,proxy_mean_scaled_or_tools,ortools,False,False,False,0,,5.005462646484375,,5.005462646484375,6666.500000000001,0.995,pulp_cbc,mean_domain_loss,,ortools_no_solution,180,60,True,6790.297053471086,6805.254491454063,7900.713418923839,7905.601073607675,,,,,,,,,,,,0
X-n247-k50,246,cold_chain,ortools:proxy_mean_scaled_or_tools,proxy_mean_scaled_or_tools,ortools,False,False,False,0,,5.005462646484375,,5.005462646484375,6666.500000000001,0.995,pulp_cbc,mean_domain_loss,,ortools_no_solution,180,60,True,6790.297053471086,6805.254491454063,7900.713418923839,7905.601073607675,,,,,,,,,,,,0
X-n247-k50,246,atm,ortools:quantile_p75_scaled_or_tools,quantile_p75_scaled_or_tools,ortools,False,False,False,0,,5.009793043136597,,5.009793043136597,6666.500000000001,0.995,pulp_cbc,mean_domain_loss,,ortools_no_solution,180,60,True,6790.297053471086,6805.254491454063,7900.713418923839,7905.601073607675,,,,,,,,,,,,0
X-n247-k50,246,grocery,ortools:quantile_p75_scaled_or_tools,quantile_p75_scaled_or_tools,ortools,False,False,False,0,,5.009793043136597,,5.009793043136597,6666.500000000001,0.995,pulp_cbc,mean_domain_loss,,ortools_no_solution,180,60,True,6790.297053471086,6805.254491454063,7900.713418923839,7905.601073607675,,,,,,,,,,,,0
X-n247-k50,246,cargo,ortools:quantile_p75_scaled_or_tools,quantile_p75_scaled_or_tools,ortools,False,False,False,0,,5.009793043136597,,5.009793043136597,6666.500000000001,0.995,pulp_cbc,mean_domain_loss,,ortools_no_solution,180,60,True,6790.297053471086,6805.254491454063,7900.713418923839,7905.601073607675,,,,,,,,,,,,0
X-n247-k50,246,cold_chain,ortools:quantile_p75_scaled_or_tools,quantile_p75_scaled_or_tools,ortools,False,False,False,0,,5.009793043136597,,5.009793043136597,6666.500000000001,0.995,pulp_cbc,mean_domain_loss,,ortools_no_solution,180,60,True,6790.297053471086,6805.254491454063,7900.713418923839,7905.601073607675,,,,,,,,,,,,0
X-n247-k50,246,atm,ortools:quantile_p90_scaled_or_tools,quantile_p90_scaled_or_tools,ortools,False,False,False,0,,5.001302242279053,,5.001302242279053,6666.499999999999,0.995,pulp_cbc,mean_domain_loss,,ortools_no_solution,180,60,True,6790.297053471086,6805.254491454063,7900.713418923839,7905.601073607675,,,,,,,,,,,,0
X-n247-k50,246,grocery,ortools:quantile_p90_scaled_or_tools,quantile_p90_scaled_or_tools,ortools,False,False,False,0,,5.001302242279053,,5.001302242279053,6666.499999999999,0.995,pulp_cbc,mean_domain_loss,,ortools_no_solution,180,60,True,6790.297053471086,6805.254491454063,7900.713418923839,7905.601073607675,,,,,,,,,,,,0
X-n247-k50,246,cargo,ortools:quantile_p90_scaled_or_tools,quantile_p90_scaled_or_tools,ortools,False,False,False,0,,5.001302242279053,,5.001302242279053,6666.499999999999,0.995,pulp_cbc,mean_domain_loss,,ortools_no_solution,180,60,True,6790.297053471086,6805.254491454063,7900.713418923839,7905.601073607675,,,,,,,,,,,,0
X-n247-k50,246,cold_chain,ortools:quantile_p90_scaled_or_tools,quantile_p90_scaled_or_tools,ortools,False,False,False,0,,5.001302242279053,,5.001302242279053,6666.499999999999,0.995,pulp_cbc,mean_domain_loss,,ortools_no_solution,180,60,True,6790.297053471086,6805.254491454063,7900.713418923839,7905.601073607675,,,,,,,,,,,,0
X-n247-k50,246,atm,ortools:robust_mean_1std_scaled_or_tools,robust_mean_1std_scaled_or_tools,ortools,False,False,False,0,,5.006844758987427,,5.006844758987427,6666.499999999999,0.995,pulp_cbc,mean_domain_loss,,ortools_no_solution,180,60,True,6790.297053471086,6805.254491454063,7900.713418923839,7905.601073607675,,,,,,,,,,,,0
X-n247-k50,246,grocery,ortools:robust_mean_1std_scaled_or_tools,robust_mean_1std_scaled_or_tools,ortools,False,False,False,0,,5.006844758987427,,5.006844758987427,6666.499999999999,0.995,pulp_cbc,mean_domain_loss,,ortools_no_solution,180,60,True,6790.297053471086,6805.254491454063,7900.713418923839,7905.601073607675,,,,,,,,,,,,0
X-n247-k50,246,cargo,ortools:robust_mean_1std_scaled_or_tools,robust_mean_1std_scaled_or_tools,ortools,False,False,False,0,,5.006844758987427,,5.006844758987427,6666.499999999999,0.995,pulp_cbc,mean_domain_loss,,ortools_no_solution,180,60,True,6790.297053471086,6805.254491454063,7900.713418923839,7905.601073607675,,,,,,,,,,,,0
X-n247-k50,246,cold_chain,ortools:robust_mean_1std_scaled_or_tools,robust_mean_1std_scaled_or_tools,ortools,False,False,False,0,,5.006844758987427,,5.006844758987427,6666.499999999999,0.995,pulp_cbc,mean_domain_loss,,ortools_no_solution,180,60,True,6790.297053471086,6805.254491454063,7900.713418923839,7905.601073607675,,,,,,,,,,,,0
X-n247-k50,246,atm,ortools:robust_mean_2std_scaled_or_tools,robust_mean_2std_scaled_or_tools,ortools,False,False,False,0,,4.99777626991272,,4.99777626991272,6666.499999999998,0.9949999999999998,pulp_cbc,mean_domain_loss,,ortools_no_solution,180,60,True,6790.297053471086,6805.254491454063,7900.713418923839,7905.601073607675,,,,,,,,,,,,0
X-n247-k50,246,grocery,ortools:robust_mean_2std_scaled_or_tools,robust_mean_2std_scaled_or_tools,ortools,False,False,False,0,,4.99777626991272,,4.99777626991272,6666.499999999998,0.9949999999999998,pulp_cbc,mean_domain_loss,,ortools_no_solution,180,60,True,6790.297053471086,6805.254491454063,7900.713418923839,7905.601073607675,,,,,,,,,,,,0
X-n247-k50,246,cargo,ortools:robust_mean_2std_scaled_or_tools,robust_mean_2std_scaled_or_tools,ortools,False,False,False,0,,4.99777626991272,,4.99777626991272,6666.499999999998,0.9949999999999998,pulp_cbc,mean_domain_loss,,ortools_no_solution,180,60,True,6790.297053471086,6805.254491454063,7900.713418923839,7905.601073607675,,,,,,,,,,,,0
X-n247-k50,246,cold_chain,ortools:robust_mean_2std_scaled_or_tools,robust_mean_2std_scaled_or_tools,ortools,False,False,False,0,,4.99777626991272,,4.99777626991272,6666.499999999998,0.9949999999999998,pulp_cbc,mean_domain_loss,,ortools_no_solution,180,60,True,6790.297053471086,6805.254491454063,7900.713418923839,7905.601073607675,,,,,,,,,,,,0
X-n247-k50,246,atm,ortools:nominal_seed101_or_tools,nominal_seed101_or_tools,ortools,False,False,False,0,,5.014334678649902,,5.014334678649902,6200.0,0.9253731343283582,pulp_cbc,mean_domain_loss,,ortools_no_solution,180,60,True,6790.297053471086,6805.254491454063,7900.713418923839,7905.601073607675,,,,,,,,,,,,0
X-n247-k50,246,grocery,ortools:nominal_seed101_or_tools,nominal_seed101_or_tools,ortools,False,False,False,0,,5.014334678649902,,5.014334678649902,6200.0,0.9253731343283582,pulp_cbc,mean_domain_loss,,ortools_no_solution,180,60,True,6790.297053471086,6805.254491454063,7900.713418923839,7905.601073607675,,,,,,,,,,,,0
X-n247-k50,246,cargo,ortools:nominal_seed101_or_tools,nominal_seed101_or_tools,ortools,False,False,False,0,,5.014334678649902,,5.014334678649902,6200.0,0.9253731343283582,pulp_cbc,mean_domain_loss,,ortools_no_solution,180,60,True,6790.297053471086,6805.254491454063,7900.713418923839,7905.601073607675,,,,,,,,,,,,0
X-n247-k50,246,cold_chain,ortools:nominal_seed101_or_tools,nominal_seed101_or_tools,ortools,False,False,False,0,,5.014334678649902,,5.014334678649902,6200.0,0.9253731343283582,pulp_cbc,mean_domain_loss,,ortools_no_solution,180,60,True,6790.297053471086,6805.254491454063,7900.713418923839,7905.601073607675,,,,,,,,,,,,0
X-n247-k50,246,atm,ortools:nominal_seed103_or_tools,nominal_seed103_or_tools,ortools,False,False,False,0,,5.001396656036377,,5.001396656036377,6200.0,0.9253731343283582,pulp_cbc,mean_domain_loss,,ortools_no_solution,180,60,True,6790.297053471086,6805.254491454063,7900.713418923839,7905.601073607675,,,,,,,,,,,,0
X-n247-k50,246,grocery,ortools:nominal_seed103_or_tools,nominal_seed103_or_tools,ortools,False,False,False,0,,5.001396656036377,,5.001396656036377,6200.0,0.9253731343283582,pulp_cbc,mean_domain_loss,,ortools_no_solution,180,60,True,6790.297053471086,6805.254491454063,7900.713418923839,7905.601073607675,,,,,,,,,,,,0
X-n247-k50,246,cargo,ortools:nominal_seed103_or_tools,nominal_seed103_or_tools,ortools,False,False,False,0,,5.001396656036377,,5.001396656036377,6200.0,0.9253731343283582,pulp_cbc,mean_domain_loss,,ortools_no_solution,180,60,True,6790.297053471086,6805.254491454063,7900.713418923839,7905.601073607675,,,,,,,,,,,,0
X-n247-k50,246,cold_chain,ortools:nominal_seed103_or_tools,nominal_seed103_or_tools,ortools,False,False,False,0,,5.001396656036377,,5.001396656036377,6200.0,0.9253731343283582,pulp_cbc,mean_domain_loss,,ortools_no_solution,180,60,True,6790.297053471086,6805.254491454063,7900.713418923839,7905.601073607675,,,,,,,,,,,,0
X-n247-k50,246,atm,ortools:proxy_mean_scaled_seed109_or_tools,proxy_mean_scaled_seed109_or_tools,ortools,False,False,False,0,,5.014629602432251,,5.014629602432251,6666.500000000001,0.995,pulp_cbc,mean_domain_loss,,ortools_no_solution,180,60,True,6790.297053471086,6805.254491454063,7900.713418923839,7905.601073607675,,,,,,,,,,,,0
X-n247-k50,246,grocery,ortools:proxy_mean_scaled_seed109_or_tools,proxy_mean_scaled_seed109_or_tools,ortools,False,False,False,0,,5.014629602432251,,5.014629602432251,6666.500000000001,0.995,pulp_cbc,mean_domain_loss,,ortools_no_solution,180,60,True,6790.297053471086,6805.254491454063,7900.713418923839,7905.601073607675,,,,,,,,,,,,0
X-n247-k50,246,cargo,ortools:proxy_mean_scaled_seed109_or_tools,proxy_mean_scaled_seed109_or_tools,ortools,False,False,False,0,,5.014629602432251,,5.014629602432251,6666.500000000001,0.995,pulp_cbc,mean_domain_loss,,ortools_no_solution,180,60,True,6790.297053471086,6805.254491454063,7900.713418923839,7905.601073607675,,,,,,,,,,,,0
X-n247-k50,246,cold_chain,ortools:proxy_mean_scaled_seed109_or_tools,proxy_mean_scaled_seed109_or_tools,ortools,False,False,False,0,,5.014629602432251,,5.014629602432251,6666.500000000001,0.995,pulp_cbc,mean_domain_loss,,ortools_no_solution,180,60,True,6790.297053471086,6805.254491454063,7900.713418923839,7905.601073607675,,,,,,,,,,,,0
X-n247-k50,246,atm,ortools:quantile_p75_scaled_seed107_or_tools,quantile_p75_scaled_seed107_or_tools,ortools,False,False,False,0,,5.003264904022217,,5.003264904022217,6666.500000000001,0.995,pulp_cbc,mean_domain_loss,,ortools_no_solution,180,60,True,6790.297053471086,6805.254491454063,7900.713418923839,7905.601073607675,,,,,,,,,,,,0
X-n247-k50,246,grocery,ortools:quantile_p75_scaled_seed107_or_tools,quantile_p75_scaled_seed107_or_tools,ortools,False,False,False,0,,5.003264904022217,,5.003264904022217,6666.500000000001,0.995,pulp_cbc,mean_domain_loss,,ortools_no_solution,180,60,True,6790.297053471086,6805.254491454063,7900.713418923839,7905.601073607675,,,,,,,,,,,,0
X-n247-k50,246,cargo,ortools:quantile_p75_scaled_seed107_or_tools,quantile_p75_scaled_seed107_or_tools,ortools,False,False,False,0,,5.003264904022217,,5.003264904022217,6666.500000000001,0.995,pulp_cbc,mean_domain_loss,,ortools_no_solution,180,60,True,6790.297053471086,6805.254491454063,7900.713418923839,7905.601073607675,,,,,,,,,,,,0
X-n247-k50,246,cold_chain,ortools:quantile_p75_scaled_seed107_or_tools,quantile_p75_scaled_seed107_or_tools,ortools,False,False,False,0,,5.003264904022217,,5.003264904022217,6666.500000000001,0.995,pulp_cbc,mean_domain_loss,,ortools_no_solution,180,60,True,6790.297053471086,6805.254491454063,7900.713418923839,7905.601073607675,,,,,,,,,,,,0
X-n247-k50,246,atm,ortools:robust_mean_1std_scaled_seed113_or_tools,robust_mean_1std_scaled_seed113_or_tools,ortools,False,False,False,0,,5.001461744308472,,5.001461744308472,6666.499999999999,0.995,pulp_cbc,mean_domain_loss,,ortools_no_solution,180,60,True,6790.297053471086,6805.254491454063,7900.713418923839,7905.601073607675,,,,,,,,,,,,0
X-n247-k50,246,grocery,ortools:robust_mean_1std_scaled_seed113_or_tools,robust_mean_1std_scaled_seed113_or_tools,ortools,False,False,False,0,,5.001461744308472,,5.001461744308472,6666.499999999999,0.995,pulp_cbc,mean_domain_loss,,ortools_no_solution,180,60,True,6790.297053471086,6805.254491454063,7900.713418923839,7905.601073607675,,,,,,,,,,,,0
X-n247-k50,246,cargo,ortools:robust_mean_1std_scaled_seed113_or_tools,robust_mean_1std_scaled_seed113_or_tools,ortools,False,False,False,0,,5.001461744308472,,5.001461744308472,6666.499999999999,0.995,pulp_cbc,mean_domain_loss,,ortools_no_solution,180,60,True,6790.297053471086,6805.254491454063,7900.713418923839,7905.601073607675,,,,,,,,,,,,0
X-n247-k50,246,cold_chain,ortools:robust_mean_1std_scaled_seed113_or_tools,robust_mean_1std_scaled_seed113_or_tools,ortools,False,False,False,0,,5.001461744308472,,5.001461744308472,6666.499999999999,0.995,pulp_cbc,mean_domain_loss,,ortools_no_solution,180,60,True,6790.297053471086,6805.254491454063,7900.713418923839,7905.601073607675,,,,,,,,,,,,0
X-n125-k30,124,atm,ortools:nominal_or_tools,nominal_or_tools,ortools,False,False,False,0,,5.003805637359619,,5.003805637359619,5536.0,0.9815602836879432,pulp_cbc,mean_domain_loss,,ortools_no_solution,180,60,True,6182.103060403259,6203.205802760405,7268.164911231489,7281.546769180081,,,,,,,,,,,,1
X-n125-k30,124,grocery,ortools:nominal_or_tools,nominal_or_tools,ortools,False,False,False,0,,5.003805637359619,,5.003805637359619,5536.0,0.9815602836879432,pulp_cbc,mean_domain_loss,,ortools_no_solution,180,60,True,6182.103060403259,6203.205802760405,7268.164911231489,7281.546769180081,,,,,,,,,,,,1
X-n125-k30,124,cargo,ortools:nominal_or_tools,nominal_or_tools,ortools,False,False,False,0,,5.003805637359619,,5.003805637359619,5536.0,0.9815602836879432,pulp_cbc,mean_domain_loss,,ortools_no_solution,180,60,True,6182.103060403259,6203.205802760405,7268.164911231489,7281.546769180081,,,,,,,,,,,,1
X-n125-k30,124,cold_chain,ortools:nominal_or_tools,nominal_or_tools,ortools,False,False,False,0,,5.003805637359619,,5.003805637359619,5536.0,0.9815602836879432,pulp_cbc,mean_domain_loss,,ortools_no_solution,180,60,True,6182.103060403259,6203.205802760405,7268.164911231489,7281.546769180081,,,,,,,,,,,,1
X-n125-k30,124,atm,ortools:proxy_mean_or_tools,proxy_mean_or_tools,ortools,False,False,False,0,,0.0,,0.0,6182.10306040326,1.0961175639012872,pulp_cbc,mean_domain_loss,,total_load_exceeds_fleet_capacity,180,60,True,6182.103060403259,6203.205802760405,7268.164911231489,7281.546769180081,,,,,,,,,,,,1
X-n125-k30,124,grocery,ortools:proxy_mean_or_tools,proxy_mean_or_tools,ortools,False,False,False,0,,0.0,,0.0,6182.10306040326,1.0961175639012872,pulp_cbc,mean_domain_loss,,total_load_exceeds_fleet_capacity,180,60,True,6182.103060403259,6203.205802760405,7268.164911231489,7281.546769180081,,,,,,,,,,,,1
X-n125-k30,124,cargo,ortools:proxy_mean_or_tools,proxy_mean_or_tools,ortools,False,False,False,0,,0.0,,0.0,6182.10306040326,1.0961175639012872,pulp_cbc,mean_domain_loss,,total_load_exceeds_fleet_capacity,180,60,True,6182.103060403259,6203.205802760405,7268.164911231489,7281.546769180081,,,,,,,,,,,,1
X-n125-k30,124,cold_chain,ortools:proxy_mean_or_tools,proxy_mean_or_tools,ortools,False,False,False,0,,0.0,,0.0,6182.10306040326,1.0961175639012872,pulp_cbc,mean_domain_loss,,total_load_exceeds_fleet_capacity,180,60,True,6182.103060403259,6203.205802760405,7268.164911231489,7281.546769180081,,,,,,,,,,,,1
X-n125-k30,124,atm,ortools:quantile_p75_or_tools,quantile_p75_or_tools,ortools,False,False,False,0,,0.0,,0.0,7230.234136441316,1.281956407170446,pulp_cbc,mean_domain_loss,,total_load_exceeds_fleet_capacity,180,60,True,6182.103060403259,6203.205802760405,7268.164911231489,7281.546769180081,,,,,,,,,,,,1
X-n125-k30,124,grocery,ortools:quantile_p75_or_tools,quantile_p75_or_tools,ortools,False,False,False,0,,0.0,,0.0,7230.234136441316,1.281956407170446,pulp_cbc,mean_domain_loss,,total_load_exceeds_fleet_capacity,180,60,True,6182.103060403259,6203.205802760405,7268.164911231489,7281.546769180081,,,,,,,,,,,,1
X-n125-k30,124,cargo,ortools:quantile_p75_or_tools,quantile_p75_or_tools,ortools,False,False,False,0,,0.0,,0.0,7230.234136441316,1.281956407170446,pulp_cbc,mean_domain_loss,,total_load_exceeds_fleet_capacity,180,60,True,6182.103060403259,6203.205802760405,7268.164911231489,7281.546769180081,,,,,,,,,,,,1
X-n125-k30,124,cold_chain,ortools:quantile_p75_or_tools,quantile_p75_or_tools,ortools,False,False,False,0,,0.0,,0.0,7230.234136441316,1.281956407170446,pulp_cbc,mean_domain_loss,,total_load_exceeds_fleet_capacity,180,60,True,6182.103060403259,6203.205802760405,7268.164911231489,7281.546769180081,,,,,,,,,,,,1
X-n125-k30,124,atm,ortools:quantile_p90_or_tools,quantile_p90_or_tools,ortools,False,False,False,0,,0.0,,0.0,8745.99767809251,1.5507088081724307,pulp_cbc,mean_domain_loss,,total_load_exceeds_fleet_capacity,180,60,True,6182.103060403259,6203.205802760405,7268.164911231489,7281.546769180081,,,,,,,,,,,,1
X-n125-k30,124,grocery,ortools:quantile_p90_or_tools,quantile_p90_or_tools,ortools,False,False,False,0,,0.0,,0.0,8745.99767809251,1.5507088081724307,pulp_cbc,mean_domain_loss,,total_load_exceeds_fleet_capacity,180,60,True,6182.103060403259,6203.205802760405,7268.164911231489,7281.546769180081,,,,,,,,,,,,1
X-n125-k30,124,cargo,ortools:quantile_p90_or_tools,quantile_p90_or_tools,ortools,False,False,False,0,,0.0,,0.0,8745.99767809251,1.5507088081724307,pulp_cbc,mean_domain_loss,,total_load_exceeds_fleet_capacity,180,60,True,6182.103060403259,6203.205802760405,7268.164911231489,7281.546769180081,,,,,,,,,,,,1
X-n125-k30,124,cold_chain,ortools:quantile_p90_or_tools,quantile_p90_or_tools,ortools,False,False,False,0,,0.0,,0.0,8745.99767809251,1.5507088081724307,pulp_cbc,mean_domain_loss,,total_load_exceeds_fleet_capacity,180,60,True,6182.103060403259,6203.205802760405,7268.164911231489,7281.546769180081,,,,,,,,,,,,1
X-n125-k30,124,atm,ortools:robust_mean_1std_or_tools,robust_mean_1std_or_tools,ortools,False,False,False,0,,0.0,,0.0,8218.104349738027,1.4571107003081607,pulp_cbc,mean_domain_loss,,total_load_exceeds_fleet_capacity,180,60,True,6182.103060403259,6203.205802760405,7268.164911231489,7281.546769180081,,,,,,,,,,,,1
X-n125-k30,124,grocery,ortools:robust_mean_1std_or_tools,robust_mean_1std_or_tools,ortools,False,False,False,0,,0.0,,0.0,8218.104349738027,1.4571107003081607,pulp_cbc,mean_domain_loss,,total_load_exceeds_fleet_capacity,180,60,True,6182.103060403259,6203.205802760405,7268.164911231489,7281.546769180081,,,,,,,,,,,,1
X-n125-k30,124,cargo,ortools:robust_mean_1std_or_tools,robust_mean_1std_or_tools,ortools,False,False,False,0,,0.0,,0.0,8218.104349738027,1.4571107003081607,pulp_cbc,mean_domain_loss,,total_load_exceeds_fleet_capacity,180,60,True,6182.103060403259,6203.205802760405,7268.164911231489,7281.546769180081,,,,,,,,,,,,1
X-n125-k30,124,cold_chain,ortools:robust_mean_1std_or_tools,robust_mean_1std_or_tools,ortools,False,False,False,0,,0.0,,0.0,8218.104349738027,1.4571107003081607,pulp_cbc,mean_domain_loss,,total_load_exceeds_fleet_capacity,180,60,True,6182.103060403259,6203.205802760405,7268.164911231489,7281.546769180081,,,,,,,,,,,,1
X-n125-k30,124,atm,ortools:robust_mean_2std_or_tools,robust_mean_2std_or_tools,ortools,False,False,False,0,,0.0,,0.0,10254.105639072795,1.818103836715035,pulp_cbc,mean_domain_loss,,single_node_exceeds_capacity,180,60,True,6182.103060403259,6203.205802760405,7268.164911231489,7281.546769180081,,,,,,,,,,,,1
X-n125-k30,124,grocery,ortools:robust_mean_2std_or_tools,robust_mean_2std_or_tools,ortools,False,False,False,0,,0.0,,0.0,10254.105639072795,1.818103836715035,pulp_cbc,mean_domain_loss,,single_node_exceeds_capacity,180,60,True,6182.103060403259,6203.205802760405,7268.164911231489,7281.546769180081,,,,,,,,,,,,1
X-n125-k30,124,cargo,ortools:robust_mean_2std_or_tools,robust_mean_2std_or_tools,ortools,False,False,False,0,,0.0,,0.0,10254.105639072795,1.818103836715035,pulp_cbc,mean_domain_loss,,single_node_exceeds_capacity,180,60,True,6182.103060403259,6203.205802760405,7268.164911231489,7281.546769180081,,,,,,,,,,,,1
X-n125-k30,124,cold_chain,ortools:robust_mean_2std_or_tools,robust_mean_2std_or_tools,ortools,False,False,False,0,,0.0,,0.0,10254.105639072795,1.818103836715035,pulp_cbc,mean_domain_loss,,single_node_exceeds_capacity,180,60,True,6182.103060403259,6203.205802760405,7268.164911231489,7281.546769180081,,,,,,,,,,,,1
X-n125-k30,124,atm,ortools:proxy_mean_scaled_or_tools,proxy_mean_scaled_or_tools,ortools,False,False,False,0,,5.000779390335083,,5.000779390335083,5611.8,0.995,pulp_cbc,mean_domain_loss,,ortools_no_solution,180,60,True,6182.103060403259,6203.205802760405,7268.164911231489,7281.546769180081,,,,,,,,,,,,1
X-n125-k30,124,grocery,ortools:proxy_mean_scaled_or_tools,proxy_mean_scaled_or_tools,ortools,False,False,False,0,,5.000779390335083,,5.000779390335083,5611.8,0.995,pulp_cbc,mean_domain_loss,,ortools_no_solution,180,60,True,6182.103060403259,6203.205802760405,7268.164911231489,7281.546769180081,,,,,,,,,,,,1
X-n125-k30,124,cargo,ortools:proxy_mean_scaled_or_tools,proxy_mean_scaled_or_tools,ortools,False,False,False,0,,5.000779390335083,,5.000779390335083,5611.8,0.995,pulp_cbc,mean_domain_loss,,ortools_no_solution,180,60,True,6182.103060403259,6203.205802760405,7268.164911231489,7281.546769180081,,,,,,,,,,,,1
X-n125-k30,124,cold_chain,ortools:proxy_mean_scaled_or_tools,proxy_mean_scaled_or_tools,ortools,False,False,False,0,,5.000779390335083,,5.000779390335083,5611.8,0.995,pulp_cbc,mean_domain_loss,,ortools_no_solution,180,60,True,6182.103060403259,6203.205802760405,7268.164911231489,7281.546769180081,,,,,,,,,,,,1
X-n125-k30,124,atm,ortools:quantile_p75_scaled_or_tools,quantile_p75_scaled_or_tools,ortools,False,False,False,0,,5.001611232757568,,5.001611232757568,5611.8,0.995,pulp_cbc,mean_domain_loss,,ortools_no_solution,180,60,True,6182.103060403259,6203.205802760405,7268.164911231489,7281.546769180081,,,,,,,,,,,,1
X-n125-k30,124,grocery,ortools:quantile_p75_scaled_or_tools,quantile_p75_scaled_or_tools,ortools,False,False,False,0,,5.001611232757568,,5.001611232757568,5611.8,0.995,pulp_cbc,mean_domain_loss,,ortools_no_solution,180,60,True,6182.103060403259,6203.205802760405,7268.164911231489,7281.546769180081,,,,,,,,,,,,1
X-n125-k30,124,cargo,ortools:quantile_p75_scaled_or_tools,quantile_p75_scaled_or_tools,ortools,False,False,False,0,,5.001611232757568,,5.001611232757568,5611.8,0.995,pulp_cbc,mean_domain_loss,,ortools_no_solution,180,60,True,6182.103060403259,6203.205802760405,7268.164911231489,7281.546769180081,,,,,,,,,,,,1
X-n125-k30,124,cold_chain,ortools:quantile_p75_scaled_or_tools,quantile_p75_scaled_or_tools,ortools,False,False,False,0,,5.001611232757568,,5.001611232757568,5611.8,0.995,pulp_cbc,mean_domain_loss,,ortools_no_solution,180,60,True,6182.103060403259,6203.205802760405,7268.164911231489,7281.546769180081,,,,,,,,,,,,1
X-n125-k30,124,atm,ortools:quantile_p90_scaled_or_tools,quantile_p90_scaled_or_tools,ortools,False,False,False,0,,4.998307943344116,,4.998307943344116,5611.8,0.995,pulp_cbc,mean_domain_loss,,ortools_no_solution,180,60,True,6182.103060403259,6203.205802760405,7268.164911231489,7281.546769180081,,,,,,,,,,,,1
X-n125-k30,124,grocery,ortools:quantile_p90_scaled_or_tools,quantile_p90_scaled_or_tools,ortools,False,False,False,0,,4.998307943344116,,4.998307943344116,5611.8,0.995,pulp_cbc,mean_domain_loss,,ortools_no_solution,180,60,True,6182.103060403259,6203.205802760405,7268.164911231489,7281.546769180081,,,,,,,,,,,,1
X-n125-k30,124,cargo,ortools:quantile_p90_scaled_or_tools,quantile_p90_scaled_or_tools,ortools,False,False,False,0,,4.998307943344116,,4.998307943344116,5611.8,0.995,pulp_cbc,mean_domain_loss,,ortools_no_solution,180,60,True,6182.103060403259,6203.205802760405,7268.164911231489,7281.546769180081,,,,,,,,,,,,1
X-n125-k30,124,cold_chain,ortools:quantile_p90_scaled_or_tools,quantile_p90_scaled_or_tools,ortools,False,False,False,0,,4.998307943344116,,4.998307943344116,5611.8,0.995,pulp_cbc,mean_domain_loss,,ortools_no_solution,180,60,True,6182.103060403259,6203.205802760405,7268.164911231489,7281.546769180081,,,,,,,,,,,,1
X-n125-k30,124,atm,ortools:robust_mean_1std_scaled_or_tools,robust_mean_1std_scaled_or_tools,ortools,False,False,False,0,,5.005028009414673,,5.005028009414673,5611.8,0.995,pulp_cbc,mean_domain_loss,,ortools_no_solution,180,60,True,6182.103060403259,6203.205802760405,7268.164911231489,7281.546769180081,,,,,,,,,,,,1
X-n125-k30,124,grocery,ortools:robust_mean_1std_scaled_or_tools,robust_mean_1std_scaled_or_tools,ortools,False,False,False,0,,5.005028009414673,,5.005028009414673,5611.8,0.995,pulp_cbc,mean_domain_loss,,ortools_no_solution,180,60,True,6182.103060403259,6203.205802760405,7268.164911231489,7281.546769180081,,,,,,,,,,,,1
X-n125-k30,124,cargo,ortools:robust_mean_1std_scaled_or_tools,robust_mean_1std_scaled_or_tools,ortools,False,False,False,0,,5.005028009414673,,5.005028009414673,5611.8,0.995,pulp_cbc,mean_domain_loss,,ortools_no_solution,180,60,True,6182.103060403259,6203.205802760405,7268.164911231489,7281.546769180081,,,,,,,,,,,,1
X-n125-k30,124,cold_chain,ortools:robust_mean_1std_scaled_or_tools,robust_mean_1std_scaled_or_tools,ortools,False,False,False,0,,5.005028009414673,,5.005028009414673,5611.8,0.995,pulp_cbc,mean_domain_loss,,ortools_no_solution,180,60,True,6182.103060403259,6203.205802760405,7268.164911231489,7281.546769180081,,,,,,,,,,,,1
X-n125-k30,124,atm,ortools:robust_mean_2std_scaled_or_tools,robust_mean_2std_scaled_or_tools,ortools,False,False,False,0,,5.005258083343506,,5.005258083343506,5611.8,0.995,pulp_cbc,mean_domain_loss,,ortools_no_solution,180,60,True,6182.103060403259,6203.205802760405,7268.164911231489,7281.546769180081,,,,,,,,,,,,1
X-n125-k30,124,grocery,ortools:robust_mean_2std_scaled_or_tools,robust_mean_2std_scaled_or_tools,ortools,False,False,False,0,,5.005258083343506,,5.005258083343506,5611.8,0.995,pulp_cbc,mean_domain_loss,,ortools_no_solution,180,60,True,6182.103060403259,6203.205802760405,7268.164911231489,7281.546769180081,,,,,,,,,,,,1
X-n125-k30,124,cargo,ortools:robust_mean_2std_scaled_or_tools,robust_mean_2std_scaled_or_tools,ortools,False,False,False,0,,5.005258083343506,,5.005258083343506,5611.8,0.995,pulp_cbc,mean_domain_loss,,ortools_no_solution,180,60,True,6182.103060403259,6203.205802760405,7268.164911231489,7281.546769180081,,,,,,,,,,,,1
X-n125-k30,124,cold_chain,ortools:robust_mean_2std_scaled_or_tools,robust_mean_2std_scaled_or_tools,ortools,False,False,False,0,,5.005258083343506,,5.005258083343506,5611.8,0.995,pulp_cbc,mean_domain_loss,,ortools_no_solution,180,60,True,6182.103060403259,6203.205802760405,7268.164911231489,7281.546769180081,,,,,,,,,,,,1
X-n125-k30,124,atm,ortools:nominal_seed101_or_tools,nominal_seed101_or_tools,ortools,False,False,False,0,,5.000985145568848,,5.000985145568848,5536.0,0.9815602836879432,pulp_cbc,mean_domain_loss,,ortools_no_solution,180,60,True,6182.103060403259,6203.205802760405,7268.164911231489,7281.546769180081,,,,,,,,,,,,1
X-n125-k30,124,grocery,ortools:nominal_seed101_or_tools,nominal_seed101_or_tools,ortools,False,False,False,0,,5.000985145568848,,5.000985145568848,5536.0,0.9815602836879432,pulp_cbc,mean_domain_loss,,ortools_no_solution,180,60,True,6182.103060403259,6203.205802760405,7268.164911231489,7281.546769180081,,,,,,,,,,,,1
X-n125-k30,124,cargo,ortools:nominal_seed101_or_tools,nominal_seed101_or_tools,ortools,False,False,False,0,,5.000985145568848,,5.000985145568848,5536.0,0.9815602836879432,pulp_cbc,mean_domain_loss,,ortools_no_solution,180,60,True,6182.103060403259,6203.205802760405,7268.164911231489,7281.546769180081,,,,,,,,,,,,1
X-n125-k30,124,cold_chain,ortools:nominal_seed101_or_tools,nominal_seed101_or_tools,ortools,False,False,False,0,,5.000985145568848,,5.000985145568848,5536.0,0.9815602836879432,pulp_cbc,mean_domain_loss,,ortools_no_solution,180,60,True,6182.103060403259,6203.205802760405,7268.164911231489,7281.546769180081,,,,,,,,,,,,1
X-n125-k30,124,atm,ortools:nominal_seed103_or_tools,nominal_seed103_or_tools,ortools,False,False,False,0,,5.003769636154175,,5.003769636154175,5536.0,0.9815602836879432,pulp_cbc,mean_domain_loss,,ortools_no_solution,180,60,True,6182.103060403259,6203.205802760405,7268.164911231489,7281.546769180081,,,,,,,,,,,,1
X-n125-k30,124,grocery,ortools:nominal_seed103_or_tools,nominal_seed103_or_tools,ortools,False,False,False,0,,5.003769636154175,,5.003769636154175,5536.0,0.9815602836879432,pulp_cbc,mean_domain_loss,,ortools_no_solution,180,60,True,6182.103060403259,6203.205802760405,7268.164911231489,7281.546769180081,,,,,,,,,,,,1
X-n125-k30,124,cargo,ortools:nominal_seed103_or_tools,nominal_seed103_or_tools,ortools,False,False,False,0,,5.003769636154175,,5.003769636154175,5536.0,0.9815602836879432,pulp_cbc,mean_domain_loss,,ortools_no_solution,180,60,True,6182.103060403259,6203.205802760405,7268.164911231489,7281.546769180081,,,,,,,,,,,,1
X-n125-k30,124,cold_chain,ortools:nominal_seed103_or_tools,nominal_seed103_or_tools,ortools,False,False,False,0,,5.003769636154175,,5.003769636154175,5536.0,0.9815602836879432,pulp_cbc,mean_domain_loss,,ortools_no_solution,180,60,True,6182.103060403259,6203.205802760405,7268.164911231489,7281.546769180081,,,,,,,,,,,,1
X-n125-k30,124,atm,ortools:proxy_mean_scaled_seed109_or_tools,proxy_mean_scaled_seed109_or_tools,ortools,False,False,False,0,,4.998448848724365,,4.998448848724365,5611.8,0.995,pulp_cbc,mean_domain_loss,,ortools_no_solution,180,60,True,6182.103060403259,6203.205802760405,7268.164911231489,7281.546769180081,,,,,,,,,,,,1
X-n125-k30,124,grocery,ortools:proxy_mean_scaled_seed109_or_tools,proxy_mean_scaled_seed109_or_tools,ortools,False,False,False,0,,4.998448848724365,,4.998448848724365,5611.8,0.995,pulp_cbc,mean_domain_loss,,ortools_no_solution,180,60,True,6182.103060403259,6203.205802760405,7268.164911231489,7281.546769180081,,,,,,,,,,,,1
X-n125-k30,124,cargo,ortools:proxy_mean_scaled_seed109_or_tools,proxy_mean_scaled_seed109_or_tools,ortools,False,False,False,0,,4.998448848724365,,4.998448848724365,5611.8,0.995,pulp_cbc,mean_domain_loss,,ortools_no_solution,180,60,True,6182.103060403259,6203.205802760405,7268.164911231489,7281.546769180081,,,,,,,,,,,,1
X-n125-k30,124,cold_chain,ortools:proxy_mean_scaled_seed109_or_tools,proxy_mean_scaled_seed109_or_tools,ortools,False,False,False,0,,4.998448848724365,,4.998448848724365,5611.8,0.995,pulp_cbc,mean_domain_loss,,ortools_no_solution,180,60,True,6182.103060403259,6203.205802760405,7268.164911231489,7281.546769180081,,,,,,,,,,,,1
X-n125-k30,124,atm,ortools:quantile_p75_scaled_seed107_or_tools,quantile_p75_scaled_seed107_or_tools,ortools,False,False,False,0,,5.004154205322266,,5.004154205322266,5611.8,0.995,pulp_cbc,mean_domain_loss,,ortools_no_solution,180,60,True,6182.103060403259,6203.205802760405,7268.164911231489,7281.546769180081,,,,,,,,,,,,1
X-n125-k30,124,grocery,ortools:quantile_p75_scaled_seed107_or_tools,quantile_p75_scaled_seed107_or_tools,ortools,False,False,False,0,,5.004154205322266,,5.004154205322266,5611.8,0.995,pulp_cbc,mean_domain_loss,,ortools_no_solution,180,60,True,6182.103060403259,6203.205802760405,7268.164911231489,7281.546769180081,,,,,,,,,,,,1
X-n125-k30,124,cargo,ortools:quantile_p75_scaled_seed107_or_tools,quantile_p75_scaled_seed107_or_tools,ortools,False,False,False,0,,5.004154205322266,,5.004154205322266,5611.8,0.995,pulp_cbc,mean_domain_loss,,ortools_no_solution,180,60,True,6182.103060403259,6203.205802760405,7268.164911231489,7281.546769180081,,,,,,,,,,,,1
X-n125-k30,124,cold_chain,ortools:quantile_p75_scaled_seed107_or_tools,quantile_p75_scaled_seed107_or_tools,ortools,False,False,False,0,,5.004154205322266,,5.004154205322266,5611.8,0.995,pulp_cbc,mean_domain_loss,,ortools_no_solution,180,60,True,6182.103060403259,6203.205802760405,7268.164911231489,7281.546769180081,,,,,,,,,,,,1
X-n125-k30,124,atm,ortools:robust_mean_1std_scaled_seed113_or_tools,robust_mean_1std_scaled_seed113_or_tools,ortools,False,False,False,0,,5.001046657562256,,5.001046657562256,5611.8,0.995,pulp_cbc,mean_domain_loss,,ortools_no_solution,180,60,True,6182.103060403259,6203.205802760405,7268.164911231489,7281.546769180081,,,,,,,,,,,,1
X-n125-k30,124,grocery,ortools:robust_mean_1std_scaled_seed113_or_tools,robust_mean_1std_scaled_seed113_or_tools,ortools,False,False,False,0,,5.001046657562256,,5.001046657562256,5611.8,0.995,pulp_cbc,mean_domain_loss,,ortools_no_solution,180,60,True,6182.103060403259,6203.205802760405,7268.164911231489,7281.546769180081,,,,,,,,,,,,1
X-n125-k30,124,cargo,ortools:robust_mean_1std_scaled_seed113_or_tools,robust_mean_1std_scaled_seed113_or_tools,ortools,False,False,False,0,,5.001046657562256,,5.001046657562256,5611.8,0.995,pulp_cbc,mean_domain_loss,,ortools_no_solution,180,60,True,6182.103060403259,6203.205802760405,7268.164911231489,7281.546769180081,,,,,,,,,,,,1
X-n125-k30,124,cold_chain,ortools:robust_mean_1std_scaled_seed113_or_tools,robust_mean_1std_scaled_seed113_or_tools,ortools,False,False,False,0,,5.001046657562256,,5.001046657562256,5611.8,0.995,pulp_cbc,mean_domain_loss,,ortools_no_solution,180,60,True,6182.103060403259,6203.205802760405,7268.164911231489,7281.546769180081,,,,,,,,,,,,1
X-n172-k51,171,atm,ortools:nominal_or_tools,nominal_or_tools,ortools,False,False,False,0,,5.008580684661865,,5.008580684661865,8092.0,0.9855072463768116,pulp_cbc,mean_domain_loss,,ortools_no_solution,180,60,True,8940.753355705163,8973.51189389768,10555.133107634168,10558.231958496386,,,,,,,,,,,,1
X-n172-k51,171,grocery,ortools:nominal_or_tools,nominal_or_tools,ortools,False,False,False,0,,5.008580684661865,,5.008580684661865,8092.0,0.9855072463768116,pulp_cbc,mean_domain_loss,,ortools_no_solution,180,60,True,8940.753355705163,8973.51189389768,10555.133107634168,10558.231958496386,,,,,,,,,,,,1
X-n172-k51,171,cargo,ortools:nominal_or_tools,nominal_or_tools,ortools,False,False,False,0,,5.008580684661865,,5.008580684661865,8092.0,0.9855072463768116,pulp_cbc,mean_domain_loss,,ortools_no_solution,180,60,True,8940.753355705163,8973.51189389768,10555.133107634168,10558.231958496386,,,,,,,,,,,,1
X-n172-k51,171,cold_chain,ortools:nominal_or_tools,nominal_or_tools,ortools,False,False,False,0,,5.008580684661865,,5.008580684661865,8092.0,0.9855072463768116,pulp_cbc,mean_domain_loss,,ortools_no_solution,180,60,True,8940.753355705163,8973.51189389768,10555.133107634168,10558.231958496386,,,,,,,,,,,,1
X-n172-k51,171,atm,ortools:proxy_mean_or_tools,proxy_mean_or_tools,ortools,False,False,False,0,,0.0,,0.0,8940.753355705163,1.0888750889910075,pulp_cbc,mean_domain_loss,,total_load_exceeds_fleet_capacity,180,60,True,8940.753355705163,8973.51189389768,10555.133107634168,10558.231958496386,,,,,,,,,,,,1
X-n172-k51,171,grocery,ortools:proxy_mean_or_tools,proxy_mean_or_tools,ortools,False,False,False,0,,0.0,,0.0,8940.753355705163,1.0888750889910075,pulp_cbc,mean_domain_loss,,total_load_exceeds_fleet_capacity,180,60,True,8940.753355705163,8973.51189389768,10555.133107634168,10558.231958496386,,,,,,,,,,,,1
X-n172-k51,171,cargo,ortools:proxy_mean_or_tools,proxy_mean_or_tools,ortools,False,False,False,0,,0.0,,0.0,8940.753355705163,1.0888750889910075,pulp_cbc,mean_domain_loss,,total_load_exceeds_fleet_capacity,180,60,True,8940.753355705163,8973.51189389768,10555.133107634168,10558.231958496386,,,,,,,,,,,,1
X-n172-k51,171,cold_chain,ortools:proxy_mean_or_tools,proxy_mean_or_tools,ortools,False,False,False,0,,0.0,,0.0,8940.753355705163,1.0888750889910075,pulp_cbc,mean_domain_loss,,total_load_exceeds_fleet_capacity,180,60,True,8940.753355705163,8973.51189389768,10555.133107634168,10558.231958496386,,,,,,,,,,,,1
X-n172-k51,171,atm,ortools:quantile_p75_or_tools,quantile_p75_or_tools,ortools,False,False,False,0,,0.0,,0.0,10437.65599531064,1.2711796365011132,pulp_cbc,mean_domain_loss,,total_load_exceeds_fleet_capacity,180,60,True,8940.753355705163,8973.51189389768,10555.133107634168,10558.231958496386,,,,,,,,,,,,1
X-n172-k51,171,grocery,ortools:quantile_p75_or_tools,quantile_p75_or_tools,ortools,False,False,False,0,,0.0,,0.0,10437.65599531064,1.2711796365011132,pulp_cbc,mean_domain_loss,,total_load_exceeds_fleet_capacity,180,60,True,8940.753355705163,8973.51189389768,10555.133107634168,10558.231958496386,,,,,,,,,,,,1
X-n172-k51,171,cargo,ortools:quantile_p75_or_tools,quantile_p75_or_tools,ortools,False,False,False,0,,0.0,,0.0,10437.65599531064,1.2711796365011132,pulp_cbc,mean_domain_loss,,total_load_exceeds_fleet_capacity,180,60,True,8940.753355705163,8973.51189389768,10555.133107634168,10558.231958496386,,,,,,,,,,,,1
X-n172-k51,171,cold_chain,ortools:quantile_p75_or_tools,quantile_p75_or_tools,ortools,False,False,False,0,,0.0,,0.0,10437.65599531064,1.2711796365011132,pulp_cbc,mean_domain_loss,,total_load_exceeds_fleet_capacity,180,60,True,8940.753355705163,8973.51189389768,10555.133107634168,10558.231958496386,,,,,,,,,,,,1
X-n172-k51,171,atm,ortools:quantile_p90_or_tools,quantile_p90_or_tools,ortools,False,False,False,0,,0.0,,0.0,12539.102350302226,1.527110260662797,pulp_cbc,mean_domain_loss,,single_node_exceeds_capacity,180,60,True,8940.753355705163,8973.51189389768,10555.133107634168,10558.231958496386,,,,,,,,,,,,1
X-n172-k51,171,grocery,ortools:quantile_p90_or_tools,quantile_p90_or_tools,ortools,False,False,False,0,,0.0,,0.0,12539.102350302226,1.527110260662797,pulp_cbc,mean_domain_loss,,single_node_exceeds_capacity,180,60,True,8940.753355705163,8973.51189389768,10555.133107634168,10558.231958496386,,,,,,,,,,,,1
X-n172-k51,171,cargo,ortools:quantile_p90_or_tools,quantile_p90_or_tools,ortools,False,False,False,0,,0.0,,0.0,12539.102350302226,1.527110260662797,pulp_cbc,mean_domain_loss,,single_node_exceeds_capacity,180,60,True,8940.753355705163,8973.51189389768,10555.133107634168,10558.231958496386,,,,,,,,,,,,1
X-n172-k51,171,cold_chain,ortools:quantile_p90_or_tools,quantile_p90_or_tools,ortools,False,False,False,0,,0.0,,0.0,12539.102350302226,1.527110260662797,pulp_cbc,mean_domain_loss,,single_node_exceeds_capacity,180,60,True,8940.753355705163,8973.51189389768,10555.133107634168,10558.231958496386,,,,,,,,,,,,1
X-n172-k51,171,atm,ortools:robust_mean_1std_or_tools,robust_mean_1std_or_tools,ortools,False,False,False,0,,0.0,,0.0,11697.12248654654,1.424567347040134,pulp_cbc,mean_domain_loss,,total_load_exceeds_fleet_capacity,180,60,True,8940.753355705163,8973.51189389768,10555.133107634168,10558.231958496386,,,,,,,,,,,,1
X-n172-k51,171,grocery,ortools:robust_mean_1std_or_tools,robust_mean_1std_or_tools,ortools,False,False,False,0,,0.0,,0.0,11697.12248654654,1.424567347040134,pulp_cbc,mean_domain_loss,,total_load_exceeds_fleet_capacity,180,60,True,8940.753355705163,8973.51189389768,10555.133107634168,10558.231958496386,,,,,,,,,,,,1
X-n172-k51,171,cargo,ortools:robust_mean_1std_or_tools,robust_mean_1std_or_tools,ortools,False,False,False,0,,0.0,,0.0,11697.12248654654,1.424567347040134,pulp_cbc,mean_domain_loss,,total_load_exceeds_fleet_capacity,180,60,True,8940.753355705163,8973.51189389768,10555.133107634168,10558.231958496386,,,,,,,,,,,,1
X-n172-k51,171,cold_chain,ortools:robust_mean_1std_or_tools,robust_mean_1std_or_tools,ortools,False,False,False,0,,0.0,,0.0,11697.12248654654,1.424567347040134,pulp_cbc,mean_domain_loss,,total_load_exceeds_fleet_capacity,180,60,True,8940.753355705163,8973.51189389768,10555.133107634168,10558.231958496386,,,,,,,,,,,,1
X-n172-k51,171,atm,ortools:robust_mean_2std_or_tools,robust_mean_2std_or_tools,ortools,False,False,False,0,,0.0,,0.0,14453.491617387914,1.76025960508926,pulp_cbc,mean_domain_loss,,single_node_exceeds_capacity,180,60,True,8940.753355705163,8973.51189389768,10555.133107634168,10558.231958496386,,,,,,,,,,,,1
X-n172-k51,171,grocery,ortools:robust_mean_2std_or_tools,robust_mean_2std_or_tools,ortools,False,False,False,0,,0.0,,0.0,14453.491617387914,1.76025960508926,pulp_cbc,mean_domain_loss,,single_node_exceeds_capacity,180,60,True,8940.753355705163,8973.51189389768,10555.133107634168,10558.231958496386,,,,,,,,,,,,1
X-n172-k51,171,cargo,ortools:robust_mean_2std_or_tools,robust_mean_2std_or_tools,ortools,False,False,False,0,,0.0,,0.0,14453.491617387914,1.76025960508926,pulp_cbc,mean_domain_loss,,single_node_exceeds_capacity,180,60,True,8940.753355705163,8973.51189389768,10555.133107634168,10558.231958496386,,,,,,,,,,,,1
X-n172-k51,171,cold_chain,ortools:robust_mean_2std_or_tools,robust_mean_2std_or_tools,ortools,False,False,False,0,,0.0,,0.0,14453.491617387914,1.76025960508926,pulp_cbc,mean_domain_loss,,single_node_exceeds_capacity,180,60,True,8940.753355705163,8973.51189389768,10555.133107634168,10558.231958496386,,,,,,,,,,,,1
X-n172-k51,171,atm,ortools:proxy_mean_scaled_or_tools,proxy_mean_scaled_or_tools,ortools,False,False,False,0,,5.000943660736084,,5.000943660736084,8169.945,0.995,pulp_cbc,mean_domain_loss,,ortools_no_solution,180,60,True,8940.753355705163,8973.51189389768,10555.133107634168,10558.231958496386,,,,,,,,,,,,1
X-n172-k51,171,grocery,ortools:proxy_mean_scaled_or_tools,proxy_mean_scaled_or_tools,ortools,False,False,False,0,,5.000943660736084,,5.000943660736084,8169.945,0.995,pulp_cbc,mean_domain_loss,,ortools_no_solution,180,60,True,8940.753355705163,8973.51189389768,10555.133107634168,10558.231958496386,,,,,,,,,,,,1
X-n172-k51,171,cargo,ortools:proxy_mean_scaled_or_tools,proxy_mean_scaled_or_tools,ortools,False,False,False,0,,5.000943660736084,,5.000943660736084,8169.945,0.995,pulp_cbc,mean_domain_loss,,ortools_no_solution,180,60,True,8940.753355705163,8973.51189389768,10555.133107634168,10558.231958496386,,,,,,,,,,,,1
X-n172-k51,171,cold_chain,ortools:proxy_mean_scaled_or_tools,proxy_mean_scaled_or_tools,ortools,False,False,False,0,,5.000943660736084,,5.000943660736084,8169.945,0.995,pulp_cbc,mean_domain_loss,,ortools_no_solution,180,60,True,8940.753355705163,8973.51189389768,10555.133107634168,10558.231958496386,,,,,,,,,,,,1
X-n172-k51,171,atm,ortools:quantile_p75_scaled_or_tools,quantile_p75_scaled_or_tools,ortools,False,False,False,0,,4.997370481491089,,4.997370481491089,8169.944999999999,0.995,pulp_cbc,mean_domain_loss,,ortools_no_solution,180,60,True,8940.753355705163,8973.51189389768,10555.133107634168,10558.231958496386,,,,,,,,,,,,1
X-n172-k51,171,grocery,ortools:quantile_p75_scaled_or_tools,quantile_p75_scaled_or_tools,ortools,False,False,False,0,,4.997370481491089,,4.997370481491089,8169.944999999999,0.995,pulp_cbc,mean_domain_loss,,ortools_no_solution,180,60,True,8940.753355705163,8973.51189389768,10555.133107634168,10558.231958496386,,,,,,,,,,,,1
X-n172-k51,171,cargo,ortools:quantile_p75_scaled_or_tools,quantile_p75_scaled_or_tools,ortools,False,False,False,0,,4.997370481491089,,4.997370481491089,8169.944999999999,0.995,pulp_cbc,mean_domain_loss,,ortools_no_solution,180,60,True,8940.753355705163,8973.51189389768,10555.133107634168,10558.231958496386,,,,,,,,,,,,1
X-n172-k51,171,cold_chain,ortools:quantile_p75_scaled_or_tools,quantile_p75_scaled_or_tools,ortools,False,False,False,0,,4.997370481491089,,4.997370481491089,8169.944999999999,0.995,pulp_cbc,mean_domain_loss,,ortools_no_solution,180,60,True,8940.753355705163,8973.51189389768,10555.133107634168,10558.231958496386,,,,,,,,,,,,1
X-n172-k51,171,atm,ortools:quantile_p90_scaled_or_tools,quantile_p90_scaled_or_tools,ortools,False,False,False,0,,5.001020669937134,,5.001020669937134,8169.945000000002,0.9950000000000004,pulp_cbc,mean_domain_loss,,ortools_no_solution,180,60,True,8940.753355705163,8973.51189389768,10555.133107634168,10558.231958496386,,,,,,,,,,,,1
X-n172-k51,171,grocery,ortools:quantile_p90_scaled_or_tools,quantile_p90_scaled_or_tools,ortools,False,False,False,0,,5.001020669937134,,5.001020669937134,8169.945000000002,0.9950000000000004,pulp_cbc,mean_domain_loss,,ortools_no_solution,180,60,True,8940.753355705163,8973.51189389768,10555.133107634168,10558.231958496386,,,,,,,,,,,,1
X-n172-k51,171,cargo,ortools:quantile_p90_scaled_or_tools,quantile_p90_scaled_or_tools,ortools,False,False,False,0,,5.001020669937134,,5.001020669937134,8169.945000000002,0.9950000000000004,pulp_cbc,mean_domain_loss,,ortools_no_solution,180,60,True,8940.753355705163,8973.51189389768,10555.133107634168,10558.231958496386,,,,,,,,,,,,1
X-n172-k51,171,cold_chain,ortools:quantile_p90_scaled_or_tools,quantile_p90_scaled_or_tools,ortools,False,False,False,0,,5.001020669937134,,5.001020669937134,8169.945000000002,0.9950000000000004,pulp_cbc,mean_domain_loss,,ortools_no_solution,180,60,True,8940.753355705163,8973.51189389768,10555.133107634168,10558.231958496386,,,,,,,,,,,,1
X-n172-k51,171,atm,ortools:robust_mean_1std_scaled_or_tools,robust_mean_1std_scaled_or_tools,ortools,False,False,False,0,,4.998400926589966,,4.998400926589966,8169.944999999999,0.995,pulp_cbc,mean_domain_loss,,ortools_no_solution,180,60,True,8940.753355705163,8973.51189389768,10555.133107634168,10558.231958496386,,,,,,,,,,,,1
X-n172-k51,171,grocery,ortools:robust_mean_1std_scaled_or_tools,robust_mean_1std_scaled_or_tools,ortools,False,False,False,0,,4.998400926589966,,4.998400926589966,8169.944999999999,0.995,pulp_cbc,mean_domain_loss,,ortools_no_solution,180,60,True,8940.753355705163,8973.51189389768,10555.133107634168,10558.231958496386,,,,,,,,,,,,1
X-n172-k51,171,cargo,ortools:robust_mean_1std_scaled_or_tools,robust_mean_1std_scaled_or_tools,ortools,False,False,False,0,,4.998400926589966,,4.998400926589966,8169.944999999999,0.995,pulp_cbc,mean_domain_loss,,ortools_no_solution,180,60,True,8940.753355705163,8973.51189389768,10555.133107634168,10558.231958496386,,,,,,,,,,,,1
X-n172-k51,171,cold_chain,ortools:robust_mean_1std_scaled_or_tools,robust_mean_1std_scaled_or_tools,ortools,False,False,False,0,,4.998400926589966,,4.998400926589966,8169.944999999999,0.995,pulp_cbc,mean_domain_loss,,ortools_no_solution,180,60,True,8940.753355705163,8973.51189389768,10555.133107634168,10558.231958496386,,,,,,,,,,,,1
X-n172-k51,171,atm,ortools:robust_mean_2std_scaled_or_tools,robust_mean_2std_scaled_or_tools,ortools,False,False,False,0,,5.005410194396973,,5.005410194396973,8169.945000000001,0.995,pulp_cbc,mean_domain_loss,,ortools_no_solution,180,60,True,8940.753355705163,8973.51189389768,10555.133107634168,10558.231958496386,,,,,,,,,,,,1
X-n172-k51,171,grocery,ortools:robust_mean_2std_scaled_or_tools,robust_mean_2std_scaled_or_tools,ortools,False,False,False,0,,5.005410194396973,,5.005410194396973,8169.945000000001,0.995,pulp_cbc,mean_domain_loss,,ortools_no_solution,180,60,True,8940.753355705163,8973.51189389768,10555.133107634168,10558.231958496386,,,,,,,,,,,,1
X-n172-k51,171,cargo,ortools:robust_mean_2std_scaled_or_tools,robust_mean_2std_scaled_or_tools,ortools,False,False,False,0,,5.005410194396973,,5.005410194396973,8169.945000000001,0.995,pulp_cbc,mean_domain_loss,,ortools_no_solution,180,60,True,8940.753355705163,8973.51189389768,10555.133107634168,10558.231958496386,,,,,,,,,,,,1
X-n172-k51,171,cold_chain,ortools:robust_mean_2std_scaled_or_tools,robust_mean_2std_scaled_or_tools,ortools,False,False,False,0,,5.005410194396973,,5.005410194396973,8169.945000000001,0.995,pulp_cbc,mean_domain_loss,,ortools_no_solution,180,60,True,8940.753355705163,8973.51189389768,10555.133107634168,10558.231958496386,,,,,,,,,,,,1
X-n172-k51,171,atm,ortools:nominal_seed101_or_tools,nominal_seed101_or_tools,ortools,False,False,False,0,,5.003988027572632,,5.003988027572632,8092.0,0.9855072463768116,pulp_cbc,mean_domain_loss,,ortools_no_solution,180,60,True,8940.753355705163,8973.51189389768,10555.133107634168,10558.231958496386,,,,,,,,,,,,1
X-n172-k51,171,grocery,ortools:nominal_seed101_or_tools,nominal_seed101_or_tools,ortools,False,False,False,0,,5.003988027572632,,5.003988027572632,8092.0,0.9855072463768116,pulp_cbc,mean_domain_loss,,ortools_no_solution,180,60,True,8940.753355705163,8973.51189389768,10555.133107634168,10558.231958496386,,,,,,,,,,,,1
X-n172-k51,171,cargo,ortools:nominal_seed101_or_tools,nominal_seed101_or_tools,ortools,False,False,False,0,,5.003988027572632,,5.003988027572632,8092.0,0.9855072463768116,pulp_cbc,mean_domain_loss,,ortools_no_solution,180,60,True,8940.753355705163,8973.51189389768,10555.133107634168,10558.231958496386,,,,,,,,,,,,1
X-n172-k51,171,cold_chain,ortools:nominal_seed101_or_tools,nominal_seed101_or_tools,ortools,False,False,False,0,,5.003988027572632,,5.003988027572632,8092.0,0.9855072463768116,pulp_cbc,mean_domain_loss,,ortools_no_solution,180,60,True,8940.753355705163,8973.51189389768,10555.133107634168,10558.231958496386,,,,,,,,,,,,1
X-n172-k51,171,atm,ortools:nominal_seed103_or_tools,nominal_seed103_or_tools,ortools,False,False,False,0,,4.994479656219482,,4.994479656219482,8092.0,0.9855072463768116,pulp_cbc,mean_domain_loss,,ortools_no_solution,180,60,True,8940.753355705163,8973.51189389768,10555.133107634168,10558.231958496386,,,,,,,,,,,,1
X-n172-k51,171,grocery,ortools:nominal_seed103_or_tools,nominal_seed103_or_tools,ortools,False,False,False,0,,4.994479656219482,,4.994479656219482,8092.0,0.9855072463768116,pulp_cbc,mean_domain_loss,,ortools_no_solution,180,60,True,8940.753355705163,8973.51189389768,10555.133107634168,10558.231958496386,,,,,,,,,,,,1
X-n172-k51,171,cargo,ortools:nominal_seed103_or_tools,nominal_seed103_or_tools,ortools,False,False,False,0,,4.994479656219482,,4.994479656219482,8092.0,0.9855072463768116,pulp_cbc,mean_domain_loss,,ortools_no_solution,180,60,True,8940.753355705163,8973.51189389768,10555.133107634168,10558.231958496386,,,,,,,,,,,,1
X-n172-k51,171,cold_chain,ortools:nominal_seed103_or_tools,nominal_seed103_or_tools,ortools,False,False,False,0,,4.994479656219482,,4.994479656219482,8092.0,0.9855072463768116,pulp_cbc,mean_domain_loss,,ortools_no_solution,180,60,True,8940.753355705163,8973.51189389768,10555.133107634168,10558.231958496386,,,,,,,,,,,,1
X-n172-k51,171,atm,ortools:proxy_mean_scaled_seed109_or_tools,proxy_mean_scaled_seed109_or_tools,ortools,False,False,False,0,,5.014042854309082,,5.014042854309082,8169.945,0.995,pulp_cbc,mean_domain_loss,,ortools_no_solution,180,60,True,8940.753355705163,8973.51189389768,10555.133107634168,10558.231958496386,,,,,,,,,,,,1
X-n172-k51,171,grocery,ortools:proxy_mean_scaled_seed109_or_tools,proxy_mean_scaled_seed109_or_tools,ortools,False,False,False,0,,5.014042854309082,,5.014042854309082,8169.945,0.995,pulp_cbc,mean_domain_loss,,ortools_no_solution,180,60,True,8940.753355705163,8973.51189389768,10555.133107634168,10558.231958496386,,,,,,,,,,,,1
X-n172-k51,171,cargo,ortools:proxy_mean_scaled_seed109_or_tools,proxy_mean_scaled_seed109_or_tools,ortools,False,False,False,0,,5.014042854309082,,5.014042854309082,8169.945,0.995,pulp_cbc,mean_domain_loss,,ortools_no_solution,180,60,True,8940.753355705163,8973.51189389768,10555.133107634168,10558.231958496386,,,,,,,,,,,,1
X-n172-k51,171,cold_chain,ortools:proxy_mean_scaled_seed109_or_tools,proxy_mean_scaled_seed109_or_tools,ortools,False,False,False,0,,5.014042854309082,,5.014042854309082,8169.945,0.995,pulp_cbc,mean_domain_loss,,ortools_no_solution,180,60,True,8940.753355705163,8973.51189389768,10555.133107634168,10558.231958496386,,,,,,,,,,,,1
X-n172-k51,171,atm,ortools:quantile_p75_scaled_seed107_or_tools,quantile_p75_scaled_seed107_or_tools,ortools,False,False,False,0,,5.007828712463379,,5.007828712463379,8169.944999999999,0.995,pulp_cbc,mean_domain_loss,,ortools_no_solution,180,60,True,8940.753355705163,8973.51189389768,10555.133107634168,10558.231958496386,,,,,,,,,,,,1
X-n172-k51,171,grocery,ortools:quantile_p75_scaled_seed107_or_tools,quantile_p75_scaled_seed107_or_tools,ortools,False,False,False,0,,5.007828712463379,,5.007828712463379,8169.944999999999,0.995,pulp_cbc,mean_domain_loss,,ortools_no_solution,180,60,True,8940.753355705163,8973.51189389768,10555.133107634168,10558.231958496386,,,,,,,,,,,,1
X-n172-k51,171,cargo,ortools:quantile_p75_scaled_seed107_or_tools,quantile_p75_scaled_seed107_or_tools,ortools,False,False,False,0,,5.007828712463379,,5.007828712463379,8169.944999999999,0.995,pulp_cbc,mean_domain_loss,,ortools_no_solution,180,60,True,8940.753355705163,8973.51189389768,10555.133107634168,10558.231958496386,,,,,,,,,,,,1
X-n172-k51,171,cold_chain,ortools:quantile_p75_scaled_seed107_or_tools,quantile_p75_scaled_seed107_or_tools,ortools,False,False,False,0,,5.007828712463379,,5.007828712463379,8169.944999999999,0.995,pulp_cbc,mean_domain_loss,,ortools_no_solution,180,60,True,8940.753355705163,8973.51189389768,10555.133107634168,10558.231958496386,,,,,,,,,,,,1
X-n172-k51,171,atm,ortools:robust_mean_1std_scaled_seed113_or_tools,robust_mean_1std_scaled_seed113_or_tools,ortools,False,False,False,0,,5.002799272537232,,5.002799272537232,8169.944999999999,0.995,pulp_cbc,mean_domain_loss,,ortools_no_solution,180,60,True,8940.753355705163,8973.51189389768,10555.133107634168,10558.231958496386,,,,,,,,,,,,1
X-n172-k51,171,grocery,ortools:robust_mean_1std_scaled_seed113_or_tools,robust_mean_1std_scaled_seed113_or_tools,ortools,False,False,False,0,,5.002799272537232,,5.002799272537232,8169.944999999999,0.995,pulp_cbc,mean_domain_loss,,ortools_no_solution,180,60,True,8940.753355705163,8973.51189389768,10555.133107634168,10558.231958496386,,,,,,,,,,,,1
X-n172-k51,171,cargo,ortools:robust_mean_1std_scaled_seed113_or_tools,robust_mean_1std_scaled_seed113_or_tools,ortools,False,False,False,0,,5.002799272537232,,5.002799272537232,8169.944999999999,0.995,pulp_cbc,mean_domain_loss,,ortools_no_solution,180,60,True,8940.753355705163,8973.51189389768,10555.133107634168,10558.231958496386,,,,,,,,,,,,1
X-n172-k51,171,cold_chain,ortools:robust_mean_1std_scaled_seed113_or_tools,robust_mean_1std_scaled_seed113_or_tools,ortools,False,False,False,0,,5.002799272537232,,5.002799272537232,8169.944999999999,0.995,pulp_cbc,mean_domain_loss,,ortools_no_solution,180,60,True,8940.753355705163,8973.51189389768,10555.133107634168,10558.231958496386,,,,,,,,,,,,1
X-n214-k11,213,atm,ortools:nominal_or_tools,nominal_or_tools,ortools,True,True,True,11,12859.0,4.997620344161987,1.3873071670532229,6.38492751121521,10356.0,0.9973035439137136,pulp_cbc,mean_domain_loss,5342.166215371047,,180,60,True,11525.098152614886,11542.610363831476,13483.907107768657,13521.958776987056,10130.654527545415,10384.0000042,18201.16621537105,21704.70869820564,25290.817214572413,1369.3717065889737,2339.8941806974185,0.478075117370892,1173.2705738210689,5342.166215371047,0.0,1
X-n214-k11,213,grocery,ortools:nominal_or_tools,nominal_or_tools,ortools,True,True,True,11,12859.0,4.997620344161987,1.1918635368347168,6.189483880996704,10356.0,0.9973035439137136,pulp_cbc,mean_domain_loss,3311.1987584756025,,180,60,True,11525.098152614886,11542.610363831476,13483.907107768657,13521.958776987056,4858.48890842807,10384.000000200002,16170.1987584756,17857.067670802742,19752.658241888646,1367.897933011216,2335.5390051646605,0.4735211267605634,1171.7967962433115,3311.1987584756025,0.0,1
X-n214-k11,213,cargo,ortools:nominal_or_tools,nominal_or_tools,ortools,True,True,True,11,12859.0,4.997620344161987,1.5624346733093262,6.5600550174713135,10356.0,0.9973035439137136,pulp_cbc,mean_domain_loss,4034.2305020872304,,180,60,True,11525.098152614886,11542.610363831476,13483.907107768657,13521.958776987056,8980.469089730848,10383.9999994,16893.23050208723,19516.086779106437,22285.174260146887,1371.2302147575006,2339.5669533812584,0.4735211267605634,1175.1290771895956,4034.2305020872304,0.0,1
X-n214-k11,213,cold_chain,ortools:nominal_or_tools,nominal_or_tools,ortools,True,True,True,11,12859.0,4.997620344161987,1.2318050861358645,6.229425430297852,10356.0,0.9973035439137136,pulp_cbc,mean_domain_loss,4748.905863541237,,180,60,True,11525.098152614886,11542.610363831476,13483.907107768657,13521.958776987056,10420.895308515355,10383.9999947,19654.590315645022,21764.44362557188,24246.47279330733,1370.741134015342,2329.864734684948,0.4686854460093896,1174.6399917474375,4748.905863541237,2046.684452103785,1
X-n214-k11,213,atm,ortools:proxy_mean_or_tools,proxy_mean_or_tools,ortools,False,False,False,0,,0.0,,0.0,11525.098152614884,1.1098900378095995,pulp_cbc,mean_domain_loss,,total_load_exceeds_fleet_capacity,180,60,True,11525.098152614886,11542.610363831476,13483.907107768657,13521.958776987056,,,,,,,,,,,,1
X-n214-k11,213,grocery,ortools:proxy_mean_or_tools,proxy_mean_or_tools,ortools,False,False,False,0,,0.0,,0.0,11525.098152614884,1.1098900378095995,pulp_cbc,mean_domain_loss,,total_load_exceeds_fleet_capacity,180,60,True,11525.098152614886,11542.610363831476,13483.907107768657,13521.958776987056,,,,,,,,,,,,1
X-n214-k11,213,cargo,ortools:proxy_mean_or_tools,proxy_mean_or_tools,ortools,False,False,False,0,,0.0,,0.0,11525.098152614884,1.1098900378095995,pulp_cbc,mean_domain_loss,,total_load_exceeds_fleet_capacity,180,60,True,11525.098152614886,11542.610363831476,13483.907107768657,13521.958776987056,,,,,,,,,,,,1
X-n214-k11,213,cold_chain,ortools:proxy_mean_or_tools,proxy_mean_or_tools,ortools,False,False,False,0,,0.0,,0.0,11525.098152614884,1.1098900378095995,pulp_cbc,mean_domain_loss,,total_load_exceeds_fleet_capacity,180,60,True,11525.098152614886,11542.610363831476,13483.907107768657,13521.958776987056,,,,,,,,,,,,1
X-n214-k11,213,atm,ortools:quantile_p75_or_tools,quantile_p75_or_tools,ortools,False,False,False,0,,0.0,,0.0,13448.833125379762,1.295149569085108,pulp_cbc,mean_domain_loss,,total_load_exceeds_fleet_capacity,180,60,True,11525.098152614886,11542.610363831476,13483.907107768657,13521.958776987056,,,,,,,,,,,,1
X-n214-k11,213,grocery,ortools:quantile_p75_or_tools,quantile_p75_or_tools,ortools,False,False,False,0,,0.0,,0.0,13448.833125379762,1.295149569085108,pulp_cbc,mean_domain_loss,,total_load_exceeds_fleet_capacity,180,60,True,11525.098152614886,11542.610363831476,13483.907107768657,13521.958776987056,,,,,,,,,,,,1
X-n214-k11,213,cargo,ortools:quantile_p75_or_tools,quantile_p75_or_tools,ortools,False,False,False,0,,0.0,,0.0,13448.833125379762,1.295149569085108,pulp_cbc,mean_domain_loss,,total_load_exceeds_fleet_capacity,180,60,True,11525.098152614886,11542.610363831476,13483.907107768657,13521.958776987056,,,,,,,,,,,,1
X-n214-k11,213,cold_chain,ortools:quantile_p75_or_tools,quantile_p75_or_tools,ortools,False,False,False,0,,0.0,,0.0,13448.833125379762,1.295149569085108,pulp_cbc,mean_domain_loss,,total_load_exceeds_fleet_capacity,180,60,True,11525.098152614886,11542.610363831476,13483.907107768657,13521.958776987056,,,,,,,,,,,,1
X-n214-k11,213,atm,ortools:quantile_p90_or_tools,quantile_p90_or_tools,ortools,False,False,False,0,,0.0,,0.0,16177.996895508682,1.557973506886429,pulp_cbc,mean_domain_loss,,total_load_exceeds_fleet_capacity,180,60,True,11525.098152614886,11542.610363831476,13483.907107768657,13521.958776987056,,,,,,,,,,,,1
X-n214-k11,213,grocery,ortools:quantile_p90_or_tools,quantile_p90_or_tools,ortools,False,False,False,0,,0.0,,0.0,16177.996895508682,1.557973506886429,pulp_cbc,mean_domain_loss,,total_load_exceeds_fleet_capacity,180,60,True,11525.098152614886,11542.610363831476,13483.907107768657,13521.958776987056,,,,,,,,,,,,1
X-n214-k11,213,cargo,ortools:quantile_p90_or_tools,quantile_p90_or_tools,ortools,False,False,False,0,,0.0,,0.0,16177.996895508682,1.557973506886429,pulp_cbc,mean_domain_loss,,total_load_exceeds_fleet_capacity,180,60,True,11525.098152614886,11542.610363831476,13483.907107768657,13521.958776987056,,,,,,,,,,,,1
X-n214-k11,213,cold_chain,ortools:quantile_p90_or_tools,quantile_p90_or_tools,ortools,False,False,False,0,,0.0,,0.0,16177.996895508682,1.557973506886429,pulp_cbc,mean_domain_loss,,total_load_exceeds_fleet_capacity,180,60,True,11525.098152614886,11542.610363831476,13483.907107768657,13521.958776987056,,,,,,,,,,,,1
X-n214-k11,213,atm,ortools:robust_mean_1std_or_tools,robust_mean_1std_or_tools,ortools,False,False,False,0,,0.0,,0.0,15093.165872066516,1.453502106323817,pulp_cbc,mean_domain_loss,,total_load_exceeds_fleet_capacity,180,60,True,11525.098152614886,11542.610363831476,13483.907107768657,13521.958776987056,,,,,,,,,,,,1
X-n214-k11,213,grocery,ortools:robust_mean_1std_or_tools,robust_mean_1std_or_tools,ortools,False,False,False,0,,0.0,,0.0,15093.165872066516,1.453502106323817,pulp_cbc,mean_domain_loss,,total_load_exceeds_fleet_capacity,180,60,True,11525.098152614886,11542.610363831476,13483.907107768657,13521.958776987056,,,,,,,,,,,,1
X-n214-k11,213,cargo,ortools:robust_mean_1std_or_tools,robust_mean_1std_or_tools,ortools,False,False,False,0,,0.0,,0.0,15093.165872066516,1.453502106323817,pulp_cbc,mean_domain_loss,,total_load_exceeds_fleet_capacity,180,60,True,11525.098152614886,11542.610363831476,13483.907107768657,13521.958776987056,,,,,,,,,,,,1
X-n214-k11,213,cold_chain,ortools:robust_mean_1std_or_tools,robust_mean_1std_or_tools,ortools,False,False,False,0,,0.0,,0.0,15093.165872066516,1.453502106323817,pulp_cbc,mean_domain_loss,,total_load_exceeds_fleet_capacity,180,60,True,11525.098152614886,11542.610363831476,13483.907107768657,13521.958776987056,,,,,,,,,,,,1
X-n214-k11,213,atm,ortools:robust_mean_2std_or_tools,robust_mean_2std_or_tools,ortools,False,False,False,0,,0.0,,0.0,18661.233591518147,1.7971141748380342,pulp_cbc,mean_domain_loss,,total_load_exceeds_fleet_capacity,180,60,True,11525.098152614886,11542.610363831476,13483.907107768657,13521.958776987056,,,,,,,,,,,,1
X-n214-k11,213,grocery,ortools:robust_mean_2std_or_tools,robust_mean_2std_or_tools,ortools,False,False,False,0,,0.0,,0.0,18661.233591518147,1.7971141748380342,pulp_cbc,mean_domain_loss,,total_load_exceeds_fleet_capacity,180,60,True,11525.098152614886,11542.610363831476,13483.907107768657,13521.958776987056,,,,,,,,,,,,1
X-n214-k11,213,cargo,ortools:robust_mean_2std_or_tools,robust_mean_2std_or_tools,ortools,False,False,False,0,,0.0,,0.0,18661.233591518147,1.7971141748380342,pulp_cbc,mean_domain_loss,,total_load_exceeds_fleet_capacity,180,60,True,11525.098152614886,11542.610363831476,13483.907107768657,13521.958776987056,,,,,,,,,,,,1
X-n214-k11,213,cold_chain,ortools:robust_mean_2std_or_tools,robust_mean_2std_or_tools,ortools,False,False,False,0,,0.0,,0.0,18661.233591518147,1.7971141748380342,pulp_cbc,mean_domain_loss,,total_load_exceeds_fleet_capacity,180,60,True,11525.098152614886,11542.610363831476,13483.907107768657,13521.958776987056,,,,,,,,,,,,1
X-n214-k11,213,atm,ortools:proxy_mean_scaled_or_tools,proxy_mean_scaled_or_tools,ortools,False,False,False,0,,5.006700038909912,,5.006700038909912,10332.080000000002,0.9950000000000002,pulp_cbc,mean_domain_loss,,ortools_no_solution,180,60,True,11525.098152614886,11542.610363831476,13483.907107768657,13521.958776987056,,,,,,,,,,,,1
X-n214-k11,213,grocery,ortools:proxy_mean_scaled_or_tools,proxy_mean_scaled_or_tools,ortools,False,False,False,0,,5.006700038909912,,5.006700038909912,10332.080000000002,0.9950000000000002,pulp_cbc,mean_domain_loss,,ortools_no_solution,180,60,True,11525.098152614886,11542.610363831476,13483.907107768657,13521.958776987056,,,,,,,,,,,,1
X-n214-k11,213,cargo,ortools:proxy_mean_scaled_or_tools,proxy_mean_scaled_or_tools,ortools,False,False,False,0,,5.006700038909912,,5.006700038909912,10332.080000000002,0.9950000000000002,pulp_cbc,mean_domain_loss,,ortools_no_solution,180,60,True,11525.098152614886,11542.610363831476,13483.907107768657,13521.958776987056,,,,,,,,,,,,1
X-n214-k11,213,cold_chain,ortools:proxy_mean_scaled_or_tools,proxy_mean_scaled_or_tools,ortools,False,False,False,0,,5.006700038909912,,5.006700038909912,10332.080000000002,0.9950000000000002,pulp_cbc,mean_domain_loss,,ortools_no_solution,180,60,True,11525.098152614886,11542.610363831476,13483.907107768657,13521.958776987056,,,,,,,,,,,,1
X-n214-k11,213,atm,ortools:quantile_p75_scaled_or_tools,quantile_p75_scaled_or_tools,ortools,True,True,True,11,13083.0,5.001141548156738,1.2417271137237549,6.242868661880493,10332.080000000002,0.9950000000000002,pulp_cbc,mean_domain_loss,5342.106927880302,,180,60,True,11525.098152614886,11542.610363831476,13483.907107768657,13521.958776987056,10128.29476625693,10384.0000082,18425.1069278803,21935.19927262609,25524.004125949898,1370.4754848665968,2340.131276853295,0.4816901408450704,1174.3743560986925,5342.106927880302,0.0,1
X-n214-k11,213,grocery,ortools:quantile_p75_scaled_or_tools,quantile_p75_scaled_or_tools,ortools,True,True,True,11,13083.0,5.001141548156738,1.178410530090332,6.17955207824707,10332.080000000002,0.9950000000000002,pulp_cbc,mean_domain_loss,3314.9136904212505,,180,60,True,11525.098152614886,11542.610363831476,13483.907107768657,13521.958776987056,4858.174807093434,10383.9999978,16397.91369042125,18091.89149647745,19978.82393341441,1369.7169387761996,2328.565688399754,0.4751643192488263,1173.6157996082943,3314.9136904212505,0.0,1
X-n214-k11,213,cargo,ortools:quantile_p75_scaled_or_tools,quantile_p75_scaled_or_tools,ortools,True,True,True,11,13083.0,5.001141548156738,1.4512741565704346,6.452415704727173,10332.080000000002,0.9950000000000002,pulp_cbc,mean_domain_loss,4025.5136166196726,,180,60,True,11525.098152614886,11542.610363831476,13483.907107768657,13521.958776987056,8965.569338635449,10384.0000024,17108.513616619675,19749.622452102965,22504.999950976668,1372.670863954938,2338.866178851975,0.4748826291079812,1176.5697293870332,4025.5136166196726,0.0,1
X-n214-k11,213,cold_chain,ortools:quantile_p75_scaled_or_tools,quantile_p75_scaled_or_tools,ortools,True,True,True,11,13083.0,5.001141548156738,1.2038617134094238,6.205003261566162,10332.080000000002,0.9950000000000002,pulp_cbc,mean_domain_loss,4748.078247211247,,180,60,True,11525.098152614886,11542.610363831476,13483.907107768657,13521.958776987056,10364.535253651293,10384.0000077,19824.778113212207,21941.17370204615,24428.07096802879,1372.4053530756894,2327.9155702068765,0.4703286384976526,1176.304223807785,4748.078247211247,1993.6998660009608,1
X-n214-k11,213,atm,ortools:quantile_p90_scaled_or_tools,quantile_p90_scaled_or_tools,ortools,True,True,True,11,12479.0,5.01072883605957,1.2895097732543943,6.300238609313965,10332.080000000002,0.9950000000000002,pulp_cbc,mean_domain_loss,5357.304401334325,,180,60,True,11525.098152614886,11542.610363831476,13483.907107768657,13521.958776987056,10141.243216124536,10384.000004100002,17836.304401334324,21285.021371317867,24932.58424503276,1376.1252235621546,2331.025481397395,0.4826291079812206,1180.02409069425,5357.304401334325,0.0,1
X-n214-k11,213,grocery,ortools:quantile_p90_scaled_or_tools,quantile_p90_scaled_or_tools,ortools,True,True,True,11,12479.0,5.01072883605957,1.1739206314086914,6.184649467468262,10332.080000000002,0.9950000000000002,pulp_cbc,mean_domain_loss,3325.02850456377,,180,60,True,11525.098152614886,11542.610363831476,13483.907107768657,13521.958776987056,4868.57238244873,10383.9999995,15804.02850456377,17486.339358945104,19380.30388208715,1374.6117746201985,2329.9903682836484,0.4794366197183098,1178.5106371522938,3325.02850456377,0.0,1
X-n214-k11,213,cargo,ortools:quantile_p90_scaled_or_tools,quantile_p90_scaled_or_tools,ortools,True,True,True,11,12479.0,5.01072883605957,1.346294641494751,6.357023477554321,10332.080000000002,0.9950000000000002,pulp_cbc,mean_domain_loss,4024.95424952933,,180,60,True,11525.098152614886,11542.610363831476,13483.907107768657,13521.958776987056,8948.640709374844,10384.0000057,16503.954249529328,19136.734095424286,21868.05131531645,1381.5547558174148,2339.267872353753,0.4827230046948357,1185.4536245495106,4024.95424952933,0.0,1
X-n214-k11,213,cold_chain,ortools:quantile_p90_scaled_or_tools,quantile_p90_scaled_or_tools,ortools,True,True,True,11,12479.0,5.01072883605957,1.2241394519805908,6.234868288040161,10332.080000000002,0.9950000000000002,pulp_cbc,mean_domain_loss,4765.3109420471255,,180,60,True,11525.098152614886,11542.610363831476,13483.907107768657,13521.958776987056,10345.505089670874,10384.0000028,19206.733716022023,21302.470724682255,23828.42354998028,1379.888620378997,2327.8216880422287,0.4776056338028169,1183.787486211092,4765.3109420471255,1962.422773974893,1
X-n214-k11,213,atm,ortools:robust_mean_1std_scaled_or_tools,robust_mean_1std_scaled_or_tools,ortools,True,True,True,11,13723.0,5.010787725448608,1.263523817062378,6.274311542510986,10332.079999999998,0.9949999999999998,pulp_cbc,mean_domain_loss,5350.03900435668,,180,60,True,11525.098152614886,11542.610363831476,13483.907107768657,13521.958776987056,10139.75724175214,10384.000006,19073.03900435668,22573.25398771879,26158.660872020475,1373.449457102757,2340.4301470863543,0.4809859154929577,1177.3483261348522,5350.03900435668,0.0,1
X-n214-k11,213,grocery,ortools:robust_mean_1std_scaled_or_tools,robust_mean_1std_scaled_or_tools,ortools,True,True,True,11,13723.0,5.010787725448608,1.1244237422943115,6.13521146774292,10332.079999999998,0.9949999999999998,pulp_cbc,mean_domain_loss,3318.791831942527,,180,60,True,11525.098152614886,11542.610363831476,13483.907107768657,13521.958776987056,4866.865129664156,10384.0000064,17041.791831942526,18759.946438045878,20614.22709783541,1371.8505263605914,2340.672570233754,0.4797652582159624,1175.7493957926868,3318.791831942527,0.0,1
X-n214-k11,213,cargo,ortools:robust_mean_1std_scaled_or_tools,robust_mean_1std_scaled_or_tools,ortools,True,True,True,11,13723.0,5.010787725448608,1.3660740852355957,6.376861810684204,10332.079999999998,0.9949999999999998,pulp_cbc,mean_domain_loss,4021.1708915200807,,180,60,True,11525.098152614886,11542.610363831476,13483.907107768657,13521.958776987056,8952.050227839498,10384.0000064,17744.17089152008,20427.69986670969,23120.83563670019,1377.4601698431804,2351.8158517351103,0.4747417840375587,1181.359039275275,4021.1708915200807,0.0,1
X-n214-k11,213,cold_chain,ortools:robust_mean_1std_scaled_or_tools,robust_mean_1std_scaled_or_tools,ortools,True,True,True,11,13723.0,5.010787725448608,1.130286455154419,6.141074180603027,10332.079999999998,0.9949999999999998,pulp_cbc,mean_domain_loss,4753.623485608221,,180,60,True,11525.098152614886,11542.610363831476,13483.907107768657,13521.958776987056,10384.088598706565,10384.0000094,20477.916666374203,22626.227416756497,25075.21091083898,1375.0161557478873,2334.2380556995504,0.4745539906103286,1178.915028179983,4753.623485608221,2001.29318076598,1
X-n214-k11,213,atm,ortools:robust_mean_2std_scaled_or_tools,robust_mean_2std_scaled_or_tools,ortools,True,True,True,11,13222.0,5.0007054805755615,1.224755048751831,6.225460529327393,10332.08,0.995,pulp_cbc,mean_domain_loss,5357.3537632773805,,180,60,True,11525.098152614886,11542.610363831476,13483.907107768657,13521.958776987056,10147.675913380224,10384.000018400002,18579.35376327738,22025.33725506233,25669.279753544,1377.0278247077376,2331.236712696033,0.4845070422535211,1180.9267061398327,5357.3537632773805,0.0,1
X-n214-k11,213,grocery,ortools:robust_mean_2std_scaled_or_tools,robust_mean_2std_scaled_or_tools,ortools,True,True,True,11,13222.0,5.0007054805755615,1.2266976833343506,6.227403163909912,10332.08,0.995,pulp_cbc,mean_domain_loss,3326.962442149527,,180,60,True,11525.098152614886,11542.610363831476,13483.907107768657,13521.958776987056,4872.805792483014,10384.0000058,16548.96244214953,18243.10193724901,20119.670049996734,1375.4167088900213,2336.4953841487268,0.4776525821596244,1179.3155777221166,3326.962442149527,0.0,1
X-n214-k11,213,cargo,ortools:robust_mean_2std_scaled_or_tools,robust_mean_2std_scaled_or_tools,ortools,True,True,True,11,13222.0,5.0007054805755615,1.3937721252441406,6.394477605819702,10332.08,0.995,pulp_cbc,mean_domain_loss,4023.251763886032,,180,60,True,11525.098152614886,11542.610363831476,13483.907107768657,13521.958776987056,8948.463361714943,10384.0000125,17245.25176388603,19887.999564783982,22628.48100551973,1382.3016603706965,2344.899569452917,0.4824413145539906,1186.200535902792,4023.251763886032,0.0,1
X-n214-k11,213,cold_chain,ortools:robust_mean_2std_scaled_or_tools,robust_mean_2std_scaled_or_tools,ortools,True,True,True,11,13222.0,5.0007054805755615,1.3435947895050049,6.344300270080566,10332.08,0.995,pulp_cbc,mean_domain_loss,4766.017592622164,,180,60,True,11525.098152614886,11542.610363831476,13483.907107768657,13521.958776987056,10412.587809119132,10384.000015,20005.52184817164,22088.629507247893,24589.15015999209,1378.5445897208235,2328.9333880374097,0.4737558685446009,1182.4434677529189,4766.017592622164,2017.504255549472,1
X-n214-k11,213,atm,ortools:nominal_seed101_or_tools,nominal_seed101_or_tools,ortools,True,True,True,11,12826.0,4.995000839233398,1.2604682445526123,6.255469083786011,10356.0,0.9973035439137136,pulp_cbc,mean_domain_loss,5344.363084185636,,180,60,True,11525.098152614886,11542.610363831476,13483.907107768657,13521.958776987056,10130.723604812154,10384.0000051,18170.36308418564,21663.33402519492,25261.40716270668,1369.509571653868,2334.139689326578,0.4778873239436619,1173.4084397859633,5344.363084185636,0.0,1
X-n214-k11,213,grocery,ortools:nominal_seed101_or_tools,nominal_seed101_or_tools,ortools,True,True,True,11,12826.0,4.995000839233398,1.2662663459777832,6.261267185211182,10356.0,0.9973035439137136,pulp_cbc,mean_domain_loss,3313.098056635457,,180,60,True,11525.098152614886,11542.610363831476,13483.907107768657,13521.958776987056,4858.26898605416,10384.0000078,16139.098056635456,17823.17693824311,19719.520792192743,1368.2465473949062,2324.613054650315,0.4722535211267605,1172.1454182270018,3313.098056635457,0.0,1
X-n214-k11,213,cargo,ortools:nominal_seed101_or_tools,nominal_seed101_or_tools,ortools,True,True,True,11,12826.0,4.995000839233398,1.3050158023834229,6.300016641616821,10356.0,0.9973035439137136,pulp_cbc,mean_domain_loss,4029.820184660687,,180,60,True,11525.098152614886,11542.610363831476,13483.907107768657,13521.958776987056,8983.652007816569,10383.9999991,16855.820184660683,19485.904890708603,22261.97569748095,1368.7983851717893,2338.931256781468,0.4712676056338028,1172.6972473038848,4029.820184660687,0.0,1
X-n214-k11,213,cold_chain,ortools:nominal_seed101_or_tools,nominal_seed101_or_tools,ortools,True,True,True,11,12826.0,4.995000839233398,1.223119020462036,6.218119859695435,10356.0,0.9973035439137136,pulp_cbc,mean_domain_loss,4753.759782176223,,180,60,True,11525.098152614886,11542.610363831476,13483.907107768657,13521.958776987056,10420.414604328207,10384.0000007,19625.886436008896,21703.593870284327,24219.69554146712,1372.103331860122,2316.588973291482,0.4657746478873239,1176.0021955922173,4753.759782176223,2046.126653832676,1
X-n214-k11,213,atm,ortools:nominal_seed103_or_tools,nominal_seed103_or_tools,ortools,True,True,True,11,12995.0,5.001307010650635,1.188385248184204,6.189692258834839,10356.0,0.9973035439137136,pulp_cbc,mean_domain_loss,5343.982265887504,,180,60,True,11525.098152614886,11542.610363831476,13483.907107768657,13521.958776987056,10130.785012824375,10384.0000009,18338.982265887505,21839.353601546623,25425.68594162606,1369.6837362084475,2336.7579387305536,0.479906103286385,1173.582600140543,5343.982265887504,0.0,1
X-n214-k11,213,grocery,ortools:nominal_seed103_or_tools,nominal_seed103_or_tools,ortools,True,True,True,11,12995.0,5.001307010650635,1.0319812297821045,6.033288240432739,10356.0,0.9973035439137136,pulp_cbc,mean_domain_loss,3313.522796150092,,180,60,True,11525.098152614886,11542.610363831476,13483.907107768657,13521.958776987056,4858.0899994964375,10384.0000066,16308.522796150091,18004.05283326847,19888.088282717006,1368.635597364433,2330.146971379286,0.4737558685446009,1172.534466996528,3313.522796150092,0.0,1
X-n214-k11,213,cargo,ortools:nominal_seed103_or_tools,nominal_seed103_or_tools,ortools,True,True,True,11,12995.0,5.001307010650635,1.3746304512023926,6.375937461853027,10356.0,0.9973035439137136,pulp_cbc,mean_domain_loss,4034.177073394207,,180,60,True,11525.098152614886,11542.610363831476,13483.907107768657,13521.958776987056,8985.187390435145,10383.9999994,17029.17707339421,19649.580788417905,22428.168787763687,1370.3540788788212,2338.2692379152804,0.476150234741784,1174.2529413109164,4034.177073394207,0.0,1
X-n214-k11,213,cold_chain,ortools:nominal_seed103_or_tools,nominal_seed103_or_tools,ortools,True,True,True,11,12995.0,5.001307010650635,1.1633777618408203,6.164684772491455,10356.0,0.9973035439137136,pulp_cbc,mean_domain_loss,4753.546484095294,,180,60,True,11525.098152614886,11542.610363831476,13483.907107768657,13521.958776987056,10414.444174232023,10383.9999938,19788.712793161954,21885.9729265532,24379.69662352873,1372.0842349882023,2321.1161213570485,0.4677464788732394,1175.9830918202977,4753.546484095294,2040.1663090666584,1
X-n214-k11,213,atm,ortools:proxy_mean_scaled_seed109_or_tools,proxy_mean_scaled_seed109_or_tools,ortools,True,True,True,11,13296.0,4.99175763130188,1.1795759201049805,6.17133355140686,10332.080000000002,0.9950000000000002,pulp_cbc,mean_domain_loss,5344.046203399619,,180,60,True,11525.098152614886,11542.610363831476,13483.907107768657,13521.958776987056,10130.0447270674,10384.0000092,18640.046203399612,22067.11435888069,25726.368480072248,1369.0976005743175,2317.681701853452,0.4784507042253521,1172.9964728064133,5344.046203399619,0.0,1
X-n214-k11,213,grocery,ortools:proxy_mean_scaled_seed109_or_tools,proxy_mean_scaled_seed109_or_tools,ortools,True,True,True,11,13296.0,4.99175763130188,1.1167337894439695,6.10849142074585,10332.080000000002,0.9950000000000002,pulp_cbc,mean_domain_loss,3313.8905595910346,,180,60,True,11525.098152614886,11542.610363831476,13483.907107768657,13521.958776987056,4857.1832267726295,10384.000009,16609.890559591033,18277.986583691763,20185.14321016977,1368.501488527761,2316.949381987122,0.4729107981220657,1172.4003605598564,3313.8905595910346,0.0,1
X-n214-k11,213,cargo,ortools:proxy_mean_scaled_seed109_or_tools,proxy_mean_scaled_seed109_or_tools,ortools,True,True,True,11,13296.0,4.99175763130188,1.333104133605957,6.324861764907837,10332.080000000002,0.9950000000000002,pulp_cbc,mean_domain_loss,4041.539195057089,,180,60,True,11525.098152614886,11542.610363831476,13483.907107768657,13521.958776987056,8983.820827332976,10384.000004099998,17337.53919505709,19949.96922979542,22724.47494827576,1372.774010792008,2322.878672061066,0.4769014084507042,1176.6728779241034,4041.539195057089,0.0,1
X-n214-k11,213,cold_chain,ortools:proxy_mean_scaled_seed109_or_tools,proxy_mean_scaled_seed109_or_tools,ortools,True,True,True,11,13296.0,4.99175763130188,1.2450919151306152,6.236849546432495,10332.080000000002,0.9950000000000002,pulp_cbc,mean_domain_loss,4754.270967971108,,180,60,True,11525.098152614886,11542.610363831476,13483.907107768657,13521.958776987056,10440.808082925852,10384.000002,20116.66999958567,22193.776199696928,24704.22722708585,1371.154018105978,2318.4506618673786,0.4639906103286385,1175.0528831380732,4754.270967971108,2066.3990316145623,1
X-n214-k11,213,atm,ortools:quantile_p75_scaled_seed107_or_tools,quantile_p75_scaled_seed107_or_tools,ortools,True,True,True,11,12734.0,5.000900268554688,1.249837875366211,6.250738143920898,10332.080000000002,0.9950000000000002,pulp_cbc,mean_domain_loss,5342.783740312956,,180,60,True,11525.098152614886,11542.610363831476,13483.907107768657,13521.958776987056,10130.031398301451,10384.0000168,18076.78374031296,21575.8057932777,25169.854581117328,1371.1227916256234,2337.8887820721384,0.480093896713615,1175.0216714577189,5342.783740312956,0.0,1
X-n214-k11,213,grocery,ortools:quantile_p75_scaled_seed107_or_tools,quantile_p75_scaled_seed107_or_tools,ortools,True,True,True,11,12734.0,5.000900268554688,1.0848097801208496,6.085710048675537,10332.080000000002,0.9950000000000002,pulp_cbc,mean_domain_loss,3313.446909964254,,180,60,True,11525.098152614886,11542.610363831476,13483.907107768657,13521.958776987056,4860.455935543592,10384.000014600002,16047.446909964254,17748.871096595347,19627.363347080493,1369.1767310914363,2331.356373836178,0.4739436619718309,1173.075608723532,3313.446909964254,0.0,1
X-n214-k11,213,cargo,ortools:quantile_p75_scaled_seed107_or_tools,quantile_p75_scaled_seed107_or_tools,ortools,True,True,True,11,12734.0,5.000900268554688,1.334808349609375,6.335708618164063,10332.080000000002,0.9950000000000002,pulp_cbc,mean_domain_loss,4024.880701819944,,180,60,True,11525.098152614886,11542.610363831476,13483.907107768657,13521.958776987056,8955.464350199487,10384.0000009,16758.880701819944,19400.13252305717,22133.68133143482,1376.5674858133266,2336.342560105485,0.48018779342723,1180.466349745422,4024.880701819944,0.0,1
X-n214-k11,213,cold_chain,ortools:quantile_p75_scaled_seed107_or_tools,quantile_p75_scaled_seed107_or_tools,ortools,True,True,True,11,12734.0,5.000900268554688,1.1736230850219729,6.17452335357666,10332.080000000002,0.9950000000000002,pulp_cbc,mean_domain_loss,4742.628693611883,,180,60,True,11525.098152614886,11542.610363831476,13483.907107768657,13521.958776987056,10344.71226370792,10384.0000043,19449.70037301376,21592.734893662622,24056.252346414258,1372.11862032175,2332.837885795886,0.4716901408450704,1176.0174876538451,4742.628693611883,1973.0716794018736,1
X-n214-k11,213,atm,ortools:robust_mean_1std_scaled_seed113_or_tools,robust_mean_1std_scaled_seed113_or_tools,ortools,True,True,True,11,12782.0,5.0031898021698,1.2429990768432615,6.2461888790130615,10332.079999999998,0.9949999999999998,pulp_cbc,mean_domain_loss,5350.911164972606,,180,60,True,11525.098152614886,11542.610363831476,13483.907107768657,13521.958776987056,10136.64117593206,10384.000012699998,18132.911164972607,21607.791672879805,25233.20154079777,1374.0953378120714,2335.3787171290865,0.4823943661971831,1177.9942135441663,5350.911164972606,0.0,1
X-n214-k11,213,grocery,ortools:robust_mean_1std_scaled_seed113_or_tools,robust_mean_1std_scaled_seed113_or_tools,ortools,True,True,True,11,12782.0,5.0031898021698,1.1798269748687744,6.183016777038574,10332.079999999998,0.9949999999999998,pulp_cbc,mean_domain_loss,3321.059765513735,,180,60,True,11525.098152614886,11542.610363831476,13483.907107768657,13521.958776987056,4865.906821223933,10384.000005500002,16103.059765513732,17789.436647957627,19680.63874803452,1372.5859907459342,2329.0378259347312,0.4767605633802816,1176.4848592780295,3321.059765513735,0.0,1
X-n214-k11,213,cargo,ortools:robust_mean_1std_scaled_seed113_or_tools,robust_mean_1std_scaled_seed113_or_tools,ortools,True,True,True,11,12782.0,5.0031898021698,1.4402945041656494,6.443484306335449,10332.079999999998,0.9949999999999998,pulp_cbc,mean_domain_loss,4023.791367750584,,180,60,True,11525.098152614886,11542.610363831476,13483.907107768657,13521.958776987056,8951.869684514457,10383.9999975,16805.791367750586,19420.162675249238,22192.881286658,1378.5672079741405,2330.173606094594,0.4803755868544601,1182.4660685062358,4023.791367750584,0.0,1
X-n214-k11,213,cold_chain,ortools:robust_mean_1std_scaled_seed113_or_tools,robust_mean_1std_scaled_seed113_or_tools,ortools,True,True,True,11,12782.0,5.0031898021698,1.24202561378479,6.24521541595459,10332.079999999998,0.9949999999999998,pulp_cbc,mean_domain_loss,4765.429671762161,,180,60,True,11525.098152614886,11542.610363831476,13483.907107768657,13521.958776987056,10473.505935194187,10384.0000057,19634.123590468196,21742.729427774684,24228.558509455685,1376.580184732927,2329.046251651841,0.4722535211267605,1180.4790534650224,4765.429671762161,2086.693918706032,1
X-n256-k16,255,atm,ortools:nominal_or_tools,nominal_or_tools,ortools,False,False,False,0,,5.000999927520752,,5.000999927520752,19514.0,0.9956122448979592,pulp_cbc,mean_domain_loss,,ortools_no_solution,180,60,True,21883.368907411048,21983.39121850273,25370.31290291748,25410.61753740374,,,,,,,,,,,,1
X-n256-k16,255,grocery,ortools:nominal_or_tools,nominal_or_tools,ortools,False,False,False,0,,5.000999927520752,,5.000999927520752,19514.0,0.9956122448979592,pulp_cbc,mean_domain_loss,,ortools_no_solution,180,60,True,21883.368907411048,21983.39121850273,25370.31290291748,25410.61753740374,,,,,,,,,,,,1
X-n256-k16,255,cargo,ortools:nominal_or_tools,nominal_or_tools,ortools,False,False,False,0,,5.000999927520752,,5.000999927520752,19514.0,0.9956122448979592,pulp_cbc,mean_domain_loss,,ortools_no_solution,180,60,True,21883.368907411048,21983.39121850273,25370.31290291748,25410.61753740374,,,,,,,,,,,,1
X-n256-k16,255,cold_chain,ortools:nominal_or_tools,nominal_or_tools,ortools,False,False,False,0,,5.000999927520752,,5.000999927520752,19514.0,0.9956122448979592,pulp_cbc,mean_domain_loss,,ortools_no_solution,180,60,True,21883.368907411048,21983.39121850273,25370.31290291748,25410.61753740374,,,,,,,,,,,,1
X-n256-k16,255,atm,ortools:proxy_mean_or_tools,proxy_mean_or_tools,ortools,False,False,False,0,,0.0,,0.0,21883.368907411044,1.1164984136434206,pulp_cbc,mean_domain_loss,,total_load_exceeds_fleet_capacity,180,60,True,21883.368907411048,21983.39121850273,25370.31290291748,25410.61753740374,,,,,,,,,,,,1
X-n256-k16,255,grocery,ortools:proxy_mean_or_tools,proxy_mean_or_tools,ortools,False,False,False,0,,0.0,,0.0,21883.368907411044,1.1164984136434206,pulp_cbc,mean_domain_loss,,total_load_exceeds_fleet_capacity,180,60,True,21883.368907411048,21983.39121850273,25370.31290291748,25410.61753740374,,,,,,,,,,,,1
X-n256-k16,255,cargo,ortools:proxy_mean_or_tools,proxy_mean_or_tools,ortools,False,False,False,0,,0.0,,0.0,21883.368907411044,1.1164984136434206,pulp_cbc,mean_domain_loss,,total_load_exceeds_fleet_capacity,180,60,True,21883.368907411048,21983.39121850273,25370.31290291748,25410.61753740374,,,,,,,,,,,,1
X-n256-k16,255,cold_chain,ortools:proxy_mean_or_tools,proxy_mean_or_tools,ortools,False,False,False,0,,0.0,,0.0,21883.368907411044,1.1164984136434206,pulp_cbc,mean_domain_loss,,total_load_exceeds_fleet_capacity,180,60,True,21883.368907411048,21983.39121850273,25370.31290291748,25410.61753740374,,,,,,,,,,,,1
X-n256-k16,255,atm,ortools:quantile_p75_or_tools,quantile_p75_or_tools,ortools,False,False,False,0,,0.0,,0.0,25234.389637025568,1.2874688590319168,pulp_cbc,mean_domain_loss,,total_load_exceeds_fleet_capacity,180,60,True,21883.368907411048,21983.39121850273,25370.31290291748,25410.61753740374,,,,,,,,,,,,1
X-n256-k16,255,grocery,ortools:quantile_p75_or_tools,quantile_p75_or_tools,ortools,False,False,False,0,,0.0,,0.0,25234.389637025568,1.2874688590319168,pulp_cbc,mean_domain_loss,,total_load_exceeds_fleet_capacity,180,60,True,21883.368907411048,21983.39121850273,25370.31290291748,25410.61753740374,,,,,,,,,,,,1
X-n256-k16,255,cargo,ortools:quantile_p75_or_tools,quantile_p75_or_tools,ortools,False,False,False,0,,0.0,,0.0,25234.389637025568,1.2874688590319168,pulp_cbc,mean_domain_loss,,total_load_exceeds_fleet_capacity,180,60,True,21883.368907411048,21983.39121850273,25370.31290291748,25410.61753740374,,,,,,,,,,,,1
X-n256-k16,255,cold_chain,ortools:quantile_p75_or_tools,quantile_p75_or_tools,ortools,False,False,False,0,,0.0,,0.0,25234.389637025568,1.2874688590319168,pulp_cbc,mean_domain_loss,,total_load_exceeds_fleet_capacity,180,60,True,21883.368907411048,21983.39121850273,25370.31290291748,25410.61753740374,,,,,,,,,,,,1
X-n256-k16,255,atm,ortools:quantile_p90_or_tools,quantile_p90_or_tools,ortools,False,False,False,0,,0.0,,0.0,30133.99202680373,1.5374485727961087,pulp_cbc,mean_domain_loss,,total_load_exceeds_fleet_capacity,180,60,True,21883.368907411048,21983.39121850273,25370.31290291748,25410.61753740374,,,,,,,,,,,,1
X-n256-k16,255,grocery,ortools:quantile_p90_or_tools,quantile_p90_or_tools,ortools,False,False,False,0,,0.0,,0.0,30133.99202680373,1.5374485727961087,pulp_cbc,mean_domain_loss,,total_load_exceeds_fleet_capacity,180,60,True,21883.368907411048,21983.39121850273,25370.31290291748,25410.61753740374,,,,,,,,,,,,1
X-n256-k16,255,cargo,ortools:quantile_p90_or_tools,quantile_p90_or_tools,ortools,False,False,False,0,,0.0,,0.0,30133.99202680373,1.5374485727961087,pulp_cbc,mean_domain_loss,,total_load_exceeds_fleet_capacity,180,60,True,21883.368907411048,21983.39121850273,25370.31290291748,25410.61753740374,,,,,,,,,,,,1
X-n256-k16,255,cold_chain,ortools:quantile_p90_or_tools,quantile_p90_or_tools,ortools,False,False,False,0,,0.0,,0.0,30133.99202680373,1.5374485727961087,pulp_cbc,mean_domain_loss,,total_load_exceeds_fleet_capacity,180,60,True,21883.368907411048,21983.39121850273,25370.31290291748,25410.61753740374,,,,,,,,,,,,1
X-n256-k16,255,atm,ortools:robust_mean_1std_or_tools,robust_mean_1std_or_tools,ortools,False,False,False,0,,0.0,,0.0,28267.664075556146,1.442227758956946,pulp_cbc,mean_domain_loss,,total_load_exceeds_fleet_capacity,180,60,True,21883.368907411048,21983.39121850273,25370.31290291748,25410.61753740374,,,,,,,,,,,,1
X-n256-k16,255,grocery,ortools:robust_mean_1std_or_tools,robust_mean_1std_or_tools,ortools,False,False,False,0,,0.0,,0.0,28267.664075556146,1.442227758956946,pulp_cbc,mean_domain_loss,,total_load_exceeds_fleet_capacity,180,60,True,21883.368907411048,21983.39121850273,25370.31290291748,25410.61753740374,,,,,,,,,,,,1
X-n256-k16,255,cargo,ortools:robust_mean_1std_or_tools,robust_mean_1std_or_tools,ortools,False,False,False,0,,0.0,,0.0,28267.664075556146,1.442227758956946,pulp_cbc,mean_domain_loss,,total_load_exceeds_fleet_capacity,180,60,True,21883.368907411048,21983.39121850273,25370.31290291748,25410.61753740374,,,,,,,,,,,,1
X-n256-k16,255,cold_chain,ortools:robust_mean_1std_or_tools,robust_mean_1std_or_tools,ortools,False,False,False,0,,0.0,,0.0,28267.664075556146,1.442227758956946,pulp_cbc,mean_domain_loss,,total_load_exceeds_fleet_capacity,180,60,True,21883.368907411048,21983.39121850273,25370.31290291748,25410.61753740374,,,,,,,,,,,,1
X-n256-k16,255,atm,ortools:robust_mean_2std_or_tools,robust_mean_2std_or_tools,ortools,False,False,False,0,,0.0,,0.0,34651.95924370125,1.7679571042704718,pulp_cbc,mean_domain_loss,,total_load_exceeds_fleet_capacity,180,60,True,21883.368907411048,21983.39121850273,25370.31290291748,25410.61753740374,,,,,,,,,,,,1
X-n256-k16,255,grocery,ortools:robust_mean_2std_or_tools,robust_mean_2std_or_tools,ortools,False,False,False,0,,0.0,,0.0,34651.95924370125,1.7679571042704718,pulp_cbc,mean_domain_loss,,total_load_exceeds_fleet_capacity,180,60,True,21883.368907411048,21983.39121850273,25370.31290291748,25410.61753740374,,,,,,,,,,,,1
X-n256-k16,255,cargo,ortools:robust_mean_2std_or_tools,robust_mean_2std_or_tools,ortools,False,False,False,0,,0.0,,0.0,34651.95924370125,1.7679571042704718,pulp_cbc,mean_domain_loss,,total_load_exceeds_fleet_capacity,180,60,True,21883.368907411048,21983.39121850273,25370.31290291748,25410.61753740374,,,,,,,,,,,,1
X-n256-k16,255,cold_chain,ortools:robust_mean_2std_or_tools,robust_mean_2std_or_tools,ortools,False,False,False,0,,0.0,,0.0,34651.95924370125,1.7679571042704718,pulp_cbc,mean_domain_loss,,total_load_exceeds_fleet_capacity,180,60,True,21883.368907411048,21983.39121850273,25370.31290291748,25410.61753740374,,,,,,,,,,,,1
X-n256-k16,255,atm,ortools:proxy_mean_scaled_or_tools,proxy_mean_scaled_or_tools,ortools,False,False,False,0,,5.000485181808472,,5.000485181808472,19502.0,0.995,pulp_cbc,mean_domain_loss,,ortools_no_solution,180,60,True,21883.368907411048,21983.39121850273,25370.31290291748,25410.61753740374,,,,,,,,,,,,1
X-n256-k16,255,grocery,ortools:proxy_mean_scaled_or_tools,proxy_mean_scaled_or_tools,ortools,False,False,False,0,,5.000485181808472,,5.000485181808472,19502.0,0.995,pulp_cbc,mean_domain_loss,,ortools_no_solution,180,60,True,21883.368907411048,21983.39121850273,25370.31290291748,25410.61753740374,,,,,,,,,,,,1
X-n256-k16,255,cargo,ortools:proxy_mean_scaled_or_tools,proxy_mean_scaled_or_tools,ortools,False,False,False,0,,5.000485181808472,,5.000485181808472,19502.0,0.995,pulp_cbc,mean_domain_loss,,ortools_no_solution,180,60,True,21883.368907411048,21983.39121850273,25370.31290291748,25410.61753740374,,,,,,,,,,,,1
X-n256-k16,255,cold_chain,ortools:proxy_mean_scaled_or_tools,proxy_mean_scaled_or_tools,ortools,False,False,False,0,,5.000485181808472,,5.000485181808472,19502.0,0.995,pulp_cbc,mean_domain_loss,,ortools_no_solution,180,60,True,21883.368907411048,21983.39121850273,25370.31290291748,25410.61753740374,,,,,,,,,,,,1
X-n256-k16,255,atm,ortools:quantile_p75_scaled_or_tools,quantile_p75_scaled_or_tools,ortools,False,False,False,0,,4.995683670043945,,4.995683670043945,19502.000000000004,0.9950000000000002,pulp_cbc,mean_domain_loss,,ortools_no_solution,180,60,True,21883.368907411048,21983.39121850273,25370.31290291748,25410.61753740374,,,,,,,,,,,,1
X-n256-k16,255,grocery,ortools:quantile_p75_scaled_or_tools,quantile_p75_scaled_or_tools,ortools,False,False,False,0,,4.995683670043945,,4.995683670043945,19502.000000000004,0.9950000000000002,pulp_cbc,mean_domain_loss,,ortools_no_solution,180,60,True,21883.368907411048,21983.39121850273,25370.31290291748,25410.61753740374,,,,,,,,,,,,1
X-n256-k16,255,cargo,ortools:quantile_p75_scaled_or_tools,quantile_p75_scaled_or_tools,ortools,False,False,False,0,,4.995683670043945,,4.995683670043945,19502.000000000004,0.9950000000000002,pulp_cbc,mean_domain_loss,,ortools_no_solution,180,60,True,21883.368907411048,21983.39121850273,25370.31290291748,25410.61753740374,,,,,,,,,,,,1
X-n256-k16,255,cold_chain,ortools:quantile_p75_scaled_or_tools,quantile_p75_scaled_or_tools,ortools,False,False,False,0,,4.995683670043945,,4.995683670043945,19502.000000000004,0.9950000000000002,pulp_cbc,mean_domain_loss,,ortools_no_solution,180,60,True,21883.368907411048,21983.39121850273,25370.31290291748,25410.61753740374,,,,,,,,,,,,1
X-n256-k16,255,atm,ortools:quantile_p90_scaled_or_tools,quantile_p90_scaled_or_tools,ortools,False,False,False,0,,5.005692720413208,,5.005692720413208,19502.000000000004,0.9950000000000002,pulp_cbc,mean_domain_loss,,ortools_no_solution,180,60,True,21883.368907411048,21983.39121850273,25370.31290291748,25410.61753740374,,,,,,,,,,,,1
X-n256-k16,255,grocery,ortools:quantile_p90_scaled_or_tools,quantile_p90_scaled_or_tools,ortools,False,False,False,0,,5.005692720413208,,5.005692720413208,19502.000000000004,0.9950000000000002,pulp_cbc,mean_domain_loss,,ortools_no_solution,180,60,True,21883.368907411048,21983.39121850273,25370.31290291748,25410.61753740374,,,,,,,,,,,,1
X-n256-k16,255,cargo,ortools:quantile_p90_scaled_or_tools,quantile_p90_scaled_or_tools,ortools,False,False,False,0,,5.005692720413208,,5.005692720413208,19502.000000000004,0.9950000000000002,pulp_cbc,mean_domain_loss,,ortools_no_solution,180,60,True,21883.368907411048,21983.39121850273,25370.31290291748,25410.61753740374,,,,,,,,,,,,1
X-n256-k16,255,cold_chain,ortools:quantile_p90_scaled_or_tools,quantile_p90_scaled_or_tools,ortools,False,False,False,0,,5.005692720413208,,5.005692720413208,19502.000000000004,0.9950000000000002,pulp_cbc,mean_domain_loss,,ortools_no_solution,180,60,True,21883.368907411048,21983.39121850273,25370.31290291748,25410.61753740374,,,,,,,,,,,,1
X-n256-k16,255,atm,ortools:robust_mean_1std_scaled_or_tools,robust_mean_1std_scaled_or_tools,ortools,False,False,False,0,,5.007359743118286,,5.007359743118286,19502.000000000004,0.9950000000000002,pulp_cbc,mean_domain_loss,,ortools_no_solution,180,60,True,21883.368907411048,21983.39121850273,25370.31290291748,25410.61753740374,,,,,,,,,,,,1
X-n256-k16,255,grocery,ortools:robust_mean_1std_scaled_or_tools,robust_mean_1std_scaled_or_tools,ortools,False,False,False,0,,5.007359743118286,,5.007359743118286,19502.000000000004,0.9950000000000002,pulp_cbc,mean_domain_loss,,ortools_no_solution,180,60,True,21883.368907411048,21983.39121850273,25370.31290291748,25410.61753740374,,,,,,,,,,,,1
X-n256-k16,255,cargo,ortools:robust_mean_1std_scaled_or_tools,robust_mean_1std_scaled_or_tools,ortools,False,False,False,0,,5.007359743118286,,5.007359743118286,19502.000000000004,0.9950000000000002,pulp_cbc,mean_domain_loss,,ortools_no_solution,180,60,True,21883.368907411048,21983.39121850273,25370.31290291748,25410.61753740374,,,,,,,,,,,,1
X-n256-k16,255,cold_chain,ortools:robust_mean_1std_scaled_or_tools,robust_mean_1std_scaled_or_tools,ortools,False,False,False,0,,5.007359743118286,,5.007359743118286,19502.000000000004,0.9950000000000002,pulp_cbc,mean_domain_loss,,ortools_no_solution,180,60,True,21883.368907411048,21983.39121850273,25370.31290291748,25410.61753740374,,,,,,,,,,,,1
X-n256-k16,255,atm,ortools:robust_mean_2std_scaled_or_tools,robust_mean_2std_scaled_or_tools,ortools,False,False,False,0,,5.018081188201904,,5.018081188201904,19502.0,0.995,pulp_cbc,mean_domain_loss,,ortools_no_solution,180,60,True,21883.368907411048,21983.39121850273,25370.31290291748,25410.61753740374,,,,,,,,,,,,1
X-n256-k16,255,grocery,ortools:robust_mean_2std_scaled_or_tools,robust_mean_2std_scaled_or_tools,ortools,False,False,False,0,,5.018081188201904,,5.018081188201904,19502.0,0.995,pulp_cbc,mean_domain_loss,,ortools_no_solution,180,60,True,21883.368907411048,21983.39121850273,25370.31290291748,25410.61753740374,,,,,,,,,,,,1
X-n256-k16,255,cargo,ortools:robust_mean_2std_scaled_or_tools,robust_mean_2std_scaled_or_tools,ortools,False,False,False,0,,5.018081188201904,,5.018081188201904,19502.0,0.995,pulp_cbc,mean_domain_loss,,ortools_no_solution,180,60,True,21883.368907411048,21983.39121850273,25370.31290291748,25410.61753740374,,,,,,,,,,,,1
X-n256-k16,255,cold_chain,ortools:robust_mean_2std_scaled_or_tools,robust_mean_2std_scaled_or_tools,ortools,False,False,False,0,,5.018081188201904,,5.018081188201904,19502.0,0.995,pulp_cbc,mean_domain_loss,,ortools_no_solution,180,60,True,21883.368907411048,21983.39121850273,25370.31290291748,25410.61753740374,,,,,,,,,,,,1
X-n256-k16,255,atm,ortools:nominal_seed101_or_tools,nominal_seed101_or_tools,ortools,False,False,False,0,,5.004551887512207,,5.004551887512207,19514.0,0.9956122448979592,pulp_cbc,mean_domain_loss,,ortools_no_solution,180,60,True,21883.368907411048,21983.39121850273,25370.31290291748,25410.61753740374,,,,,,,,,,,,1
X-n256-k16,255,grocery,ortools:nominal_seed101_or_tools,nominal_seed101_or_tools,ortools,False,False,False,0,,5.004551887512207,,5.004551887512207,19514.0,0.9956122448979592,pulp_cbc,mean_domain_loss,,ortools_no_solution,180,60,True,21883.368907411048,21983.39121850273,25370.31290291748,25410.61753740374,,,,,,,,,,,,1
X-n256-k16,255,cargo,ortools:nominal_seed101_or_tools,nominal_seed101_or_tools,ortools,False,False,False,0,,5.004551887512207,,5.004551887512207,19514.0,0.9956122448979592,pulp_cbc,mean_domain_loss,,ortools_no_solution,180,60,True,21883.368907411048,21983.39121850273,25370.31290291748,25410.61753740374,,,,,,,,,,,,1
X-n256-k16,255,cold_chain,ortools:nominal_seed101_or_tools,nominal_seed101_or_tools,ortools,False,False,False,0,,5.004551887512207,,5.004551887512207,19514.0,0.9956122448979592,pulp_cbc,mean_domain_loss,,ortools_no_solution,180,60,True,21883.368907411048,21983.39121850273,25370.31290291748,25410.61753740374,,,,,,,,,,,,1
X-n256-k16,255,atm,ortools:nominal_seed103_or_tools,nominal_seed103_or_tools,ortools,False,False,False,0,,5.005890846252441,,5.005890846252441,19514.0,0.9956122448979592,pulp_cbc,mean_domain_loss,,ortools_no_solution,180,60,True,21883.368907411048,21983.39121850273,25370.31290291748,25410.61753740374,,,,,,,,,,,,1
X-n256-k16,255,grocery,ortools:nominal_seed103_or_tools,nominal_seed103_or_tools,ortools,False,False,False,0,,5.005890846252441,,5.005890846252441,19514.0,0.9956122448979592,pulp_cbc,mean_domain_loss,,ortools_no_solution,180,60,True,21883.368907411048,21983.39121850273,25370.31290291748,25410.61753740374,,,,,,,,,,,,1
X-n256-k16,255,cargo,ortools:nominal_seed103_or_tools,nominal_seed103_or_tools,ortools,False,False,False,0,,5.005890846252441,,5.005890846252441,19514.0,0.9956122448979592,pulp_cbc,mean_domain_loss,,ortools_no_solution,180,60,True,21883.368907411048,21983.39121850273,25370.31290291748,25410.61753740374,,,,,,,,,,,,1
X-n256-k16,255,cold_chain,ortools:nominal_seed103_or_tools,nominal_seed103_or_tools,ortools,False,False,False,0,,5.005890846252441,,5.005890846252441,19514.0,0.9956122448979592,pulp_cbc,mean_domain_loss,,ortools_no_solution,180,60,True,21883.368907411048,21983.39121850273,25370.31290291748,25410.61753740374,,,,,,,,,,,,1
X-n256-k16,255,atm,ortools:proxy_mean_scaled_seed109_or_tools,proxy_mean_scaled_seed109_or_tools,ortools,False,False,False,0,,5.003345489501953,,5.003345489501953,19502.0,0.995,pulp_cbc,mean_domain_loss,,ortools_no_solution,180,60,True,21883.368907411048,21983.39121850273,25370.31290291748,25410.61753740374,,,,,,,,,,,,1
X-n256-k16,255,grocery,ortools:proxy_mean_scaled_seed109_or_tools,proxy_mean_scaled_seed109_or_tools,ortools,False,False,False,0,,5.003345489501953,,5.003345489501953,19502.0,0.995,pulp_cbc,mean_domain_loss,,ortools_no_solution,180,60,True,21883.368907411048,21983.39121850273,25370.31290291748,25410.61753740374,,,,,,,,,,,,1
X-n256-k16,255,cargo,ortools:proxy_mean_scaled_seed109_or_tools,proxy_mean_scaled_seed109_or_tools,ortools,False,False,False,0,,5.003345489501953,,5.003345489501953,19502.0,0.995,pulp_cbc,mean_domain_loss,,ortools_no_solution,180,60,True,21883.368907411048,21983.39121850273,25370.31290291748,25410.61753740374,,,,,,,,,,,,1
X-n256-k16,255,cold_chain,ortools:proxy_mean_scaled_seed109_or_tools,proxy_mean_scaled_seed109_or_tools,ortools,False,False,False,0,,5.003345489501953,,5.003345489501953,19502.0,0.995,pulp_cbc,mean_domain_loss,,ortools_no_solution,180,60,True,21883.368907411048,21983.39121850273,25370.31290291748,25410.61753740374,,,,,,,,,,,,1
X-n256-k16,255,atm,ortools:quantile_p75_scaled_seed107_or_tools,quantile_p75_scaled_seed107_or_tools,ortools,False,False,False,0,,5.009440183639526,,5.009440183639526,19502.000000000004,0.9950000000000002,pulp_cbc,mean_domain_loss,,ortools_no_solution,180,60,True,21883.368907411048,21983.39121850273,25370.31290291748,25410.61753740374,,,,,,,,,,,,1
X-n256-k16,255,grocery,ortools:quantile_p75_scaled_seed107_or_tools,quantile_p75_scaled_seed107_or_tools,ortools,False,False,False,0,,5.009440183639526,,5.009440183639526,19502.000000000004,0.9950000000000002,pulp_cbc,mean_domain_loss,,ortools_no_solution,180,60,True,21883.368907411048,21983.39121850273,25370.31290291748,25410.61753740374,,,,,,,,,,,,1
X-n256-k16,255,cargo,ortools:quantile_p75_scaled_seed107_or_tools,quantile_p75_scaled_seed107_or_tools,ortools,False,False,False,0,,5.009440183639526,,5.009440183639526,19502.000000000004,0.9950000000000002,pulp_cbc,mean_domain_loss,,ortools_no_solution,180,60,True,21883.368907411048,21983.39121850273,25370.31290291748,25410.61753740374,,,,,,,,,,,,1
X-n256-k16,255,cold_chain,ortools:quantile_p75_scaled_seed107_or_tools,quantile_p75_scaled_seed107_or_tools,ortools,False,False,False,0,,5.009440183639526,,5.009440183639526,19502.000000000004,0.9950000000000002,pulp_cbc,mean_domain_loss,,ortools_no_solution,180,60,True,21883.368907411048,21983.39121850273,25370.31290291748,25410.61753740374,,,,,,,,,,,,1
X-n256-k16,255,atm,ortools:robust_mean_1std_scaled_seed113_or_tools,robust_mean_1std_scaled_seed113_or_tools,ortools,False,False,False,0,,5.010273218154907,,5.010273218154907,19502.000000000004,0.9950000000000002,pulp_cbc,mean_domain_loss,,ortools_no_solution,180,60,True,21883.368907411048,21983.39121850273,25370.31290291748,25410.61753740374,,,,,,,,,,,,1
X-n256-k16,255,grocery,ortools:robust_mean_1std_scaled_seed113_or_tools,robust_mean_1std_scaled_seed113_or_tools,ortools,False,False,False,0,,5.010273218154907,,5.010273218154907,19502.000000000004,0.9950000000000002,pulp_cbc,mean_domain_loss,,ortools_no_solution,180,60,True,21883.368907411048,21983.39121850273,25370.31290291748,25410.61753740374,,,,,,,,,,,,1
X-n256-k16,255,cargo,ortools:robust_mean_1std_scaled_seed113_or_tools,robust_mean_1std_scaled_seed113_or_tools,ortools,False,False,False,0,,5.010273218154907,,5.010273218154907,19502.000000000004,0.9950000000000002,pulp_cbc,mean_domain_loss,,ortools_no_solution,180,60,True,21883.368907411048,21983.39121850273,25370.31290291748,25410.61753740374,,,,,,,,,,,,1
X-n256-k16,255,cold_chain,ortools:robust_mean_1std_scaled_seed113_or_tools,robust_mean_1std_scaled_seed113_or_tools,ortools,False,False,False,0,,5.010273218154907,,5.010273218154907,19502.000000000004,0.9950000000000002,pulp_cbc,mean_domain_loss,,ortools_no_solution,180,60,True,21883.368907411048,21983.39121850273,25370.31290291748,25410.61753740374,,,,,,,,,,,,1
X-n148-k46,147,atm,ortools:nominal_or_tools,nominal_or_tools,ortools,False,False,False,0,,5.00552225112915,,5.00552225112915,817.0,0.9867149758454108,pulp_cbc,mean_domain_loss,,ortools_no_solution,180,60,True,916.5654169475524,917.3025146472108,1115.084444950434,1120.0128820915663,,,,,,,,,,,,2
X-n148-k46,147,grocery,ortools:nominal_or_tools,nominal_or_tools,ortools,False,False,False,0,,5.00552225112915,,5.00552225112915,817.0,0.9867149758454108,pulp_cbc,mean_domain_loss,,ortools_no_solution,180,60,True,916.5654169475524,917.3025146472108,1115.084444950434,1120.0128820915663,,,,,,,,,,,,2
X-n148-k46,147,cargo,ortools:nominal_or_tools,nominal_or_tools,ortools,False,False,False,0,,5.00552225112915,,5.00552225112915,817.0,0.9867149758454108,pulp_cbc,mean_domain_loss,,ortools_no_solution,180,60,True,916.5654169475524,917.3025146472108,1115.084444950434,1120.0128820915663,,,,,,,,,,,,2
X-n148-k46,147,cold_chain,ortools:nominal_or_tools,nominal_or_tools,ortools,False,False,False,0,,5.00552225112915,,5.00552225112915,817.0,0.9867149758454108,pulp_cbc,mean_domain_loss,,ortools_no_solution,180,60,True,916.5654169475524,917.3025146472108,1115.084444950434,1120.0128820915663,,,,,,,,,,,,2
X-n148-k46,147,atm,ortools:proxy_mean_or_tools,proxy_mean_or_tools,ortools,False,False,False,0,,0.0,,0.0,916.565416947552,1.106963063946319,pulp_cbc,mean_domain_loss,,total_load_exceeds_fleet_capacity,180,60,True,916.5654169475524,917.3025146472108,1115.084444950434,1120.0128820915663,,,,,,,,,,,,2
X-n148-k46,147,grocery,ortools:proxy_mean_or_tools,proxy_mean_or_tools,ortools,False,False,False,0,,0.0,,0.0,916.565416947552,1.106963063946319,pulp_cbc,mean_domain_loss,,total_load_exceeds_fleet_capacity,180,60,True,916.5654169475524,917.3025146472108,1115.084444950434,1120.0128820915663,,,,,,,,,,,,2
X-n148-k46,147,cargo,ortools:proxy_mean_or_tools,proxy_mean_or_tools,ortools,False,False,False,0,,0.0,,0.0,916.565416947552,1.106963063946319,pulp_cbc,mean_domain_loss,,total_load_exceeds_fleet_capacity,180,60,True,916.5654169475524,917.3025146472108,1115.084444950434,1120.0128820915663,,,,,,,,,,,,2
X-n148-k46,147,cold_chain,ortools:proxy_mean_or_tools,proxy_mean_or_tools,ortools,False,False,False,0,,0.0,,0.0,916.565416947552,1.106963063946319,pulp_cbc,mean_domain_loss,,total_load_exceeds_fleet_capacity,180,60,True,916.5654169475524,917.3025146472108,1115.084444950434,1120.0128820915663,,,,,,,,,,,,2
X-n148-k46,147,atm,ortools:quantile_p75_or_tools,quantile_p75_or_tools,ortools,False,False,False,0,,0.0,,0.0,1069.546951688235,1.2917233716041483,pulp_cbc,mean_domain_loss,,total_load_exceeds_fleet_capacity,180,60,True,916.5654169475524,917.3025146472108,1115.084444950434,1120.0128820915663,,,,,,,,,,,,2
X-n148-k46,147,grocery,ortools:quantile_p75_or_tools,quantile_p75_or_tools,ortools,False,False,False,0,,0.0,,0.0,1069.546951688235,1.2917233716041483,pulp_cbc,mean_domain_loss,,total_load_exceeds_fleet_capacity,180,60,True,916.5654169475524,917.3025146472108,1115.084444950434,1120.0128820915663,,,,,,,,,,,,2
X-n148-k46,147,cargo,ortools:quantile_p75_or_tools,quantile_p75_or_tools,ortools,False,False,False,0,,0.0,,0.0,1069.546951688235,1.2917233716041483,pulp_cbc,mean_domain_loss,,total_load_exceeds_fleet_capacity,180,60,True,916.5654169475524,917.3025146472108,1115.084444950434,1120.0128820915663,,,,,,,,,,,,2
X-n148-k46,147,cold_chain,ortools:quantile_p75_or_tools,quantile_p75_or_tools,ortools,False,False,False,0,,0.0,,0.0,1069.546951688235,1.2917233716041483,pulp_cbc,mean_domain_loss,,total_load_exceeds_fleet_capacity,180,60,True,916.5654169475524,917.3025146472108,1115.084444950434,1120.0128820915663,,,,,,,,,,,,2
X-n148-k46,147,atm,ortools:quantile_p90_or_tools,quantile_p90_or_tools,ortools,False,False,False,0,,0.0,,0.0,1293.9845310736196,1.5627832500889125,pulp_cbc,mean_domain_loss,,total_load_exceeds_fleet_capacity,180,60,True,916.5654169475524,917.3025146472108,1115.084444950434,1120.0128820915663,,,,,,,,,,,,2
X-n148-k46,147,grocery,ortools:quantile_p90_or_tools,quantile_p90_or_tools,ortools,False,False,False,0,,0.0,,0.0,1293.9845310736196,1.5627832500889125,pulp_cbc,mean_domain_loss,,total_load_exceeds_fleet_capacity,180,60,True,916.5654169475524,917.3025146472108,1115.084444950434,1120.0128820915663,,,,,,,,,,,,2
X-n148-k46,147,cargo,ortools:quantile_p90_or_tools,quantile_p90_or_tools,ortools,False,False,False,0,,0.0,,0.0,1293.9845310736196,1.5627832500889125,pulp_cbc,mean_domain_loss,,total_load_exceeds_fleet_capacity,180,60,True,916.5654169475524,917.3025146472108,1115.084444950434,1120.0128820915663,,,,,,,,,,,,2
X-n148-k46,147,cold_chain,ortools:quantile_p90_or_tools,quantile_p90_or_tools,ortools,False,False,False,0,,0.0,,0.0,1293.9845310736196,1.5627832500889125,pulp_cbc,mean_domain_loss,,total_load_exceeds_fleet_capacity,180,60,True,916.5654169475524,917.3025146472108,1115.084444950434,1120.0128820915663,,,,,,,,,,,,2
X-n148-k46,147,atm,ortools:robust_mean_1std_or_tools,robust_mean_1std_or_tools,ortools,False,False,False,0,,0.0,,0.0,1205.071451066352,1.4554003032202318,pulp_cbc,mean_domain_loss,,total_load_exceeds_fleet_capacity,180,60,True,916.5654169475524,917.3025146472108,1115.084444950434,1120.0128820915663,,,,,,,,,,,,2
X-n148-k46,147,grocery,ortools:robust_mean_1std_or_tools,robust_mean_1std_or_tools,ortools,False,False,False,0,,0.0,,0.0,1205.071451066352,1.4554003032202318,pulp_cbc,mean_domain_loss,,total_load_exceeds_fleet_capacity,180,60,True,916.5654169475524,917.3025146472108,1115.084444950434,1120.0128820915663,,,,,,,,,,,,2
X-n148-k46,147,cargo,ortools:robust_mean_1std_or_tools,robust_mean_1std_or_tools,ortools,False,False,False,0,,0.0,,0.0,1205.071451066352,1.4554003032202318,pulp_cbc,mean_domain_loss,,total_load_exceeds_fleet_capacity,180,60,True,916.5654169475524,917.3025146472108,1115.084444950434,1120.0128820915663,,,,,,,,,,,,2
X-n148-k46,147,cold_chain,ortools:robust_mean_1std_or_tools,robust_mean_1std_or_tools,ortools,False,False,False,0,,0.0,,0.0,1205.071451066352,1.4554003032202318,pulp_cbc,mean_domain_loss,,total_load_exceeds_fleet_capacity,180,60,True,916.5654169475524,917.3025146472108,1115.084444950434,1120.0128820915663,,,,,,,,,,,,2
X-n148-k46,147,atm,ortools:robust_mean_2std_or_tools,robust_mean_2std_or_tools,ortools,False,False,False,0,,0.0,,0.0,1493.5774851851522,1.8038375424941453,pulp_cbc,mean_domain_loss,,single_node_exceeds_capacity,180,60,True,916.5654169475524,917.3025146472108,1115.084444950434,1120.0128820915663,,,,,,,,,,,,2
X-n148-k46,147,grocery,ortools:robust_mean_2std_or_tools,robust_mean_2std_or_tools,ortools,False,False,False,0,,0.0,,0.0,1493.5774851851522,1.8038375424941453,pulp_cbc,mean_domain_loss,,single_node_exceeds_capacity,180,60,True,916.5654169475524,917.3025146472108,1115.084444950434,1120.0128820915663,,,,,,,,,,,,2
X-n148-k46,147,cargo,ortools:robust_mean_2std_or_tools,robust_mean_2std_or_tools,ortools,False,False,False,0,,0.0,,0.0,1493.5774851851522,1.8038375424941453,pulp_cbc,mean_domain_loss,,single_node_exceeds_capacity,180,60,True,916.5654169475524,917.3025146472108,1115.084444950434,1120.0128820915663,,,,,,,,,,,,2
X-n148-k46,147,cold_chain,ortools:robust_mean_2std_or_tools,robust_mean_2std_or_tools,ortools,False,False,False,0,,0.0,,0.0,1493.5774851851522,1.8038375424941453,pulp_cbc,mean_domain_loss,,single_node_exceeds_capacity,180,60,True,916.5654169475524,917.3025146472108,1115.084444950434,1120.0128820915663,,,,,,,,,,,,2
X-n148-k46,147,atm,ortools:proxy_mean_scaled_or_tools,proxy_mean_scaled_or_tools,ortools,False,False,False,0,,4.995882987976074,,4.995882987976074,823.8600000000001,0.995,pulp_cbc,mean_domain_loss,,ortools_no_solution,180,60,True,916.5654169475524,917.3025146472108,1115.084444950434,1120.0128820915663,,,,,,,,,,,,2
X-n148-k46,147,grocery,ortools:proxy_mean_scaled_or_tools,proxy_mean_scaled_or_tools,ortools,False,False,False,0,,4.995882987976074,,4.995882987976074,823.8600000000001,0.995,pulp_cbc,mean_domain_loss,,ortools_no_solution,180,60,True,916.5654169475524,917.3025146472108,1115.084444950434,1120.0128820915663,,,,,,,,,,,,2
X-n148-k46,147,cargo,ortools:proxy_mean_scaled_or_tools,proxy_mean_scaled_or_tools,ortools,False,False,False,0,,4.995882987976074,,4.995882987976074,823.8600000000001,0.995,pulp_cbc,mean_domain_loss,,ortools_no_solution,180,60,True,916.5654169475524,917.3025146472108,1115.084444950434,1120.0128820915663,,,,,,,,,,,,2
X-n148-k46,147,cold_chain,ortools:proxy_mean_scaled_or_tools,proxy_mean_scaled_or_tools,ortools,False,False,False,0,,4.995882987976074,,4.995882987976074,823.8600000000001,0.995,pulp_cbc,mean_domain_loss,,ortools_no_solution,180,60,True,916.5654169475524,917.3025146472108,1115.084444950434,1120.0128820915663,,,,,,,,,,,,2
X-n148-k46,147,atm,ortools:quantile_p75_scaled_or_tools,quantile_p75_scaled_or_tools,ortools,False,False,False,0,,5.005394697189331,,5.005394697189331,823.86,0.995,pulp_cbc,mean_domain_loss,,ortools_no_solution,180,60,True,916.5654169475524,917.3025146472108,1115.084444950434,1120.0128820915663,,,,,,,,,,,,2
X-n148-k46,147,grocery,ortools:quantile_p75_scaled_or_tools,quantile_p75_scaled_or_tools,ortools,False,False,False,0,,5.005394697189331,,5.005394697189331,823.86,0.995,pulp_cbc,mean_domain_loss,,ortools_no_solution,180,60,True,916.5654169475524,917.3025146472108,1115.084444950434,1120.0128820915663,,,,,,,,,,,,2
X-n148-k46,147,cargo,ortools:quantile_p75_scaled_or_tools,quantile_p75_scaled_or_tools,ortools,False,False,False,0,,5.005394697189331,,5.005394697189331,823.86,0.995,pulp_cbc,mean_domain_loss,,ortools_no_solution,180,60,True,916.5654169475524,917.3025146472108,1115.084444950434,1120.0128820915663,,,,,,,,,,,,2
X-n148-k46,147,cold_chain,ortools:quantile_p75_scaled_or_tools,quantile_p75_scaled_or_tools,ortools,False,False,False,0,,5.005394697189331,,5.005394697189331,823.86,0.995,pulp_cbc,mean_domain_loss,,ortools_no_solution,180,60,True,916.5654169475524,917.3025146472108,1115.084444950434,1120.0128820915663,,,,,,,,,,,,2
X-n148-k46,147,atm,ortools:quantile_p90_scaled_or_tools,quantile_p90_scaled_or_tools,ortools,False,False,False,0,,0.0,,0.0,823.8600000000002,0.9950000000000004,pulp_cbc,mean_domain_loss,,total_load_exceeds_fleet_capacity,180,60,True,916.5654169475524,917.3025146472108,1115.084444950434,1120.0128820915663,,,,,,,,,,,,2
X-n148-k46,147,grocery,ortools:quantile_p90_scaled_or_tools,quantile_p90_scaled_or_tools,ortools,False,False,False,0,,0.0,,0.0,823.8600000000002,0.9950000000000004,pulp_cbc,mean_domain_loss,,total_load_exceeds_fleet_capacity,180,60,True,916.5654169475524,917.3025146472108,1115.084444950434,1120.0128820915663,,,,,,,,,,,,2
X-n148-k46,147,cargo,ortools:quantile_p90_scaled_or_tools,quantile_p90_scaled_or_tools,ortools,False,False,False,0,,0.0,,0.0,823.8600000000002,0.9950000000000004,pulp_cbc,mean_domain_loss,,total_load_exceeds_fleet_capacity,180,60,True,916.5654169475524,917.3025146472108,1115.084444950434,1120.0128820915663,,,,,,,,,,,,2
X-n148-k46,147,cold_chain,ortools:quantile_p90_scaled_or_tools,quantile_p90_scaled_or_tools,ortools,False,False,False,0,,0.0,,0.0,823.8600000000002,0.9950000000000004,pulp_cbc,mean_domain_loss,,total_load_exceeds_fleet_capacity,180,60,True,916.5654169475524,917.3025146472108,1115.084444950434,1120.0128820915663,,,,,,,,,,,,2
X-n148-k46,147,atm,ortools:robust_mean_1std_scaled_or_tools,robust_mean_1std_scaled_or_tools,ortools,False,False,False,0,,0.0,,0.0,823.8600000000001,0.995,pulp_cbc,mean_domain_loss,,total_load_exceeds_fleet_capacity,180,60,True,916.5654169475524,917.3025146472108,1115.084444950434,1120.0128820915663,,,,,,,,,,,,2
X-n148-k46,147,grocery,ortools:robust_mean_1std_scaled_or_tools,robust_mean_1std_scaled_or_tools,ortools,False,False,False,0,,0.0,,0.0,823.8600000000001,0.995,pulp_cbc,mean_domain_loss,,total_load_exceeds_fleet_capacity,180,60,True,916.5654169475524,917.3025146472108,1115.084444950434,1120.0128820915663,,,,,,,,,,,,2
X-n148-k46,147,cargo,ortools:robust_mean_1std_scaled_or_tools,robust_mean_1std_scaled_or_tools,ortools,False,False,False,0,,0.0,,0.0,823.8600000000001,0.995,pulp_cbc,mean_domain_loss,,total_load_exceeds_fleet_capacity,180,60,True,916.5654169475524,917.3025146472108,1115.084444950434,1120.0128820915663,,,,,,,,,,,,2
X-n148-k46,147,cold_chain,ortools:robust_mean_1std_scaled_or_tools,robust_mean_1std_scaled_or_tools,ortools,False,False,False,0,,0.0,,0.0,823.8600000000001,0.995,pulp_cbc,mean_domain_loss,,total_load_exceeds_fleet_capacity,180,60,True,916.5654169475524,917.3025146472108,1115.084444950434,1120.0128820915663,,,,,,,,,,,,2
X-n148-k46,147,atm,ortools:robust_mean_2std_scaled_or_tools,robust_mean_2std_scaled_or_tools,ortools,False,False,False,0,,0.0,,0.0,823.86,0.995,pulp_cbc,mean_domain_loss,,total_load_exceeds_fleet_capacity,180,60,True,916.5654169475524,917.3025146472108,1115.084444950434,1120.0128820915663,,,,,,,,,,,,2
X-n148-k46,147,grocery,ortools:robust_mean_2std_scaled_or_tools,robust_mean_2std_scaled_or_tools,ortools,False,False,False,0,,0.0,,0.0,823.86,0.995,pulp_cbc,mean_domain_loss,,total_load_exceeds_fleet_capacity,180,60,True,916.5654169475524,917.3025146472108,1115.084444950434,1120.0128820915663,,,,,,,,,,,,2
X-n148-k46,147,cargo,ortools:robust_mean_2std_scaled_or_tools,robust_mean_2std_scaled_or_tools,ortools,False,False,False,0,,0.0,,0.0,823.86,0.995,pulp_cbc,mean_domain_loss,,total_load_exceeds_fleet_capacity,180,60,True,916.5654169475524,917.3025146472108,1115.084444950434,1120.0128820915663,,,,,,,,,,,,2
X-n148-k46,147,cold_chain,ortools:robust_mean_2std_scaled_or_tools,robust_mean_2std_scaled_or_tools,ortools,False,False,False,0,,0.0,,0.0,823.86,0.995,pulp_cbc,mean_domain_loss,,total_load_exceeds_fleet_capacity,180,60,True,916.5654169475524,917.3025146472108,1115.084444950434,1120.0128820915663,,,,,,,,,,,,2
X-n148-k46,147,atm,ortools:nominal_seed101_or_tools,nominal_seed101_or_tools,ortools,False,False,False,0,,5.0053486824035645,,5.0053486824035645,817.0,0.9867149758454108,pulp_cbc,mean_domain_loss,,ortools_no_solution,180,60,True,916.5654169475524,917.3025146472108,1115.084444950434,1120.0128820915663,,,,,,,,,,,,2
X-n148-k46,147,grocery,ortools:nominal_seed101_or_tools,nominal_seed101_or_tools,ortools,False,False,False,0,,5.0053486824035645,,5.0053486824035645,817.0,0.9867149758454108,pulp_cbc,mean_domain_loss,,ortools_no_solution,180,60,True,916.5654169475524,917.3025146472108,1115.084444950434,1120.0128820915663,,,,,,,,,,,,2
X-n148-k46,147,cargo,ortools:nominal_seed101_or_tools,nominal_seed101_or_tools,ortools,False,False,False,0,,5.0053486824035645,,5.0053486824035645,817.0,0.9867149758454108,pulp_cbc,mean_domain_loss,,ortools_no_solution,180,60,True,916.5654169475524,917.3025146472108,1115.084444950434,1120.0128820915663,,,,,,,,,,,,2
X-n148-k46,147,cold_chain,ortools:nominal_seed101_or_tools,nominal_seed101_or_tools,ortools,False,False,False,0,,5.0053486824035645,,5.0053486824035645,817.0,0.9867149758454108,pulp_cbc,mean_domain_loss,,ortools_no_solution,180,60,True,916.5654169475524,917.3025146472108,1115.084444950434,1120.0128820915663,,,,,,,,,,,,2
X-n148-k46,147,atm,ortools:nominal_seed103_or_tools,nominal_seed103_or_tools,ortools,False,False,False,0,,5.001236200332642,,5.001236200332642,817.0,0.9867149758454108,pulp_cbc,mean_domain_loss,,ortools_no_solution,180,60,True,916.5654169475524,917.3025146472108,1115.084444950434,1120.0128820915663,,,,,,,,,,,,2
X-n148-k46,147,grocery,ortools:nominal_seed103_or_tools,nominal_seed103_or_tools,ortools,False,False,False,0,,5.001236200332642,,5.001236200332642,817.0,0.9867149758454108,pulp_cbc,mean_domain_loss,,ortools_no_solution,180,60,True,916.5654169475524,917.3025146472108,1115.084444950434,1120.0128820915663,,,,,,,,,,,,2
X-n148-k46,147,cargo,ortools:nominal_seed103_or_tools,nominal_seed103_or_tools,ortools,False,False,False,0,,5.001236200332642,,5.001236200332642,817.0,0.9867149758454108,pulp_cbc,mean_domain_loss,,ortools_no_solution,180,60,True,916.5654169475524,917.3025146472108,1115.084444950434,1120.0128820915663,,,,,,,,,,,,2
X-n148-k46,147,cold_chain,ortools:nominal_seed103_or_tools,nominal_seed103_or_tools,ortools,False,False,False,0,,5.001236200332642,,5.001236200332642,817.0,0.9867149758454108,pulp_cbc,mean_domain_loss,,ortools_no_solution,180,60,True,916.5654169475524,917.3025146472108,1115.084444950434,1120.0128820915663,,,,,,,,,,,,2
X-n148-k46,147,atm,ortools:proxy_mean_scaled_seed109_or_tools,proxy_mean_scaled_seed109_or_tools,ortools,False,False,False,0,,5.001206159591675,,5.001206159591675,823.8600000000001,0.995,pulp_cbc,mean_domain_loss,,ortools_no_solution,180,60,True,916.5654169475524,917.3025146472108,1115.084444950434,1120.0128820915663,,,,,,,,,,,,2
X-n148-k46,147,grocery,ortools:proxy_mean_scaled_seed109_or_tools,proxy_mean_scaled_seed109_or_tools,ortools,False,False,False,0,,5.001206159591675,,5.001206159591675,823.8600000000001,0.995,pulp_cbc,mean_domain_loss,,ortools_no_solution,180,60,True,916.5654169475524,917.3025146472108,1115.084444950434,1120.0128820915663,,,,,,,,,,,,2
X-n148-k46,147,cargo,ortools:proxy_mean_scaled_seed109_or_tools,proxy_mean_scaled_seed109_or_tools,ortools,False,False,False,0,,5.001206159591675,,5.001206159591675,823.8600000000001,0.995,pulp_cbc,mean_domain_loss,,ortools_no_solution,180,60,True,916.5654169475524,917.3025146472108,1115.084444950434,1120.0128820915663,,,,,,,,,,,,2
X-n148-k46,147,cold_chain,ortools:proxy_mean_scaled_seed109_or_tools,proxy_mean_scaled_seed109_or_tools,ortools,False,False,False,0,,5.001206159591675,,5.001206159591675,823.8600000000001,0.995,pulp_cbc,mean_domain_loss,,ortools_no_solution,180,60,True,916.5654169475524,917.3025146472108,1115.084444950434,1120.0128820915663,,,,,,,,,,,,2
X-n148-k46,147,atm,ortools:quantile_p75_scaled_seed107_or_tools,quantile_p75_scaled_seed107_or_tools,ortools,False,False,False,0,,4.999809503555298,,4.999809503555298,823.86,0.995,pulp_cbc,mean_domain_loss,,ortools_no_solution,180,60,True,916.5654169475524,917.3025146472108,1115.084444950434,1120.0128820915663,,,,,,,,,,,,2
X-n148-k46,147,grocery,ortools:quantile_p75_scaled_seed107_or_tools,quantile_p75_scaled_seed107_or_tools,ortools,False,False,False,0,,4.999809503555298,,4.999809503555298,823.86,0.995,pulp_cbc,mean_domain_loss,,ortools_no_solution,180,60,True,916.5654169475524,917.3025146472108,1115.084444950434,1120.0128820915663,,,,,,,,,,,,2
X-n148-k46,147,cargo,ortools:quantile_p75_scaled_seed107_or_tools,quantile_p75_scaled_seed107_or_tools,ortools,False,False,False,0,,4.999809503555298,,4.999809503555298,823.86,0.995,pulp_cbc,mean_domain_loss,,ortools_no_solution,180,60,True,916.5654169475524,917.3025146472108,1115.084444950434,1120.0128820915663,,,,,,,,,,,,2
X-n148-k46,147,cold_chain,ortools:quantile_p75_scaled_seed107_or_tools,quantile_p75_scaled_seed107_or_tools,ortools,False,False,False,0,,4.999809503555298,,4.999809503555298,823.86,0.995,pulp_cbc,mean_domain_loss,,ortools_no_solution,180,60,True,916.5654169475524,917.3025146472108,1115.084444950434,1120.0128820915663,,,,,,,,,,,,2
X-n148-k46,147,atm,ortools:robust_mean_1std_scaled_seed113_or_tools,robust_mean_1std_scaled_seed113_or_tools,ortools,False,False,False,0,,0.0,,0.0,823.8600000000001,0.995,pulp_cbc,mean_domain_loss,,total_load_exceeds_fleet_capacity,180,60,True,916.5654169475524,917.3025146472108,1115.084444950434,1120.0128820915663,,,,,,,,,,,,2
X-n148-k46,147,grocery,ortools:robust_mean_1std_scaled_seed113_or_tools,robust_mean_1std_scaled_seed113_or_tools,ortools,False,False,False,0,,0.0,,0.0,823.8600000000001,0.995,pulp_cbc,mean_domain_loss,,total_load_exceeds_fleet_capacity,180,60,True,916.5654169475524,917.3025146472108,1115.084444950434,1120.0128820915663,,,,,,,,,,,,2
X-n148-k46,147,cargo,ortools:robust_mean_1std_scaled_seed113_or_tools,robust_mean_1std_scaled_seed113_or_tools,ortools,False,False,False,0,,0.0,,0.0,823.8600000000001,0.995,pulp_cbc,mean_domain_loss,,total_load_exceeds_fleet_capacity,180,60,True,916.5654169475524,917.3025146472108,1115.084444950434,1120.0128820915663,,,,,,,,,,,,2
X-n148-k46,147,cold_chain,ortools:robust_mean_1std_scaled_seed113_or_tools,robust_mean_1std_scaled_seed113_or_tools,ortools,False,False,False,0,,0.0,,0.0,823.8600000000001,0.995,pulp_cbc,mean_domain_loss,,total_load_exceeds_fleet_capacity,180,60,True,916.5654169475524,917.3025146472108,1115.084444950434,1120.0128820915663,,,,,,,,,,,,2
X-n176-k26,175,atm,ortools:nominal_or_tools,nominal_or_tools,ortools,False,False,False,0,,5.005374431610107,,5.005374431610107,3632.0,0.9837486457204768,pulp_cbc,mean_domain_loss,,ortools_no_solution,180,60,True,3976.506415843845,3988.8999244824176,4735.9013939153865,4737.121772452003,,,,,,,,,,,,2
X-n176-k26,175,grocery,ortools:nominal_or_tools,nominal_or_tools,ortools,False,False,False,0,,5.005374431610107,,5.005374431610107,3632.0,0.9837486457204768,pulp_cbc,mean_domain_loss,,ortools_no_solution,180,60,True,3976.506415843845,3988.8999244824176,4735.9013939153865,4737.121772452003,,,,,,,,,,,,2
X-n176-k26,175,cargo,ortools:nominal_or_tools,nominal_or_tools,ortools,False,False,False,0,,5.005374431610107,,5.005374431610107,3632.0,0.9837486457204768,pulp_cbc,mean_domain_loss,,ortools_no_solution,180,60,True,3976.506415843845,3988.8999244824176,4735.9013939153865,4737.121772452003,,,,,,,,,,,,2
X-n176-k26,175,cold_chain,ortools:nominal_or_tools,nominal_or_tools,ortools,False,False,False,0,,5.005374431610107,,5.005374431610107,3632.0,0.9837486457204768,pulp_cbc,mean_domain_loss,,ortools_no_solution,180,60,True,3976.506415843845,3988.8999244824176,4735.9013939153865,4737.121772452003,,,,,,,,,,,,2
X-n176-k26,175,atm,ortools:proxy_mean_or_tools,proxy_mean_or_tools,ortools,False,False,False,0,,0.0,,0.0,3976.506415843845,1.0770602426445952,pulp_cbc,mean_domain_loss,,total_load_exceeds_fleet_capacity,180,60,True,3976.506415843845,3988.8999244824176,4735.9013939153865,4737.121772452003,,,,,,,,,,,,2
X-n176-k26,175,grocery,ortools:proxy_mean_or_tools,proxy_mean_or_tools,ortools,False,False,False,0,,0.0,,0.0,3976.506415843845,1.0770602426445952,pulp_cbc,mean_domain_loss,,total_load_exceeds_fleet_capacity,180,60,True,3976.506415843845,3988.8999244824176,4735.9013939153865,4737.121772452003,,,,,,,,,,,,2
X-n176-k26,175,cargo,ortools:proxy_mean_or_tools,proxy_mean_or_tools,ortools,False,False,False,0,,0.0,,0.0,3976.506415843845,1.0770602426445952,pulp_cbc,mean_domain_loss,,total_load_exceeds_fleet_capacity,180,60,True,3976.506415843845,3988.8999244824176,4735.9013939153865,4737.121772452003,,,,,,,,,,,,2
X-n176-k26,175,cold_chain,ortools:proxy_mean_or_tools,proxy_mean_or_tools,ortools,False,False,False,0,,0.0,,0.0,3976.506415843845,1.0770602426445952,pulp_cbc,mean_domain_loss,,total_load_exceeds_fleet_capacity,180,60,True,3976.506415843845,3988.8999244824176,4735.9013939153865,4737.121772452003,,,,,,,,,,,,2
X-n176-k26,175,atm,ortools:quantile_p75_or_tools,quantile_p75_or_tools,ortools,False,False,False,0,,0.0,,0.0,4664.837079074565,1.2634986671382895,pulp_cbc,mean_domain_loss,,total_load_exceeds_fleet_capacity,180,60,True,3976.506415843845,3988.8999244824176,4735.9013939153865,4737.121772452003,,,,,,,,,,,,2
X-n176-k26,175,grocery,ortools:quantile_p75_or_tools,quantile_p75_or_tools,ortools,False,False,False,0,,0.0,,0.0,4664.837079074565,1.2634986671382895,pulp_cbc,mean_domain_loss,,total_load_exceeds_fleet_capacity,180,60,True,3976.506415843845,3988.8999244824176,4735.9013939153865,4737.121772452003,,,,,,,,,,,,2
X-n176-k26,175,cargo,ortools:quantile_p75_or_tools,quantile_p75_or_tools,ortools,False,False,False,0,,0.0,,0.0,4664.837079074565,1.2634986671382895,pulp_cbc,mean_domain_loss,,total_load_exceeds_fleet_capacity,180,60,True,3976.506415843845,3988.8999244824176,4735.9013939153865,4737.121772452003,,,,,,,,,,,,2
X-n176-k26,175,cold_chain,ortools:quantile_p75_or_tools,quantile_p75_or_tools,ortools,False,False,False,0,,0.0,,0.0,4664.837079074565,1.2634986671382895,pulp_cbc,mean_domain_loss,,total_load_exceeds_fleet_capacity,180,60,True,3976.506415843845,3988.8999244824176,4735.9013939153865,4737.121772452003,,,,,,,,,,,,2
X-n176-k26,175,atm,ortools:quantile_p90_or_tools,quantile_p90_or_tools,ortools,False,False,False,0,,0.0,,0.0,5698.562871084598,1.5434894017022205,pulp_cbc,mean_domain_loss,,single_node_exceeds_capacity,180,60,True,3976.506415843845,3988.8999244824176,4735.9013939153865,4737.121772452003,,,,,,,,,,,,2
X-n176-k26,175,grocery,ortools:quantile_p90_or_tools,quantile_p90_or_tools,ortools,False,False,False,0,,0.0,,0.0,5698.562871084598,1.5434894017022205,pulp_cbc,mean_domain_loss,,single_node_exceeds_capacity,180,60,True,3976.506415843845,3988.8999244824176,4735.9013939153865,4737.121772452003,,,,,,,,,,,,2
X-n176-k26,175,cargo,ortools:quantile_p90_or_tools,quantile_p90_or_tools,ortools,False,False,False,0,,0.0,,0.0,5698.562871084598,1.5434894017022205,pulp_cbc,mean_domain_loss,,single_node_exceeds_capacity,180,60,True,3976.506415843845,3988.8999244824176,4735.9013939153865,4737.121772452003,,,,,,,,,,,,2
X-n176-k26,175,cold_chain,ortools:quantile_p90_or_tools,quantile_p90_or_tools,ortools,False,False,False,0,,0.0,,0.0,5698.562871084598,1.5434894017022205,pulp_cbc,mean_domain_loss,,single_node_exceeds_capacity,180,60,True,3976.506415843845,3988.8999244824176,4735.9013939153865,4737.121772452003,,,,,,,,,,,,2
X-n176-k26,175,atm,ortools:robust_mean_1std_or_tools,robust_mean_1std_or_tools,ortools,False,False,False,0,,0.0,,0.0,5319.461536539426,1.440807566776659,pulp_cbc,mean_domain_loss,,single_node_exceeds_capacity,180,60,True,3976.506415843845,3988.8999244824176,4735.9013939153865,4737.121772452003,,,,,,,,,,,,2
X-n176-k26,175,grocery,ortools:robust_mean_1std_or_tools,robust_mean_1std_or_tools,ortools,False,False,False,0,,0.0,,0.0,5319.461536539426,1.440807566776659,pulp_cbc,mean_domain_loss,,single_node_exceeds_capacity,180,60,True,3976.506415843845,3988.8999244824176,4735.9013939153865,4737.121772452003,,,,,,,,,,,,2
X-n176-k26,175,cargo,ortools:robust_mean_1std_or_tools,robust_mean_1std_or_tools,ortools,False,False,False,0,,0.0,,0.0,5319.461536539426,1.440807566776659,pulp_cbc,mean_domain_loss,,single_node_exceeds_capacity,180,60,True,3976.506415843845,3988.8999244824176,4735.9013939153865,4737.121772452003,,,,,,,,,,,,2
X-n176-k26,175,cold_chain,ortools:robust_mean_1std_or_tools,robust_mean_1std_or_tools,ortools,False,False,False,0,,0.0,,0.0,5319.461536539426,1.440807566776659,pulp_cbc,mean_domain_loss,,single_node_exceeds_capacity,180,60,True,3976.506415843845,3988.8999244824176,4735.9013939153865,4737.121772452003,,,,,,,,,,,,2
X-n176-k26,175,atm,ortools:robust_mean_2std_or_tools,robust_mean_2std_or_tools,ortools,False,False,False,0,,0.0,,0.0,6662.416657235005,1.804554890908723,pulp_cbc,mean_domain_loss,,single_node_exceeds_capacity,180,60,True,3976.506415843845,3988.8999244824176,4735.9013939153865,4737.121772452003,,,,,,,,,,,,2
X-n176-k26,175,grocery,ortools:robust_mean_2std_or_tools,robust_mean_2std_or_tools,ortools,False,False,False,0,,0.0,,0.0,6662.416657235005,1.804554890908723,pulp_cbc,mean_domain_loss,,single_node_exceeds_capacity,180,60,True,3976.506415843845,3988.8999244824176,4735.9013939153865,4737.121772452003,,,,,,,,,,,,2
X-n176-k26,175,cargo,ortools:robust_mean_2std_or_tools,robust_mean_2std_or_tools,ortools,False,False,False,0,,0.0,,0.0,6662.416657235005,1.804554890908723,pulp_cbc,mean_domain_loss,,single_node_exceeds_capacity,180,60,True,3976.506415843845,3988.8999244824176,4735.9013939153865,4737.121772452003,,,,,,,,,,,,2
X-n176-k26,175,cold_chain,ortools:robust_mean_2std_or_tools,robust_mean_2std_or_tools,ortools,False,False,False,0,,0.0,,0.0,6662.416657235005,1.804554890908723,pulp_cbc,mean_domain_loss,,single_node_exceeds_capacity,180,60,True,3976.506415843845,3988.8999244824176,4735.9013939153865,4737.121772452003,,,,,,,,,,,,2
X-n176-k26,175,atm,ortools:proxy_mean_scaled_or_tools,proxy_mean_scaled_or_tools,ortools,False,False,False,0,,5.005404233932495,,5.005404233932495,3673.54,0.995,pulp_cbc,mean_domain_loss,,ortools_no_solution,180,60,True,3976.506415843845,3988.8999244824176,4735.9013939153865,4737.121772452003,,,,,,,,,,,,2
X-n176-k26,175,grocery,ortools:proxy_mean_scaled_or_tools,proxy_mean_scaled_or_tools,ortools,False,False,False,0,,5.005404233932495,,5.005404233932495,3673.54,0.995,pulp_cbc,mean_domain_loss,,ortools_no_solution,180,60,True,3976.506415843845,3988.8999244824176,4735.9013939153865,4737.121772452003,,,,,,,,,,,,2
X-n176-k26,175,cargo,ortools:proxy_mean_scaled_or_tools,proxy_mean_scaled_or_tools,ortools,False,False,False,0,,5.005404233932495,,5.005404233932495,3673.54,0.995,pulp_cbc,mean_domain_loss,,ortools_no_solution,180,60,True,3976.506415843845,3988.8999244824176,4735.9013939153865,4737.121772452003,,,,,,,,,,,,2
X-n176-k26,175,cold_chain,ortools:proxy_mean_scaled_or_tools,proxy_mean_scaled_or_tools,ortools,False,False,False,0,,5.005404233932495,,5.005404233932495,3673.54,0.995,pulp_cbc,mean_domain_loss,,ortools_no_solution,180,60,True,3976.506415843845,3988.8999244824176,4735.9013939153865,4737.121772452003,,,,,,,,,,,,2
X-n176-k26,175,atm,ortools:quantile_p75_scaled_or_tools,quantile_p75_scaled_or_tools,ortools,False,False,False,0,,5.0001420974731445,,5.0001420974731445,3673.54,0.995,pulp_cbc,mean_domain_loss,,ortools_no_solution,180,60,True,3976.506415843845,3988.8999244824176,4735.9013939153865,4737.121772452003,,,,,,,,,,,,2
X-n176-k26,175,grocery,ortools:quantile_p75_scaled_or_tools,quantile_p75_scaled_or_tools,ortools,False,False,False,0,,5.0001420974731445,,5.0001420974731445,3673.54,0.995,pulp_cbc,mean_domain_loss,,ortools_no_solution,180,60,True,3976.506415843845,3988.8999244824176,4735.9013939153865,4737.121772452003,,,,,,,,,,,,2
X-n176-k26,175,cargo,ortools:quantile_p75_scaled_or_tools,quantile_p75_scaled_or_tools,ortools,False,False,False,0,,5.0001420974731445,,5.0001420974731445,3673.54,0.995,pulp_cbc,mean_domain_loss,,ortools_no_solution,180,60,True,3976.506415843845,3988.8999244824176,4735.9013939153865,4737.121772452003,,,,,,,,,,,,2
X-n176-k26,175,cold_chain,ortools:quantile_p75_scaled_or_tools,quantile_p75_scaled_or_tools,ortools,False,False,False,0,,5.0001420974731445,,5.0001420974731445,3673.54,0.995,pulp_cbc,mean_domain_loss,,ortools_no_solution,180,60,True,3976.506415843845,3988.8999244824176,4735.9013939153865,4737.121772452003,,,,,,,,,,,,2
X-n176-k26,175,atm,ortools:quantile_p90_scaled_or_tools,quantile_p90_scaled_or_tools,ortools,False,False,False,0,,5.002781391143799,,5.002781391143799,3673.54,0.995,pulp_cbc,mean_domain_loss,,ortools_no_solution,180,60,True,3976.506415843845,3988.8999244824176,4735.9013939153865,4737.121772452003,,,,,,,,,,,,2
X-n176-k26,175,grocery,ortools:quantile_p90_scaled_or_tools,quantile_p90_scaled_or_tools,ortools,False,False,False,0,,5.002781391143799,,5.002781391143799,3673.54,0.995,pulp_cbc,mean_domain_loss,,ortools_no_solution,180,60,True,3976.506415843845,3988.8999244824176,4735.9013939153865,4737.121772452003,,,,,,,,,,,,2
X-n176-k26,175,cargo,ortools:quantile_p90_scaled_or_tools,quantile_p90_scaled_or_tools,ortools,False,False,False,0,,5.002781391143799,,5.002781391143799,3673.54,0.995,pulp_cbc,mean_domain_loss,,ortools_no_solution,180,60,True,3976.506415843845,3988.8999244824176,4735.9013939153865,4737.121772452003,,,,,,,,,,,,2
X-n176-k26,175,cold_chain,ortools:quantile_p90_scaled_or_tools,quantile_p90_scaled_or_tools,ortools,False,False,False,0,,5.002781391143799,,5.002781391143799,3673.54,0.995,pulp_cbc,mean_domain_loss,,ortools_no_solution,180,60,True,3976.506415843845,3988.8999244824176,4735.9013939153865,4737.121772452003,,,,,,,,,,,,2
X-n176-k26,175,atm,ortools:robust_mean_1std_scaled_or_tools,robust_mean_1std_scaled_or_tools,ortools,False,False,False,0,,0.0,,0.0,3673.54,0.995,pulp_cbc,mean_domain_loss,,total_load_exceeds_fleet_capacity,180,60,True,3976.506415843845,3988.8999244824176,4735.9013939153865,4737.121772452003,,,,,,,,,,,,2
X-n176-k26,175,grocery,ortools:robust_mean_1std_scaled_or_tools,robust_mean_1std_scaled_or_tools,ortools,False,False,False,0,,0.0,,0.0,3673.54,0.995,pulp_cbc,mean_domain_loss,,total_load_exceeds_fleet_capacity,180,60,True,3976.506415843845,3988.8999244824176,4735.9013939153865,4737.121772452003,,,,,,,,,,,,2
X-n176-k26,175,cargo,ortools:robust_mean_1std_scaled_or_tools,robust_mean_1std_scaled_or_tools,ortools,False,False,False,0,,0.0,,0.0,3673.54,0.995,pulp_cbc,mean_domain_loss,,total_load_exceeds_fleet_capacity,180,60,True,3976.506415843845,3988.8999244824176,4735.9013939153865,4737.121772452003,,,,,,,,,,,,2
X-n176-k26,175,cold_chain,ortools:robust_mean_1std_scaled_or_tools,robust_mean_1std_scaled_or_tools,ortools,False,False,False,0,,0.0,,0.0,3673.54,0.995,pulp_cbc,mean_domain_loss,,total_load_exceeds_fleet_capacity,180,60,True,3976.506415843845,3988.8999244824176,4735.9013939153865,4737.121772452003,,,,,,,,,,,,2
X-n176-k26,175,atm,ortools:robust_mean_2std_scaled_or_tools,robust_mean_2std_scaled_or_tools,ortools,False,False,False,0,,5.006104469299316,,5.006104469299316,3673.540000000001,0.9950000000000002,pulp_cbc,mean_domain_loss,,ortools_no_solution,180,60,True,3976.506415843845,3988.8999244824176,4735.9013939153865,4737.121772452003,,,,,,,,,,,,2
X-n176-k26,175,grocery,ortools:robust_mean_2std_scaled_or_tools,robust_mean_2std_scaled_or_tools,ortools,False,False,False,0,,5.006104469299316,,5.006104469299316,3673.540000000001,0.9950000000000002,pulp_cbc,mean_domain_loss,,ortools_no_solution,180,60,True,3976.506415843845,3988.8999244824176,4735.9013939153865,4737.121772452003,,,,,,,,,,,,2
X-n176-k26,175,cargo,ortools:robust_mean_2std_scaled_or_tools,robust_mean_2std_scaled_or_tools,ortools,False,False,False,0,,5.006104469299316,,5.006104469299316,3673.540000000001,0.9950000000000002,pulp_cbc,mean_domain_loss,,ortools_no_solution,180,60,True,3976.506415843845,3988.8999244824176,4735.9013939153865,4737.121772452003,,,,,,,,,,,,2
X-n176-k26,175,cold_chain,ortools:robust_mean_2std_scaled_or_tools,robust_mean_2std_scaled_or_tools,ortools,False,False,False,0,,5.006104469299316,,5.006104469299316,3673.540000000001,0.9950000000000002,pulp_cbc,mean_domain_loss,,ortools_no_solution,180,60,True,3976.506415843845,3988.8999244824176,4735.9013939153865,4737.121772452003,,,,,,,,,,,,2
X-n176-k26,175,atm,ortools:nominal_seed101_or_tools,nominal_seed101_or_tools,ortools,False,False,False,0,,4.994901657104492,,4.994901657104492,3632.0,0.9837486457204768,pulp_cbc,mean_domain_loss,,ortools_no_solution,180,60,True,3976.506415843845,3988.8999244824176,4735.9013939153865,4737.121772452003,,,,,,,,,,,,2
X-n176-k26,175,grocery,ortools:nominal_seed101_or_tools,nominal_seed101_or_tools,ortools,False,False,False,0,,4.994901657104492,,4.994901657104492,3632.0,0.9837486457204768,pulp_cbc,mean_domain_loss,,ortools_no_solution,180,60,True,3976.506415843845,3988.8999244824176,4735.9013939153865,4737.121772452003,,,,,,,,,,,,2
X-n176-k26,175,cargo,ortools:nominal_seed101_or_tools,nominal_seed101_or_tools,ortools,False,False,False,0,,4.994901657104492,,4.994901657104492,3632.0,0.9837486457204768,pulp_cbc,mean_domain_loss,,ortools_no_solution,180,60,True,3976.506415843845,3988.8999244824176,4735.9013939153865,4737.121772452003,,,,,,,,,,,,2
X-n176-k26,175,cold_chain,ortools:nominal_seed101_or_tools,nominal_seed101_or_tools,ortools,False,False,False,0,,4.994901657104492,,4.994901657104492,3632.0,0.9837486457204768,pulp_cbc,mean_domain_loss,,ortools_no_solution,180,60,True,3976.506415843845,3988.8999244824176,4735.9013939153865,4737.121772452003,,,,,,,,,,,,2
X-n176-k26,175,atm,ortools:nominal_seed103_or_tools,nominal_seed103_or_tools,ortools,False,False,False,0,,5.002341270446777,,5.002341270446777,3632.0,0.9837486457204768,pulp_cbc,mean_domain_loss,,ortools_no_solution,180,60,True,3976.506415843845,3988.8999244824176,4735.9013939153865,4737.121772452003,,,,,,,,,,,,2
X-n176-k26,175,grocery,ortools:nominal_seed103_or_tools,nominal_seed103_or_tools,ortools,False,False,False,0,,5.002341270446777,,5.002341270446777,3632.0,0.9837486457204768,pulp_cbc,mean_domain_loss,,ortools_no_solution,180,60,True,3976.506415843845,3988.8999244824176,4735.9013939153865,4737.121772452003,,,,,,,,,,,,2
X-n176-k26,175,cargo,ortools:nominal_seed103_or_tools,nominal_seed103_or_tools,ortools,False,False,False,0,,5.002341270446777,,5.002341270446777,3632.0,0.9837486457204768,pulp_cbc,mean_domain_loss,,ortools_no_solution,180,60,True,3976.506415843845,3988.8999244824176,4735.9013939153865,4737.121772452003,,,,,,,,,,,,2
X-n176-k26,175,cold_chain,ortools:nominal_seed103_or_tools,nominal_seed103_or_tools,ortools,False,False,False,0,,5.002341270446777,,5.002341270446777,3632.0,0.9837486457204768,pulp_cbc,mean_domain_loss,,ortools_no_solution,180,60,True,3976.506415843845,3988.8999244824176,4735.9013939153865,4737.121772452003,,,,,,,,,,,,2
X-n176-k26,175,atm,ortools:proxy_mean_scaled_seed109_or_tools,proxy_mean_scaled_seed109_or_tools,ortools,False,False,False,0,,5.002891540527344,,5.002891540527344,3673.54,0.995,pulp_cbc,mean_domain_loss,,ortools_no_solution,180,60,True,3976.506415843845,3988.8999244824176,4735.9013939153865,4737.121772452003,,,,,,,,,,,,2
X-n176-k26,175,grocery,ortools:proxy_mean_scaled_seed109_or_tools,proxy_mean_scaled_seed109_or_tools,ortools,False,False,False,0,,5.002891540527344,,5.002891540527344,3673.54,0.995,pulp_cbc,mean_domain_loss,,ortools_no_solution,180,60,True,3976.506415843845,3988.8999244824176,4735.9013939153865,4737.121772452003,,,,,,,,,,,,2
X-n176-k26,175,cargo,ortools:proxy_mean_scaled_seed109_or_tools,proxy_mean_scaled_seed109_or_tools,ortools,False,False,False,0,,5.002891540527344,,5.002891540527344,3673.54,0.995,pulp_cbc,mean_domain_loss,,ortools_no_solution,180,60,True,3976.506415843845,3988.8999244824176,4735.9013939153865,4737.121772452003,,,,,,,,,,,,2
X-n176-k26,175,cold_chain,ortools:proxy_mean_scaled_seed109_or_tools,proxy_mean_scaled_seed109_or_tools,ortools,False,False,False,0,,5.002891540527344,,5.002891540527344,3673.54,0.995,pulp_cbc,mean_domain_loss,,ortools_no_solution,180,60,True,3976.506415843845,3988.8999244824176,4735.9013939153865,4737.121772452003,,,,,,,,,,,,2
X-n176-k26,175,atm,ortools:quantile_p75_scaled_seed107_or_tools,quantile_p75_scaled_seed107_or_tools,ortools,False,False,False,0,,5.004984617233276,,5.004984617233276,3673.54,0.995,pulp_cbc,mean_domain_loss,,ortools_no_solution,180,60,True,3976.506415843845,3988.8999244824176,4735.9013939153865,4737.121772452003,,,,,,,,,,,,2
X-n176-k26,175,grocery,ortools:quantile_p75_scaled_seed107_or_tools,quantile_p75_scaled_seed107_or_tools,ortools,False,False,False,0,,5.004984617233276,,5.004984617233276,3673.54,0.995,pulp_cbc,mean_domain_loss,,ortools_no_solution,180,60,True,3976.506415843845,3988.8999244824176,4735.9013939153865,4737.121772452003,,,,,,,,,,,,2
X-n176-k26,175,cargo,ortools:quantile_p75_scaled_seed107_or_tools,quantile_p75_scaled_seed107_or_tools,ortools,False,False,False,0,,5.004984617233276,,5.004984617233276,3673.54,0.995,pulp_cbc,mean_domain_loss,,ortools_no_solution,180,60,True,3976.506415843845,3988.8999244824176,4735.9013939153865,4737.121772452003,,,,,,,,,,,,2
X-n176-k26,175,cold_chain,ortools:quantile_p75_scaled_seed107_or_tools,quantile_p75_scaled_seed107_or_tools,ortools,False,False,False,0,,5.004984617233276,,5.004984617233276,3673.54,0.995,pulp_cbc,mean_domain_loss,,ortools_no_solution,180,60,True,3976.506415843845,3988.8999244824176,4735.9013939153865,4737.121772452003,,,,,,,,,,,,2
X-n176-k26,175,atm,ortools:robust_mean_1std_scaled_seed113_or_tools,robust_mean_1std_scaled_seed113_or_tools,ortools,False,False,False,0,,0.0,,0.0,3673.54,0.995,pulp_cbc,mean_domain_loss,,total_load_exceeds_fleet_capacity,180,60,True,3976.506415843845,3988.8999244824176,4735.9013939153865,4737.121772452003,,,,,,,,,,,,2
X-n176-k26,175,grocery,ortools:robust_mean_1std_scaled_seed113_or_tools,robust_mean_1std_scaled_seed113_or_tools,ortools,False,False,False,0,,0.0,,0.0,3673.54,0.995,pulp_cbc,mean_domain_loss,,total_load_exceeds_fleet_capacity,180,60,True,3976.506415843845,3988.8999244824176,4735.9013939153865,4737.121772452003,,,,,,,,,,,,2
X-n176-k26,175,cargo,ortools:robust_mean_1std_scaled_seed113_or_tools,robust_mean_1std_scaled_seed113_or_tools,ortools,False,False,False,0,,0.0,,0.0,3673.54,0.995,pulp_cbc,mean_domain_loss,,total_load_exceeds_fleet_capacity,180,60,True,3976.506415843845,3988.8999244824176,4735.9013939153865,4737.121772452003,,,,,,,,,,,,2
X-n176-k26,175,cold_chain,ortools:robust_mean_1std_scaled_seed113_or_tools,robust_mean_1std_scaled_seed113_or_tools,ortools,False,False,False,0,,0.0,,0.0,3673.54,0.995,pulp_cbc,mean_domain_loss,,total_load_exceeds_fleet_capacity,180,60,True,3976.506415843845,3988.8999244824176,4735.9013939153865,4737.121772452003,,,,,,,,,,,,2
X-n219-k73,218,atm,ortools:nominal_or_tools,nominal_or_tools,ortools,True,True,True,73,118409.0,4.996356248855591,0.9606044292449952,5.956960678100586,218.0,0.9954337899543378,pulp_cbc,mean_domain_loss,105.15745135759056,,180,60,True,242.376031709029,242.8534714087248,287.4950894029832,287.6885078827544,204.24892641199693,218.99999961,118514.15745135758,118611.83669575848,118694.31383813523,27.995285015216176,56.26442195714017,0.4765596330275229,22.945127786931124,105.15745135759056,0.0,2
X-n219-k73,218,grocery,ortools:nominal_or_tools,nominal_or_tools,ortools,True,True,True,73,118409.0,4.996356248855591,0.9768714904785156,5.973227739334106,218.0,0.9954337899543378,pulp_cbc,mean_domain_loss,64.91442993801611,,180,60,True,242.376031709029,242.8534714087248,287.4950894029832,287.6885078827544,94.88264610050318,218.99999979,118473.914429938,118521.28766149963,118565.24410569358,27.97943221724589,56.21660718120898,0.4758715596330275,22.92927516896085,64.91442993801611,0.0,2
X-n219-k73,218,cargo,ortools:nominal_or_tools,nominal_or_tools,ortools,True,True,True,73,118409.0,4.996356248855591,0.9740712642669678,5.970427513122559,218.0,0.9954337899543378,pulp_cbc,mean_domain_loss,79.95994834386953,,180,60,True,242.376031709029,242.8534714087248,287.4950894029832,287.6885078827544,185.91736754155025,219.00000009,118488.95994834388,118564.14706487214,118627.5715264486,27.99694825428066,56.16297351072815,0.4738532110091743,22.946791505995613,79.95994834386953,0.0,2
X-n219-k73,218,cold_chain,ortools:nominal_or_tools,nominal_or_tools,ortools,True,True,True,73,118409.0,4.996356248855591,0.9455881118774414,5.941944360733032,218.0,0.9954337899543378,pulp_cbc,mean_domain_loss,91.79799193595645,,180,60,True,242.376031709029,242.8534714087248,287.4950894029832,287.6885078827544,207.2313124099847,218.9537704,118540.77774208732,118600.43667007126,118658.61027817545,27.979400917778847,56.10604474334298,0.4736238532110092,22.8830144794938,91.79799193595645,39.97975015137228,2
X-n219-k73,218,atm,ortools:proxy_mean_or_tools,proxy_mean_or_tools,ortools,True,True,True,73,118409.0,5.00426983833313,0.9856009483337402,5.98987078666687,242.376031709029,1.106739870817484,pulp_cbc,mean_domain_loss,105.15745135759056,,180,60,True,242.376031709029,242.8534714087248,287.4950894029832,287.6885078827544,204.24892641199693,218.99999961,118514.15745135758,118611.83669575848,118694.31383813523,27.995285015216176,56.26442195714017,0.4765596330275229,22.945127786931124,105.15745135759056,0.0,2
X-n219-k73,218,grocery,ortools:proxy_mean_or_tools,proxy_mean_or_tools,ortools,True,True,True,73,118409.0,5.00426983833313,0.9841618537902832,5.988431692123413,242.376031709029,1.106739870817484,pulp_cbc,mean_domain_loss,64.91442993801611,,180,60,True,242.376031709029,242.8534714087248,287.4950894029832,287.6885078827544,94.88264610050318,218.99999979,118473.914429938,118521.28766149963,118565.24410569358,27.97943221724589,56.21660718120898,0.4758715596330275,22.92927516896085,64.91442993801611,0.0,2
X-n219-k73,218,cargo,ortools:proxy_mean_or_tools,proxy_mean_or_tools,ortools,True,True,True,73,118409.0,5.00426983833313,1.028740167617798,6.033010005950928,242.376031709029,1.106739870817484,pulp_cbc,mean_domain_loss,79.95994834386953,,180,60,True,242.376031709029,242.8534714087248,287.4950894029832,287.6885078827544,185.91736754155025,219.00000009,118488.95994834388,118564.14706487214,118627.5715264486,27.99694825428066,56.16297351072815,0.4738532110091743,22.946791505995613,79.95994834386953,0.0,2
X-n219-k73,218,cold_chain,ortools:proxy_mean_or_tools,proxy_mean_or_tools,ortools,True,True,True,73,118409.0,5.00426983833313,0.9425480365753174,5.946817874908447,242.376031709029,1.106739870817484,pulp_cbc,mean_domain_loss,91.79799193595645,,180,60,True,242.376031709029,242.8534714087248,287.4950894029832,287.6885078827544,207.2313124099847,218.9537704,118540.77774208732,118600.43667007126,118658.61027817545,27.979400917778847,56.10604474334298,0.4736238532110092,22.8830144794938,91.79799193595645,39.97975015137228,2
X-n219-k73,218,atm,ortools:quantile_p75_or_tools,quantile_p75_or_tools,ortools,True,True,True,73,118409.0,4.996911287307739,0.9695017337799072,5.966413021087647,279.5538247444189,1.2765014828512278,pulp_cbc,mean_domain_loss,105.15745135759056,,180,60,True,242.376031709029,242.8534714087248,287.4950894029832,287.6885078827544,204.24892641199693,218.99999961,118514.15745135758,118611.83669575848,118694.31383813523,27.995285015216176,56.26442195714017,0.4765596330275229,22.945127786931124,105.15745135759056,0.0,2
X-n219-k73,218,grocery,ortools:quantile_p75_or_tools,quantile_p75_or_tools,ortools,True,True,True,73,118409.0,4.996911287307739,1.1186423301696775,6.115553617477417,279.5538247444189,1.2765014828512278,pulp_cbc,mean_domain_loss,64.91442993801611,,180,60,True,242.376031709029,242.8534714087248,287.4950894029832,287.6885078827544,94.88264610050318,218.99999979,118473.914429938,118521.28766149963,118565.24410569358,27.97943221724589,56.21660718120898,0.4758715596330275,22.92927516896085,64.91442993801611,0.0,2
X-n219-k73,218,cargo,ortools:quantile_p75_or_tools,quantile_p75_or_tools,ortools,True,True,True,73,118409.0,4.996911287307739,1.0273008346557615,6.024212121963501,279.5538247444189,1.2765014828512278,pulp_cbc,mean_domain_loss,79.95994834386953,,180,60,True,242.376031709029,242.8534714087248,287.4950894029832,287.6885078827544,185.91736754155025,219.00000009,118488.95994834388,118564.14706487214,118627.5715264486,27.99694825428066,56.16297351072815,0.4738532110091743,22.946791505995613,79.95994834386953,0.0,2
X-n219-k73,218,cold_chain,ortools:quantile_p75_or_tools,quantile_p75_or_tools,ortools,True,True,True,73,118409.0,4.996911287307739,1.1430702209472656,6.139981508255005,279.5538247444189,1.2765014828512278,pulp_cbc,mean_domain_loss,91.79799193595645,,180,60,True,242.376031709029,242.8534714087248,287.4950894029832,287.6885078827544,207.2313124099847,218.9537704,118540.77774208732,118600.43667007126,118658.61027817545,27.979400917778847,56.10604474334298,0.4736238532110092,22.8830144794938,91.79799193595645,39.97975015137228,2
X-n219-k73,218,atm,ortools:quantile_p90_or_tools,quantile_p90_or_tools,ortools,False,False,False,0,,0.0,,0.0,332.0597339942772,1.5162544931245536,pulp_cbc,mean_domain_loss,,total_load_exceeds_fleet_capacity,180,60,True,242.376031709029,242.8534714087248,287.4950894029832,287.6885078827544,,,,,,,,,,,,2
X-n219-k73,218,grocery,ortools:quantile_p90_or_tools,quantile_p90_or_tools,ortools,False,False,False,0,,0.0,,0.0,332.0597339942772,1.5162544931245536,pulp_cbc,mean_domain_loss,,total_load_exceeds_fleet_capacity,180,60,True,242.376031709029,242.8534714087248,287.4950894029832,287.6885078827544,,,,,,,,,,,,2
X-n219-k73,218,cargo,ortools:quantile_p90_or_tools,quantile_p90_or_tools,ortools,False,False,False,0,,0.0,,0.0,332.0597339942772,1.5162544931245536,pulp_cbc,mean_domain_loss,,total_load_exceeds_fleet_capacity,180,60,True,242.376031709029,242.8534714087248,287.4950894029832,287.6885078827544,,,,,,,,,,,,2
X-n219-k73,218,cold_chain,ortools:quantile_p90_or_tools,quantile_p90_or_tools,ortools,False,False,False,0,,0.0,,0.0,332.0597339942772,1.5162544931245536,pulp_cbc,mean_domain_loss,,total_load_exceeds_fleet_capacity,180,60,True,242.376031709029,242.8534714087248,287.4950894029832,287.6885078827544,,,,,,,,,,,,2
X-n219-k73,218,atm,ortools:robust_mean_1std_or_tools,robust_mean_1std_or_tools,ortools,False,False,False,0,,0.0,,0.0,311.5096280828071,1.4224183930721788,pulp_cbc,mean_domain_loss,,total_load_exceeds_fleet_capacity,180,60,True,242.376031709029,242.8534714087248,287.4950894029832,287.6885078827544,,,,,,,,,,,,2
X-n219-k73,218,grocery,ortools:robust_mean_1std_or_tools,robust_mean_1std_or_tools,ortools,False,False,False,0,,0.0,,0.0,311.5096280828071,1.4224183930721788,pulp_cbc,mean_domain_loss,,total_load_exceeds_fleet_capacity,180,60,True,242.376031709029,242.8534714087248,287.4950894029832,287.6885078827544,,,,,,,,,,,,2
X-n219-k73,218,cargo,ortools:robust_mean_1std_or_tools,robust_mean_1std_or_tools,ortools,False,False,False,0,,0.0,,0.0,311.5096280828071,1.4224183930721788,pulp_cbc,mean_domain_loss,,total_load_exceeds_fleet_capacity,180,60,True,242.376031709029,242.8534714087248,287.4950894029832,287.6885078827544,,,,,,,,,,,,2
X-n219-k73,218,cold_chain,ortools:robust_mean_1std_or_tools,robust_mean_1std_or_tools,ortools,False,False,False,0,,0.0,,0.0,311.5096280828071,1.4224183930721788,pulp_cbc,mean_domain_loss,,total_load_exceeds_fleet_capacity,180,60,True,242.376031709029,242.8534714087248,287.4950894029832,287.6885078827544,,,,,,,,,,,,2
X-n219-k73,218,atm,ortools:robust_mean_2std_or_tools,robust_mean_2std_or_tools,ortools,False,False,False,0,,0.0,,0.0,380.64322445658536,1.7380969153268735,pulp_cbc,mean_domain_loss,,total_load_exceeds_fleet_capacity,180,60,True,242.376031709029,242.8534714087248,287.4950894029832,287.6885078827544,,,,,,,,,,,,2
X-n219-k73,218,grocery,ortools:robust_mean_2std_or_tools,robust_mean_2std_or_tools,ortools,False,False,False,0,,0.0,,0.0,380.64322445658536,1.7380969153268735,pulp_cbc,mean_domain_loss,,total_load_exceeds_fleet_capacity,180,60,True,242.376031709029,242.8534714087248,287.4950894029832,287.6885078827544,,,,,,,,,,,,2
X-n219-k73,218,cargo,ortools:robust_mean_2std_or_tools,robust_mean_2std_or_tools,ortools,False,False,False,0,,0.0,,0.0,380.64322445658536,1.7380969153268735,pulp_cbc,mean_domain_loss,,total_load_exceeds_fleet_capacity,180,60,True,242.376031709029,242.8534714087248,287.4950894029832,287.6885078827544,,,,,,,,,,,,2
X-n219-k73,218,cold_chain,ortools:robust_mean_2std_or_tools,robust_mean_2std_or_tools,ortools,False,False,False,0,,0.0,,0.0,380.64322445658536,1.7380969153268735,pulp_cbc,mean_domain_loss,,total_load_exceeds_fleet_capacity,180,60,True,242.376031709029,242.8534714087248,287.4950894029832,287.6885078827544,,,,,,,,,,,,2
X-n219-k73,218,atm,ortools:proxy_mean_scaled_or_tools,proxy_mean_scaled_or_tools,ortools,True,True,True,73,118409.0,4.998886585235596,0.966937780380249,5.965824365615845,217.905,0.995,pulp_cbc,mean_domain_loss,105.15745135759056,,180,60,True,242.376031709029,242.8534714087248,287.4950894029832,287.6885078827544,204.24892641199693,218.99999961,118514.15745135758,118611.83669575848,118694.31383813523,27.995285015216176,56.26442195714017,0.4765596330275229,22.945127786931124,105.15745135759056,0.0,2
X-n219-k73,218,grocery,ortools:proxy_mean_scaled_or_tools,proxy_mean_scaled_or_tools,ortools,True,True,True,73,118409.0,4.998886585235596,1.0112504959106443,6.01013708114624,217.905,0.995,pulp_cbc,mean_domain_loss,64.91442993801611,,180,60,True,242.376031709029,242.8534714087248,287.4950894029832,287.6885078827544,94.88264610050318,218.99999979,118473.914429938,118521.28766149963,118565.24410569358,27.97943221724589,56.21660718120898,0.4758715596330275,22.92927516896085,64.91442993801611,0.0,2
X-n219-k73,218,cargo,ortools:proxy_mean_scaled_or_tools,proxy_mean_scaled_or_tools,ortools,True,True,True,73,118409.0,4.998886585235596,1.0977373123168943,6.09662389755249,217.905,0.995,pulp_cbc,mean_domain_loss,79.95994834386953,,180,60,True,242.376031709029,242.8534714087248,287.4950894029832,287.6885078827544,185.91736754155025,219.00000009,118488.95994834388,118564.14706487214,118627.5715264486,27.99694825428066,56.16297351072815,0.4738532110091743,22.946791505995613,79.95994834386953,0.0,2
X-n219-k73,218,cold_chain,ortools:proxy_mean_scaled_or_tools,proxy_mean_scaled_or_tools,ortools,True,True,True,73,118409.0,4.998886585235596,1.1505753993988037,6.149461984634399,217.905,0.995,pulp_cbc,mean_domain_loss,91.79799193595645,,180,60,True,242.376031709029,242.8534714087248,287.4950894029832,287.6885078827544,207.2313124099847,218.9537704,118540.77774208732,118600.43667007126,118658.61027817545,27.979400917778847,56.10604474334298,0.4736238532110092,22.8830144794938,91.79799193595645,39.97975015137228,2
X-n219-k73,218,atm,ortools:quantile_p75_scaled_or_tools,quantile_p75_scaled_or_tools,ortools,True,True,True,73,118409.0,5.029176473617554,1.0310046672821045,6.060181140899658,217.905,0.995,pulp_cbc,mean_domain_loss,105.15745135759056,,180,60,True,242.376031709029,242.8534714087248,287.4950894029832,287.6885078827544,204.24892641199693,218.99999961,118514.15745135758,118611.83669575848,118694.31383813523,27.995285015216176,56.26442195714017,0.4765596330275229,22.945127786931124,105.15745135759056,0.0,2
X-n219-k73,218,grocery,ortools:quantile_p75_scaled_or_tools,quantile_p75_scaled_or_tools,ortools,True,True,True,73,118409.0,5.029176473617554,1.032844066619873,6.062020540237427,217.905,0.995,pulp_cbc,mean_domain_loss,64.91442993801611,,180,60,True,242.376031709029,242.8534714087248,287.4950894029832,287.6885078827544,94.88264610050318,218.99999979,118473.914429938,118521.28766149963,118565.24410569358,27.97943221724589,56.21660718120898,0.4758715596330275,22.92927516896085,64.91442993801611,0.0,2
X-n219-k73,218,cargo,ortools:quantile_p75_scaled_or_tools,quantile_p75_scaled_or_tools,ortools,True,True,True,73,118409.0,5.029176473617554,1.0334985256195068,6.0626749992370605,217.905,0.995,pulp_cbc,mean_domain_loss,79.95994834386953,,180,60,True,242.376031709029,242.8534714087248,287.4950894029832,287.6885078827544,185.91736754155025,219.00000009,118488.95994834388,118564.14706487214,118627.5715264486,27.99694825428066,56.16297351072815,0.4738532110091743,22.946791505995613,79.95994834386953,0.0,2
X-n219-k73,218,cold_chain,ortools:quantile_p75_scaled_or_tools,quantile_p75_scaled_or_tools,ortools,True,True,True,73,118409.0,5.029176473617554,0.9979639053344728,6.027140378952026,217.905,0.995,pulp_cbc,mean_domain_loss,91.79799193595645,,180,60,True,242.376031709029,242.8534714087248,287.4950894029832,287.6885078827544,207.2313124099847,218.9537704,118540.77774208732,118600.43667007126,118658.61027817545,27.979400917778847,56.10604474334298,0.4736238532110092,22.8830144794938,91.79799193595645,39.97975015137228,2
X-n219-k73,218,atm,ortools:quantile_p90_scaled_or_tools,quantile_p90_scaled_or_tools,ortools,True,True,True,73,118409.0,5.002725124359131,0.9664697647094728,5.969194889068604,217.90500000000003,0.995,pulp_cbc,mean_domain_loss,105.15745135759056,,180,60,True,242.376031709029,242.8534714087248,287.4950894029832,287.6885078827544,204.24892641199693,218.99999961,118514.15745135758,118611.83669575848,118694.31383813523,27.995285015216176,56.26442195714017,0.4765596330275229,22.945127786931124,105.15745135759056,0.0,2
X-n219-k73,218,grocery,ortools:quantile_p90_scaled_or_tools,quantile_p90_scaled_or_tools,ortools,True,True,True,73,118409.0,5.002725124359131,0.9964423179626464,5.999167442321777,217.90500000000003,0.995,pulp_cbc,mean_domain_loss,64.91442993801611,,180,60,True,242.376031709029,242.8534714087248,287.4950894029832,287.6885078827544,94.88264610050318,218.99999979,118473.914429938,118521.28766149963,118565.24410569358,27.97943221724589,56.21660718120898,0.4758715596330275,22.92927516896085,64.91442993801611,0.0,2
X-n219-k73,218,cargo,ortools:quantile_p90_scaled_or_tools,quantile_p90_scaled_or_tools,ortools,True,True,True,73,118409.0,5.002725124359131,0.994431734085083,5.997156858444214,217.90500000000003,0.995,pulp_cbc,mean_domain_loss,79.95994834386953,,180,60,True,242.376031709029,242.8534714087248,287.4950894029832,287.6885078827544,185.91736754155025,219.00000009,118488.95994834388,118564.14706487214,118627.5715264486,27.99694825428066,56.16297351072815,0.4738532110091743,22.946791505995613,79.95994834386953,0.0,2
X-n219-k73,218,cold_chain,ortools:quantile_p90_scaled_or_tools,quantile_p90_scaled_or_tools,ortools,True,True,True,73,118409.0,5.002725124359131,0.966792106628418,5.969517230987549,217.90500000000003,0.995,pulp_cbc,mean_domain_loss,91.79799193595645,,180,60,True,242.376031709029,242.8534714087248,287.4950894029832,287.6885078827544,207.2313124099847,218.9537704,118540.77774208732,118600.43667007126,118658.61027817545,27.979400917778847,56.10604474334298,0.4736238532110092,22.8830144794938,91.79799193595645,39.97975015137228,2
X-n219-k73,218,atm,ortools:robust_mean_1std_scaled_or_tools,robust_mean_1std_scaled_or_tools,ortools,True,True,True,73,118409.0,4.993685483932495,1.0087380409240725,6.002423524856567,217.90500000000003,0.995,pulp_cbc,mean_domain_loss,105.15745135759056,,180,60,True,242.376031709029,242.8534714087248,287.4950894029832,287.6885078827544,204.24892641199693,218.99999961,118514.15745135758,118611.83669575848,118694.31383813523,27.995285015216176,56.26442195714017,0.4765596330275229,22.945127786931124,105.15745135759056,0.0,2
X-n219-k73,218,grocery,ortools:robust_mean_1std_scaled_or_tools,robust_mean_1std_scaled_or_tools,ortools,True,True,True,73,118409.0,4.993685483932495,0.9855759143829346,5.97926139831543,217.90500000000003,0.995,pulp_cbc,mean_domain_loss,64.91442993801611,,180,60,True,242.376031709029,242.8534714087248,287.4950894029832,287.6885078827544,94.88264610050318,218.99999979,118473.914429938,118521.28766149963,118565.24410569358,27.97943221724589,56.21660718120898,0.4758715596330275,22.92927516896085,64.91442993801611,0.0,2
X-n219-k73,218,cargo,ortools:robust_mean_1std_scaled_or_tools,robust_mean_1std_scaled_or_tools,ortools,True,True,True,73,118409.0,4.993685483932495,0.974398136138916,5.968083620071411,217.90500000000003,0.995,pulp_cbc,mean_domain_loss,79.95994834386953,,180,60,True,242.376031709029,242.8534714087248,287.4950894029832,287.6885078827544,185.91736754155025,219.00000009,118488.95994834388,118564.14706487214,118627.5715264486,27.99694825428066,56.16297351072815,0.4738532110091743,22.946791505995613,79.95994834386953,0.0,2
X-n219-k73,218,cold_chain,ortools:robust_mean_1std_scaled_or_tools,robust_mean_1std_scaled_or_tools,ortools,True,True,True,73,118409.0,4.993685483932495,0.9754464626312256,5.969131946563721,217.90500000000003,0.995,pulp_cbc,mean_domain_loss,91.79799193595645,,180,60,True,242.376031709029,242.8534714087248,287.4950894029832,287.6885078827544,207.2313124099847,218.9537704,118540.77774208732,118600.43667007126,118658.61027817545,27.979400917778847,56.10604474334298,0.4736238532110092,22.8830144794938,91.79799193595645,39.97975015137228,2
X-n219-k73,218,atm,ortools:robust_mean_2std_scaled_or_tools,robust_mean_2std_scaled_or_tools,ortools,True,True,True,73,118409.0,4.997030973434448,0.92773175239563,5.924762725830078,217.905,0.995,pulp_cbc,mean_domain_loss,105.15745135759056,,180,60,True,242.376031709029,242.8534714087248,287.4950894029832,287.6885078827544,204.24892641199693,218.99999961,118514.15745135758,118611.83669575848,118694.31383813523,27.995285015216176,56.26442195714017,0.4765596330275229,22.945127786931124,105.15745135759056,0.0,2
X-n219-k73,218,grocery,ortools:robust_mean_2std_scaled_or_tools,robust_mean_2std_scaled_or_tools,ortools,True,True,True,73,118409.0,4.997030973434448,0.9875333309173584,5.984564304351807,217.905,0.995,pulp_cbc,mean_domain_loss,64.91442993801611,,180,60,True,242.376031709029,242.8534714087248,287.4950894029832,287.6885078827544,94.88264610050318,218.99999979,118473.914429938,118521.28766149963,118565.24410569358,27.97943221724589,56.21660718120898,0.4758715596330275,22.92927516896085,64.91442993801611,0.0,2
X-n219-k73,218,cargo,ortools:robust_mean_2std_scaled_or_tools,robust_mean_2std_scaled_or_tools,ortools,True,True,True,73,118409.0,4.997030973434448,1.059699296951294,6.056730270385742,217.905,0.995,pulp_cbc,mean_domain_loss,79.95994834386953,,180,60,True,242.376031709029,242.8534714087248,287.4950894029832,287.6885078827544,185.91736754155025,219.00000009,118488.95994834388,118564.14706487214,118627.5715264486,27.99694825428066,56.16297351072815,0.4738532110091743,22.946791505995613,79.95994834386953,0.0,2
X-n219-k73,218,cold_chain,ortools:robust_mean_2std_scaled_or_tools,robust_mean_2std_scaled_or_tools,ortools,True,True,True,73,118409.0,4.997030973434448,0.9716963768005372,5.968727350234985,217.905,0.995,pulp_cbc,mean_domain_loss,91.79799193595645,,180,60,True,242.376031709029,242.8534714087248,287.4950894029832,287.6885078827544,207.2313124099847,218.9537704,118540.77774208732,118600.43667007126,118658.61027817545,27.979400917778847,56.10604474334298,0.4736238532110092,22.8830144794938,91.79799193595645,39.97975015137228,2
X-n219-k73,218,atm,ortools:nominal_seed101_or_tools,nominal_seed101_or_tools,ortools,True,True,True,73,118147.0,5.008578062057495,0.9674499034881592,5.976027965545654,218.0,0.9954337899543378,pulp_cbc,mean_domain_loss,105.19441282386438,,180,60,True,242.376031709029,242.8534714087248,287.4950894029832,287.6885078827544,204.17092849269875,218.99999958,118252.19441282388,118350.27929351332,118432.26710520868,27.99402923833824,56.40606611144984,0.4762844036697247,22.94387198005318,105.19441282386438,0.0,2
X-n219-k73,218,grocery,ortools:nominal_seed101_or_tools,nominal_seed101_or_tools,ortools,True,True,True,73,118147.0,5.008578062057495,1.1137433052062988,6.122321367263794,218.0,0.9954337899543378,pulp_cbc,mean_domain_loss,64.91091606766491,,180,60,True,242.376031709029,242.8534714087248,287.4950894029832,287.6885078827544,94.84251504298518,219.00000017,118211.91091606766,118259.81352523455,118303.24539453795,27.97280474443174,56.40884435865264,0.4757339449541284,22.922648076146693,64.91091606766491,0.0,2
X-n219-k73,218,cargo,ortools:nominal_seed101_or_tools,nominal_seed101_or_tools,ortools,True,True,True,73,118147.0,5.008578062057495,1.0037267208099363,6.012304782867432,218.0,0.9954337899543378,pulp_cbc,mean_domain_loss,79.93716412869252,,180,60,True,242.376031709029,242.8534714087248,287.4950894029832,287.6885078827544,185.8284444394901,219.00000005,118226.9371641287,118302.680312848,118365.46186702327,27.98829266901976,56.211720800696334,0.4744036697247706,22.938135880734706,79.93716412869252,0.0,2
X-n219-k73,218,cold_chain,ortools:nominal_seed101_or_tools,nominal_seed101_or_tools,ortools,True,True,True,73,118147.0,5.008578062057495,1.041428565979004,6.050006628036499,218.0,0.9954337899543378,pulp_cbc,mean_domain_loss,91.78006343269352,,180,60,True,242.376031709029,242.8534714087248,287.4950894029832,287.6885078827544,207.10780884234552,218.95377108,118278.72852727064,118339.16450153932,118396.45373840808,27.96426518820941,56.28632989229834,0.4743119266055046,22.86787942992437,91.78006343269352,39.94846383795068,2
X-n219-k73,218,atm,ortools:nominal_seed103_or_tools,nominal_seed103_or_tools,ortools,True,True,True,73,118124.0,4.996567487716675,0.9994018077850342,5.995969295501709,218.0,0.9954337899543378,pulp_cbc,mean_domain_loss,105.26795637800892,,180,60,True,242.376031709029,242.8534714087248,287.4950894029832,287.6885078827544,204.11796313557636,219.0000001,118229.267956378,118327.55322017564,118409.55103807389,28.01929571034209,56.22055967959433,0.4772018348623853,22.96913897205705,105.26795637800892,0.0,2
X-n219-k73,218,grocery,ortools:nominal_seed103_or_tools,nominal_seed103_or_tools,ortools,True,True,True,73,118124.0,4.996567487716675,0.9449079036712646,5.94147539138794,218.0,0.9954337899543378,pulp_cbc,mean_domain_loss,64.97876776087409,,180,60,True,242.376031709029,242.8534714087248,287.4950894029832,287.6885078827544,94.80890595924028,219.00000003,118188.9787677609,118236.54443382948,118280.39899644046,28.00392903836522,56.16772488779713,0.4765137614678899,22.953772230080173,64.97876776087409,0.0,2
X-n219-k73,218,cargo,ortools:nominal_seed103_or_tools,nominal_seed103_or_tools,ortools,True,True,True,73,118124.0,4.996567487716675,0.9625601768493652,5.95912766456604,218.0,0.9954337899543378,pulp_cbc,mean_domain_loss,79.98492056254612,,180,60,True,242.376031709029,242.8534714087248,287.4950894029832,287.6885078827544,185.80041862380784,219.0000004,118203.98492056257,118279.78159845094,118342.69425151464,28.00119907228046,55.99288671379713,0.475,22.951042633995403,79.98492056254612,0.0,2
X-n219-k73,218,cold_chain,ortools:nominal_seed103_or_tools,nominal_seed103_or_tools,ortools,True,True,True,73,118124.0,4.996567487716675,0.9471054077148438,5.943672895431519,218.0,0.9954337899543378,pulp_cbc,mean_domain_loss,91.8472955668466,,180,60,True,242.376031709029,242.8534714087248,287.4950894029832,287.6885078827544,207.0606029623893,218.95377044,118255.79268995726,118315.54580058822,118373.80645082204,27.990965351102204,56.044256233797135,0.4756422018348624,22.894578952817152,91.8472955668466,39.94539439043822,2
X-n219-k73,218,atm,ortools:proxy_mean_scaled_seed109_or_tools,proxy_mean_scaled_seed109_or_tools,ortools,True,True,True,73,118395.0,5.001729965209961,1.0085229873657229,6.010252952575684,217.905,0.995,pulp_cbc,mean_domain_loss,105.19678752564828,,180,60,True,242.376031709029,242.8534714087248,287.4950894029832,287.6885078827544,204.1791054967341,218.99999953,118500.19678752564,118598.0638730724,118680.37321158232,27.994453755629756,56.39327631737253,0.4754128440366972,22.944296447344705,105.19678752564828,0.0,2
X-n219-k73,218,grocery,ortools:proxy_mean_scaled_seed109_or_tools,proxy_mean_scaled_seed109_or_tools,ortools,True,True,True,73,118395.0,5.001729965209961,0.9573299884796144,5.959059953689575,217.905,0.995,pulp_cbc,mean_domain_loss,64.93979367951499,,180,60,True,242.376031709029,242.8534714087248,287.4950894029832,287.6885078827544,94.8324121736906,219.00000022,118459.93979367948,118507.63686627548,118551.27763708078,27.97987195932924,56.3266278819699,0.4754587155963303,22.92971534104418,64.93979367951499,0.0,2
X-n219-k73,218,cargo,ortools:proxy_mean_scaled_seed109_or_tools,proxy_mean_scaled_seed109_or_tools,ortools,True,True,True,73,118395.0,5.001729965209961,0.9427587985992432,5.944488763809204,217.905,0.995,pulp_cbc,mean_domain_loss,79.95930207265482,,180,60,True,242.376031709029,242.8534714087248,287.4950894029832,287.6885078827544,185.85646555419143,219.0,118474.95930207265,118550.20975801456,118613.62163103558,27.985532018466497,56.15841118199585,0.4729357798165137,22.935375180181435,79.95930207265482,0.0,2
X-n219-k73,218,cold_chain,ortools:proxy_mean_scaled_seed109_or_tools,proxy_mean_scaled_seed109_or_tools,ortools,True,True,True,73,118395.0,5.001729965209961,0.9722855091094972,5.974015474319458,217.905,0.995,pulp_cbc,mean_domain_loss,91.77380047488272,,180,60,True,242.376031709029,242.8534714087248,287.4950894029832,287.6885078827544,207.08198972765183,218.95377047,118526.69174071672,118586.89058219412,118644.58789829076,27.965945600351645,56.21742793461405,0.4731192660550459,22.8695592320666,91.77380047488272,39.91794024182534,2
X-n219-k73,218,atm,ortools:quantile_p75_scaled_seed107_or_tools,quantile_p75_scaled_seed107_or_tools,ortools,True,True,True,73,118477.0,4.988832473754883,0.9435796737670898,5.932412147521973,217.905,0.995,pulp_cbc,mean_domain_loss,105.1729882638815,,180,60,True,242.376031709029,242.8534714087248,287.4950894029832,287.6885078827544,204.18851770749063,218.99999938,118582.17298826388,118680.15248666557,118762.27441463638,27.98318957656281,56.41578305661403,0.4752293577981651,22.93303211827777,105.1729882638815,0.0,2
X-n219-k73,218,grocery,ortools:quantile_p75_scaled_seed107_or_tools,quantile_p75_scaled_seed107_or_tools,ortools,True,True,True,73,118477.0,4.988832473754883,0.9449551105499268,5.93378758430481,217.905,0.995,pulp_cbc,mean_domain_loss,64.92434524441275,,180,60,True,242.376031709029,242.8534714087248,287.4950894029832,287.6885078827544,94.8378153048461,218.99999997000003,118541.92434524444,118589.70163091892,118633.20634821703,27.96843819913048,56.350927930336056,0.475045871559633,22.918281330845435,64.92434524441275,0.0,2
X-n219-k73,218,cargo,ortools:quantile_p75_scaled_seed107_or_tools,quantile_p75_scaled_seed107_or_tools,ortools,True,True,True,73,118477.0,4.988832473754883,0.9806764125823976,5.96950888633728,217.905,0.995,pulp_cbc,mean_domain_loss,79.96326959991836,,180,60,True,242.376031709029,242.8534714087248,287.4950894029832,287.6885078827544,185.86012840008985,219.0000001,118556.9632695999,118631.94938300196,118695.5423080003,27.98485651246351,56.27184845823735,0.4730275229357798,22.93469977417846,79.96326959991836,0.0,2
X-n219-k73,218,cold_chain,ortools:quantile_p75_scaled_seed107_or_tools,quantile_p75_scaled_seed107_or_tools,ortools,True,True,True,73,118477.0,4.988832473754883,0.9663486480712892,5.955181121826172,217.905,0.995,pulp_cbc,mean_domain_loss,91.85343474350891,,180,60,True,242.376031709029,242.8534714087248,287.4950894029832,287.6885078827544,207.03088837801948,218.95377031,118608.71344815994,118669.00491041146,118726.45940929008,27.98690012849209,56.26341389770821,0.473348623853211,22.89051360020704,91.85343474350891,39.86001341643902,2
X-n219-k73,218,atm,ortools:robust_mean_1std_scaled_seed113_or_tools,robust_mean_1std_scaled_seed113_or_tools,ortools,True,True,True,73,118129.0,4.997730016708374,0.9002571105957031,5.897987127304077,217.90500000000003,0.995,pulp_cbc,mean_domain_loss,105.12756409537074,,180,60,True,242.376031709029,242.8534714087248,287.4950894029832,287.6885078827544,204.1979142089692,218.99999978,118234.12756409535,118332.37332618875,118414.3165157294,27.9737171730559,56.32492879480138,0.4762844036697247,22.923560114770847,105.12756409537074,0.0,2
X-n219-k73,218,grocery,ortools:robust_mean_1std_scaled_seed113_or_tools,robust_mean_1std_scaled_seed113_or_tools,ortools,True,True,True,73,118129.0,4.997730016708374,0.9830355644226074,5.980765581130981,217.90500000000003,0.995,pulp_cbc,mean_domain_loss,64.90835306205156,,180,60,True,242.376031709029,242.8534714087248,287.4950894029832,287.6885078827544,94.85385945523969,218.99999997,118193.90835306206,118241.45889036312,118285.27814086282,27.960236126447317,56.24090832587953,0.4749082568807339,22.91007925816227,64.90835306205156,0.0,2
X-n219-k73,218,cargo,ortools:robust_mean_1std_scaled_seed113_or_tools,robust_mean_1std_scaled_seed113_or_tools,ortools,True,True,True,73,118129.0,4.997730016708374,0.9151926040649414,5.912922620773315,217.90500000000003,0.995,pulp_cbc,mean_domain_loss,79.88575637547017,,180,60,True,242.376031709029,242.8534714087248,287.4950894029832,287.6885078827544,185.83833697931755,218.99999997,118208.88575637549,118284.88247838184,118347.43317385508,27.96560822972106,56.06873142483284,0.4736238532110092,22.915451361436,79.88575637547017,0.0,2
X-n219-k73,218,cold_chain,ortools:robust_mean_1std_scaled_seed113_or_tools,robust_mean_1std_scaled_seed113_or_tools,ortools,True,True,True,73,118129.0,4.997730016708374,0.9227774143218994,5.920507431030273,217.90500000000003,0.995,pulp_cbc,mean_domain_loss,91.72757142424726,,180,60,True,242.376031709029,242.8534714087248,287.4950894029832,287.6885078827544,207.08493282324864,218.95377098,118260.63309620328,118320.63846301482,118378.4431019985,27.94745907028891,56.1366684245057,0.4725229357798165,22.851073212003858,91.72757142424726,39.905524779049664,2
X-n266-k58,265,atm,ortools:nominal_or_tools,nominal_or_tools,ortools,False,False,False,0,,4.994903087615967,,4.994903087615967,2015.0,0.9926108374384236,pulp_cbc,mean_domain_loss,,ortools_no_solution,180,60,True,2224.378262414001,2226.078225706277,2602.774545864745,2604.041022210825,,,,,,,,,,,,2
X-n266-k58,265,grocery,ortools:nominal_or_tools,nominal_or_tools,ortools,False,False,False,0,,4.994903087615967,,4.994903087615967,2015.0,0.9926108374384236,pulp_cbc,mean_domain_loss,,ortools_no_solution,180,60,True,2224.378262414001,2226.078225706277,2602.774545864745,2604.041022210825,,,,,,,,,,,,2
X-n266-k58,265,cargo,ortools:nominal_or_tools,nominal_or_tools,ortools,False,False,False,0,,4.994903087615967,,4.994903087615967,2015.0,0.9926108374384236,pulp_cbc,mean_domain_loss,,ortools_no_solution,180,60,True,2224.378262414001,2226.078225706277,2602.774545864745,2604.041022210825,,,,,,,,,,,,2
X-n266-k58,265,cold_chain,ortools:nominal_or_tools,nominal_or_tools,ortools,False,False,False,0,,4.994903087615967,,4.994903087615967,2015.0,0.9926108374384236,pulp_cbc,mean_domain_loss,,ortools_no_solution,180,60,True,2224.378262414001,2226.078225706277,2602.774545864745,2604.041022210825,,,,,,,,,,,,2
X-n266-k58,265,atm,ortools:proxy_mean_or_tools,proxy_mean_or_tools,ortools,False,False,False,0,,0.0,,0.0,2224.3782624140013,1.0957528386275868,pulp_cbc,mean_domain_loss,,total_load_exceeds_fleet_capacity,180,60,True,2224.378262414001,2226.078225706277,2602.774545864745,2604.041022210825,,,,,,,,,,,,2
X-n266-k58,265,grocery,ortools:proxy_mean_or_tools,proxy_mean_or_tools,ortools,False,False,False,0,,0.0,,0.0,2224.3782624140013,1.0957528386275868,pulp_cbc,mean_domain_loss,,total_load_exceeds_fleet_capacity,180,60,True,2224.378262414001,2226.078225706277,2602.774545864745,2604.041022210825,,,,,,,,,,,,2
X-n266-k58,265,cargo,ortools:proxy_mean_or_tools,proxy_mean_or_tools,ortools,False,False,False,0,,0.0,,0.0,2224.3782624140013,1.0957528386275868,pulp_cbc,mean_domain_loss,,total_load_exceeds_fleet_capacity,180,60,True,2224.378262414001,2226.078225706277,2602.774545864745,2604.041022210825,,,,,,,,,,,,2
X-n266-k58,265,cold_chain,ortools:proxy_mean_or_tools,proxy_mean_or_tools,ortools,False,False,False,0,,0.0,,0.0,2224.3782624140013,1.0957528386275868,pulp_cbc,mean_domain_loss,,total_load_exceeds_fleet_capacity,180,60,True,2224.378262414001,2226.078225706277,2602.774545864745,2604.041022210825,,,,,,,,,,,,2
X-n266-k58,265,atm,ortools:quantile_p75_or_tools,quantile_p75_or_tools,ortools,False,False,False,0,,0.0,,0.0,2579.37737613082,1.270629249325527,pulp_cbc,mean_domain_loss,,total_load_exceeds_fleet_capacity,180,60,True,2224.378262414001,2226.078225706277,2602.774545864745,2604.041022210825,,,,,,,,,,,,2
X-n266-k58,265,grocery,ortools:quantile_p75_or_tools,quantile_p75_or_tools,ortools,False,False,False,0,,0.0,,0.0,2579.37737613082,1.270629249325527,pulp_cbc,mean_domain_loss,,total_load_exceeds_fleet_capacity,180,60,True,2224.378262414001,2226.078225706277,2602.774545864745,2604.041022210825,,,,,,,,,,,,2
X-n266-k58,265,cargo,ortools:quantile_p75_or_tools,quantile_p75_or_tools,ortools,False,False,False,0,,0.0,,0.0,2579.37737613082,1.270629249325527,pulp_cbc,mean_domain_loss,,total_load_exceeds_fleet_capacity,180,60,True,2224.378262414001,2226.078225706277,2602.774545864745,2604.041022210825,,,,,,,,,,,,2
X-n266-k58,265,cold_chain,ortools:quantile_p75_or_tools,quantile_p75_or_tools,ortools,False,False,False,0,,0.0,,0.0,2579.37737613082,1.270629249325527,pulp_cbc,mean_domain_loss,,total_load_exceeds_fleet_capacity,180,60,True,2224.378262414001,2226.078225706277,2602.774545864745,2604.041022210825,,,,,,,,,,,,2
X-n266-k58,265,atm,ortools:quantile_p90_or_tools,quantile_p90_or_tools,ortools,False,False,False,0,,0.0,,0.0,3066.6940663187142,1.5106867321767066,pulp_cbc,mean_domain_loss,,total_load_exceeds_fleet_capacity,180,60,True,2224.378262414001,2226.078225706277,2602.774545864745,2604.041022210825,,,,,,,,,,,,2
X-n266-k58,265,grocery,ortools:quantile_p90_or_tools,quantile_p90_or_tools,ortools,False,False,False,0,,0.0,,0.0,3066.6940663187142,1.5106867321767066,pulp_cbc,mean_domain_loss,,total_load_exceeds_fleet_capacity,180,60,True,2224.378262414001,2226.078225706277,2602.774545864745,2604.041022210825,,,,,,,,,,,,2
X-n266-k58,265,cargo,ortools:quantile_p90_or_tools,quantile_p90_or_tools,ortools,False,False,False,0,,0.0,,0.0,3066.6940663187142,1.5106867321767066,pulp_cbc,mean_domain_loss,,total_load_exceeds_fleet_capacity,180,60,True,2224.378262414001,2226.078225706277,2602.774545864745,2604.041022210825,,,,,,,,,,,,2
X-n266-k58,265,cold_chain,ortools:quantile_p90_or_tools,quantile_p90_or_tools,ortools,False,False,False,0,,0.0,,0.0,3066.6940663187142,1.5106867321767066,pulp_cbc,mean_domain_loss,,total_load_exceeds_fleet_capacity,180,60,True,2224.378262414001,2226.078225706277,2602.774545864745,2604.041022210825,,,,,,,,,,,,2
X-n266-k58,265,atm,ortools:robust_mean_1std_or_tools,robust_mean_1std_or_tools,ortools,False,False,False,0,,0.0,,0.0,2872.6557950280667,1.4151013768611167,pulp_cbc,mean_domain_loss,,total_load_exceeds_fleet_capacity,180,60,True,2224.378262414001,2226.078225706277,2602.774545864745,2604.041022210825,,,,,,,,,,,,2
X-n266-k58,265,grocery,ortools:robust_mean_1std_or_tools,robust_mean_1std_or_tools,ortools,False,False,False,0,,0.0,,0.0,2872.6557950280667,1.4151013768611167,pulp_cbc,mean_domain_loss,,total_load_exceeds_fleet_capacity,180,60,True,2224.378262414001,2226.078225706277,2602.774545864745,2604.041022210825,,,,,,,,,,,,2
X-n266-k58,265,cargo,ortools:robust_mean_1std_or_tools,robust_mean_1std_or_tools,ortools,False,False,False,0,,0.0,,0.0,2872.6557950280667,1.4151013768611167,pulp_cbc,mean_domain_loss,,total_load_exceeds_fleet_capacity,180,60,True,2224.378262414001,2226.078225706277,2602.774545864745,2604.041022210825,,,,,,,,,,,,2
X-n266-k58,265,cold_chain,ortools:robust_mean_1std_or_tools,robust_mean_1std_or_tools,ortools,False,False,False,0,,0.0,,0.0,2872.6557950280667,1.4151013768611167,pulp_cbc,mean_domain_loss,,total_load_exceeds_fleet_capacity,180,60,True,2224.378262414001,2226.078225706277,2602.774545864745,2604.041022210825,,,,,,,,,,,,2
X-n266-k58,265,atm,ortools:robust_mean_2std_or_tools,robust_mean_2std_or_tools,ortools,False,False,False,0,,0.0,,0.0,3520.933327642133,1.7344499150946469,pulp_cbc,mean_domain_loss,,total_load_exceeds_fleet_capacity,180,60,True,2224.378262414001,2226.078225706277,2602.774545864745,2604.041022210825,,,,,,,,,,,,2
X-n266-k58,265,grocery,ortools:robust_mean_2std_or_tools,robust_mean_2std_or_tools,ortools,False,False,False,0,,0.0,,0.0,3520.933327642133,1.7344499150946469,pulp_cbc,mean_domain_loss,,total_load_exceeds_fleet_capacity,180,60,True,2224.378262414001,2226.078225706277,2602.774545864745,2604.041022210825,,,,,,,,,,,,2
X-n266-k58,265,cargo,ortools:robust_mean_2std_or_tools,robust_mean_2std_or_tools,ortools,False,False,False,0,,0.0,,0.0,3520.933327642133,1.7344499150946469,pulp_cbc,mean_domain_loss,,total_load_exceeds_fleet_capacity,180,60,True,2224.378262414001,2226.078225706277,2602.774545864745,2604.041022210825,,,,,,,,,,,,2
X-n266-k58,265,cold_chain,ortools:robust_mean_2std_or_tools,robust_mean_2std_or_tools,ortools,False,False,False,0,,0.0,,0.0,3520.933327642133,1.7344499150946469,pulp_cbc,mean_domain_loss,,total_load_exceeds_fleet_capacity,180,60,True,2224.378262414001,2226.078225706277,2602.774545864745,2604.041022210825,,,,,,,,,,,,2
X-n266-k58,265,atm,ortools:proxy_mean_scaled_or_tools,proxy_mean_scaled_or_tools,ortools,False,False,False,0,,5.002355098724365,,5.002355098724365,2019.85,0.995,pulp_cbc,mean_domain_loss,,ortools_no_solution,180,60,True,2224.378262414001,2226.078225706277,2602.774545864745,2604.041022210825,,,,,,,,,,,,2
X-n266-k58,265,grocery,ortools:proxy_mean_scaled_or_tools,proxy_mean_scaled_or_tools,ortools,False,False,False,0,,5.002355098724365,,5.002355098724365,2019.85,0.995,pulp_cbc,mean_domain_loss,,ortools_no_solution,180,60,True,2224.378262414001,2226.078225706277,2602.774545864745,2604.041022210825,,,,,,,,,,,,2
X-n266-k58,265,cargo,ortools:proxy_mean_scaled_or_tools,proxy_mean_scaled_or_tools,ortools,False,False,False,0,,5.002355098724365,,5.002355098724365,2019.85,0.995,pulp_cbc,mean_domain_loss,,ortools_no_solution,180,60,True,2224.378262414001,2226.078225706277,2602.774545864745,2604.041022210825,,,,,,,,,,,,2
X-n266-k58,265,cold_chain,ortools:proxy_mean_scaled_or_tools,proxy_mean_scaled_or_tools,ortools,False,False,False,0,,5.002355098724365,,5.002355098724365,2019.85,0.995,pulp_cbc,mean_domain_loss,,ortools_no_solution,180,60,True,2224.378262414001,2226.078225706277,2602.774545864745,2604.041022210825,,,,,,,,,,,,2
X-n266-k58,265,atm,ortools:quantile_p75_scaled_or_tools,quantile_p75_scaled_or_tools,ortools,False,False,False,0,,0.0,,0.0,2019.85,0.995,pulp_cbc,mean_domain_loss,,total_load_exceeds_fleet_capacity,180,60,True,2224.378262414001,2226.078225706277,2602.774545864745,2604.041022210825,,,,,,,,,,,,2
X-n266-k58,265,grocery,ortools:quantile_p75_scaled_or_tools,quantile_p75_scaled_or_tools,ortools,False,False,False,0,,0.0,,0.0,2019.85,0.995,pulp_cbc,mean_domain_loss,,total_load_exceeds_fleet_capacity,180,60,True,2224.378262414001,2226.078225706277,2602.774545864745,2604.041022210825,,,,,,,,,,,,2
X-n266-k58,265,cargo,ortools:quantile_p75_scaled_or_tools,quantile_p75_scaled_or_tools,ortools,False,False,False,0,,0.0,,0.0,2019.85,0.995,pulp_cbc,mean_domain_loss,,total_load_exceeds_fleet_capacity,180,60,True,2224.378262414001,2226.078225706277,2602.774545864745,2604.041022210825,,,,,,,,,,,,2
X-n266-k58,265,cold_chain,ortools:quantile_p75_scaled_or_tools,quantile_p75_scaled_or_tools,ortools,False,False,False,0,,0.0,,0.0,2019.85,0.995,pulp_cbc,mean_domain_loss,,total_load_exceeds_fleet_capacity,180,60,True,2224.378262414001,2226.078225706277,2602.774545864745,2604.041022210825,,,,,,,,,,,,2
X-n266-k58,265,atm,ortools:quantile_p90_scaled_or_tools,quantile_p90_scaled_or_tools,ortools,False,False,False,0,,0.0,,0.0,2019.8500000000004,0.9950000000000002,pulp_cbc,mean_domain_loss,,total_load_exceeds_fleet_capacity,180,60,True,2224.378262414001,2226.078225706277,2602.774545864745,2604.041022210825,,,,,,,,,,,,2
X-n266-k58,265,grocery,ortools:quantile_p90_scaled_or_tools,quantile_p90_scaled_or_tools,ortools,False,False,False,0,,0.0,,0.0,2019.8500000000004,0.9950000000000002,pulp_cbc,mean_domain_loss,,total_load_exceeds_fleet_capacity,180,60,True,2224.378262414001,2226.078225706277,2602.774545864745,2604.041022210825,,,,,,,,,,,,2
X-n266-k58,265,cargo,ortools:quantile_p90_scaled_or_tools,quantile_p90_scaled_or_tools,ortools,False,False,False,0,,0.0,,0.0,2019.8500000000004,0.9950000000000002,pulp_cbc,mean_domain_loss,,total_load_exceeds_fleet_capacity,180,60,True,2224.378262414001,2226.078225706277,2602.774545864745,2604.041022210825,,,,,,,,,,,,2
X-n266-k58,265,cold_chain,ortools:quantile_p90_scaled_or_tools,quantile_p90_scaled_or_tools,ortools,False,False,False,0,,0.0,,0.0,2019.8500000000004,0.9950000000000002,pulp_cbc,mean_domain_loss,,total_load_exceeds_fleet_capacity,180,60,True,2224.378262414001,2226.078225706277,2602.774545864745,2604.041022210825,,,,,,,,,,,,2
X-n266-k58,265,atm,ortools:robust_mean_1std_scaled_or_tools,robust_mean_1std_scaled_or_tools,ortools,False,False,False,0,,0.0,,0.0,2019.85,0.995,pulp_cbc,mean_domain_loss,,total_load_exceeds_fleet_capacity,180,60,True,2224.378262414001,2226.078225706277,2602.774545864745,2604.041022210825,,,,,,,,,,,,2
X-n266-k58,265,grocery,ortools:robust_mean_1std_scaled_or_tools,robust_mean_1std_scaled_or_tools,ortools,False,False,False,0,,0.0,,0.0,2019.85,0.995,pulp_cbc,mean_domain_loss,,total_load_exceeds_fleet_capacity,180,60,True,2224.378262414001,2226.078225706277,2602.774545864745,2604.041022210825,,,,,,,,,,,,2
X-n266-k58,265,cargo,ortools:robust_mean_1std_scaled_or_tools,robust_mean_1std_scaled_or_tools,ortools,False,False,False,0,,0.0,,0.0,2019.85,0.995,pulp_cbc,mean_domain_loss,,total_load_exceeds_fleet_capacity,180,60,True,2224.378262414001,2226.078225706277,2602.774545864745,2604.041022210825,,,,,,,,,,,,2
X-n266-k58,265,cold_chain,ortools:robust_mean_1std_scaled_or_tools,robust_mean_1std_scaled_or_tools,ortools,False,False,False,0,,0.0,,0.0,2019.85,0.995,pulp_cbc,mean_domain_loss,,total_load_exceeds_fleet_capacity,180,60,True,2224.378262414001,2226.078225706277,2602.774545864745,2604.041022210825,,,,,,,,,,,,2
X-n266-k58,265,atm,ortools:robust_mean_2std_scaled_or_tools,robust_mean_2std_scaled_or_tools,ortools,False,False,False,0,,4.992842435836792,,4.992842435836792,2019.85,0.995,pulp_cbc,mean_domain_loss,,ortools_no_solution,180,60,True,2224.378262414001,2226.078225706277,2602.774545864745,2604.041022210825,,,,,,,,,,,,2
X-n266-k58,265,grocery,ortools:robust_mean_2std_scaled_or_tools,robust_mean_2std_scaled_or_tools,ortools,False,False,False,0,,4.992842435836792,,4.992842435836792,2019.85,0.995,pulp_cbc,mean_domain_loss,,ortools_no_solution,180,60,True,2224.378262414001,2226.078225706277,2602.774545864745,2604.041022210825,,,,,,,,,,,,2
X-n266-k58,265,cargo,ortools:robust_mean_2std_scaled_or_tools,robust_mean_2std_scaled_or_tools,ortools,False,False,False,0,,4.992842435836792,,4.992842435836792,2019.85,0.995,pulp_cbc,mean_domain_loss,,ortools_no_solution,180,60,True,2224.378262414001,2226.078225706277,2602.774545864745,2604.041022210825,,,,,,,,,,,,2
X-n266-k58,265,cold_chain,ortools:robust_mean_2std_scaled_or_tools,robust_mean_2std_scaled_or_tools,ortools,False,False,False,0,,4.992842435836792,,4.992842435836792,2019.85,0.995,pulp_cbc,mean_domain_loss,,ortools_no_solution,180,60,True,2224.378262414001,2226.078225706277,2602.774545864745,2604.041022210825,,,,,,,,,,,,2
X-n266-k58,265,atm,ortools:nominal_seed101_or_tools,nominal_seed101_or_tools,ortools,False,False,False,0,,5.001909255981445,,5.001909255981445,2015.0,0.9926108374384236,pulp_cbc,mean_domain_loss,,ortools_no_solution,180,60,True,2224.378262414001,2226.078225706277,2602.774545864745,2604.041022210825,,,,,,,,,,,,2
X-n266-k58,265,grocery,ortools:nominal_seed101_or_tools,nominal_seed101_or_tools,ortools,False,False,False,0,,5.001909255981445,,5.001909255981445,2015.0,0.9926108374384236,pulp_cbc,mean_domain_loss,,ortools_no_solution,180,60,True,2224.378262414001,2226.078225706277,2602.774545864745,2604.041022210825,,,,,,,,,,,,2
X-n266-k58,265,cargo,ortools:nominal_seed101_or_tools,nominal_seed101_or_tools,ortools,False,False,False,0,,5.001909255981445,,5.001909255981445,2015.0,0.9926108374384236,pulp_cbc,mean_domain_loss,,ortools_no_solution,180,60,True,2224.378262414001,2226.078225706277,2602.774545864745,2604.041022210825,,,,,,,,,,,,2
X-n266-k58,265,cold_chain,ortools:nominal_seed101_or_tools,nominal_seed101_or_tools,ortools,False,False,False,0,,5.001909255981445,,5.001909255981445,2015.0,0.9926108374384236,pulp_cbc,mean_domain_loss,,ortools_no_solution,180,60,True,2224.378262414001,2226.078225706277,2602.774545864745,2604.041022210825,,,,,,,,,,,,2
X-n266-k58,265,atm,ortools:nominal_seed103_or_tools,nominal_seed103_or_tools,ortools,False,False,False,0,,5.003597021102905,,5.003597021102905,2015.0,0.9926108374384236,pulp_cbc,mean_domain_loss,,ortools_no_solution,180,60,True,2224.378262414001,2226.078225706277,2602.774545864745,2604.041022210825,,,,,,,,,,,,2
X-n266-k58,265,grocery,ortools:nominal_seed103_or_tools,nominal_seed103_or_tools,ortools,False,False,False,0,,5.003597021102905,,5.003597021102905,2015.0,0.9926108374384236,pulp_cbc,mean_domain_loss,,ortools_no_solution,180,60,True,2224.378262414001,2226.078225706277,2602.774545864745,2604.041022210825,,,,,,,,,,,,2
X-n266-k58,265,cargo,ortools:nominal_seed103_or_tools,nominal_seed103_or_tools,ortools,False,False,False,0,,5.003597021102905,,5.003597021102905,2015.0,0.9926108374384236,pulp_cbc,mean_domain_loss,,ortools_no_solution,180,60,True,2224.378262414001,2226.078225706277,2602.774545864745,2604.041022210825,,,,,,,,,,,,2
X-n266-k58,265,cold_chain,ortools:nominal_seed103_or_tools,nominal_seed103_or_tools,ortools,False,False,False,0,,5.003597021102905,,5.003597021102905,2015.0,0.9926108374384236,pulp_cbc,mean_domain_loss,,ortools_no_solution,180,60,True,2224.378262414001,2226.078225706277,2602.774545864745,2604.041022210825,,,,,,,,,,,,2
X-n266-k58,265,atm,ortools:proxy_mean_scaled_seed109_or_tools,proxy_mean_scaled_seed109_or_tools,ortools,False,False,False,0,,5.004221677780151,,5.004221677780151,2019.85,0.995,pulp_cbc,mean_domain_loss,,ortools_no_solution,180,60,True,2224.378262414001,2226.078225706277,2602.774545864745,2604.041022210825,,,,,,,,,,,,2
X-n266-k58,265,grocery,ortools:proxy_mean_scaled_seed109_or_tools,proxy_mean_scaled_seed109_or_tools,ortools,False,False,False,0,,5.004221677780151,,5.004221677780151,2019.85,0.995,pulp_cbc,mean_domain_loss,,ortools_no_solution,180,60,True,2224.378262414001,2226.078225706277,2602.774545864745,2604.041022210825,,,,,,,,,,,,2
X-n266-k58,265,cargo,ortools:proxy_mean_scaled_seed109_or_tools,proxy_mean_scaled_seed109_or_tools,ortools,False,False,False,0,,5.004221677780151,,5.004221677780151,2019.85,0.995,pulp_cbc,mean_domain_loss,,ortools_no_solution,180,60,True,2224.378262414001,2226.078225706277,2602.774545864745,2604.041022210825,,,,,,,,,,,,2
X-n266-k58,265,cold_chain,ortools:proxy_mean_scaled_seed109_or_tools,proxy_mean_scaled_seed109_or_tools,ortools,False,False,False,0,,5.004221677780151,,5.004221677780151,2019.85,0.995,pulp_cbc,mean_domain_loss,,ortools_no_solution,180,60,True,2224.378262414001,2226.078225706277,2602.774545864745,2604.041022210825,,,,,,,,,,,,2
X-n266-k58,265,atm,ortools:quantile_p75_scaled_seed107_or_tools,quantile_p75_scaled_seed107_or_tools,ortools,False,False,False,0,,0.0,,0.0,2019.85,0.995,pulp_cbc,mean_domain_loss,,total_load_exceeds_fleet_capacity,180,60,True,2224.378262414001,2226.078225706277,2602.774545864745,2604.041022210825,,,,,,,,,,,,2
X-n266-k58,265,grocery,ortools:quantile_p75_scaled_seed107_or_tools,quantile_p75_scaled_seed107_or_tools,ortools,False,False,False,0,,0.0,,0.0,2019.85,0.995,pulp_cbc,mean_domain_loss,,total_load_exceeds_fleet_capacity,180,60,True,2224.378262414001,2226.078225706277,2602.774545864745,2604.041022210825,,,,,,,,,,,,2
X-n266-k58,265,cargo,ortools:quantile_p75_scaled_seed107_or_tools,quantile_p75_scaled_seed107_or_tools,ortools,False,False,False,0,,0.0,,0.0,2019.85,0.995,pulp_cbc,mean_domain_loss,,total_load_exceeds_fleet_capacity,180,60,True,2224.378262414001,2226.078225706277,2602.774545864745,2604.041022210825,,,,,,,,,,,,2
X-n266-k58,265,cold_chain,ortools:quantile_p75_scaled_seed107_or_tools,quantile_p75_scaled_seed107_or_tools,ortools,False,False,False,0,,0.0,,0.0,2019.85,0.995,pulp_cbc,mean_domain_loss,,total_load_exceeds_fleet_capacity,180,60,True,2224.378262414001,2226.078225706277,2602.774545864745,2604.041022210825,,,,,,,,,,,,2
X-n266-k58,265,atm,ortools:robust_mean_1std_scaled_seed113_or_tools,robust_mean_1std_scaled_seed113_or_tools,ortools,False,False,False,0,,0.0,,0.0,2019.85,0.995,pulp_cbc,mean_domain_loss,,total_load_exceeds_fleet_capacity,180,60,True,2224.378262414001,2226.078225706277,2602.774545864745,2604.041022210825,,,,,,,,,,,,2
X-n266-k58,265,grocery,ortools:robust_mean_1std_scaled_seed113_or_tools,robust_mean_1std_scaled_seed113_or_tools,ortools,False,False,False,0,,0.0,,0.0,2019.85,0.995,pulp_cbc,mean_domain_loss,,total_load_exceeds_fleet_capacity,180,60,True,2224.378262414001,2226.078225706277,2602.774545864745,2604.041022210825,,,,,,,,,,,,2
X-n266-k58,265,cargo,ortools:robust_mean_1std_scaled_seed113_or_tools,robust_mean_1std_scaled_seed113_or_tools,ortools,False,False,False,0,,0.0,,0.0,2019.85,0.995,pulp_cbc,mean_domain_loss,,total_load_exceeds_fleet_capacity,180,60,True,2224.378262414001,2226.078225706277,2602.774545864745,2604.041022210825,,,,,,,,,,,,2
X-n266-k58,265,cold_chain,ortools:robust_mean_1std_scaled_seed113_or_tools,robust_mean_1std_scaled_seed113_or_tools,ortools,False,False,False,0,,0.0,,0.0,2019.85,0.995,pulp_cbc,mean_domain_loss,,total_load_exceeds_fleet_capacity,180,60,True,2224.378262414001,2226.078225706277,2602.774545864745,2604.041022210825,,,,,,,,,,,,2
X-n153-k22,152,atm,ortools:nominal_or_tools,nominal_or_tools,ortools,False,False,False,0,,4.998455286026001,,4.998455286026001,3068.0,0.9684343434343434,pulp_cbc,mean_domain_loss,,ortools_no_solution,180,60,True,3432.728094979355,3434.658018280813,4042.2670573473,4044.685088686257,,,,,,,,,,,,3
X-n153-k22,152,grocery,ortools:nominal_or_tools,nominal_or_tools,ortools,False,False,False,0,,4.998455286026001,,4.998455286026001,3068.0,0.9684343434343434,pulp_cbc,mean_domain_loss,,ortools_no_solution,180,60,True,3432.728094979355,3434.658018280813,4042.2670573473,4044.685088686257,,,,,,,,,,,,3
X-n153-k22,152,cargo,ortools:nominal_or_tools,nominal_or_tools,ortools,False,False,False,0,,4.998455286026001,,4.998455286026001,3068.0,0.9684343434343434,pulp_cbc,mean_domain_loss,,ortools_no_solution,180,60,True,3432.728094979355,3434.658018280813,4042.2670573473,4044.685088686257,,,,,,,,,,,,3
X-n153-k22,152,cold_chain,ortools:nominal_or_tools,nominal_or_tools,ortools,False,False,False,0,,4.998455286026001,,4.998455286026001,3068.0,0.9684343434343434,pulp_cbc,mean_domain_loss,,ortools_no_solution,180,60,True,3432.728094979355,3434.658018280813,4042.2670573473,4044.685088686257,,,,,,,,,,,,3
X-n153-k22,152,atm,ortools:proxy_mean_or_tools,proxy_mean_or_tools,ortools,False,False,False,0,,0.0,,0.0,3432.728094979355,1.0835631612939882,pulp_cbc,mean_domain_loss,,total_load_exceeds_fleet_capacity,180,60,True,3432.728094979355,3434.658018280813,4042.2670573473,4044.685088686257,,,,,,,,,,,,3
X-n153-k22,152,grocery,ortools:proxy_mean_or_tools,proxy_mean_or_tools,ortools,False,False,False,0,,0.0,,0.0,3432.728094979355,1.0835631612939882,pulp_cbc,mean_domain_loss,,total_load_exceeds_fleet_capacity,180,60,True,3432.728094979355,3434.658018280813,4042.2670573473,4044.685088686257,,,,,,,,,,,,3
X-n153-k22,152,cargo,ortools:proxy_mean_or_tools,proxy_mean_or_tools,ortools,False,False,False,0,,0.0,,0.0,3432.728094979355,1.0835631612939882,pulp_cbc,mean_domain_loss,,total_load_exceeds_fleet_capacity,180,60,True,3432.728094979355,3434.658018280813,4042.2670573473,4044.685088686257,,,,,,,,,,,,3
X-n153-k22,152,cold_chain,ortools:proxy_mean_or_tools,proxy_mean_or_tools,ortools,False,False,False,0,,0.0,,0.0,3432.728094979355,1.0835631612939882,pulp_cbc,mean_domain_loss,,total_load_exceeds_fleet_capacity,180,60,True,3432.728094979355,3434.658018280813,4042.2670573473,4044.685088686257,,,,,,,,,,,,3
X-n153-k22,152,atm,ortools:quantile_p75_or_tools,quantile_p75_or_tools,ortools,False,False,False,0,,0.0,,0.0,4041.441502944223,1.2757075451212825,pulp_cbc,mean_domain_loss,,total_load_exceeds_fleet_capacity,180,60,True,3432.728094979355,3434.658018280813,4042.2670573473,4044.685088686257,,,,,,,,,,,,3
X-n153-k22,152,grocery,ortools:quantile_p75_or_tools,quantile_p75_or_tools,ortools,False,False,False,0,,0.0,,0.0,4041.441502944223,1.2757075451212825,pulp_cbc,mean_domain_loss,,total_load_exceeds_fleet_capacity,180,60,True,3432.728094979355,3434.658018280813,4042.2670573473,4044.685088686257,,,,,,,,,,,,3
X-n153-k22,152,cargo,ortools:quantile_p75_or_tools,quantile_p75_or_tools,ortools,False,False,False,0,,0.0,,0.0,4041.441502944223,1.2757075451212825,pulp_cbc,mean_domain_loss,,total_load_exceeds_fleet_capacity,180,60,True,3432.728094979355,3434.658018280813,4042.2670573473,4044.685088686257,,,,,,,,,,,,3
X-n153-k22,152,cold_chain,ortools:quantile_p75_or_tools,quantile_p75_or_tools,ortools,False,False,False,0,,0.0,,0.0,4041.441502944223,1.2757075451212825,pulp_cbc,mean_domain_loss,,total_load_exceeds_fleet_capacity,180,60,True,3432.728094979355,3434.658018280813,4042.2670573473,4044.685088686257,,,,,,,,,,,,3
X-n153-k22,152,atm,ortools:quantile_p90_or_tools,quantile_p90_or_tools,ortools,False,False,False,0,,0.0,,0.0,4943.014014882998,1.560294827930239,pulp_cbc,mean_domain_loss,,single_node_exceeds_capacity,180,60,True,3432.728094979355,3434.658018280813,4042.2670573473,4044.685088686257,,,,,,,,,,,,3
X-n153-k22,152,grocery,ortools:quantile_p90_or_tools,quantile_p90_or_tools,ortools,False,False,False,0,,0.0,,0.0,4943.014014882998,1.560294827930239,pulp_cbc,mean_domain_loss,,single_node_exceeds_capacity,180,60,True,3432.728094979355,3434.658018280813,4042.2670573473,4044.685088686257,,,,,,,,,,,,3
X-n153-k22,152,cargo,ortools:quantile_p90_or_tools,quantile_p90_or_tools,ortools,False,False,False,0,,0.0,,0.0,4943.014014882998,1.560294827930239,pulp_cbc,mean_domain_loss,,single_node_exceeds_capacity,180,60,True,3432.728094979355,3434.658018280813,4042.2670573473,4044.685088686257,,,,,,,,,,,,3
X-n153-k22,152,cold_chain,ortools:quantile_p90_or_tools,quantile_p90_or_tools,ortools,False,False,False,0,,0.0,,0.0,4943.014014882998,1.560294827930239,pulp_cbc,mean_domain_loss,,single_node_exceeds_capacity,180,60,True,3432.728094979355,3434.658018280813,4042.2670573473,4044.685088686257,,,,,,,,,,,,3
X-n153-k22,152,atm,ortools:robust_mean_1std_or_tools,robust_mean_1std_or_tools,ortools,False,False,False,0,,0.0,,0.0,4583.650918944637,1.4468595072426254,pulp_cbc,mean_domain_loss,,single_node_exceeds_capacity,180,60,True,3432.728094979355,3434.658018280813,4042.2670573473,4044.685088686257,,,,,,,,,,,,3
X-n153-k22,152,grocery,ortools:robust_mean_1std_or_tools,robust_mean_1std_or_tools,ortools,False,False,False,0,,0.0,,0.0,4583.650918944637,1.4468595072426254,pulp_cbc,mean_domain_loss,,single_node_exceeds_capacity,180,60,True,3432.728094979355,3434.658018280813,4042.2670573473,4044.685088686257,,,,,,,,,,,,3
X-n153-k22,152,cargo,ortools:robust_mean_1std_or_tools,robust_mean_1std_or_tools,ortools,False,False,False,0,,0.0,,0.0,4583.650918944637,1.4468595072426254,pulp_cbc,mean_domain_loss,,single_node_exceeds_capacity,180,60,True,3432.728094979355,3434.658018280813,4042.2670573473,4044.685088686257,,,,,,,,,,,,3
X-n153-k22,152,cold_chain,ortools:robust_mean_1std_or_tools,robust_mean_1std_or_tools,ortools,False,False,False,0,,0.0,,0.0,4583.650918944637,1.4468595072426254,pulp_cbc,mean_domain_loss,,single_node_exceeds_capacity,180,60,True,3432.728094979355,3434.658018280813,4042.2670573473,4044.685088686257,,,,,,,,,,,,3
X-n153-k22,152,atm,ortools:robust_mean_2std_or_tools,robust_mean_2std_or_tools,ortools,False,False,False,0,,0.0,,0.0,5734.573742909919,1.8101558531912625,pulp_cbc,mean_domain_loss,,single_node_exceeds_capacity,180,60,True,3432.728094979355,3434.658018280813,4042.2670573473,4044.685088686257,,,,,,,,,,,,3
X-n153-k22,152,grocery,ortools:robust_mean_2std_or_tools,robust_mean_2std_or_tools,ortools,False,False,False,0,,0.0,,0.0,5734.573742909919,1.8101558531912625,pulp_cbc,mean_domain_loss,,single_node_exceeds_capacity,180,60,True,3432.728094979355,3434.658018280813,4042.2670573473,4044.685088686257,,,,,,,,,,,,3
X-n153-k22,152,cargo,ortools:robust_mean_2std_or_tools,robust_mean_2std_or_tools,ortools,False,False,False,0,,0.0,,0.0,5734.573742909919,1.8101558531912625,pulp_cbc,mean_domain_loss,,single_node_exceeds_capacity,180,60,True,3432.728094979355,3434.658018280813,4042.2670573473,4044.685088686257,,,,,,,,,,,,3
X-n153-k22,152,cold_chain,ortools:robust_mean_2std_or_tools,robust_mean_2std_or_tools,ortools,False,False,False,0,,0.0,,0.0,5734.573742909919,1.8101558531912625,pulp_cbc,mean_domain_loss,,single_node_exceeds_capacity,180,60,True,3432.728094979355,3434.658018280813,4042.2670573473,4044.685088686257,,,,,,,,,,,,3
X-n153-k22,152,atm,ortools:proxy_mean_scaled_or_tools,proxy_mean_scaled_or_tools,ortools,False,False,False,0,,4.997665643692017,,4.997665643692017,3152.1600000000003,0.995,pulp_cbc,mean_domain_loss,,ortools_no_solution,180,60,True,3432.728094979355,3434.658018280813,4042.2670573473,4044.685088686257,,,,,,,,,,,,3
X-n153-k22,152,grocery,ortools:proxy_mean_scaled_or_tools,proxy_mean_scaled_or_tools,ortools,False,False,False,0,,4.997665643692017,,4.997665643692017,3152.1600000000003,0.995,pulp_cbc,mean_domain_loss,,ortools_no_solution,180,60,True,3432.728094979355,3434.658018280813,4042.2670573473,4044.685088686257,,,,,,,,,,,,3
X-n153-k22,152,cargo,ortools:proxy_mean_scaled_or_tools,proxy_mean_scaled_or_tools,ortools,False,False,False,0,,4.997665643692017,,4.997665643692017,3152.1600000000003,0.995,pulp_cbc,mean_domain_loss,,ortools_no_solution,180,60,True,3432.728094979355,3434.658018280813,4042.2670573473,4044.685088686257,,,,,,,,,,,,3
X-n153-k22,152,cold_chain,ortools:proxy_mean_scaled_or_tools,proxy_mean_scaled_or_tools,ortools,False,False,False,0,,4.997665643692017,,4.997665643692017,3152.1600000000003,0.995,pulp_cbc,mean_domain_loss,,ortools_no_solution,180,60,True,3432.728094979355,3434.658018280813,4042.2670573473,4044.685088686257,,,,,,,,,,,,3
X-n153-k22,152,atm,ortools:quantile_p75_scaled_or_tools,quantile_p75_scaled_or_tools,ortools,False,False,False,0,,5.005731582641602,,5.005731582641602,3152.1600000000003,0.995,pulp_cbc,mean_domain_loss,,ortools_no_solution,180,60,True,3432.728094979355,3434.658018280813,4042.2670573473,4044.685088686257,,,,,,,,,,,,3
X-n153-k22,152,grocery,ortools:quantile_p75_scaled_or_tools,quantile_p75_scaled_or_tools,ortools,False,False,False,0,,5.005731582641602,,5.005731582641602,3152.1600000000003,0.995,pulp_cbc,mean_domain_loss,,ortools_no_solution,180,60,True,3432.728094979355,3434.658018280813,4042.2670573473,4044.685088686257,,,,,,,,,,,,3
X-n153-k22,152,cargo,ortools:quantile_p75_scaled_or_tools,quantile_p75_scaled_or_tools,ortools,False,False,False,0,,5.005731582641602,,5.005731582641602,3152.1600000000003,0.995,pulp_cbc,mean_domain_loss,,ortools_no_solution,180,60,True,3432.728094979355,3434.658018280813,4042.2670573473,4044.685088686257,,,,,,,,,,,,3
X-n153-k22,152,cold_chain,ortools:quantile_p75_scaled_or_tools,quantile_p75_scaled_or_tools,ortools,False,False,False,0,,5.005731582641602,,5.005731582641602,3152.1600000000003,0.995,pulp_cbc,mean_domain_loss,,ortools_no_solution,180,60,True,3432.728094979355,3434.658018280813,4042.2670573473,4044.685088686257,,,,,,,,,,,,3
X-n153-k22,152,atm,ortools:quantile_p90_scaled_or_tools,quantile_p90_scaled_or_tools,ortools,False,False,False,0,,5.005327939987183,,5.005327939987183,3152.16,0.995,pulp_cbc,mean_domain_loss,,ortools_no_solution,180,60,True,3432.728094979355,3434.658018280813,4042.2670573473,4044.685088686257,,,,,,,,,,,,3
X-n153-k22,152,grocery,ortools:quantile_p90_scaled_or_tools,quantile_p90_scaled_or_tools,ortools,False,False,False,0,,5.005327939987183,,5.005327939987183,3152.16,0.995,pulp_cbc,mean_domain_loss,,ortools_no_solution,180,60,True,3432.728094979355,3434.658018280813,4042.2670573473,4044.685088686257,,,,,,,,,,,,3
X-n153-k22,152,cargo,ortools:quantile_p90_scaled_or_tools,quantile_p90_scaled_or_tools,ortools,False,False,False,0,,5.005327939987183,,5.005327939987183,3152.16,0.995,pulp_cbc,mean_domain_loss,,ortools_no_solution,180,60,True,3432.728094979355,3434.658018280813,4042.2670573473,4044.685088686257,,,,,,,,,,,,3
X-n153-k22,152,cold_chain,ortools:quantile_p90_scaled_or_tools,quantile_p90_scaled_or_tools,ortools,False,False,False,0,,5.005327939987183,,5.005327939987183,3152.16,0.995,pulp_cbc,mean_domain_loss,,ortools_no_solution,180,60,True,3432.728094979355,3434.658018280813,4042.2670573473,4044.685088686257,,,,,,,,,,,,3
X-n153-k22,152,atm,ortools:robust_mean_1std_scaled_or_tools,robust_mean_1std_scaled_or_tools,ortools,False,False,False,0,,5.0055012702941895,,5.0055012702941895,3152.1599999999994,0.9949999999999998,pulp_cbc,mean_domain_loss,,ortools_no_solution,180,60,True,3432.728094979355,3434.658018280813,4042.2670573473,4044.685088686257,,,,,,,,,,,,3
X-n153-k22,152,grocery,ortools:robust_mean_1std_scaled_or_tools,robust_mean_1std_scaled_or_tools,ortools,False,False,False,0,,5.0055012702941895,,5.0055012702941895,3152.1599999999994,0.9949999999999998,pulp_cbc,mean_domain_loss,,ortools_no_solution,180,60,True,3432.728094979355,3434.658018280813,4042.2670573473,4044.685088686257,,,,,,,,,,,,3
X-n153-k22,152,cargo,ortools:robust_mean_1std_scaled_or_tools,robust_mean_1std_scaled_or_tools,ortools,False,False,False,0,,5.0055012702941895,,5.0055012702941895,3152.1599999999994,0.9949999999999998,pulp_cbc,mean_domain_loss,,ortools_no_solution,180,60,True,3432.728094979355,3434.658018280813,4042.2670573473,4044.685088686257,,,,,,,,,,,,3
X-n153-k22,152,cold_chain,ortools:robust_mean_1std_scaled_or_tools,robust_mean_1std_scaled_or_tools,ortools,False,False,False,0,,5.0055012702941895,,5.0055012702941895,3152.1599999999994,0.9949999999999998,pulp_cbc,mean_domain_loss,,ortools_no_solution,180,60,True,3432.728094979355,3434.658018280813,4042.2670573473,4044.685088686257,,,,,,,,,,,,3
X-n153-k22,152,atm,ortools:robust_mean_2std_scaled_or_tools,robust_mean_2std_scaled_or_tools,ortools,False,False,False,0,,5.005258083343506,,5.005258083343506,3152.16,0.995,pulp_cbc,mean_domain_loss,,ortools_no_solution,180,60,True,3432.728094979355,3434.658018280813,4042.2670573473,4044.685088686257,,,,,,,,,,,,3
X-n153-k22,152,grocery,ortools:robust_mean_2std_scaled_or_tools,robust_mean_2std_scaled_or_tools,ortools,False,False,False,0,,5.005258083343506,,5.005258083343506,3152.16,0.995,pulp_cbc,mean_domain_loss,,ortools_no_solution,180,60,True,3432.728094979355,3434.658018280813,4042.2670573473,4044.685088686257,,,,,,,,,,,,3
X-n153-k22,152,cargo,ortools:robust_mean_2std_scaled_or_tools,robust_mean_2std_scaled_or_tools,ortools,False,False,False,0,,5.005258083343506,,5.005258083343506,3152.16,0.995,pulp_cbc,mean_domain_loss,,ortools_no_solution,180,60,True,3432.728094979355,3434.658018280813,4042.2670573473,4044.685088686257,,,,,,,,,,,,3
X-n153-k22,152,cold_chain,ortools:robust_mean_2std_scaled_or_tools,robust_mean_2std_scaled_or_tools,ortools,False,False,False,0,,5.005258083343506,,5.005258083343506,3152.16,0.995,pulp_cbc,mean_domain_loss,,ortools_no_solution,180,60,True,3432.728094979355,3434.658018280813,4042.2670573473,4044.685088686257,,,,,,,,,,,,3
X-n153-k22,152,atm,ortools:nominal_seed101_or_tools,nominal_seed101_or_tools,ortools,False,False,False,0,,4.998453855514526,,4.998453855514526,3068.0,0.9684343434343434,pulp_cbc,mean_domain_loss,,ortools_no_solution,180,60,True,3432.728094979355,3434.658018280813,4042.2670573473,4044.685088686257,,,,,,,,,,,,3
X-n153-k22,152,grocery,ortools:nominal_seed101_or_tools,nominal_seed101_or_tools,ortools,False,False,False,0,,4.998453855514526,,4.998453855514526,3068.0,0.9684343434343434,pulp_cbc,mean_domain_loss,,ortools_no_solution,180,60,True,3432.728094979355,3434.658018280813,4042.2670573473,4044.685088686257,,,,,,,,,,,,3
X-n153-k22,152,cargo,ortools:nominal_seed101_or_tools,nominal_seed101_or_tools,ortools,False,False,False,0,,4.998453855514526,,4.998453855514526,3068.0,0.9684343434343434,pulp_cbc,mean_domain_loss,,ortools_no_solution,180,60,True,3432.728094979355,3434.658018280813,4042.2670573473,4044.685088686257,,,,,,,,,,,,3
X-n153-k22,152,cold_chain,ortools:nominal_seed101_or_tools,nominal_seed101_or_tools,ortools,False,False,False,0,,4.998453855514526,,4.998453855514526,3068.0,0.9684343434343434,pulp_cbc,mean_domain_loss,,ortools_no_solution,180,60,True,3432.728094979355,3434.658018280813,4042.2670573473,4044.685088686257,,,,,,,,,,,,3
X-n153-k22,152,atm,ortools:nominal_seed103_or_tools,nominal_seed103_or_tools,ortools,False,False,False,0,,4.999442100524902,,4.999442100524902,3068.0,0.9684343434343434,pulp_cbc,mean_domain_loss,,ortools_no_solution,180,60,True,3432.728094979355,3434.658018280813,4042.2670573473,4044.685088686257,,,,,,,,,,,,3
X-n153-k22,152,grocery,ortools:nominal_seed103_or_tools,nominal_seed103_or_tools,ortools,False,False,False,0,,4.999442100524902,,4.999442100524902,3068.0,0.9684343434343434,pulp_cbc,mean_domain_loss,,ortools_no_solution,180,60,True,3432.728094979355,3434.658018280813,4042.2670573473,4044.685088686257,,,,,,,,,,,,3
X-n153-k22,152,cargo,ortools:nominal_seed103_or_tools,nominal_seed103_or_tools,ortools,False,False,False,0,,4.999442100524902,,4.999442100524902,3068.0,0.9684343434343434,pulp_cbc,mean_domain_loss,,ortools_no_solution,180,60,True,3432.728094979355,3434.658018280813,4042.2670573473,4044.685088686257,,,,,,,,,,,,3
X-n153-k22,152,cold_chain,ortools:nominal_seed103_or_tools,nominal_seed103_or_tools,ortools,False,False,False,0,,4.999442100524902,,4.999442100524902,3068.0,0.9684343434343434,pulp_cbc,mean_domain_loss,,ortools_no_solution,180,60,True,3432.728094979355,3434.658018280813,4042.2670573473,4044.685088686257,,,,,,,,,,,,3
X-n153-k22,152,atm,ortools:proxy_mean_scaled_seed109_or_tools,proxy_mean_scaled_seed109_or_tools,ortools,False,False,False,0,,5.005349397659302,,5.005349397659302,3152.1600000000003,0.995,pulp_cbc,mean_domain_loss,,ortools_no_solution,180,60,True,3432.728094979355,3434.658018280813,4042.2670573473,4044.685088686257,,,,,,,,,,,,3
X-n153-k22,152,grocery,ortools:proxy_mean_scaled_seed109_or_tools,proxy_mean_scaled_seed109_or_tools,ortools,False,False,False,0,,5.005349397659302,,5.005349397659302,3152.1600000000003,0.995,pulp_cbc,mean_domain_loss,,ortools_no_solution,180,60,True,3432.728094979355,3434.658018280813,4042.2670573473,4044.685088686257,,,,,,,,,,,,3
X-n153-k22,152,cargo,ortools:proxy_mean_scaled_seed109_or_tools,proxy_mean_scaled_seed109_or_tools,ortools,False,False,False,0,,5.005349397659302,,5.005349397659302,3152.1600000000003,0.995,pulp_cbc,mean_domain_loss,,ortools_no_solution,180,60,True,3432.728094979355,3434.658018280813,4042.2670573473,4044.685088686257,,,,,,,,,,,,3
X-n153-k22,152,cold_chain,ortools:proxy_mean_scaled_seed109_or_tools,proxy_mean_scaled_seed109_or_tools,ortools,False,False,False,0,,5.005349397659302,,5.005349397659302,3152.1600000000003,0.995,pulp_cbc,mean_domain_loss,,ortools_no_solution,180,60,True,3432.728094979355,3434.658018280813,4042.2670573473,4044.685088686257,,,,,,,,,,,,3
X-n153-k22,152,atm,ortools:quantile_p75_scaled_seed107_or_tools,quantile_p75_scaled_seed107_or_tools,ortools,False,False,False,0,,4.998797655105591,,4.998797655105591,3152.1600000000003,0.995,pulp_cbc,mean_domain_loss,,ortools_no_solution,180,60,True,3432.728094979355,3434.658018280813,4042.2670573473,4044.685088686257,,,,,,,,,,,,3
X-n153-k22,152,grocery,ortools:quantile_p75_scaled_seed107_or_tools,quantile_p75_scaled_seed107_or_tools,ortools,False,False,False,0,,4.998797655105591,,4.998797655105591,3152.1600000000003,0.995,pulp_cbc,mean_domain_loss,,ortools_no_solution,180,60,True,3432.728094979355,3434.658018280813,4042.2670573473,4044.685088686257,,,,,,,,,,,,3
X-n153-k22,152,cargo,ortools:quantile_p75_scaled_seed107_or_tools,quantile_p75_scaled_seed107_or_tools,ortools,False,False,False,0,,4.998797655105591,,4.998797655105591,3152.1600000000003,0.995,pulp_cbc,mean_domain_loss,,ortools_no_solution,180,60,True,3432.728094979355,3434.658018280813,4042.2670573473,4044.685088686257,,,,,,,,,,,,3
X-n153-k22,152,cold_chain,ortools:quantile_p75_scaled_seed107_or_tools,quantile_p75_scaled_seed107_or_tools,ortools,False,False,False,0,,4.998797655105591,,4.998797655105591,3152.1600000000003,0.995,pulp_cbc,mean_domain_loss,,ortools_no_solution,180,60,True,3432.728094979355,3434.658018280813,4042.2670573473,4044.685088686257,,,,,,,,,,,,3
X-n153-k22,152,atm,ortools:robust_mean_1std_scaled_seed113_or_tools,robust_mean_1std_scaled_seed113_or_tools,ortools,False,False,False,0,,5.001899003982544,,5.001899003982544,3152.1599999999994,0.9949999999999998,pulp_cbc,mean_domain_loss,,ortools_no_solution,180,60,True,3432.728094979355,3434.658018280813,4042.2670573473,4044.685088686257,,,,,,,,,,,,3
X-n153-k22,152,grocery,ortools:robust_mean_1std_scaled_seed113_or_tools,robust_mean_1std_scaled_seed113_or_tools,ortools,False,False,False,0,,5.001899003982544,,5.001899003982544,3152.1599999999994,0.9949999999999998,pulp_cbc,mean_domain_loss,,ortools_no_solution,180,60,True,3432.728094979355,3434.658018280813,4042.2670573473,4044.685088686257,,,,,,,,,,,,3
X-n153-k22,152,cargo,ortools:robust_mean_1std_scaled_seed113_or_tools,robust_mean_1std_scaled_seed113_or_tools,ortools,False,False,False,0,,5.001899003982544,,5.001899003982544,3152.1599999999994,0.9949999999999998,pulp_cbc,mean_domain_loss,,ortools_no_solution,180,60,True,3432.728094979355,3434.658018280813,4042.2670573473,4044.685088686257,,,,,,,,,,,,3
X-n153-k22,152,cold_chain,ortools:robust_mean_1std_scaled_seed113_or_tools,robust_mean_1std_scaled_seed113_or_tools,ortools,False,False,False,0,,5.001899003982544,,5.001899003982544,3152.1599999999994,0.9949999999999998,pulp_cbc,mean_domain_loss,,ortools_no_solution,180,60,True,3432.728094979355,3434.658018280813,4042.2670573473,4044.685088686257,,,,,,,,,,,,3
X-n195-k51,194,atm,ortools:nominal_or_tools,nominal_or_tools,ortools,False,False,False,0,,5.008038759231567,,5.008038759231567,9208.0,0.9975083956234428,pulp_cbc,mean_domain_loss,,ortools_no_solution,180,60,True,10238.860587675676,10288.356806483622,11994.112443601494,12006.505125394722,,,,,,,,,,,,3
X-n195-k51,194,grocery,ortools:nominal_or_tools,nominal_or_tools,ortools,False,False,False,0,,5.008038759231567,,5.008038759231567,9208.0,0.9975083956234428,pulp_cbc,mean_domain_loss,,ortools_no_solution,180,60,True,10238.860587675676,10288.356806483622,11994.112443601494,12006.505125394722,,,,,,,,,,,,3
X-n195-k51,194,cargo,ortools:nominal_or_tools,nominal_or_tools,ortools,False,False,False,0,,5.008038759231567,,5.008038759231567,9208.0,0.9975083956234428,pulp_cbc,mean_domain_loss,,ortools_no_solution,180,60,True,10238.860587675676,10288.356806483622,11994.112443601494,12006.505125394722,,,,,,,,,,,,3
X-n195-k51,194,cold_chain,ortools:nominal_or_tools,nominal_or_tools,ortools,False,False,False,0,,5.008038759231567,,5.008038759231567,9208.0,0.9975083956234428,pulp_cbc,mean_domain_loss,,ortools_no_solution,180,60,True,10238.860587675676,10288.356806483622,11994.112443601494,12006.505125394722,,,,,,,,,,,,3
X-n195-k51,194,atm,ortools:proxy_mean_or_tools,proxy_mean_or_tools,ortools,False,False,False,0,,0.0,,0.0,10238.860587675676,1.109182167444012,pulp_cbc,mean_domain_loss,,total_load_exceeds_fleet_capacity,180,60,True,10238.860587675676,10288.356806483622,11994.112443601494,12006.505125394722,,,,,,,,,,,,3
X-n195-k51,194,grocery,ortools:proxy_mean_or_tools,proxy_mean_or_tools,ortools,False,False,False,0,,0.0,,0.0,10238.860587675676,1.109182167444012,pulp_cbc,mean_domain_loss,,total_load_exceeds_fleet_capacity,180,60,True,10238.860587675676,10288.356806483622,11994.112443601494,12006.505125394722,,,,,,,,,,,,3
X-n195-k51,194,cargo,ortools:proxy_mean_or_tools,proxy_mean_or_tools,ortools,False,False,False,0,,0.0,,0.0,10238.860587675676,1.109182167444012,pulp_cbc,mean_domain_loss,,total_load_exceeds_fleet_capacity,180,60,True,10238.860587675676,10288.356806483622,11994.112443601494,12006.505125394722,,,,,,,,,,,,3
X-n195-k51,194,cold_chain,ortools:proxy_mean_or_tools,proxy_mean_or_tools,ortools,False,False,False,0,,0.0,,0.0,10238.860587675676,1.109182167444012,pulp_cbc,mean_domain_loss,,total_load_exceeds_fleet_capacity,180,60,True,10238.860587675676,10288.356806483622,11994.112443601494,12006.505125394722,,,,,,,,,,,,3
X-n195-k51,194,atm,ortools:quantile_p75_or_tools,quantile_p75_or_tools,ortools,False,False,False,0,,0.0,,0.0,11948.650928361429,1.2944048237852268,pulp_cbc,mean_domain_loss,,total_load_exceeds_fleet_capacity,180,60,True,10238.860587675676,10288.356806483622,11994.112443601494,12006.505125394722,,,,,,,,,,,,3
X-n195-k51,194,grocery,ortools:quantile_p75_or_tools,quantile_p75_or_tools,ortools,False,False,False,0,,0.0,,0.0,11948.650928361429,1.2944048237852268,pulp_cbc,mean_domain_loss,,total_load_exceeds_fleet_capacity,180,60,True,10238.860587675676,10288.356806483622,11994.112443601494,12006.505125394722,,,,,,,,,,,,3
X-n195-k51,194,cargo,ortools:quantile_p75_or_tools,quantile_p75_or_tools,ortools,False,False,False,0,,0.0,,0.0,11948.650928361429,1.2944048237852268,pulp_cbc,mean_domain_loss,,total_load_exceeds_fleet_capacity,180,60,True,10238.860587675676,10288.356806483622,11994.112443601494,12006.505125394722,,,,,,,,,,,,3
X-n195-k51,194,cold_chain,ortools:quantile_p75_or_tools,quantile_p75_or_tools,ortools,False,False,False,0,,0.0,,0.0,11948.650928361429,1.2944048237852268,pulp_cbc,mean_domain_loss,,total_load_exceeds_fleet_capacity,180,60,True,10238.860587675676,10288.356806483622,11994.112443601494,12006.505125394722,,,,,,,,,,,,3
X-n195-k51,194,atm,ortools:quantile_p90_or_tools,quantile_p90_or_tools,ortools,False,False,False,0,,0.0,,0.0,14431.559498694682,1.563379861195394,pulp_cbc,mean_domain_loss,,total_load_exceeds_fleet_capacity,180,60,True,10238.860587675676,10288.356806483622,11994.112443601494,12006.505125394722,,,,,,,,,,,,3
X-n195-k51,194,grocery,ortools:quantile_p90_or_tools,quantile_p90_or_tools,ortools,False,False,False,0,,0.0,,0.0,14431.559498694682,1.563379861195394,pulp_cbc,mean_domain_loss,,total_load_exceeds_fleet_capacity,180,60,True,10238.860587675676,10288.356806483622,11994.112443601494,12006.505125394722,,,,,,,,,,,,3
X-n195-k51,194,cargo,ortools:quantile_p90_or_tools,quantile_p90_or_tools,ortools,False,False,False,0,,0.0,,0.0,14431.559498694682,1.563379861195394,pulp_cbc,mean_domain_loss,,total_load_exceeds_fleet_capacity,180,60,True,10238.860587675676,10288.356806483622,11994.112443601494,12006.505125394722,,,,,,,,,,,,3
X-n195-k51,194,cold_chain,ortools:quantile_p90_or_tools,quantile_p90_or_tools,ortools,False,False,False,0,,0.0,,0.0,14431.559498694682,1.563379861195394,pulp_cbc,mean_domain_loss,,total_load_exceeds_fleet_capacity,180,60,True,10238.860587675676,10288.356806483622,11994.112443601494,12006.505125394722,,,,,,,,,,,,3
X-n195-k51,194,atm,ortools:robust_mean_1std_or_tools,robust_mean_1std_or_tools,ortools,False,False,False,0,,0.0,,0.0,13480.544555588076,1.460355817959926,pulp_cbc,mean_domain_loss,,total_load_exceeds_fleet_capacity,180,60,True,10238.860587675676,10288.356806483622,11994.112443601494,12006.505125394722,,,,,,,,,,,,3
X-n195-k51,194,grocery,ortools:robust_mean_1std_or_tools,robust_mean_1std_or_tools,ortools,False,False,False,0,,0.0,,0.0,13480.544555588076,1.460355817959926,pulp_cbc,mean_domain_loss,,total_load_exceeds_fleet_capacity,180,60,True,10238.860587675676,10288.356806483622,11994.112443601494,12006.505125394722,,,,,,,,,,,,3
X-n195-k51,194,cargo,ortools:robust_mean_1std_or_tools,robust_mean_1std_or_tools,ortools,False,False,False,0,,0.0,,0.0,13480.544555588076,1.460355817959926,pulp_cbc,mean_domain_loss,,total_load_exceeds_fleet_capacity,180,60,True,10238.860587675676,10288.356806483622,11994.112443601494,12006.505125394722,,,,,,,,,,,,3
X-n195-k51,194,cold_chain,ortools:robust_mean_1std_or_tools,robust_mean_1std_or_tools,ortools,False,False,False,0,,0.0,,0.0,13480.544555588076,1.460355817959926,pulp_cbc,mean_domain_loss,,total_load_exceeds_fleet_capacity,180,60,True,10238.860587675676,10288.356806483622,11994.112443601494,12006.505125394722,,,,,,,,,,,,3
X-n195-k51,194,atm,ortools:robust_mean_2std_or_tools,robust_mean_2std_or_tools,ortools,False,False,False,0,,0.0,,0.0,16722.228523500475,1.81152946847584,pulp_cbc,mean_domain_loss,,single_node_exceeds_capacity,180,60,True,10238.860587675676,10288.356806483622,11994.112443601494,12006.505125394722,,,,,,,,,,,,3
X-n195-k51,194,grocery,ortools:robust_mean_2std_or_tools,robust_mean_2std_or_tools,ortools,False,False,False,0,,0.0,,0.0,16722.228523500475,1.81152946847584,pulp_cbc,mean_domain_loss,,single_node_exceeds_capacity,180,60,True,10238.860587675676,10288.356806483622,11994.112443601494,12006.505125394722,,,,,,,,,,,,3
X-n195-k51,194,cargo,ortools:robust_mean_2std_or_tools,robust_mean_2std_or_tools,ortools,False,False,False,0,,0.0,,0.0,16722.228523500475,1.81152946847584,pulp_cbc,mean_domain_loss,,single_node_exceeds_capacity,180,60,True,10238.860587675676,10288.356806483622,11994.112443601494,12006.505125394722,,,,,,,,,,,,3
X-n195-k51,194,cold_chain,ortools:robust_mean_2std_or_tools,robust_mean_2std_or_tools,ortools,False,False,False,0,,0.0,,0.0,16722.228523500475,1.81152946847584,pulp_cbc,mean_domain_loss,,single_node_exceeds_capacity,180,60,True,10238.860587675676,10288.356806483622,11994.112443601494,12006.505125394722,,,,,,,,,,,,3
X-n195-k51,194,atm,ortools:proxy_mean_scaled_or_tools,proxy_mean_scaled_or_tools,ortools,False,False,False,0,,5.002254009246826,,5.002254009246826,9184.845,0.995,pulp_cbc,mean_domain_loss,,ortools_no_solution,180,60,True,10238.860587675676,10288.356806483622,11994.112443601494,12006.505125394722,,,,,,,,,,,,3
X-n195-k51,194,grocery,ortools:proxy_mean_scaled_or_tools,proxy_mean_scaled_or_tools,ortools,False,False,False,0,,5.002254009246826,,5.002254009246826,9184.845,0.995,pulp_cbc,mean_domain_loss,,ortools_no_solution,180,60,True,10238.860587675676,10288.356806483622,11994.112443601494,12006.505125394722,,,,,,,,,,,,3
X-n195-k51,194,cargo,ortools:proxy_mean_scaled_or_tools,proxy_mean_scaled_or_tools,ortools,False,False,False,0,,5.002254009246826,,5.002254009246826,9184.845,0.995,pulp_cbc,mean_domain_loss,,ortools_no_solution,180,60,True,10238.860587675676,10288.356806483622,11994.112443601494,12006.505125394722,,,,,,,,,,,,3
X-n195-k51,194,cold_chain,ortools:proxy_mean_scaled_or_tools,proxy_mean_scaled_or_tools,ortools,False,False,False,0,,5.002254009246826,,5.002254009246826,9184.845,0.995,pulp_cbc,mean_domain_loss,,ortools_no_solution,180,60,True,10238.860587675676,10288.356806483622,11994.112443601494,12006.505125394722,,,,,,,,,,,,3
X-n195-k51,194,atm,ortools:quantile_p75_scaled_or_tools,quantile_p75_scaled_or_tools,ortools,False,False,False,0,,4.997903823852539,,4.997903823852539,9184.844999999998,0.9949999999999998,pulp_cbc,mean_domain_loss,,ortools_no_solution,180,60,True,10238.860587675676,10288.356806483622,11994.112443601494,12006.505125394722,,,,,,,,,,,,3
X-n195-k51,194,grocery,ortools:quantile_p75_scaled_or_tools,quantile_p75_scaled_or_tools,ortools,False,False,False,0,,4.997903823852539,,4.997903823852539,9184.844999999998,0.9949999999999998,pulp_cbc,mean_domain_loss,,ortools_no_solution,180,60,True,10238.860587675676,10288.356806483622,11994.112443601494,12006.505125394722,,,,,,,,,,,,3
X-n195-k51,194,cargo,ortools:quantile_p75_scaled_or_tools,quantile_p75_scaled_or_tools,ortools,False,False,False,0,,4.997903823852539,,4.997903823852539,9184.844999999998,0.9949999999999998,pulp_cbc,mean_domain_loss,,ortools_no_solution,180,60,True,10238.860587675676,10288.356806483622,11994.112443601494,12006.505125394722,,,,,,,,,,,,3
X-n195-k51,194,cold_chain,ortools:quantile_p75_scaled_or_tools,quantile_p75_scaled_or_tools,ortools,False,False,False,0,,4.997903823852539,,4.997903823852539,9184.844999999998,0.9949999999999998,pulp_cbc,mean_domain_loss,,ortools_no_solution,180,60,True,10238.860587675676,10288.356806483622,11994.112443601494,12006.505125394722,,,,,,,,,,,,3
X-n195-k51,194,atm,ortools:quantile_p90_scaled_or_tools,quantile_p90_scaled_or_tools,ortools,False,False,False,0,,5.001020669937134,,5.001020669937134,9184.845,0.995,pulp_cbc,mean_domain_loss,,ortools_no_solution,180,60,True,10238.860587675676,10288.356806483622,11994.112443601494,12006.505125394722,,,,,,,,,,,,3
X-n195-k51,194,grocery,ortools:quantile_p90_scaled_or_tools,quantile_p90_scaled_or_tools,ortools,False,False,False,0,,5.001020669937134,,5.001020669937134,9184.845,0.995,pulp_cbc,mean_domain_loss,,ortools_no_solution,180,60,True,10238.860587675676,10288.356806483622,11994.112443601494,12006.505125394722,,,,,,,,,,,,3
X-n195-k51,194,cargo,ortools:quantile_p90_scaled_or_tools,quantile_p90_scaled_or_tools,ortools,False,False,False,0,,5.001020669937134,,5.001020669937134,9184.845,0.995,pulp_cbc,mean_domain_loss,,ortools_no_solution,180,60,True,10238.860587675676,10288.356806483622,11994.112443601494,12006.505125394722,,,,,,,,,,,,3
X-n195-k51,194,cold_chain,ortools:quantile_p90_scaled_or_tools,quantile_p90_scaled_or_tools,ortools,False,False,False,0,,5.001020669937134,,5.001020669937134,9184.845,0.995,pulp_cbc,mean_domain_loss,,ortools_no_solution,180,60,True,10238.860587675676,10288.356806483622,11994.112443601494,12006.505125394722,,,,,,,,,,,,3
X-n195-k51,194,atm,ortools:robust_mean_1std_scaled_or_tools,robust_mean_1std_scaled_or_tools,ortools,False,False,False,0,,4.998400926589966,,4.998400926589966,9184.844999999998,0.9949999999999998,pulp_cbc,mean_domain_loss,,ortools_no_solution,180,60,True,10238.860587675676,10288.356806483622,11994.112443601494,12006.505125394722,,,,,,,,,,,,3
X-n195-k51,194,grocery,ortools:robust_mean_1std_scaled_or_tools,robust_mean_1std_scaled_or_tools,ortools,False,False,False,0,,4.998400926589966,,4.998400926589966,9184.844999999998,0.9949999999999998,pulp_cbc,mean_domain_loss,,ortools_no_solution,180,60,True,10238.860587675676,10288.356806483622,11994.112443601494,12006.505125394722,,,,,,,,,,,,3
X-n195-k51,194,cargo,ortools:robust_mean_1std_scaled_or_tools,robust_mean_1std_scaled_or_tools,ortools,False,False,False,0,,4.998400926589966,,4.998400926589966,9184.844999999998,0.9949999999999998,pulp_cbc,mean_domain_loss,,ortools_no_solution,180,60,True,10238.860587675676,10288.356806483622,11994.112443601494,12006.505125394722,,,,,,,,,,,,3
X-n195-k51,194,cold_chain,ortools:robust_mean_1std_scaled_or_tools,robust_mean_1std_scaled_or_tools,ortools,False,False,False,0,,4.998400926589966,,4.998400926589966,9184.844999999998,0.9949999999999998,pulp_cbc,mean_domain_loss,,ortools_no_solution,180,60,True,10238.860587675676,10288.356806483622,11994.112443601494,12006.505125394722,,,,,,,,,,,,3
X-n195-k51,194,atm,ortools:robust_mean_2std_scaled_or_tools,robust_mean_2std_scaled_or_tools,ortools,False,False,False,0,,5.010386943817139,,5.010386943817139,9184.844999999998,0.9949999999999998,pulp_cbc,mean_domain_loss,,ortools_no_solution,180,60,True,10238.860587675676,10288.356806483622,11994.112443601494,12006.505125394722,,,,,,,,,,,,3
X-n195-k51,194,grocery,ortools:robust_mean_2std_scaled_or_tools,robust_mean_2std_scaled_or_tools,ortools,False,False,False,0,,5.010386943817139,,5.010386943817139,9184.844999999998,0.9949999999999998,pulp_cbc,mean_domain_loss,,ortools_no_solution,180,60,True,10238.860587675676,10288.356806483622,11994.112443601494,12006.505125394722,,,,,,,,,,,,3
X-n195-k51,194,cargo,ortools:robust_mean_2std_scaled_or_tools,robust_mean_2std_scaled_or_tools,ortools,False,False,False,0,,5.010386943817139,,5.010386943817139,9184.844999999998,0.9949999999999998,pulp_cbc,mean_domain_loss,,ortools_no_solution,180,60,True,10238.860587675676,10288.356806483622,11994.112443601494,12006.505125394722,,,,,,,,,,,,3
X-n195-k51,194,cold_chain,ortools:robust_mean_2std_scaled_or_tools,robust_mean_2std_scaled_or_tools,ortools,False,False,False,0,,5.010386943817139,,5.010386943817139,9184.844999999998,0.9949999999999998,pulp_cbc,mean_domain_loss,,ortools_no_solution,180,60,True,10238.860587675676,10288.356806483622,11994.112443601494,12006.505125394722,,,,,,,,,,,,3
X-n195-k51,194,atm,ortools:nominal_seed101_or_tools,nominal_seed101_or_tools,ortools,False,False,False,0,,5.003988027572632,,5.003988027572632,9208.0,0.9975083956234428,pulp_cbc,mean_domain_loss,,ortools_no_solution,180,60,True,10238.860587675676,10288.356806483622,11994.112443601494,12006.505125394722,,,,,,,,,,,,3
X-n195-k51,194,grocery,ortools:nominal_seed101_or_tools,nominal_seed101_or_tools,ortools,False,False,False,0,,5.003988027572632,,5.003988027572632,9208.0,0.9975083956234428,pulp_cbc,mean_domain_loss,,ortools_no_solution,180,60,True,10238.860587675676,10288.356806483622,11994.112443601494,12006.505125394722,,,,,,,,,,,,3
X-n195-k51,194,cargo,ortools:nominal_seed101_or_tools,nominal_seed101_or_tools,ortools,False,False,False,0,,5.003988027572632,,5.003988027572632,9208.0,0.9975083956234428,pulp_cbc,mean_domain_loss,,ortools_no_solution,180,60,True,10238.860587675676,10288.356806483622,11994.112443601494,12006.505125394722,,,,,,,,,,,,3
X-n195-k51,194,cold_chain,ortools:nominal_seed101_or_tools,nominal_seed101_or_tools,ortools,False,False,False,0,,5.003988027572632,,5.003988027572632,9208.0,0.9975083956234428,pulp_cbc,mean_domain_loss,,ortools_no_solution,180,60,True,10238.860587675676,10288.356806483622,11994.112443601494,12006.505125394722,,,,,,,,,,,,3
X-n195-k51,194,atm,ortools:nominal_seed103_or_tools,nominal_seed103_or_tools,ortools,False,False,False,0,,5.010005474090576,,5.010005474090576,9208.0,0.9975083956234428,pulp_cbc,mean_domain_loss,,ortools_no_solution,180,60,True,10238.860587675676,10288.356806483622,11994.112443601494,12006.505125394722,,,,,,,,,,,,3
X-n195-k51,194,grocery,ortools:nominal_seed103_or_tools,nominal_seed103_or_tools,ortools,False,False,False,0,,5.010005474090576,,5.010005474090576,9208.0,0.9975083956234428,pulp_cbc,mean_domain_loss,,ortools_no_solution,180,60,True,10238.860587675676,10288.356806483622,11994.112443601494,12006.505125394722,,,,,,,,,,,,3
X-n195-k51,194,cargo,ortools:nominal_seed103_or_tools,nominal_seed103_or_tools,ortools,False,False,False,0,,5.010005474090576,,5.010005474090576,9208.0,0.9975083956234428,pulp_cbc,mean_domain_loss,,ortools_no_solution,180,60,True,10238.860587675676,10288.356806483622,11994.112443601494,12006.505125394722,,,,,,,,,,,,3
X-n195-k51,194,cold_chain,ortools:nominal_seed103_or_tools,nominal_seed103_or_tools,ortools,False,False,False,0,,5.010005474090576,,5.010005474090576,9208.0,0.9975083956234428,pulp_cbc,mean_domain_loss,,ortools_no_solution,180,60,True,10238.860587675676,10288.356806483622,11994.112443601494,12006.505125394722,,,,,,,,,,,,3
X-n195-k51,194,atm,ortools:proxy_mean_scaled_seed109_or_tools,proxy_mean_scaled_seed109_or_tools,ortools,False,False,False,0,,5.014042854309082,,5.014042854309082,9184.845,0.995,pulp_cbc,mean_domain_loss,,ortools_no_solution,180,60,True,10238.860587675676,10288.356806483622,11994.112443601494,12006.505125394722,,,,,,,,,,,,3
X-n195-k51,194,grocery,ortools:proxy_mean_scaled_seed109_or_tools,proxy_mean_scaled_seed109_or_tools,ortools,False,False,False,0,,5.014042854309082,,5.014042854309082,9184.845,0.995,pulp_cbc,mean_domain_loss,,ortools_no_solution,180,60,True,10238.860587675676,10288.356806483622,11994.112443601494,12006.505125394722,,,,,,,,,,,,3
X-n195-k51,194,cargo,ortools:proxy_mean_scaled_seed109_or_tools,proxy_mean_scaled_seed109_or_tools,ortools,False,False,False,0,,5.014042854309082,,5.014042854309082,9184.845,0.995,pulp_cbc,mean_domain_loss,,ortools_no_solution,180,60,True,10238.860587675676,10288.356806483622,11994.112443601494,12006.505125394722,,,,,,,,,,,,3
X-n195-k51,194,cold_chain,ortools:proxy_mean_scaled_seed109_or_tools,proxy_mean_scaled_seed109_or_tools,ortools,False,False,False,0,,5.014042854309082,,5.014042854309082,9184.845,0.995,pulp_cbc,mean_domain_loss,,ortools_no_solution,180,60,True,10238.860587675676,10288.356806483622,11994.112443601494,12006.505125394722,,,,,,,,,,,,3
X-n195-k51,194,atm,ortools:quantile_p75_scaled_seed107_or_tools,quantile_p75_scaled_seed107_or_tools,ortools,False,False,False,0,,5.007828712463379,,5.007828712463379,9184.844999999998,0.9949999999999998,pulp_cbc,mean_domain_loss,,ortools_no_solution,180,60,True,10238.860587675676,10288.356806483622,11994.112443601494,12006.505125394722,,,,,,,,,,,,3
X-n195-k51,194,grocery,ortools:quantile_p75_scaled_seed107_or_tools,quantile_p75_scaled_seed107_or_tools,ortools,False,False,False,0,,5.007828712463379,,5.007828712463379,9184.844999999998,0.9949999999999998,pulp_cbc,mean_domain_loss,,ortools_no_solution,180,60,True,10238.860587675676,10288.356806483622,11994.112443601494,12006.505125394722,,,,,,,,,,,,3
X-n195-k51,194,cargo,ortools:quantile_p75_scaled_seed107_or_tools,quantile_p75_scaled_seed107_or_tools,ortools,False,False,False,0,,5.007828712463379,,5.007828712463379,9184.844999999998,0.9949999999999998,pulp_cbc,mean_domain_loss,,ortools_no_solution,180,60,True,10238.860587675676,10288.356806483622,11994.112443601494,12006.505125394722,,,,,,,,,,,,3
X-n195-k51,194,cold_chain,ortools:quantile_p75_scaled_seed107_or_tools,quantile_p75_scaled_seed107_or_tools,ortools,False,False,False,0,,5.007828712463379,,5.007828712463379,9184.844999999998,0.9949999999999998,pulp_cbc,mean_domain_loss,,ortools_no_solution,180,60,True,10238.860587675676,10288.356806483622,11994.112443601494,12006.505125394722,,,,,,,,,,,,3
X-n195-k51,194,atm,ortools:robust_mean_1std_scaled_seed113_or_tools,robust_mean_1std_scaled_seed113_or_tools,ortools,False,False,False,0,,5.002799272537232,,5.002799272537232,9184.844999999998,0.9949999999999998,pulp_cbc,mean_domain_loss,,ortools_no_solution,180,60,True,10238.860587675676,10288.356806483622,11994.112443601494,12006.505125394722,,,,,,,,,,,,3
X-n195-k51,194,grocery,ortools:robust_mean_1std_scaled_seed113_or_tools,robust_mean_1std_scaled_seed113_or_tools,ortools,False,False,False,0,,5.002799272537232,,5.002799272537232,9184.844999999998,0.9949999999999998,pulp_cbc,mean_domain_loss,,ortools_no_solution,180,60,True,10238.860587675676,10288.356806483622,11994.112443601494,12006.505125394722,,,,,,,,,,,,3
X-n195-k51,194,cargo,ortools:robust_mean_1std_scaled_seed113_or_tools,robust_mean_1std_scaled_seed113_or_tools,ortools,False,False,False,0,,5.002799272537232,,5.002799272537232,9184.844999999998,0.9949999999999998,pulp_cbc,mean_domain_loss,,ortools_no_solution,180,60,True,10238.860587675676,10288.356806483622,11994.112443601494,12006.505125394722,,,,,,,,,,,,3
X-n195-k51,194,cold_chain,ortools:robust_mean_1std_scaled_seed113_or_tools,robust_mean_1std_scaled_seed113_or_tools,ortools,False,False,False,0,,5.002799272537232,,5.002799272537232,9184.844999999998,0.9949999999999998,pulp_cbc,mean_domain_loss,,ortools_no_solution,180,60,True,10238.860587675676,10288.356806483622,11994.112443601494,12006.505125394722,,,,,,,,,,,,3
X-n233-k16,232,atm,ortools:nominal_or_tools,nominal_or_tools,ortools,False,False,False,0,,5.003284454345703,,5.003284454345703,10093.0,0.999702852614897,pulp_cbc,mean_domain_loss,,ortools_no_solution,180,60,True,11334.41800874414,11355.553726611492,13290.364120543143,13318.41245506052,,,,,,,,,,,,3
X-n233-k16,232,grocery,ortools:nominal_or_tools,nominal_or_tools,ortools,False,False,False,0,,5.003284454345703,,5.003284454345703,10093.0,0.999702852614897,pulp_cbc,mean_domain_loss,,ortools_no_solution,180,60,True,11334.41800874414,11355.553726611492,13290.364120543143,13318.41245506052,,,,,,,,,,,,3
X-n233-k16,232,cargo,ortools:nominal_or_tools,nominal_or_tools,ortools,False,False,False,0,,5.003284454345703,,5.003284454345703,10093.0,0.999702852614897,pulp_cbc,mean_domain_loss,,ortools_no_solution,180,60,True,11334.41800874414,11355.553726611492,13290.364120543143,13318.41245506052,,,,,,,,,,,,3
X-n233-k16,232,cold_chain,ortools:nominal_or_tools,nominal_or_tools,ortools,False,False,False,0,,5.003284454345703,,5.003284454345703,10093.0,0.999702852614897,pulp_cbc,mean_domain_loss,,ortools_no_solution,180,60,True,11334.41800874414,11355.553726611492,13290.364120543143,13318.41245506052,,,,,,,,,,,,3
X-n233-k16,232,atm,ortools:proxy_mean_or_tools,proxy_mean_or_tools,ortools,False,False,False,0,,0.0,,0.0,11334.41800874414,1.122664224320933,pulp_cbc,mean_domain_loss,,total_load_exceeds_fleet_capacity,180,60,True,11334.41800874414,11355.553726611492,13290.364120543143,13318.41245506052,,,,,,,,,,,,3
X-n233-k16,232,grocery,ortools:proxy_mean_or_tools,proxy_mean_or_tools,ortools,False,False,False,0,,0.0,,0.0,11334.41800874414,1.122664224320933,pulp_cbc,mean_domain_loss,,total_load_exceeds_fleet_capacity,180,60,True,11334.41800874414,11355.553726611492,13290.364120543143,13318.41245506052,,,,,,,,,,,,3
X-n233-k16,232,cargo,ortools:proxy_mean_or_tools,proxy_mean_or_tools,ortools,False,False,False,0,,0.0,,0.0,11334.41800874414,1.122664224320933,pulp_cbc,mean_domain_loss,,total_load_exceeds_fleet_capacity,180,60,True,11334.41800874414,11355.553726611492,13290.364120543143,13318.41245506052,,,,,,,,,,,,3
X-n233-k16,232,cold_chain,ortools:proxy_mean_or_tools,proxy_mean_or_tools,ortools,False,False,False,0,,0.0,,0.0,11334.41800874414,1.122664224320933,pulp_cbc,mean_domain_loss,,total_load_exceeds_fleet_capacity,180,60,True,11334.41800874414,11355.553726611492,13290.364120543143,13318.41245506052,,,,,,,,,,,,3
X-n233-k16,232,atm,ortools:quantile_p75_or_tools,quantile_p75_or_tools,ortools,False,False,False,0,,0.0,,0.0,13280.05652661881,1.315378023634985,pulp_cbc,mean_domain_loss,,total_load_exceeds_fleet_capacity,180,60,True,11334.41800874414,11355.553726611492,13290.364120543143,13318.41245506052,,,,,,,,,,,,3
X-n233-k16,232,grocery,ortools:quantile_p75_or_tools,quantile_p75_or_tools,ortools,False,False,False,0,,0.0,,0.0,13280.05652661881,1.315378023634985,pulp_cbc,mean_domain_loss,,total_load_exceeds_fleet_capacity,180,60,True,11334.41800874414,11355.553726611492,13290.364120543143,13318.41245506052,,,,,,,,,,,,3
X-n233-k16,232,cargo,ortools:quantile_p75_or_tools,quantile_p75_or_tools,ortools,False,False,False,0,,0.0,,0.0,13280.05652661881,1.315378023634985,pulp_cbc,mean_domain_loss,,total_load_exceeds_fleet_capacity,180,60,True,11334.41800874414,11355.553726611492,13290.364120543143,13318.41245506052,,,,,,,,,,,,3
X-n233-k16,232,cold_chain,ortools:quantile_p75_or_tools,quantile_p75_or_tools,ortools,False,False,False,0,,0.0,,0.0,13280.05652661881,1.315378023634985,pulp_cbc,mean_domain_loss,,total_load_exceeds_fleet_capacity,180,60,True,11334.41800874414,11355.553726611492,13290.364120543143,13318.41245506052,,,,,,,,,,,,3
X-n233-k16,232,atm,ortools:quantile_p90_or_tools,quantile_p90_or_tools,ortools,False,False,False,0,,0.0,,0.0,16005.918678705548,1.5853722938495989,pulp_cbc,mean_domain_loss,,total_load_exceeds_fleet_capacity,180,60,True,11334.41800874414,11355.553726611492,13290.364120543143,13318.41245506052,,,,,,,,,,,,3
X-n233-k16,232,grocery,ortools:quantile_p90_or_tools,quantile_p90_or_tools,ortools,False,False,False,0,,0.0,,0.0,16005.918678705548,1.5853722938495989,pulp_cbc,mean_domain_loss,,total_load_exceeds_fleet_capacity,180,60,True,11334.41800874414,11355.553726611492,13290.364120543143,13318.41245506052,,,,,,,,,,,,3
X-n233-k16,232,cargo,ortools:quantile_p90_or_tools,quantile_p90_or_tools,ortools,False,False,False,0,,0.0,,0.0,16005.918678705548,1.5853722938495989,pulp_cbc,mean_domain_loss,,total_load_exceeds_fleet_capacity,180,60,True,11334.41800874414,11355.553726611492,13290.364120543143,13318.41245506052,,,,,,,,,,,,3
X-n233-k16,232,cold_chain,ortools:quantile_p90_or_tools,quantile_p90_or_tools,ortools,False,False,False,0,,0.0,,0.0,16005.918678705548,1.5853722938495989,pulp_cbc,mean_domain_loss,,total_load_exceeds_fleet_capacity,180,60,True,11334.41800874414,11355.553726611492,13290.364120543143,13318.41245506052,,,,,,,,,,,,3
X-n233-k16,232,atm,ortools:robust_mean_1std_or_tools,robust_mean_1std_or_tools,ortools,False,False,False,0,,0.0,,0.0,14932.769901390266,1.4790778428476887,pulp_cbc,mean_domain_loss,,total_load_exceeds_fleet_capacity,180,60,True,11334.41800874414,11355.553726611492,13290.364120543143,13318.41245506052,,,,,,,,,,,,3
X-n233-k16,232,grocery,ortools:robust_mean_1std_or_tools,robust_mean_1std_or_tools,ortools,False,False,False,0,,0.0,,0.0,14932.769901390266,1.4790778428476887,pulp_cbc,mean_domain_loss,,total_load_exceeds_fleet_capacity,180,60,True,11334.41800874414,11355.553726611492,13290.364120543143,13318.41245506052,,,,,,,,,,,,3
X-n233-k16,232,cargo,ortools:robust_mean_1std_or_tools,robust_mean_1std_or_tools,ortools,False,False,False,0,,0.0,,0.0,14932.769901390266,1.4790778428476887,pulp_cbc,mean_domain_loss,,total_load_exceeds_fleet_capacity,180,60,True,11334.41800874414,11355.553726611492,13290.364120543143,13318.41245506052,,,,,,,,,,,,3
X-n233-k16,232,cold_chain,ortools:robust_mean_1std_or_tools,robust_mean_1std_or_tools,ortools,False,False,False,0,,0.0,,0.0,14932.769901390266,1.4790778428476887,pulp_cbc,mean_domain_loss,,total_load_exceeds_fleet_capacity,180,60,True,11334.41800874414,11355.553726611492,13290.364120543143,13318.41245506052,,,,,,,,,,,,3
X-n233-k16,232,atm,ortools:robust_mean_2std_or_tools,robust_mean_2std_or_tools,ortools,False,False,False,0,,0.0,,0.0,18531.121794036397,1.8354914613744449,pulp_cbc,mean_domain_loss,,total_load_exceeds_fleet_capacity,180,60,True,11334.41800874414,11355.553726611492,13290.364120543143,13318.41245506052,,,,,,,,,,,,3
X-n233-k16,232,grocery,ortools:robust_mean_2std_or_tools,robust_mean_2std_or_tools,ortools,False,False,False,0,,0.0,,0.0,18531.121794036397,1.8354914613744449,pulp_cbc,mean_domain_loss,,total_load_exceeds_fleet_capacity,180,60,True,11334.41800874414,11355.553726611492,13290.364120543143,13318.41245506052,,,,,,,,,,,,3
X-n233-k16,232,cargo,ortools:robust_mean_2std_or_tools,robust_mean_2std_or_tools,ortools,False,False,False,0,,0.0,,0.0,18531.121794036397,1.8354914613744449,pulp_cbc,mean_domain_loss,,total_load_exceeds_fleet_capacity,180,60,True,11334.41800874414,11355.553726611492,13290.364120543143,13318.41245506052,,,,,,,,,,,,3
X-n233-k16,232,cold_chain,ortools:robust_mean_2std_or_tools,robust_mean_2std_or_tools,ortools,False,False,False,0,,0.0,,0.0,18531.121794036397,1.8354914613744449,pulp_cbc,mean_domain_loss,,total_load_exceeds_fleet_capacity,180,60,True,11334.41800874414,11355.553726611492,13290.364120543143,13318.41245506052,,,,,,,,,,,,3
X-n233-k16,232,atm,ortools:proxy_mean_scaled_or_tools,proxy_mean_scaled_or_tools,ortools,True,True,True,16,23289.0,5.006700038909912,1.3663275241851809,6.373027563095093,10045.52,0.995,pulp_cbc,mean_domain_loss,4800.463837344079,,180,60,True,11334.41800874414,11355.553726611492,13290.364120543143,13318.41245506052,10611.263932227568,10095.99998662,28089.46383734408,30930.015321821047,33463.96586405596,1220.35067486701,2014.3585366208652,0.4544827586206896,1201.989822055686,4800.463837344079,0.0,3
X-n233-k16,232,grocery,ortools:proxy_mean_scaled_or_tools,proxy_mean_scaled_or_tools,ortools,True,True,True,16,23289.0,5.006700038909912,1.2745449542999268,6.281244993209839,10045.52,0.995,pulp_cbc,mean_domain_loss,3029.4029511834487,,180,60,True,11334.41800874414,11355.553726611492,13290.364120543143,13318.41245506052,5038.789133752825,10095.999999,26318.40295118345,27634.12419629182,28995.286234475752,1220.9176853499405,2014.1945732654808,0.4512931034482759,1202.5568449186164,3029.4029511834487,0.0,3
X-n233-k16,232,cargo,ortools:proxy_mean_scaled_or_tools,proxy_mean_scaled_or_tools,ortools,True,True,True,16,23289.0,5.006700038909912,1.5587983131408691,6.565498352050781,10045.52,0.995,pulp_cbc,mean_domain_loss,3597.880661410173,,180,60,True,11334.41800874414,11355.553726611492,13290.364120543143,13318.41245506052,9351.145627289356,10096.00000741,26886.880661410178,29072.631418486897,30941.53371531745,1232.5564822883005,2051.00562527392,0.4596551724137931,1214.1956502669768,3597.880661410173,0.0,3
X-n233-k16,232,cold_chain,ortools:proxy_mean_scaled_or_tools,proxy_mean_scaled_or_tools,ortools,True,True,True,16,23289.0,5.006700038909912,1.3444664478302002,6.351166486740112,10045.52,0.995,pulp_cbc,mean_domain_loss,4350.929914762233,,180,60,True,11334.41800874414,11355.553726611492,13290.364120543143,13318.41245506052,10474.43896912553,10095.99999824,29382.33127342654,31017.03876468916,32797.360725623534,1218.9206332095712,2020.7995254586135,0.4484051724137931,1200.5597920182472,4350.929914762233,1742.4013586643075,3
X-n233-k16,232,atm,ortools:quantile_p75_scaled_or_tools,quantile_p75_scaled_or_tools,ortools,False,False,False,0,,5.001141548156738,,5.001141548156738,10045.52,0.995,pulp_cbc,mean_domain_loss,,ortools_no_solution,180,60,True,11334.41800874414,11355.553726611492,13290.364120543143,13318.41245506052,,,,,,,,,,,,3
X-n233-k16,232,grocery,ortools:quantile_p75_scaled_or_tools,quantile_p75_scaled_or_tools,ortools,False,False,False,0,,5.001141548156738,,5.001141548156738,10045.52,0.995,pulp_cbc,mean_domain_loss,,ortools_no_solution,180,60,True,11334.41800874414,11355.553726611492,13290.364120543143,13318.41245506052,,,,,,,,,,,,3
X-n233-k16,232,cargo,ortools:quantile_p75_scaled_or_tools,quantile_p75_scaled_or_tools,ortools,False,False,False,0,,5.001141548156738,,5.001141548156738,10045.52,0.995,pulp_cbc,mean_domain_loss,,ortools_no_solution,180,60,True,11334.41800874414,11355.553726611492,13290.364120543143,13318.41245506052,,,,,,,,,,,,3
X-n233-k16,232,cold_chain,ortools:quantile_p75_scaled_or_tools,quantile_p75_scaled_or_tools,ortools,False,False,False,0,,5.001141548156738,,5.001141548156738,10045.52,0.995,pulp_cbc,mean_domain_loss,,ortools_no_solution,180,60,True,11334.41800874414,11355.553726611492,13290.364120543143,13318.41245506052,,,,,,,,,,,,3
X-n233-k16,232,atm,ortools:quantile_p90_scaled_or_tools,quantile_p90_scaled_or_tools,ortools,True,True,True,16,24085.0,5.01072883605957,1.4334542751312256,6.444183111190796,10045.520000000002,0.9950000000000002,pulp_cbc,mean_domain_loss,4810.293474652005,,180,60,True,11334.41800874414,11355.553726611492,13290.364120543143,13318.41245506052,10642.151240223866,10096.00000326,28895.293474652004,31774.459866050613,34286.34176515126,1228.3519222953223,2035.756196406086,0.4757327586206896,1209.991086123999,4810.293474652005,0.0,3
X-n233-k16,232,grocery,ortools:quantile_p90_scaled_or_tools,quantile_p90_scaled_or_tools,ortools,True,True,True,16,24085.0,5.01072883605957,1.279613733291626,6.290342569351196,10045.520000000002,0.9950000000000002,pulp_cbc,mean_domain_loss,3037.147631636428,,180,60,True,11334.41800874414,11355.553726611492,13290.364120543143,13318.41245506052,5063.161689409441,10096.00000368,27122.14763163642,28460.89145387497,29807.84178805679,1227.6004437446252,2034.3164042024312,0.471551724137931,1209.2396079933012,3037.147631636428,0.0,3
X-n233-k16,232,cargo,ortools:quantile_p90_scaled_or_tools,quantile_p90_scaled_or_tools,ortools,True,True,True,16,24085.0,5.01072883605957,1.5177347660064695,6.52846360206604,10045.520000000002,0.9950000000000002,pulp_cbc,mean_domain_loss,3586.7732786153715,,180,60,True,11334.41800874414,11355.553726611492,13290.364120543143,13318.41245506052,9357.525262820467,10096.00001113,27671.77327861537,29822.865526421512,31738.66265129674,1233.8265981431432,2045.435926906085,0.4706465517241379,1215.465769841819,3586.7732786153715,0.0,3
X-n233-k16,232,cold_chain,ortools:quantile_p90_scaled_or_tools,quantile_p90_scaled_or_tools,ortools,True,True,True,16,24085.0,5.01072883605957,1.3480408191680908,6.358769655227661,10045.520000000002,0.9950000000000002,pulp_cbc,mean_domain_loss,4385.895178538264,,180,60,True,11334.41800874414,11355.553726611492,13290.364120543143,13318.41245506052,10599.646699860472,10095.99999862,30298.914540747217,31946.232291399192,33729.08688408599,1230.7189636682424,2040.6486492129784,0.4672844827586206,1212.3581228569187,4385.895178538264,1828.0193622089496,3
X-n233-k16,232,atm,ortools:robust_mean_1std_scaled_or_tools,robust_mean_1std_scaled_or_tools,ortools,False,False,False,0,,5.010787725448608,,5.010787725448608,10045.52,0.995,pulp_cbc,mean_domain_loss,,ortools_no_solution,180,60,True,11334.41800874414,11355.553726611492,13290.364120543143,13318.41245506052,,,,,,,,,,,,3
X-n233-k16,232,grocery,ortools:robust_mean_1std_scaled_or_tools,robust_mean_1std_scaled_or_tools,ortools,False,False,False,0,,5.010787725448608,,5.010787725448608,10045.52,0.995,pulp_cbc,mean_domain_loss,,ortools_no_solution,180,60,True,11334.41800874414,11355.553726611492,13290.364120543143,13318.41245506052,,,,,,,,,,,,3
X-n233-k16,232,cargo,ortools:robust_mean_1std_scaled_or_tools,robust_mean_1std_scaled_or_tools,ortools,False,False,False,0,,5.010787725448608,,5.010787725448608,10045.52,0.995,pulp_cbc,mean_domain_loss,,ortools_no_solution,180,60,True,11334.41800874414,11355.553726611492,13290.364120543143,13318.41245506052,,,,,,,,,,,,3
X-n233-k16,232,cold_chain,ortools:robust_mean_1std_scaled_or_tools,robust_mean_1std_scaled_or_tools,ortools,False,False,False,0,,5.010787725448608,,5.010787725448608,10045.52,0.995,pulp_cbc,mean_domain_loss,,ortools_no_solution,180,60,True,11334.41800874414,11355.553726611492,13290.364120543143,13318.41245506052,,,,,,,,,,,,3
X-n233-k16,232,atm,ortools:robust_mean_2std_scaled_or_tools,robust_mean_2std_scaled_or_tools,ortools,True,True,True,16,23942.0,4.998700380325317,1.4893896579742432,6.4880900382995605,10045.52,0.995,pulp_cbc,mean_domain_loss,4828.07575696531,,180,60,True,11334.41800874414,11355.553726611492,13290.364120543143,13318.41245506052,10659.7772374366,10096.00000956,28770.075756965307,31598.521742122157,34170.81595857239,1235.830907330187,2031.64430136139,0.4917241379310345,1217.4700774588632,4828.07575696531,0.0,3
X-n233-k16,232,grocery,ortools:robust_mean_2std_scaled_or_tools,robust_mean_2std_scaled_or_tools,ortools,True,True,True,16,23942.0,4.998700380325317,1.261296272277832,6.259996652603149,10045.52,0.995,pulp_cbc,mean_domain_loss,3051.5697627913987,,180,60,True,11334.41800874414,11355.553726611492,13290.364120543143,13318.41245506052,5072.607970645546,10096.00000568,26993.569762791398,28304.671206841984,29683.691213270613,1235.9835810535196,2032.866782234736,0.488103448275862,1217.6227473021956,3051.5697627913987,0.0,3
X-n233-k16,232,cargo,ortools:robust_mean_2std_scaled_or_tools,robust_mean_2std_scaled_or_tools,ortools,True,True,True,16,23942.0,4.998700380325317,1.497162103652954,6.495862483978272,10045.52,0.995,pulp_cbc,mean_domain_loss,3601.657942746084,,180,60,True,11334.41800874414,11355.553726611492,13290.364120543143,13318.41245506052,9368.637350227287,10095.99999481,27543.65794274609,29679.59420320994,31602.48959180907,1244.958260836228,2053.135690582204,0.4839224137931034,1226.597416214904,3601.657942746084,0.0,3
X-n233-k16,232,cold_chain,ortools:robust_mean_2std_scaled_or_tools,robust_mean_2std_scaled_or_tools,ortools,True,True,True,16,23942.0,4.998700380325317,1.2794814109802246,6.278181791305542,10045.52,0.995,pulp_cbc,mean_domain_loss,4404.6783171432735,,180,60,True,11334.41800874414,11355.553726611492,13290.364120543143,13318.41245506052,10633.227637791291,10095.999998730002,30184.46881423509,31779.927797874247,33614.00919371415,1237.0579403283657,2034.6271861634132,0.4871120689655172,1218.6970996270418,4404.6783171432735,1837.7904970918223,3
X-n233-k16,232,atm,ortools:nominal_seed101_or_tools,nominal_seed101_or_tools,ortools,False,False,False,0,,5.000516891479492,,5.000516891479492,10093.0,0.999702852614897,pulp_cbc,mean_domain_loss,,ortools_no_solution,180,60,True,11334.41800874414,11355.553726611492,13290.364120543143,13318.41245506052,,,,,,,,,,,,3
X-n233-k16,232,grocery,ortools:nominal_seed101_or_tools,nominal_seed101_or_tools,ortools,False,False,False,0,,5.000516891479492,,5.000516891479492,10093.0,0.999702852614897,pulp_cbc,mean_domain_loss,,ortools_no_solution,180,60,True,11334.41800874414,11355.553726611492,13290.364120543143,13318.41245506052,,,,,,,,,,,,3
X-n233-k16,232,cargo,ortools:nominal_seed101_or_tools,nominal_seed101_or_tools,ortools,False,False,False,0,,5.000516891479492,,5.000516891479492,10093.0,0.999702852614897,pulp_cbc,mean_domain_loss,,ortools_no_solution,180,60,True,11334.41800874414,11355.553726611492,13290.364120543143,13318.41245506052,,,,,,,,,,,,3
X-n233-k16,232,cold_chain,ortools:nominal_seed101_or_tools,nominal_seed101_or_tools,ortools,False,False,False,0,,5.000516891479492,,5.000516891479492,10093.0,0.999702852614897,pulp_cbc,mean_domain_loss,,ortools_no_solution,180,60,True,11334.41800874414,11355.553726611492,13290.364120543143,13318.41245506052,,,,,,,,,,,,3
X-n233-k16,232,atm,ortools:nominal_seed103_or_tools,nominal_seed103_or_tools,ortools,False,False,False,0,,4.993174314498901,,4.993174314498901,10093.0,0.999702852614897,pulp_cbc,mean_domain_loss,,ortools_no_solution,180,60,True,11334.41800874414,11355.553726611492,13290.364120543143,13318.41245506052,,,,,,,,,,,,3
X-n233-k16,232,grocery,ortools:nominal_seed103_or_tools,nominal_seed103_or_tools,ortools,False,False,False,0,,4.993174314498901,,4.993174314498901,10093.0,0.999702852614897,pulp_cbc,mean_domain_loss,,ortools_no_solution,180,60,True,11334.41800874414,11355.553726611492,13290.364120543143,13318.41245506052,,,,,,,,,,,,3
X-n233-k16,232,cargo,ortools:nominal_seed103_or_tools,nominal_seed103_or_tools,ortools,False,False,False,0,,4.993174314498901,,4.993174314498901,10093.0,0.999702852614897,pulp_cbc,mean_domain_loss,,ortools_no_solution,180,60,True,11334.41800874414,11355.553726611492,13290.364120543143,13318.41245506052,,,,,,,,,,,,3
X-n233-k16,232,cold_chain,ortools:nominal_seed103_or_tools,nominal_seed103_or_tools,ortools,False,False,False,0,,4.993174314498901,,4.993174314498901,10093.0,0.999702852614897,pulp_cbc,mean_domain_loss,,ortools_no_solution,180,60,True,11334.41800874414,11355.553726611492,13290.364120543143,13318.41245506052,,,,,,,,,,,,3
X-n233-k16,232,atm,ortools:proxy_mean_scaled_seed109_or_tools,proxy_mean_scaled_seed109_or_tools,ortools,True,True,True,16,24971.0,5.001018762588501,1.3594722747802734,6.360491037368774,10045.52,0.995,pulp_cbc,mean_domain_loss,4801.269240911755,,180,60,True,11334.41800874414,11355.553726611492,13290.364120543143,13318.41245506052,10608.777470948393,10095.99998824,29772.26924091175,32598.073370943508,35156.69264996397,1221.139173503917,2012.2615833094403,0.455948275862069,1202.7783223125932,4801.269240911755,0.0,3
X-n233-k16,232,grocery,ortools:proxy_mean_scaled_seed109_or_tools,proxy_mean_scaled_seed109_or_tools,ortools,True,True,True,16,24971.0,5.001018762588501,1.2135417461395264,6.214560508728027,10045.52,0.995,pulp_cbc,mean_domain_loss,3030.172297378607,,180,60,True,11334.41800874414,11355.553726611492,13290.364120543143,13318.41245506052,5038.017271917995,10096.0000052,28001.172297378605,29292.24029310945,30681.0005392462,1221.4409267847016,2005.6069027656172,0.4522413793103448,1203.080092553378,3030.172297378607,0.0,3
X-n233-k16,232,cargo,ortools:proxy_mean_scaled_seed109_or_tools,proxy_mean_scaled_seed109_or_tools,ortools,True,True,True,16,24971.0,5.001018762588501,1.3393545150756836,6.340373277664185,10045.52,0.995,pulp_cbc,mean_domain_loss,3598.462525070354,,180,60,True,11334.41800874414,11355.553726611492,13290.364120543143,13318.41245506052,9352.215444261648,10095.999991829998,28569.46252507036,30715.552726128662,32628.697399325876,1229.557089698039,2034.0925061006808,0.4563362068965517,1211.196242096715,3598.462525070354,0.0,3
X-n233-k16,232,cold_chain,ortools:proxy_mean_scaled_seed109_or_tools,proxy_mean_scaled_seed109_or_tools,ortools,True,True,True,16,24971.0,5.001018762588501,1.209794998168945,6.210813760757446,10045.52,0.995,pulp_cbc,mean_domain_loss,4372.687939782599,,180,60,True,11334.41800874414,11355.553726611492,13290.364120543143,13318.41245506052,10569.150144189149,10096.00000552,31174.983533361883,32703.543560951908,34592.68467665192,1223.0091244041373,1995.5841938971696,0.4466379310344827,1204.6482904928134,4372.687939782599,1831.2955935792809,3
X-n233-k16,232,atm,ortools:quantile_p75_scaled_seed107_or_tools,quantile_p75_scaled_seed107_or_tools,ortools,True,True,True,16,22235.0,5.004918575286865,1.4189834594726562,6.4239020347595215,10045.52,0.995,pulp_cbc,mean_domain_loss,4800.46868036303,,180,60,True,11334.41800874414,11355.553726611492,13290.364120543143,13318.41245506052,10615.722232993074,10095.99998404,27035.468680363017,29930.589395236944,32429.785008188344,1222.6550974588276,2031.4899346666696,0.4634913793103448,1204.294242067504,4800.46868036303,0.0,3
X-n233-k16,232,grocery,ortools:quantile_p75_scaled_seed107_or_tools,quantile_p75_scaled_seed107_or_tools,ortools,True,True,True,16,22235.0,5.004918575286865,1.340463399887085,6.34538197517395,10045.52,0.995,pulp_cbc,mean_domain_loss,3027.6222012983203,,180,60,True,11334.41800874414,11355.553726611492,13290.364120543143,13318.41245506052,5043.866113038816,10096.0000038,25262.62220129832,26576.204259254515,27951.62698841507,1221.5250885920664,2015.4378046644615,0.4601724137931035,1203.1642529607425,3027.6222012983203,0.0,3
X-n233-k16,232,cargo,ortools:quantile_p75_scaled_seed107_or_tools,quantile_p75_scaled_seed107_or_tools,ortools,True,True,True,16,22235.0,5.004918575286865,1.5162596702575684,6.521178245544434,10045.52,0.995,pulp_cbc,mean_domain_loss,3584.1515702022884,,180,60,True,11334.41800874414,11355.553726611492,13290.364120543143,13318.41245506052,9344.761318466924,10095.99999576,25819.151570202284,28011.917619823005,29871.62636973579,1230.0749692775505,2052.845418133269,0.4625,1211.7141256062266,3584.1515702022884,0.0,3
X-n233-k16,232,cold_chain,ortools:quantile_p75_scaled_seed107_or_tools,quantile_p75_scaled_seed107_or_tools,ortools,True,True,True,16,22235.0,5.004918575286865,1.2900612354278564,6.294979810714722,10045.52,0.995,pulp_cbc,mean_domain_loss,4369.123764499672,,180,60,True,11334.41800874414,11355.553726611492,13290.364120543143,13318.41245506052,10586.882011620137,10096.00000244,28444.82374484134,30059.69427372133,31864.91780402682,1223.29074092778,2020.863085476881,0.4575431034482758,1204.9299039364562,4369.123764499672,1840.6999803416709,3
X-n233-k16,232,atm,ortools:robust_mean_1std_scaled_seed113_or_tools,robust_mean_1std_scaled_seed113_or_tools,ortools,True,True,True,16,24229.0,5.00009036064148,1.5075602531433103,6.50765061378479,10045.52,0.995,pulp_cbc,mean_domain_loss,4811.153204386988,,180,60,True,11334.41800874414,11355.553726611492,13290.364120543143,13318.41245506052,10627.12404405062,10096.0000014,29040.153204386992,31906.610401982776,34436.22798101929,1227.2985223171215,2030.7877744635216,0.4678448275862069,1208.937684285797,4811.153204386988,0.0,3
X-n233-k16,232,grocery,ortools:robust_mean_1std_scaled_seed113_or_tools,robust_mean_1std_scaled_seed113_or_tools,ortools,True,True,True,16,24229.0,5.00009036064148,1.2357778549194336,6.235868215560913,10045.52,0.995,pulp_cbc,mean_domain_loss,3039.82537978708,,180,60,True,11334.41800874414,11355.553726611492,13290.364120543143,13318.41245506052,5052.944798373503,10095.999997,27268.82537978708,28597.03434708935,29955.67785949555,1227.5403889254292,2029.5498008664229,0.4638793103448276,1209.1795464941051,3039.82537978708,0.0,3
X-n233-k16,232,cargo,ortools:robust_mean_1std_scaled_seed113_or_tools,robust_mean_1std_scaled_seed113_or_tools,ortools,True,True,True,16,24229.0,5.00009036064148,1.427069902420044,6.427160263061523,10045.52,0.995,pulp_cbc,mean_domain_loss,3584.9893458575552,,180,60,True,11334.41800874414,11355.553726611492,13290.364120543143,13318.41245506052,9346.34086584635,10096.00000492,27813.98934585756,29953.01463038758,31882.79487140772,1232.8266268279106,2039.1953593191,0.4641379310344827,1214.4657923165869,3584.9893458575552,0.0,3
X-n233-k16,232,cold_chain,ortools:robust_mean_1std_scaled_seed113_or_tools,robust_mean_1std_scaled_seed113_or_tools,ortools,True,True,True,16,24229.0,5.00009036064148,1.2737743854522705,6.27386474609375,10045.52,0.995,pulp_cbc,mean_domain_loss,4386.583533496999,,180,60,True,11334.41800874414,11355.553726611492,13290.364120543143,13318.41245506052,10621.090001364668,10096.0000044,30477.12938938085,32104.44438223277,33901.360940748724,1229.1698439612128,2032.9438043754135,0.4614655172413793,1210.8090089298887,4386.583533496999,1861.5458558838425,3
X-n270-k35,269,atm,ortools:nominal_or_tools,nominal_or_tools,ortools,False,False,False,0,,5.004808902740479,,5.004808902740479,20419.0,0.9972649572649572,pulp_cbc,mean_domain_loss,,ortools_no_solution,180,60,True,23040.355544311136,23095.523995042688,27375.02728135898,27433.89173048248,,,,,,,,,,,,3
X-n270-k35,269,grocery,ortools:nominal_or_tools,nominal_or_tools,ortools,False,False,False,0,,5.004808902740479,,5.004808902740479,20419.0,0.9972649572649572,pulp_cbc,mean_domain_loss,,ortools_no_solution,180,60,True,23040.355544311136,23095.523995042688,27375.02728135898,27433.89173048248,,,,,,,,,,,,3
X-n270-k35,269,cargo,ortools:nominal_or_tools,nominal_or_tools,ortools,False,False,False,0,,5.004808902740479,,5.004808902740479,20419.0,0.9972649572649572,pulp_cbc,mean_domain_loss,,ortools_no_solution,180,60,True,23040.355544311136,23095.523995042688,27375.02728135898,27433.89173048248,,,,,,,,,,,,3
X-n270-k35,269,cold_chain,ortools:nominal_or_tools,nominal_or_tools,ortools,False,False,False,0,,5.004808902740479,,5.004808902740479,20419.0,0.9972649572649572,pulp_cbc,mean_domain_loss,,ortools_no_solution,180,60,True,23040.355544311136,23095.523995042688,27375.02728135898,27433.89173048248,,,,,,,,,,,,3
X-n270-k35,269,atm,ortools:proxy_mean_or_tools,proxy_mean_or_tools,ortools,False,False,False,0,,0.0,,0.0,23040.355544311136,1.125292090076246,pulp_cbc,mean_domain_loss,,total_load_exceeds_fleet_capacity,180,60,True,23040.355544311136,23095.523995042688,27375.02728135898,27433.89173048248,,,,,,,,,,,,3
X-n270-k35,269,grocery,ortools:proxy_mean_or_tools,proxy_mean_or_tools,ortools,False,False,False,0,,0.0,,0.0,23040.355544311136,1.125292090076246,pulp_cbc,mean_domain_loss,,total_load_exceeds_fleet_capacity,180,60,True,23040.355544311136,23095.523995042688,27375.02728135898,27433.89173048248,,,,,,,,,,,,3
X-n270-k35,269,cargo,ortools:proxy_mean_or_tools,proxy_mean_or_tools,ortools,False,False,False,0,,0.0,,0.0,23040.355544311136,1.125292090076246,pulp_cbc,mean_domain_loss,,total_load_exceeds_fleet_capacity,180,60,True,23040.355544311136,23095.523995042688,27375.02728135898,27433.89173048248,,,,,,,,,,,,3
X-n270-k35,269,cold_chain,ortools:proxy_mean_or_tools,proxy_mean_or_tools,ortools,False,False,False,0,,0.0,,0.0,23040.355544311136,1.125292090076246,pulp_cbc,mean_domain_loss,,total_load_exceeds_fleet_capacity,180,60,True,23040.355544311136,23095.523995042688,27375.02728135898,27433.89173048248,,,,,,,,,,,,3
X-n270-k35,269,atm,ortools:quantile_p75_or_tools,quantile_p75_or_tools,ortools,False,False,False,0,,0.0,,0.0,26713.702051813943,1.304698512909106,pulp_cbc,mean_domain_loss,,total_load_exceeds_fleet_capacity,180,60,True,23040.355544311136,23095.523995042688,27375.02728135898,27433.89173048248,,,,,,,,,,,,3
X-n270-k35,269,grocery,ortools:quantile_p75_or_tools,quantile_p75_or_tools,ortools,False,False,False,0,,0.0,,0.0,26713.702051813943,1.304698512909106,pulp_cbc,mean_domain_loss,,total_load_exceeds_fleet_capacity,180,60,True,23040.355544311136,23095.523995042688,27375.02728135898,27433.89173048248,,,,,,,,,,,,3
X-n270-k35,269,cargo,ortools:quantile_p75_or_tools,quantile_p75_or_tools,ortools,False,False,False,0,,0.0,,0.0,26713.702051813943,1.304698512909106,pulp_cbc,mean_domain_loss,,total_load_exceeds_fleet_capacity,180,60,True,23040.355544311136,23095.523995042688,27375.02728135898,27433.89173048248,,,,,,,,,,,,3
X-n270-k35,269,cold_chain,ortools:quantile_p75_or_tools,quantile_p75_or_tools,ortools,False,False,False,0,,0.0,,0.0,26713.702051813943,1.304698512909106,pulp_cbc,mean_domain_loss,,total_load_exceeds_fleet_capacity,180,60,True,23040.355544311136,23095.523995042688,27375.02728135898,27433.89173048248,,,,,,,,,,,,3
X-n270-k35,269,atm,ortools:quantile_p90_or_tools,quantile_p90_or_tools,ortools,False,False,False,0,,0.0,,0.0,32010.96922277502,1.563417300257632,pulp_cbc,mean_domain_loss,,total_load_exceeds_fleet_capacity,180,60,True,23040.355544311136,23095.523995042688,27375.02728135898,27433.89173048248,,,,,,,,,,,,3
X-n270-k35,269,grocery,ortools:quantile_p90_or_tools,quantile_p90_or_tools,ortools,False,False,False,0,,0.0,,0.0,32010.96922277502,1.563417300257632,pulp_cbc,mean_domain_loss,,total_load_exceeds_fleet_capacity,180,60,True,23040.355544311136,23095.523995042688,27375.02728135898,27433.89173048248,,,,,,,,,,,,3
X-n270-k35,269,cargo,ortools:quantile_p90_or_tools,quantile_p90_or_tools,ortools,False,False,False,0,,0.0,,0.0,32010.96922277502,1.563417300257632,pulp_cbc,mean_domain_loss,,total_load_exceeds_fleet_capacity,180,60,True,23040.355544311136,23095.523995042688,27375.02728135898,27433.89173048248,,,,,,,,,,,,3
X-n270-k35,269,cold_chain,ortools:quantile_p90_or_tools,quantile_p90_or_tools,ortools,False,False,False,0,,0.0,,0.0,32010.96922277502,1.563417300257632,pulp_cbc,mean_domain_loss,,total_load_exceeds_fleet_capacity,180,60,True,23040.355544311136,23095.523995042688,27375.02728135898,27433.89173048248,,,,,,,,,,,,3
X-n270-k35,269,atm,ortools:robust_mean_1std_or_tools,robust_mean_1std_or_tools,ortools,False,False,False,0,,0.0,,0.0,29994.417017623466,1.464928792069522,pulp_cbc,mean_domain_loss,,total_load_exceeds_fleet_capacity,180,60,True,23040.355544311136,23095.523995042688,27375.02728135898,27433.89173048248,,,,,,,,,,,,3
X-n270-k35,269,grocery,ortools:robust_mean_1std_or_tools,robust_mean_1std_or_tools,ortools,False,False,False,0,,0.0,,0.0,29994.417017623466,1.464928792069522,pulp_cbc,mean_domain_loss,,total_load_exceeds_fleet_capacity,180,60,True,23040.355544311136,23095.523995042688,27375.02728135898,27433.89173048248,,,,,,,,,,,,3
X-n270-k35,269,cargo,ortools:robust_mean_1std_or_tools,robust_mean_1std_or_tools,ortools,False,False,False,0,,0.0,,0.0,29994.417017623466,1.464928792069522,pulp_cbc,mean_domain_loss,,total_load_exceeds_fleet_capacity,180,60,True,23040.355544311136,23095.523995042688,27375.02728135898,27433.89173048248,,,,,,,,,,,,3
X-n270-k35,269,cold_chain,ortools:robust_mean_1std_or_tools,robust_mean_1std_or_tools,ortools,False,False,False,0,,0.0,,0.0,29994.417017623466,1.464928792069522,pulp_cbc,mean_domain_loss,,total_load_exceeds_fleet_capacity,180,60,True,23040.355544311136,23095.523995042688,27375.02728135898,27433.89173048248,,,,,,,,,,,,3
X-n270-k35,269,atm,ortools:robust_mean_2std_or_tools,robust_mean_2std_or_tools,ortools,False,False,False,0,,0.0,,0.0,36948.47849093578,1.8045654940627975,pulp_cbc,mean_domain_loss,,total_load_exceeds_fleet_capacity,180,60,True,23040.355544311136,23095.523995042688,27375.02728135898,27433.89173048248,,,,,,,,,,,,3
X-n270-k35,269,grocery,ortools:robust_mean_2std_or_tools,robust_mean_2std_or_tools,ortools,False,False,False,0,,0.0,,0.0,36948.47849093578,1.8045654940627975,pulp_cbc,mean_domain_loss,,total_load_exceeds_fleet_capacity,180,60,True,23040.355544311136,23095.523995042688,27375.02728135898,27433.89173048248,,,,,,,,,,,,3
X-n270-k35,269,cargo,ortools:robust_mean_2std_or_tools,robust_mean_2std_or_tools,ortools,False,False,False,0,,0.0,,0.0,36948.47849093578,1.8045654940627975,pulp_cbc,mean_domain_loss,,total_load_exceeds_fleet_capacity,180,60,True,23040.355544311136,23095.523995042688,27375.02728135898,27433.89173048248,,,,,,,,,,,,3
X-n270-k35,269,cold_chain,ortools:robust_mean_2std_or_tools,robust_mean_2std_or_tools,ortools,False,False,False,0,,0.0,,0.0,36948.47849093578,1.8045654940627975,pulp_cbc,mean_domain_loss,,total_load_exceeds_fleet_capacity,180,60,True,23040.355544311136,23095.523995042688,27375.02728135898,27433.89173048248,,,,,,,,,,,,3
X-n270-k35,269,atm,ortools:proxy_mean_scaled_or_tools,proxy_mean_scaled_or_tools,ortools,False,False,False,0,,5.003449440002441,,5.003449440002441,20372.625,0.995,pulp_cbc,mean_domain_loss,,ortools_no_solution,180,60,True,23040.355544311136,23095.523995042688,27375.02728135898,27433.89173048248,,,,,,,,,,,,3
X-n270-k35,269,grocery,ortools:proxy_mean_scaled_or_tools,proxy_mean_scaled_or_tools,ortools,False,False,False,0,,5.003449440002441,,5.003449440002441,20372.625,0.995,pulp_cbc,mean_domain_loss,,ortools_no_solution,180,60,True,23040.355544311136,23095.523995042688,27375.02728135898,27433.89173048248,,,,,,,,,,,,3
X-n270-k35,269,cargo,ortools:proxy_mean_scaled_or_tools,proxy_mean_scaled_or_tools,ortools,False,False,False,0,,5.003449440002441,,5.003449440002441,20372.625,0.995,pulp_cbc,mean_domain_loss,,ortools_no_solution,180,60,True,23040.355544311136,23095.523995042688,27375.02728135898,27433.89173048248,,,,,,,,,,,,3
X-n270-k35,269,cold_chain,ortools:proxy_mean_scaled_or_tools,proxy_mean_scaled_or_tools,ortools,False,False,False,0,,5.003449440002441,,5.003449440002441,20372.625,0.995,pulp_cbc,mean_domain_loss,,ortools_no_solution,180,60,True,23040.355544311136,23095.523995042688,27375.02728135898,27433.89173048248,,,,,,,,,,,,3
X-n270-k35,269,atm,ortools:quantile_p75_scaled_or_tools,quantile_p75_scaled_or_tools,ortools,False,False,False,0,,5.000796794891357,,5.000796794891357,20372.625,0.995,pulp_cbc,mean_domain_loss,,ortools_no_solution,180,60,True,23040.355544311136,23095.523995042688,27375.02728135898,27433.89173048248,,,,,,,,,,,,3
X-n270-k35,269,grocery,ortools:quantile_p75_scaled_or_tools,quantile_p75_scaled_or_tools,ortools,False,False,False,0,,5.000796794891357,,5.000796794891357,20372.625,0.995,pulp_cbc,mean_domain_loss,,ortools_no_solution,180,60,True,23040.355544311136,23095.523995042688,27375.02728135898,27433.89173048248,,,,,,,,,,,,3
X-n270-k35,269,cargo,ortools:quantile_p75_scaled_or_tools,quantile_p75_scaled_or_tools,ortools,False,False,False,0,,5.000796794891357,,5.000796794891357,20372.625,0.995,pulp_cbc,mean_domain_loss,,ortools_no_solution,180,60,True,23040.355544311136,23095.523995042688,27375.02728135898,27433.89173048248,,,,,,,,,,,,3
X-n270-k35,269,cold_chain,ortools:quantile_p75_scaled_or_tools,quantile_p75_scaled_or_tools,ortools,False,False,False,0,,5.000796794891357,,5.000796794891357,20372.625,0.995,pulp_cbc,mean_domain_loss,,ortools_no_solution,180,60,True,23040.355544311136,23095.523995042688,27375.02728135898,27433.89173048248,,,,,,,,,,,,3
X-n270-k35,269,atm,ortools:quantile_p90_scaled_or_tools,quantile_p90_scaled_or_tools,ortools,False,False,False,0,,5.011218070983887,,5.011218070983887,20372.625,0.995,pulp_cbc,mean_domain_loss,,ortools_no_solution,180,60,True,23040.355544311136,23095.523995042688,27375.02728135898,27433.89173048248,,,,,,,,,,,,3
X-n270-k35,269,grocery,ortools:quantile_p90_scaled_or_tools,quantile_p90_scaled_or_tools,ortools,False,False,False,0,,5.011218070983887,,5.011218070983887,20372.625,0.995,pulp_cbc,mean_domain_loss,,ortools_no_solution,180,60,True,23040.355544311136,23095.523995042688,27375.02728135898,27433.89173048248,,,,,,,,,,,,3
X-n270-k35,269,cargo,ortools:quantile_p90_scaled_or_tools,quantile_p90_scaled_or_tools,ortools,False,False,False,0,,5.011218070983887,,5.011218070983887,20372.625,0.995,pulp_cbc,mean_domain_loss,,ortools_no_solution,180,60,True,23040.355544311136,23095.523995042688,27375.02728135898,27433.89173048248,,,,,,,,,,,,3
X-n270-k35,269,cold_chain,ortools:quantile_p90_scaled_or_tools,quantile_p90_scaled_or_tools,ortools,False,False,False,0,,5.011218070983887,,5.011218070983887,20372.625,0.995,pulp_cbc,mean_domain_loss,,ortools_no_solution,180,60,True,23040.355544311136,23095.523995042688,27375.02728135898,27433.89173048248,,,,,,,,,,,,3
X-n270-k35,269,atm,ortools:robust_mean_1std_scaled_or_tools,robust_mean_1std_scaled_or_tools,ortools,False,False,False,0,,5.0044004917144775,,5.0044004917144775,20372.625,0.9949999999999998,pulp_cbc,mean_domain_loss,,ortools_no_solution,180,60,True,23040.355544311136,23095.523995042688,27375.02728135898,27433.89173048248,,,,,,,,,,,,3
X-n270-k35,269,grocery,ortools:robust_mean_1std_scaled_or_tools,robust_mean_1std_scaled_or_tools,ortools,False,False,False,0,,5.0044004917144775,,5.0044004917144775,20372.625,0.9949999999999998,pulp_cbc,mean_domain_loss,,ortools_no_solution,180,60,True,23040.355544311136,23095.523995042688,27375.02728135898,27433.89173048248,,,,,,,,,,,,3
X-n270-k35,269,cargo,ortools:robust_mean_1std_scaled_or_tools,robust_mean_1std_scaled_or_tools,ortools,False,False,False,0,,5.0044004917144775,,5.0044004917144775,20372.625,0.9949999999999998,pulp_cbc,mean_domain_loss,,ortools_no_solution,180,60,True,23040.355544311136,23095.523995042688,27375.02728135898,27433.89173048248,,,,,,,,,,,,3
X-n270-k35,269,cold_chain,ortools:robust_mean_1std_scaled_or_tools,robust_mean_1std_scaled_or_tools,ortools,False,False,False,0,,5.0044004917144775,,5.0044004917144775,20372.625,0.9949999999999998,pulp_cbc,mean_domain_loss,,ortools_no_solution,180,60,True,23040.355544311136,23095.523995042688,27375.02728135898,27433.89173048248,,,,,,,,,,,,3
X-n270-k35,269,atm,ortools:robust_mean_2std_scaled_or_tools,robust_mean_2std_scaled_or_tools,ortools,False,False,False,0,,4.993428468704224,,4.993428468704224,20372.625,0.995,pulp_cbc,mean_domain_loss,,ortools_no_solution,180,60,True,23040.355544311136,23095.523995042688,27375.02728135898,27433.89173048248,,,,,,,,,,,,3
X-n270-k35,269,grocery,ortools:robust_mean_2std_scaled_or_tools,robust_mean_2std_scaled_or_tools,ortools,False,False,False,0,,4.993428468704224,,4.993428468704224,20372.625,0.995,pulp_cbc,mean_domain_loss,,ortools_no_solution,180,60,True,23040.355544311136,23095.523995042688,27375.02728135898,27433.89173048248,,,,,,,,,,,,3
X-n270-k35,269,cargo,ortools:robust_mean_2std_scaled_or_tools,robust_mean_2std_scaled_or_tools,ortools,False,False,False,0,,4.993428468704224,,4.993428468704224,20372.625,0.995,pulp_cbc,mean_domain_loss,,ortools_no_solution,180,60,True,23040.355544311136,23095.523995042688,27375.02728135898,27433.89173048248,,,,,,,,,,,,3
X-n270-k35,269,cold_chain,ortools:robust_mean_2std_scaled_or_tools,robust_mean_2std_scaled_or_tools,ortools,False,False,False,0,,4.993428468704224,,4.993428468704224,20372.625,0.995,pulp_cbc,mean_domain_loss,,ortools_no_solution,180,60,True,23040.355544311136,23095.523995042688,27375.02728135898,27433.89173048248,,,,,,,,,,,,3
X-n270-k35,269,atm,ortools:nominal_seed101_or_tools,nominal_seed101_or_tools,ortools,False,False,False,0,,5.000746965408325,,5.000746965408325,20419.0,0.9972649572649572,pulp_cbc,mean_domain_loss,,ortools_no_solution,180,60,True,23040.355544311136,23095.523995042688,27375.02728135898,27433.89173048248,,,,,,,,,,,,3
X-n270-k35,269,grocery,ortools:nominal_seed101_or_tools,nominal_seed101_or_tools,ortools,False,False,False,0,,5.000746965408325,,5.000746965408325,20419.0,0.9972649572649572,pulp_cbc,mean_domain_loss,,ortools_no_solution,180,60,True,23040.355544311136,23095.523995042688,27375.02728135898,27433.89173048248,,,,,,,,,,,,3
X-n270-k35,269,cargo,ortools:nominal_seed101_or_tools,nominal_seed101_or_tools,ortools,False,False,False,0,,5.000746965408325,,5.000746965408325,20419.0,0.9972649572649572,pulp_cbc,mean_domain_loss,,ortools_no_solution,180,60,True,23040.355544311136,23095.523995042688,27375.02728135898,27433.89173048248,,,,,,,,,,,,3
X-n270-k35,269,cold_chain,ortools:nominal_seed101_or_tools,nominal_seed101_or_tools,ortools,False,False,False,0,,5.000746965408325,,5.000746965408325,20419.0,0.9972649572649572,pulp_cbc,mean_domain_loss,,ortools_no_solution,180,60,True,23040.355544311136,23095.523995042688,27375.02728135898,27433.89173048248,,,,,,,,,,,,3
X-n270-k35,269,atm,ortools:nominal_seed103_or_tools,nominal_seed103_or_tools,ortools,False,False,False,0,,5.014349460601807,,5.014349460601807,20419.0,0.9972649572649572,pulp_cbc,mean_domain_loss,,ortools_no_solution,180,60,True,23040.355544311136,23095.523995042688,27375.02728135898,27433.89173048248,,,,,,,,,,,,3
X-n270-k35,269,grocery,ortools:nominal_seed103_or_tools,nominal_seed103_or_tools,ortools,False,False,False,0,,5.014349460601807,,5.014349460601807,20419.0,0.9972649572649572,pulp_cbc,mean_domain_loss,,ortools_no_solution,180,60,True,23040.355544311136,23095.523995042688,27375.02728135898,27433.89173048248,,,,,,,,,,,,3
X-n270-k35,269,cargo,ortools:nominal_seed103_or_tools,nominal_seed103_or_tools,ortools,False,False,False,0,,5.014349460601807,,5.014349460601807,20419.0,0.9972649572649572,pulp_cbc,mean_domain_loss,,ortools_no_solution,180,60,True,23040.355544311136,23095.523995042688,27375.02728135898,27433.89173048248,,,,,,,,,,,,3
X-n270-k35,269,cold_chain,ortools:nominal_seed103_or_tools,nominal_seed103_or_tools,ortools,False,False,False,0,,5.014349460601807,,5.014349460601807,20419.0,0.9972649572649572,pulp_cbc,mean_domain_loss,,ortools_no_solution,180,60,True,23040.355544311136,23095.523995042688,27375.02728135898,27433.89173048248,,,,,,,,,,,,3
X-n270-k35,269,atm,ortools:proxy_mean_scaled_seed109_or_tools,proxy_mean_scaled_seed109_or_tools,ortools,False,False,False,0,,4.998211860656738,,4.998211860656738,20372.625,0.995,pulp_cbc,mean_domain_loss,,ortools_no_solution,180,60,True,23040.355544311136,23095.523995042688,27375.02728135898,27433.89173048248,,,,,,,,,,,,3
X-n270-k35,269,grocery,ortools:proxy_mean_scaled_seed109_or_tools,proxy_mean_scaled_seed109_or_tools,ortools,False,False,False,0,,4.998211860656738,,4.998211860656738,20372.625,0.995,pulp_cbc,mean_domain_loss,,ortools_no_solution,180,60,True,23040.355544311136,23095.523995042688,27375.02728135898,27433.89173048248,,,,,,,,,,,,3
X-n270-k35,269,cargo,ortools:proxy_mean_scaled_seed109_or_tools,proxy_mean_scaled_seed109_or_tools,ortools,False,False,False,0,,4.998211860656738,,4.998211860656738,20372.625,0.995,pulp_cbc,mean_domain_loss,,ortools_no_solution,180,60,True,23040.355544311136,23095.523995042688,27375.02728135898,27433.89173048248,,,,,,,,,,,,3
X-n270-k35,269,cold_chain,ortools:proxy_mean_scaled_seed109_or_tools,proxy_mean_scaled_seed109_or_tools,ortools,False,False,False,0,,4.998211860656738,,4.998211860656738,20372.625,0.995,pulp_cbc,mean_domain_loss,,ortools_no_solution,180,60,True,23040.355544311136,23095.523995042688,27375.02728135898,27433.89173048248,,,,,,,,,,,,3
X-n270-k35,269,atm,ortools:quantile_p75_scaled_seed107_or_tools,quantile_p75_scaled_seed107_or_tools,ortools,False,False,False,0,,5.014533996582031,,5.014533996582031,20372.625,0.995,pulp_cbc,mean_domain_loss,,ortools_no_solution,180,60,True,23040.355544311136,23095.523995042688,27375.02728135898,27433.89173048248,,,,,,,,,,,,3
X-n270-k35,269,grocery,ortools:quantile_p75_scaled_seed107_or_tools,quantile_p75_scaled_seed107_or_tools,ortools,False,False,False,0,,5.014533996582031,,5.014533996582031,20372.625,0.995,pulp_cbc,mean_domain_loss,,ortools_no_solution,180,60,True,23040.355544311136,23095.523995042688,27375.02728135898,27433.89173048248,,,,,,,,,,,,3
X-n270-k35,269,cargo,ortools:quantile_p75_scaled_seed107_or_tools,quantile_p75_scaled_seed107_or_tools,ortools,False,False,False,0,,5.014533996582031,,5.014533996582031,20372.625,0.995,pulp_cbc,mean_domain_loss,,ortools_no_solution,180,60,True,23040.355544311136,23095.523995042688,27375.02728135898,27433.89173048248,,,,,,,,,,,,3
X-n270-k35,269,cold_chain,ortools:quantile_p75_scaled_seed107_or_tools,quantile_p75_scaled_seed107_or_tools,ortools,False,False,False,0,,5.014533996582031,,5.014533996582031,20372.625,0.995,pulp_cbc,mean_domain_loss,,ortools_no_solution,180,60,True,23040.355544311136,23095.523995042688,27375.02728135898,27433.89173048248,,,,,,,,,,,,3
X-n270-k35,269,atm,ortools:robust_mean_1std_scaled_seed113_or_tools,robust_mean_1std_scaled_seed113_or_tools,ortools,False,False,False,0,,5.013697385787964,,5.013697385787964,20372.625,0.9949999999999998,pulp_cbc,mean_domain_loss,,ortools_no_solution,180,60,True,23040.355544311136,23095.523995042688,27375.02728135898,27433.89173048248,,,,,,,,,,,,3
X-n270-k35,269,grocery,ortools:robust_mean_1std_scaled_seed113_or_tools,robust_mean_1std_scaled_seed113_or_tools,ortools,False,False,False,0,,5.013697385787964,,5.013697385787964,20372.625,0.9949999999999998,pulp_cbc,mean_domain_loss,,ortools_no_solution,180,60,True,23040.355544311136,23095.523995042688,27375.02728135898,27433.89173048248,,,,,,,,,,,,3
X-n270-k35,269,cargo,ortools:robust_mean_1std_scaled_seed113_or_tools,robust_mean_1std_scaled_seed113_or_tools,ortools,False,False,False,0,,5.013697385787964,,5.013697385787964,20372.625,0.9949999999999998,pulp_cbc,mean_domain_loss,,ortools_no_solution,180,60,True,23040.355544311136,23095.523995042688,27375.02728135898,27433.89173048248,,,,,,,,,,,,3
X-n270-k35,269,cold_chain,ortools:robust_mean_1std_scaled_seed113_or_tools,robust_mean_1std_scaled_seed113_or_tools,ortools,False,False,False,0,,5.013697385787964,,5.013697385787964,20372.625,0.9949999999999998,pulp_cbc,mean_domain_loss,,ortools_no_solution,180,60,True,23040.355544311136,23095.523995042688,27375.02728135898,27433.89173048248,,,,,,,,,,,,3
